ritual_number,Wedding,Wedding_llm,Wedding_llm_certainty,OtherUnion,OtherUnion_llm,OtherUnion_llm_certainty,DissolveUnion,DissolveUnion_llm,DissolveUnion_llm_certainty,WorldyPursuit,WorldyPursuit_llm,WorldyPursuit_llm_certainty,Apotropaeic,Apotropaeic_llm,Apotropaeic_llm_certainty,OtherWorldyPursuit,OtherWorldyPursuit_llm,OtherWorldyPursuit_llm_certainty,Initiation,Initiation_llm,Initiation_llm_certainty,Installation,Installation_llm,Installation_llm_certainty,Divination,Divination_llm,Divination_llm_certainty,Liturgical,Liturgical_llm,Liturgical_llm_certainty,NewBorn,NewBorn_llm,NewBorn_llm_certainty,Funerary,Funerary_llm,Funerary_llm_certainty,Commerative,Commerative_llm,Commerative_llm_certainty,Protection,Protection_llm,Protection_llm_certainty,HouseDedication,HouseDedication_llm,HouseDedication_llm_certainty,RitualDuration,RitualDuration_llm,RitualDuration_llm_certainty,ParticipantsSex,ParticipantsSex_llm,ParticipantsSex_llm_certainty,Solitary,Solitary_llm,Solitary_llm_certainty,ImmediateKin,ImmediateKin_llm,ImmediateKin_llm_certainty,ExtendedKin,ExtendedKin_llm,ExtendedKin_llm_certainty,Group15abs,Group15abs_llm,Group15abs_llm_certainty,Group50percent,Group50percent_llm,Group50percent_llm_certainty,Group5090percent,Group5090percent_llm,Group5090percent_llm_certainty,Group90100percent,Group90100percent_llm,Group90100percent_llm_certainty,Outsiders,Outsiders_llm,Outsiders_llm_certainty,AnnualPATIENT,AnnualPATIENT_llm,AnnualPATIENT_llm_certainty,AnnualPARTICIPANT,AnnualPARTICIPANT_llm,AnnualPARTICIPANT_llm_certainty,Dancing,Dancing_llm,Dancing_llm_certainty,Singing,Singing_llm,Singing_llm_certainty,Percussion,Percussion_llm,Percussion_llm_certainty,OtherInstruments,OtherInstruments_llm,OtherInstruments_llm_certainty,NonRhythmic,NonRhythmic_llm,NonRhythmic_llm_certainty,IntenseMusicDance,IntenseMusicDance_llm,IntenseMusicDance_llm_certainty,SorrowMusicDance,SorrowMusicDance_llm,SorrowMusicDance_llm_certainty,LargescaleMusicDance,LargescaleMusicDance_llm,LargescaleMusicDance_llm_certainty,Marching,Marching_llm,Marching_llm_certainty,Explosions,Explosions_llm,Explosions_llm_certainty,Bowing,Bowing_llm,Bowing_llm_certainty,Haircut,Haircut_llm,Haircut_llm_certainty,Washing,Washing_llm,Washing_llm_certainty,Rubbing,Rubbing_llm,Rubbing_llm_certainty,Sprinkling,Sprinkling_llm,Sprinkling_llm_certainty,Fumigation,Fumigation_llm,Fumigation_llm_certainty,InterdictionHands,InterdictionHands_llm,InterdictionHands_llm_certainty,Spitting,Spitting_llm,Spitting_llm_certainty,Hallucinogen,Hallucinogen_llm,Hallucinogen_llm_certainty,Sedatives,Sedatives_llm,Sedatives_llm_certainty,Alcohol,Alcohol_llm,Alcohol_llm_certainty,ExecutivePossession,ExecutivePossession_llm,ExecutivePossession_llm_certainty,PerformanceTrance,PerformanceTrance_llm,PerformanceTrance_llm_certainty,Stimulants,Stimulants_llm,Stimulants_llm_certainty,Smoking,Smoking_llm,Smoking_llm_certainty,BurningParticipants,BurningParticipants_llm,BurningParticipants_llm_certainty,WoundingSignificant,WoundingSignificant_llm,WoundingSignificant_llm_certainty,WoundingSuperficial,WoundingSuperficial_llm,WoundingSuperficial_llm_certainty,Beating,Beating_llm,Beating_llm_certainty,Piercing,Piercing_llm,Piercing_llm_certainty,Scarification,Scarification_llm,Scarification_llm_certainty,Tattooing,Tattooing_llm,Tattooing_llm_certainty,LacerationSensitive,LacerationSensitive_llm,LacerationSensitive_llm_certainty,Circumcision,Circumcision_llm,Circumcision_llm_certainty,FoulOlfaction,FoulOlfaction_llm,FoulOlfaction_llm_certainty,Vomiting,Vomiting_llm,Vomiting_llm_certainty,SwallowingObjects,SwallowingObjects_llm,SwallowingObjects_llm_certainty,SuckingofPatient,SuckingofPatient_llm,SuckingofPatient_llm_certainty,Fasting,Fasting_llm,Fasting_llm_certainty,AthleticFeats,AthleticFeats_llm,AthleticFeats_llm_certainty,SleepDeprivation,SleepDeprivation_llm,SleepDeprivation_llm_certainty,Dehydration,Dehydration_llm,Dehydration_llm_certainty,Immobility,Immobility_llm,Immobility_llm_certainty,Isolation,Isolation_llm,Isolation_llm_certainty,Fear,Fear_llm,Fear_llm_certainty,Disgust,Disgust_llm,Disgust_llm_certainty,Humilation,Humilation_llm,Humilation_llm_certainty,DramaticActs,DramaticActs_llm,DramaticActs_llm_certainty,HolyObjects,HolyObjects_llm,HolyObjects_llm_certainty,HolySite,HolySite_llm,HolySite_llm_certainty,RitualConstruction,RitualConstruction_llm,RitualConstruction_llm_certainty,LargeCrowd,LargeCrowd_llm,LargeCrowd_llm_certainty,MockConflict,MockConflict_llm,MockConflict_llm_certainty,Costume,Costume_llm,Costume_llm_certainty,FireEmbers,FireEmbers_llm,FireEmbers_llm_certainty,SacrificeAnimal,SacrificeAnimal_llm,SacrificeAnimal_llm_certainty,SacrificeHuman,SacrificeHuman_llm,SacrificeHuman_llm_certainty,WaterOffering,WaterOffering_llm,WaterOffering_llm_certainty,Minatures,Minatures_llm,Minatures_llm_certainty,PathogenicPossession,PathogenicPossession_llm,PathogenicPossession_llm_certainty,Speechmaking,Speechmaking_llm,Speechmaking_llm_certainty,TextRecitation,TextRecitation_llm,TextRecitation_llm_certainty,Naming,Naming_llm,Naming_llm_certainty,Blood,Blood_llm,Blood_llm_certainty,Weapons,Weapons_llm,Weapons_llm_certainty,Sexual intercourse,Sexual intercourse_llm,Sexual intercourse_llm_certainty,StoryTelling,StoryTelling_llm,StoryTelling_llm_certainty,BurialOfferings,BurialOfferings_llm,BurialOfferings_llm_certainty,BurningOfferings,BurningOfferings_llm,BurningOfferings_llm_certainty,Confession,Confession_llm,Confession_llm_certainty,Games,Games_llm,Games_llm_certainty,CommunalEating,CommunalEating_llm,CommunalEating_llm_certainty,Joyful,Joyful_llm,Joyful_llm_certainty,TabooSmoke,TabooSmoke_llm,TabooSmoke_llm_certainty,TabooAlcohol,TabooAlcohol_llm,TabooAlcohol_llm_certainty,TabooSexual,TabooSexual_llm,TabooSexual_llm_certainty,TabooTalking,TabooTalking_llm,TabooTalking_llm_certainty,PeakEuphoria,PeakEuphoria_llm,PeakEuphoria_llm_certainty,AvgEuphoria,AvgEuphoria_llm,AvgEuphoria_llm_certainty,ParticipantPeakEuphoria,ParticipantPeakEuphoria_llm,ParticipantPeakEuphoria_llm_certainty,PeakDysphoria,PeakDysphoria_llm,PeakDysphoria_llm_certainty,AvgDyphoria,AvgDyphoria_llm,AvgDyphoria_llm_certainty,ParticipantPeakDysphoria,ParticipantPeakDysphoria_llm,ParticipantPeakDysphoria_llm_certainty,SensoryPageantry,SensoryPageantry_llm,SensoryPageantry_llm_certainty,SMarker,SMarker_llm,SMarker_llm_certainty,Exegesis,Exegesis_llm,Exegesis_llm_certainty,AcquisitionExegesis,AcquisitionExegesis_llm,AcquisitionExegesis_llm_certainty,IndividualExegesis,IndividualExegesis_llm,IndividualExegesis_llm_certainty
Ritual1,0,0,100.0,0,0,100.0,0,0,100.0,1,1,100.0,0,0,100.0,0,1,100.0,0,0,100.0,0,0,100.0,0,0,100.0,0,0,100.0,0,0,100.0,0,0,100.0,0,0,100.0,0,1,100.0,0,0,100.0,1,,0.0,2,3,100.0,1,0,100.0,0,1,100.0,0,0,100.0,0,1,100.0,0,0,100.0,0,0,100.0,0,0,100.0,0,0,100.0,999,5,100.0,4,5,100.0,0,0,100.0,0,1,100.0,0,0,100.0,0,0,100.0,0,0,100.0,0,0,100.0,0,0,100.0,0,0,100.0,0,0,100.0,0,0,100.0,0,1,100.0,0,0,100.0,0,1,100.0,0,0,100.0,0,0,100.0,0,0,100.0,0,1,100.0,0,0,100.0,0,0,100.0,0,0,100.0,0,0,100.0,0,1,60.0,0,1,100.0,0,0,100.0,1,0,100.0,0,0,100.0,0,0,100.0,0,0,100.0,0,0,100.0,0,0,100.0,0,0,100.0,0,0,100.0,0,0,100.0,0,0,100.0,0,1,100.0,0,0,100.0,0,0,100.0,0,0,100.0,0,0,100.0,0,0,100.0,0,0,100.0,0,0,100.0,0,1,100.0,0,0,100.0,0,1,100.0,0,0,100.0,0,1,100.0,0,,0.0,0,,0.0,0,,0.0,0,,0.0,0,,0.0,0,,0.0,0,,0.0,0,,0.0,0,,0.0,0,,0.0,0,,0.0,0,,0.0,0,,0.0,1,,0.0,0,,0.0,0,,0.0,0,,0.0,0,,0.0,0,,0.0,0,,0.0,0,,0.0,0,,0.0,0,,0.0,0,0,70.0,0,1,100.0,0,1,100.0,0,1,100.0,0,0,100.0,0,1,100.0,0,1,100.0,1.333333333,0,100.0,1,2,100.0,1,4,100.0,0.0,0,100.0,0,1,100.0,-1,2,100.0,999,5,100.0,999,2,100.0,1,1,100.0,2,2,100.0,-1,1,100.0
Ritual2,0,0,100.0,0,0,100.0,0,0,100.0,1,1,100.0,0,0,100.0,0,1,100.0,0,0,100.0,0,0,100.0,0,0,100.0,0,0,100.0,0,0,100.0,0,0,100.0,0,1,80.0,0,1,100.0,0,0,80.0,3,,0.0,3,1,100.0,0,0,100.0,0,1,100.0,0,0,100.0,0,1,100.0,1,0,100.0,0,0,100.0,0,0,100.0,0,0,100.0,999,5,100.0,6,5,100.0,0,1,100.0,1,1,100.0,0,0,100.0,0,0,100.0,0,0,100.0,0,0,100.0,0,0,100.0,0,1,100.0,0,0,100.0,0,0,100.0,0,1,100.0,0,1,100.0,0,1,100.0,0,1,100.0,0,0,100.0,0,0,100.0,0,1,100.0,0,1,100.0,0,0,100.0,0,0,100.0,0,0,100.0,0,1,100.0,0,1,100.0,0,0,100.0,0,1,100.0,0,0,100.0,0,0,100.0,0,0,100.0,0,0,100.0,0,0,100.0,0,0,100.0,0,0,100.0,0,1,100.0,0,0,100.0,0,1,100.0,0,0,100.0,0,0,100.0,0,0,100.0,0,0,100.0,0,1,100.0,0,0,100.0,0,1,100.0,0,1,100.0,0,0,100.0,0,1,100.0,0,0,100.0,0,1,100.0,0,,0.0,1,,0.0,0,,0.0,0,,0.0,0,,0.0,0,,0.0,0,,0.0,1,,0.0,0,,0.0,0,,0.0,0,,0.0,0,,0.0,0,,0.0,0,,0.0,0,,0.0,0,,0.0,0,,0.0,0,,0.0,0,,0.0,0,,0.0,0,,0.0,0,,0.0,0,,0.0,0,1,100.0,0,1,100.0,0,1,100.0,0,0,100.0,0,0,100.0,0,1,100.0,0,1,100.0,2.333333333,3,100.0,1,3,50.0,7,4,100.0,2.333333333,1,80.0,1,0,60.0,7,2,100.0,1,5,100.0,999,2,100.0,1,2,100.0,2,1,100.0,-1,1,100.0
Ritual3,0,0,100.0,0,0,100.0,0,0,100.0,1,1,100.0,0,0,100.0,0,1,100.0,0,0,100.0,0,0,100.0,0,0,100.0,0,0,100.0,0,0,100.0,0,0,100.0,0,0,100.0,0,1,100.0,0,0,100.0,2,,0.0,3,1,100.0,0,0,100.0,0,1,100.0,0,0,100.0,1,1,100.0,0,0,100.0,0,0,100.0,0,0,100.0,0,0,100.0,6,5,100.0,5,5,100.0,0,1,100.0,1,1,100.0,0,0,100.0,0,1,100.0,0,0,100.0,0,0,100.0,0,0,100.0,0,1,100.0,1,1,100.0,0,0,100.0,0,0,100.0,0,1,100.0,0,1,100.0,0,1,100.0,0,1,100.0,1,1,100.0,0,1,100.0,0,0,100.0,0,0,100.0,0,0,100.0,0,0,100.0,0,0,100.0,0,1,100.0,0,0,100.0,1,0,100.0,0,0,100.0,0,0,100.0,0,0,100.0,0,0,100.0,0,0,100.0,0,0,100.0,0,0,100.0,0,0,100.0,0,0,100.0,0,1,100.0,0,0,100.0,0,0,100.0,0,0,100.0,1,0,100.0,0,1,100.0,0,0,100.0,1,0,100.0,0,1,100.0,0,0,100.0,0,0,100.0,0,0,100.0,0,0,100.0,0,,0.0,0,,0.0,1,,0.0,1,,0.0,0,,0.0,0,,0.0,1,,0.0,0,,0.0,0,,0.0,0,,0.0,0,,0.0,0,,0.0,0,,0.0,0,,0.0,0,,0.0,0,,0.0,0,,0.0,0,,0.0,0,,0.0,0,,0.0,0,,0.0,0,,0.0,0,,0.0,0,1,100.0,1,1,100.0,0,1,100.0,0,0,100.0,0,0,100.0,0,0,100.0,0,1,100.0,3.333333333,3,100.0,4,2,100.0,4,4,100.0,4.333333333,2,100.0,4,2,100.0,4,2,100.0,4,5,100.0,999,2,100.0,999,1,100.0,999,1,100.0,-1,1,100.0
Ritual4,0,,0.0,0,,0.0,0,,0.0,1,,0.0,0,,0.0,0,,0.0,0,,0.0,0,,0.0,0,,0.0,0,,0.0,0,,0.0,0,,0.0,0,,0.0,0,,0.0,0,,0.0,2,,0.0,3,,0.0,0,,0.0,0,,0.0,0,,0.0,1,,0.0,0,,0.0,0,,0.0,0,,0.0,0,,0.0,999,,0.0,4,,0.0,0,,0.0,1,,0.0,0,,0.0,0,,0.0,0,,0.0,0,,0.0,0,,0.0,0,,0.0,0,,0.0,0,,0.0,0,,0.0,0,,0.0,0,,0.0,0,,0.0,1,,0.0,1,,0.0,0,,0.0,0,,0.0,0,,0.0,0,,0.0,0,,0.0,0,,0.0,0,,0.0,0,,0.0,0,,0.0,0,,0.0,0,,0.0,0,,0.0,0,,0.0,0,,0.0,0,,0.0,0,,0.0,0,,0.0,0,,0.0,0,,0.0,0,,0.0,0,,0.0,0,,0.0,0,,0.0,0,,0.0,0,,0.0,1,,0.0,0,,0.0,0,,0.0,0,,0.0,0,,0.0,0,,0.0,0,,0.0,0,,0.0,0,,0.0,1,,0.0,0,,0.0,0,,0.0,1,,0.0,0,,0.0,0,,0.0,0,,0.0,0,,0.0,0,,0.0,0,,0.0,0,,0.0,0,,0.0,0,,0.0,0,,0.0,0,,0.0,0,,0.0,0,,0.0,0,,0.0,0,,0.0,0,,0.0,0,,0.0,0,,0.0,0,,0.0,0,,0.0,0,,0.0,0,,0.0,0,,0.0,3.333333333,,0.0,4,,0.0,4,,0.0,3.0,,0.0,4,,0.0,4,,0.0,4,,0.0,999,,0.0,999,,0.0,999,,0.0,-1,,0.0
Ritual5,0,0,100.0,0,0,100.0,0,0,100.0,1,1,100.0,0,0,100.0,0,1,100.0,0,0,100.0,0,0,100.0,0,0,100.0,0,0,100.0,0,0,100.0,0,0,100.0,0,0,100.0,0,1,100.0,0,0,100.0,2,,0.0,3,1,100.0,0,0,100.0,0,0,100.0,0,1,100.0,1,1,100.0,0,0,100.0,0,0,100.0,0,0,100.0,0,0,100.0,999,5,100.0,5,5,100.0,0,1,100.0,0,0,100.0,0,1,100.0,0,0,100.0,1,1,100.0,0,1,100.0,0,0,100.0,0,1,100.0,0,1,100.0,1,0,100.0,0,1,100.0,0,0,100.0,0,0,100.0,0,1,100.0,0,0,100.0,0,0,100.0,0,0,100.0,0,0,100.0,0,0,100.0,0,0,100.0,0,0,100.0,0,1,100.0,0,1,100.0,0,0,100.0,0,0,100.0,0,0,100.0,0,1,100.0,0,0,100.0,0,0,100.0,0,0,100.0,0,1,100.0,0,0,100.0,0,0,100.0,0,0,100.0,0,1,100.0,0,0,100.0,0,0,100.0,0,0,100.0,0,0,100.0,0,1,100.0,0,0,100.0,0,0,100.0,0,1,100.0,0,1,100.0,0,1,100.0,0,0,100.0,0,0,100.0,0,,0.0,0,,0.0,0,,0.0,1,,0.0,0,,0.0,1,,0.0,0,,0.0,0,,0.0,0,,0.0,0,,0.0,0,,0.0,0,,0.0,0,,0.0,1,,0.0,0,,0.0,0,,0.0,0,,0.0,1,,0.0,0,,0.0,1,,0.0,0,,0.0,0,,0.0,0,,0.0,0,0,100.0,0,1,100.0,0,1,100.0,0,0,100.0,0,0,100.0,0,1,100.0,0,0,100.0,3.666666667,5,100.0,3,3,100.0,7,4,100.0,0.0,4,100.0,0,3,100.0,-1,2,100.0,999,5,100.0,999,3,100.0,1,3,100.0,999,1,100.0,-1,2,100.0
Ritual6,0,0,100.0,0,0,100.0,0,0,100.0,1,1,100.0,0,0,100.0,0,1,100.0,0,0,100.0,0,0,100.0,0,0,100.0,0,0,100.0,0,0,100.0,0,0,100.0,0,0,100.0,0,1,100.0,0,1,100.0,2,,0.0,3,1,100.0,0,0,100.0,0,1,100.0,0,0,100.0,1,1,100.0,0,0,100.0,0,0,100.0,0,0,100.0,0,0,100.0,999,5,100.0,5,5,100.0,0,1,100.0,0,1,100.0,0,0,100.0,0,0,100.0,1,1,100.0,0,0,100.0,0,0,100.0,0,1,100.0,1,1,100.0,0,0,100.0,0,1,100.0,0,0,100.0,0,1,100.0,0,0,100.0,0,0,100.0,0,1,100.0,0,0,100.0,0,0,100.0,0,0,100.0,0,0,100.0,0,0,100.0,0,0,100.0,0,1,100.0,0,0,100.0,0,0,100.0,0,0,100.0,0,0,100.0,0,0,100.0,0,0,100.0,0,0,100.0,0,0,100.0,0,0,100.0,0,0,100.0,0,0,100.0,0,1,100.0,0,0,100.0,0,0,100.0,0,0,100.0,0,0,100.0,0,1,100.0,0,0,100.0,0,0,100.0,0,1,100.0,0,0,100.0,0,0,100.0,0,0,100.0,0,0,100.0,0,,0.0,0,,0.0,1,,0.0,1,,0.0,0,,0.0,0,,0.0,1,,0.0,0,,0.0,0,,0.0,0,,0.0,0,,0.0,0,,0.0,0,,0.0,1,,0.0,0,,0.0,0,,0.0,0,,0.0,0,,0.0,0,,0.0,0,,0.0,0,,0.0,0,,0.0,0,,0.0,0,1,100.0,0,1,100.0,0,1,100.0,0,0,100.0,0,0,100.0,0,0,100.0,0,1,100.0,2.666666667,5,100.0,3,3,60.0,7,4,100.0,0.0,1,60.0,0,2,80.0,-1,2,100.0,999,5,100.0,999,3,100.0,1,2,100.0,2,1,100.0,-1,1,100.0
Ritual7,0,0,100.0,0,0,100.0,0,0,100.0,1,1,100.0,0,0,100.0,0,1,100.0,0,0,100.0,0,0,100.0,0,0,100.0,0,0,100.0,0,0,100.0,0,0,100.0,0,1,100.0,0,1,100.0,0,0,100.0,2,,0.0,999,1,100.0,0,0,100.0,0,0,100.0,0,1,100.0,1,1,100.0,0,0,100.0,0,0,100.0,0,0,100.0,0,1,100.0,6,5,100.0,5,5,100.0,1,1,100.0,1,1,100.0,1,1,100.0,0,0,100.0,0,0,100.0,999,1,100.0,999,0,100.0,0,1,100.0,0,0,100.0,1,0,100.0,0,1,100.0,0,0,100.0,0,1,100.0,0,0,100.0,0,0,100.0,0,0,100.0,0,1,100.0,0,1,100.0,0,0,100.0,0,0,100.0,0,0,100.0,0,1,100.0,0,1,100.0,0,0,100.0,0,1,100.0,0,0,100.0,0,0,100.0,0,0,100.0,0,0,100.0,0,0,100.0,0,0,100.0,0,0,100.0,0,0,100.0,0,0,100.0,0,1,100.0,0,0,100.0,0,0,100.0,0,0,100.0,1,0,100.0,0,1,100.0,0,0,100.0,0,1,100.0,0,1,100.0,1,0,100.0,0,1,100.0,0,0,100.0,0,0,100.0,0,,0.0,1,,0.0,1,,0.0,1,,0.0,0,,0.0,0,,0.0,1,,0.0,0,,0.0,0,,0.0,0,,0.0,0,,0.0,0,,0.0,0,,0.0,1,,0.0,0,,0.0,0,,0.0,0,,0.0,0,,0.0,0,,0.0,0,,0.0,0,,0.0,0,,0.0,0,,0.0,0,0,100.0,0,1,100.0,0,1,100.0,0,0,100.0,0,1,50.0,0,0,100.0,0,1,100.0,1.666666667,3,100.0,2,4,100.0,3,4,100.0,2.333333333,2,100.0,2,2,100.0,2,2,100.0,2,5,100.0,3,1,100.0,1,3,100.0,999,1,100.0,-1,1,100.0
Ritual8,0,,0.0,0,,0.0,0,,0.0,1,,0.0,0,,0.0,0,,0.0,1,,0.0,0,,0.0,0,,0.0,0,,0.0,0,,0.0,0,,0.0,0,,0.0,0,,0.0,0,,0.0,1,,0.0,3,,0.0,0,,0.0,0,,0.0,0,,0.0,0,,0.0,0,,0.0,0,,0.0,1,,0.0,0,,0.0,7,,0.0,5,,0.0,1,,0.0,1,,0.0,1,,0.0,0,,0.0,0,,0.0,0,,0.0,0,,0.0,0,,0.0,0,,0.0,0,,0.0,0,,0.0,0,,0.0,0,,0.0,0,,0.0,0,,0.0,0,,0.0,0,,0.0,0,,0.0,0,,0.0,0,,0.0,0,,0.0,0,,0.0,0,,0.0,0,,0.0,0,,0.0,0,,0.0,1,,0.0,0,,0.0,0,,0.0,1,,0.0,0,,0.0,0,,0.0,1,,0.0,0,,0.0,0,,0.0,0,,0.0,0,,0.0,0,,0.0,0,,0.0,0,,0.0,0,,0.0,0,,0.0,0,,0.0,1,,0.0,0,,0.0,0,,0.0,0,,0.0,1,,0.0,0,,0.0,0,,0.0,0,,0.0,1,,0.0,0,,0.0,1,,0.0,0,,0.0,0,,0.0,0,,0.0,0,,0.0,0,,0.0,0,,0.0,0,,0.0,0,,0.0,0,,0.0,1,,0.0,0,,0.0,0,,0.0,0,,0.0,0,,0.0,0,,0.0,0,,0.0,0,,0.0,0,,0.0,0,,0.0,0,,0.0,0,,0.0,0,,0.0,0,,0.0,3.333333333,,0.0,3,,0.0,3,,0.0,5.0,,0.0,3,,0.0,2,,0.0,5,,0.0,999,,0.0,999,,0.0,3,,0.0,999,,0.0
Ritual9,0,0,100.0,0,0,100.0,0,0,100.0,1,1,100.0,0,0,100.0,0,1,100.0,0,0,100.0,0,0,100.0,0,0,100.0,0,0,100.0,0,0,100.0,1,0,100.0,0,1,100.0,0,1,100.0,0,0,100.0,1,,0.0,3,1,100.0,1,0,100.0,0,1,100.0,0,0,100.0,0,1,100.0,0,0,100.0,0,0,100.0,0,0,100.0,0,0,100.0,6,5,100.0,6,5,100.0,0,1,100.0,0,1,100.0,0,1,100.0,0,0,100.0,0,0,100.0,0,1,100.0,0,0,100.0,0,1,100.0,0,0,100.0,0,0,100.0,0,1,100.0,0,1,100.0,0,1,100.0,0,1,100.0,0,0,100.0,0,0,100.0,0,0,100.0,0,0,100.0,0,0,100.0,0,0,100.0,0,0,100.0,0,1,100.0,0,1,100.0,0,0,100.0,0,1,100.0,0,1,100.0,1,1,100.0,0,0,100.0,0,0,100.0,0,1,100.0,0,1,100.0,0,0,100.0,0,1,100.0,0,0,100.0,0,1,100.0,0,1,100.0,0,1,100.0,0,0,100.0,0,1,100.0,0,1,100.0,0,0,100.0,0,1,100.0,0,1,100.0,0,1,100.0,0,1,100.0,0,0,100.0,0,0,100.0,0,,0.0,0,,0.0,0,,0.0,0,,0.0,0,,0.0,0,,0.0,0,,0.0,0,,0.0,0,,0.0,0,,0.0,0,,0.0,0,,0.0,0,,0.0,1,,0.0,0,,0.0,0,,0.0,0,,0.0,0,,0.0,0,,0.0,0,,0.0,1,,0.0,0,,0.0,0,,0.0,0,0,100.0,0,1,100.0,0,1,100.0,0,0,100.0,0,0,100.0,0,1,100.0,0,0,100.0,2.0,5,100.0,1,4,100.0,7,4,100.0,4.666666667,5,100.0,5,4,100.0,7,4,100.0,2,5,100.0,3,1,100.0,1,1,90.0,2,2,90.0,-1,1,100.0
Ritual10,0,0,100.0,0,0,100.0,0,0,100.0,0,1,100.0,0,0,100.0,0,1,100.0,0,0,100.0,0,0,100.0,0,0,100.0,1,1,100.0,0,0,100.0,0,0,100.0,0,0,70.0,0,1,100.0,0,1,70.0,1,,0.0,3,1,100.0,0,0,100.0,0,1,100.0,0,0,100.0,0,1,100.0,0,0,100.0,1,0,100.0,0,0,100.0,0,0,100.0,4,5,100.0,4,5,100.0,0,0,100.0,0,1,100.0,0,0,100.0,0,0,100.0,0,0,100.0,0,0,100.0,0,0,100.0,0,1,100.0,1,1,100.0,0,0,100.0,0,0,100.0,0,0,100.0,0,0,100.0,0,0,100.0,0,0,100.0,0,0,100.0,0,0,100.0,0,0,100.0,0,0,100.0,0,0,100.0,0,0,100.0,0,0,100.0,0,1,100.0,0,0,100.0,0,0,100.0,0,0,100.0,0,0,100.0,0,0,100.0,0,0,100.0,0,0,100.0,0,0,100.0,0,0,100.0,0,0,100.0,0,0,100.0,0,0,100.0,0,0,100.0,0,0,100.0,0,0,100.0,0,0,100.0,0,1,100.0,0,0,100.0,0,0,100.0,0,1,100.0,0,0,100.0,0,1,100.0,0,0,100.0,0,0,100.0,0,1,100.0,0,1,100.0,0,1,100.0,0,0,100.0,1,1,100.0,0,1,100.0,1,1,100.0,0,1,100.0,1,1,100.0,0,0,100.0,0,0,100.0,0,0,100.0,0,0,100.0,1,1,100.0,0,1,100.0,0,0,100.0,0,0,100.0,1,0,100.0,0,1,100.0,0,0,100.0,0,1,60.0,0,1,100.0,0,0,100.0,0,0,100.0,0,0,100.0,0,0,100.0,0,0,100.0,0,0,100.0,0,0,100.0,0,0,100.0,1.333333333,0,100.0,2,0,100.0,7,4,100.0,2.0,0,100.0,1,0,100.0,7,5,100.0,999,5,100.0,999,1,60.0,1,1,100.0,2,2,100.0,-1,1,100.0
Ritual11,0,0,100.0,0,1,100.0,0,0,100.0,1,1,100.0,0,1,100.0,0,0,100.0,0,0,100.0,0,0,100.0,0,0,100.0,0,1,100.0,0,0,100.0,0,0,100.0,0,0,100.0,0,1,100.0,0,0,100.0,1,,0.0,3,1,100.0,0,0,100.0,1,1,100.0,0,0,100.0,0,1,100.0,0,0,100.0,0,0,100.0,0,0,100.0,0,0,100.0,6,5,100.0,5,5,100.0,0,0,100.0,1,1,100.0,0,1,50.0,0,0,50.0,0,0,100.0,0,0,100.0,0,0,100.0,0,0,100.0,0,0,100.0,0,0,100.0,0,0,100.0,0,1,100.0,0,1,100.0,0,1,100.0,0,1,100.0,0,1,100.0,0,0,100.0,1,1,100.0,0,0,100.0,0,0,100.0,0,0,100.0,0,1,100.0,0,1,100.0,0,0,100.0,0,0,100.0,0,0,100.0,0,0,100.0,0,0,100.0,0,0,100.0,0,0,100.0,0,0,100.0,0,0,100.0,0,0,100.0,0,0,100.0,0,1,100.0,0,0,100.0,0,0,100.0,0,0,100.0,0,0,100.0,0,0,100.0,0,0,100.0,0,0,100.0,0,0,100.0,0,0,100.0,0,1,100.0,0,0,100.0,0,0,100.0,0,,0.0,0,,0.0,0,,0.0,0,,0.0,0,,0.0,0,,0.0,0,,0.0,0,,0.0,0,,0.0,0,,0.0,0,,0.0,0,,0.0,0,,0.0,1,,0.0,1,,0.0,0,,0.0,0,,0.0,0,,0.0,0,,0.0,0,,0.0,0,,0.0,0,,0.0,0,,0.0,0,0,100.0,0,1,100.0,0,0,100.0,0,0,100.0,0,0,100.0,0,1,100.0,0,0,100.0,0.0,0,100.0,1,0,100.0,-1,4,100.0,1.0,0,100.0,1,0,100.0,2,4,100.0,1,5,100.0,999,2,100.0,1,3,100.0,2,1,100.0,-1,3,100.0
Ritual12,0,0,100.0,0,0,100.0,0,0,100.0,0,1,100.0,0,0,100.0,0,1,100.0,1,1,100.0,0,1,100.0,0,0,100.0,0,1,100.0,0,0,100.0,0,0,100.0,0,0,100.0,0,1,100.0,0,0,100.0,2,,0.0,1,1,100.0,0,0,100.0,0,0,100.0,0,1,100.0,1,0,100.0,0,0,100.0,0,0,100.0,0,0,100.0,0,0,100.0,7,5,100.0,6,5,100.0,0,0,100.0,1,1,100.0,0,0,100.0,0,0,100.0,0,0,100.0,0,0,100.0,0,0,100.0,0,1,100.0,0,0,100.0,0,0,100.0,0,1,100.0,0,0,100.0,0,1,100.0,0,0,100.0,0,0,100.0,0,1,100.0,0,1,100.0,0,0,100.0,0,0,100.0,0,0,100.0,0,0,100.0,0,1,100.0,0,1,100.0,0,0,100.0,0,0,100.0,1,0,100.0,0,0,100.0,0,0,100.0,0,0,100.0,0,1,100.0,0,1,100.0,0,0,100.0,0,0,100.0,0,0,100.0,0,1,100.0,0,0,100.0,0,0,100.0,0,0,100.0,0,0,100.0,0,0,100.0,0,0,100.0,0,0,100.0,0,1,100.0,0,0,100.0,0,1,100.0,0,0,100.0,0,0,100.0,0,,0.0,1,,0.0,0,,0.0,0,,0.0,0,,0.0,0,,0.0,0,,0.0,0,,0.0,0,,0.0,0,,0.0,0,,0.0,0,,0.0,0,,0.0,1,,0.0,1,,0.0,0,,0.0,0,,0.0,0,,0.0,0,,0.0,0,,0.0,0,,0.0,0,,0.0,0,,0.0,0,0,100.0,0,1,100.0,0,0,100.0,0,0,100.0,0,1,100.0,0,1,100.0,0,1,100.0,1.0,5,100.0,1,4,100.0,7,4,100.0,4.0,2,100.0,1,2,100.0,2,2,100.0,2,5,100.0,999,3,100.0,1,1,100.0,2,4,100.0,-1,2,100.0
Ritual13,0,0,100.0,0,0,100.0,0,0,100.0,0,1,100.0,0,0,100.0,0,1,100.0,0,0,100.0,0,0,100.0,0,0,100.0,1,1,100.0,0,0,100.0,0,0,100.0,0,0,100.0,0,1,100.0,0,0,100.0,2,,0.0,3,1,100.0,0,0,100.0,0,0,100.0,0,0,100.0,1,1,100.0,0,0,100.0,0,0,100.0,0,0,100.0,0,0,100.0,999,5,100.0,2,5,100.0,0,0,100.0,1,1,100.0,0,0,100.0,0,0,100.0,0,0,100.0,0,0,100.0,0,0,100.0,0,0,70.0,0,1,100.0,0,0,100.0,1,1,100.0,0,0,100.0,0,1,100.0,0,0,100.0,0,0,100.0,0,0,100.0,0,0,100.0,0,0,100.0,0,0,100.0,0,0,100.0,0,0,100.0,0,0,100.0,0,1,100.0,0,0,100.0,0,0,100.0,0,0,100.0,0,0,100.0,0,0,100.0,0,0,100.0,0,0,100.0,0,0,100.0,0,0,100.0,0,0,100.0,0,0,100.0,0,0,100.0,0,0,100.0,0,0,100.0,0,0,100.0,0,0,100.0,0,0,100.0,0,0,100.0,0,0,100.0,0,0,100.0,0,0,100.0,0,0,100.0,0,0,100.0,0,0,100.0,0,,0.0,0,,0.0,1,,0.0,0,,0.0,0,,0.0,0,,0.0,0,,0.0,0,,0.0,0,,0.0,0,,0.0,0,,0.0,0,,0.0,0,,0.0,1,,0.0,0,,0.0,0,,0.0,0,,0.0,0,,0.0,0,,0.0,0,,0.0,0,,0.0,0,,0.0,0,,0.0,0,0,100.0,0,1,100.0,0,0,100.0,0,0,100.0,0,0,100.0,0,0,100.0,0,1,100.0,1.333333333,2,100.0,1,2,100.0,7,4,100.0,0.0,0,100.0,0,0,100.0,-1,4,100.0,1,2,100.0,999,1,100.0,2,2,100.0,2,1,100.0,-1,2,100.0
Ritual14,0,0,100.0,0,0,100.0,0,0,100.0,0,1,100.0,0,0,100.0,1,1,100.0,0,0,100.0,0,0,100.0,0,0,100.0,0,1,100.0,0,0,100.0,0,0,100.0,0,0,100.0,0,1,100.0,0,0,100.0,1,,0.0,3,1,100.0,1,0,100.0,0,0,100.0,0,0,100.0,0,1,100.0,0,0,100.0,0,0,100.0,0,0,100.0,0,0,100.0,999,5,100.0,2,5,100.0,0,0,100.0,0,0,100.0,0,0,100.0,0,0,100.0,0,0,100.0,0,0,100.0,0,0,100.0,0,0,100.0,0,0,100.0,0,0,100.0,1,0,100.0,0,0,100.0,0,1,100.0,0,0,100.0,0,0,100.0,0,0,100.0,0,0,100.0,0,0,100.0,0,0,100.0,0,0,100.0,0,0,100.0,0,1,100.0,0,1,100.0,0,0,100.0,0,0,100.0,0,0,100.0,0,0,100.0,0,0,100.0,0,0,100.0,0,0,100.0,0,0,100.0,0,0,100.0,0,0,100.0,0,0,100.0,0,0,100.0,0,0,100.0,0,0,100.0,0,0,100.0,0,0,100.0,0,0,100.0,0,0,100.0,0,0,100.0,0,0,100.0,0,0,100.0,0,0,100.0,0,0,100.0,0,0,100.0,0,,0.0,0,,0.0,0,,0.0,0,,0.0,0,,0.0,0,,0.0,0,,0.0,0,,0.0,0,,0.0,0,,0.0,0,,0.0,0,,0.0,0,,0.0,1,,0.0,0,,0.0,0,,0.0,0,,0.0,0,,0.0,0,,0.0,0,,0.0,0,,0.0,0,,0.0,0,,0.0,0,0,100.0,0,1,100.0,0,1,100.0,0,0,100.0,0,0,100.0,0,0,100.0,0,0,100.0,1.333333333,5,100.0,1,3,100.0,7,4,100.0,0.0,1,100.0,0,2,100.0,-1,3,90.0,1,5,100.0,999,1,100.0,1,2,80.0,2,1,80.0,-1,1,100.0
Ritual15,0,,0.0,0,,0.0,0,,0.0,0,,0.0,0,,0.0,0,,0.0,0,,0.0,0,,0.0,0,,0.0,0,,0.0,0,,0.0,0,,0.0,0,,0.0,0,,0.0,0,,0.0,1,,0.0,3,,0.0,1,,0.0,0,,0.0,0,,0.0,1,,0.0,0,,0.0,0,,0.0,0,,0.0,0,,0.0,999,,0.0,1,,0.0,0,,0.0,0,,0.0,0,,0.0,0,,0.0,0,,0.0,0,,0.0,0,,0.0,0,,0.0,0,,0.0,0,,0.0,1,,0.0,0,,0.0,0,,0.0,0,,0.0,0,,0.0,0,,0.0,0,,0.0,0,,0.0,0,,0.0,0,,0.0,0,,0.0,0,,0.0,0,,0.0,0,,0.0,0,,0.0,0,,0.0,0,,0.0,0,,0.0,0,,0.0,0,,0.0,0,,0.0,0,,0.0,0,,0.0,0,,0.0,0,,0.0,0,,0.0,0,,0.0,0,,0.0,0,,0.0,0,,0.0,0,,0.0,0,,0.0,0,,0.0,0,,0.0,0,,0.0,0,,0.0,0,,0.0,0,,0.0,0,,0.0,0,,0.0,0,,0.0,0,,0.0,0,,0.0,0,,0.0,0,,0.0,0,,0.0,0,,0.0,0,,0.0,0,,0.0,0,,0.0,0,,0.0,0,,0.0,0,,0.0,0,,0.0,0,,0.0,0,,0.0,0,,0.0,0,,0.0,0,,0.0,0,,0.0,0,,0.0,0,,0.0,0,,0.0,0,,0.0,0,,0.0,0,,0.0,0,,0.0,0.3333333333,,0.0,0,,0.0,7,,0.0,0.0,,0.0,0,,0.0,-1,,0.0,999,,0.0,999,,0.0,1,,0.0,2,,0.0,-1,,0.0
Ritual16a,0,1,100.0,0,0,100.0,0,1,100.0,0,1,100.0,1,1,100.0,0,0,100.0,0,0,100.0,0,0,100.0,0,1,100.0,0,0,100.0,0,0,100.0,0,0,100.0,0,1,100.0,0,1,100.0,0,0,100.0,4,,0.0,3,1,100.0,0,0,100.0,0,1,100.0,1,0,100.0,0,1,100.0,0,0,100.0,0,0,100.0,0,0,100.0,0,0,100.0,999,5,100.0,6,5,100.0,1,1,100.0,1,1,100.0,1,1,100.0,0,1,100.0,0,0,100.0,1,1,100.0,0,0,100.0,0,1,100.0,0,0,100.0,0,0,100.0,0,1,100.0,0,1,100.0,0,1,100.0,0,1,100.0,0,0,100.0,0,0,100.0,0,0,100.0,0,1,100.0,0,1,100.0,0,0,100.0,0,1,100.0,1,1,100.0,1,1,100.0,0,0,100.0,0,1,100.0,0,1,100.0,0,1,100.0,0,0,100.0,0,1,100.0,0,0,100.0,0,1,100.0,0,0,100.0,0,1,100.0,0,0,100.0,0,1,100.0,0,0,100.0,0,0,100.0,0,1,100.0,0,1,100.0,0,1,100.0,0,1,100.0,0,0,100.0,0,1,100.0,0,1,100.0,1,1,100.0,0,1,100.0,0,0,100.0,0,,0.0,0,,0.0,0,,0.0,0,,0.0,0,,0.0,1,,0.0,1,,0.0,0,,0.0,1,,0.0,0,,0.0,1,,0.0,0,,0.0,1,,0.0,0,,0.0,0,,0.0,0,,0.0,0,,0.0,1,,0.0,0,,0.0,0,,0.0,0,,0.0,0,,0.0,0,,0.0,0,1,100.0,1,1,100.0,0,1,100.0,0,0,100.0,0,0,100.0,0,1,100.0,0,1,100.0,3.0,5,100.0,3,4,100.0,5,4,100.0,2.0,4,100.0,0,3,70.0,7,2,70.0,3,5,100.0,3,1,100.0,1,2,100.0,2,1,100.0,-1,1,100.0
Ritual16b,0,1,100.0,0,0,100.0,0,0,100.0,0,1,100.0,1,1,100.0,0,0,100.0,0,0,100.0,0,0,100.0,0,0,100.0,0,0,100.0,0,0,100.0,0,0,100.0,0,1,100.0,0,1,100.0,0,0,100.0,4,,0.0,3,3,100.0,0,0,100.0,0,1,100.0,1,0,100.0,0,1,100.0,0,0,100.0,0,0,100.0,0,0,100.0,0,0,50.0,999,5,100.0,6,5,100.0,1,1,100.0,1,1,100.0,1,1,100.0,0,0,100.0,0,0,100.0,1,0,80.0,0,1,80.0,0,1,100.0,0,0,100.0,0,0,100.0,0,1,100.0,0,1,100.0,0,1,100.0,0,0,80.0,0,1,80.0,0,0,100.0,0,0,100.0,0,0,100.0,0,0,100.0,0,0,100.0,0,1,100.0,1,1,100.0,1,1,100.0,0,0,100.0,0,1,100.0,0,0,100.0,0,0,100.0,0,0,100.0,0,0,100.0,0,0,100.0,0,0,100.0,0,0,100.0,0,0,100.0,0,0,100.0,0,1,100.0,0,0,100.0,0,0,100.0,0,0,100.0,0,0,100.0,0,1,100.0,0,0,100.0,0,0,100.0,0,1,100.0,0,0,100.0,1,1,100.0,0,0,100.0,0,1,100.0,0,1,100.0,0,1,100.0,0,0,100.0,0,0,100.0,0,1,100.0,1,0,100.0,1,1,100.0,0,0,100.0,1,0,100.0,0,0,100.0,1,1,100.0,0,0,100.0,1,1,100.0,0,1,100.0,0,1,100.0,0,0,100.0,0,0,100.0,1,1,100.0,0,1,100.0,0,0,100.0,0,1,100.0,0,0,100.0,0,1,70.0,0,1,100.0,1,1,100.0,0,0,100.0,0,0,100.0,0,1,80.0,0,0,100.0,0,0,80.0,3.0,5,100.0,3,3,100.0,5,4,100.0,2.0,3,60.0,0,2,60.0,7,2,100.0,3,5,100.0,3,2,100.0,1,2,100.0,2,1,100.0,-1,2,100.0
Ritual17,0,0,100.0,0,0,100.0,0,0,100.0,1,1,100.0,0,1,100.0,0,1,100.0,0,0,100.0,0,0,100.0,0,0,100.0,0,1,100.0,0,0,100.0,0,0,100.0,0,1,100.0,0,1,100.0,0,0,100.0,2,,0.0,3,1,100.0,0,0,100.0,0,1,100.0,0,0,100.0,0,1,100.0,1,0,100.0,0,0,100.0,0,0,100.0,0,0,100.0,999,5,100.0,4,4,100.0,0,0,100.0,0,1,100.0,0,0,100.0,0,0,100.0,0,0,100.0,0,0,100.0,0,0,100.0,0,0,100.0,0,0,100.0,0,0,100.0,1,1,100.0,0,1,100.0,0,1,100.0,0,0,100.0,0,0,100.0,0,0,100.0,0,1,100.0,0,0,100.0,0,0,100.0,0,0,100.0,0,0,100.0,0,1,100.0,0,1,100.0,0,0,100.0,0,0,100.0,0,0,100.0,0,0,100.0,0,0,100.0,0,0,100.0,0,0,100.0,0,0,100.0,0,0,100.0,0,0,100.0,0,0,100.0,0,1,70.0,0,0,100.0,0,0,100.0,0,0,100.0,0,0,100.0,0,0,100.0,0,0,100.0,0,0,100.0,0,1,100.0,0,0,100.0,0,0,100.0,0,0,100.0,0,0,100.0,0,,0.0,0,,0.0,1,,0.0,0,,0.0,0,,0.0,0,,0.0,1,,0.0,0,,0.0,1,,0.0,0,,0.0,0,,0.0,0,,0.0,0,,0.0,0,,0.0,1,,0.0,0,,0.0,1,,0.0,0,,0.0,0,,0.0,0,,0.0,0,,0.0,0,,0.0,0,,0.0,0,1,100.0,1,1,100.0,0,1,100.0,1,0,100.0,1,0,100.0,0,1,100.0,0,1,100.0,1.666666667,2,60.0,2,1,60.0,7,4,100.0,0.0,0,100.0,0,0,100.0,-1,5,60.0,999,5,100.0,3,2,100.0,1,2,100.0,2,1,100.0,-1,1,100.0
Ritual18,0,1,100.0,0,0,100.0,0,1,100.0,1,1,100.0,0,0,100.0,0,1,100.0,0,0,100.0,0,0,100.0,0,0,100.0,0,0,100.0,0,0,100.0,0,1,100.0,0,1,100.0,0,1,100.0,0,1,100.0,2,,0.0,3,1,100.0,0,0,100.0,1,1,100.0,1,0,100.0,0,1,100.0,0,0,100.0,0,0,100.0,0,0,100.0,0,0,100.0,999,5,100.0,6,5,100.0,0,1,100.0,0,1,100.0,0,0,100.0,0,0,100.0,0,1,100.0,0,0,100.0,0,1,100.0,0,1,100.0,0,0,100.0,0,0,100.0,0,1,100.0,0,0,100.0,0,1,100.0,0,1,100.0,0,0,100.0,0,0,100.0,0,0,100.0,0,0,100.0,0,1,60.0,0,0,100.0,0,1,100.0,0,1,100.0,0,1,100.0,0,0,100.0,0,0,100.0,0,0,100.0,0,0,100.0,0,0,100.0,0,0,100.0,0,0,100.0,0,0,100.0,0,0,100.0,0,0,100.0,0,0,100.0,0,1,100.0,0,0,100.0,0,0,100.0,0,0,100.0,0,0,100.0,0,1,100.0,0,0,100.0,0,0,100.0,0,1,100.0,0,1,100.0,0,1,100.0,0,1,100.0,0,1,100.0,0,1,100.0,0,1,100.0,0,1,100.0,0,0,100.0,0,1,100.0,0,0,100.0,0,1,100.0,0,1,100.0,0,0,100.0,0,0,100.0,0,1,100.0,0,0,100.0,0,1,100.0,0,1,100.0,1,0,100.0,0,1,100.0,0,0,100.0,0,0,100.0,0,1,100.0,0,0,100.0,0,1,100.0,0,1,100.0,0,0,100.0,0,1,100.0,1,1,100.0,0,1,100.0,0,0,50.0,1,1,100.0,1,1,100.0,0,1,100.0,1.0,5,100.0,1,4,100.0,7,4,100.0,0.0,3,100.0,0,3,100.0,-1,2,100.0,999,5,100.0,3,2,100.0,1,2,100.0,2,1,100.0,-1,3,100.0
Ritual19,0,0,100.0,0,0,100.0,0,0,100.0,0,0,100.0,0,1,100.0,0,1,100.0,0,0,100.0,0,0,100.0,0,0,100.0,0,1,100.0,0,0,100.0,0,1,100.0,1,1,100.0,0,1,100.0,0,1,100.0,2,,0.0,3,1,100.0,0,0,100.0,1,1,100.0,1,0,100.0,0,1,100.0,0,0,100.0,0,0,100.0,0,0,100.0,0,0,100.0,999,5,100.0,5,5,100.0,0,0,100.0,0,0,100.0,0,1,100.0,0,0,100.0,0,0,100.0,0,0,100.0,0,0,100.0,0,1,100.0,0,0,100.0,0,0,100.0,1,1,100.0,0,0,100.0,0,1,100.0,0,1,100.0,0,1,100.0,0,1,100.0,0,0,100.0,0,0,100.0,0,0,100.0,0,0,100.0,0,1,100.0,0,0,100.0,0,1,100.0,0,0,100.0,0,0,100.0,0,0,100.0,0,0,100.0,0,0,100.0,0,0,100.0,0,0,100.0,0,0,100.0,0,0,100.0,0,0,100.0,0,0,100.0,0,0,100.0,0,0,100.0,0,0,100.0,0,0,100.0,0,0,100.0,0,1,100.0,0,0,100.0,0,0,100.0,0,1,100.0,0,0,100.0,0,1,100.0,0,0,100.0,0,0,100.0,0,,0.0,0,,0.0,0,,0.0,0,,0.0,0,,0.0,0,,0.0,0,,0.0,0,,0.0,0,,0.0,0,,0.0,0,,0.0,0,,0.0,0,,0.0,0,,0.0,1,,0.0,0,,0.0,0,,0.0,0,,0.0,0,,0.0,0,,0.0,0,,0.0,0,,0.0,0,,0.0,0,1,100.0,1,1,100.0,0,1,100.0,0,0,100.0,1,1,100.0,1,1,100.0,0,1,100.0,1.0,5,100.0,1,4,100.0,7,4,100.0,0.0,1,100.0,0,1,100.0,-1,2,100.0,999,5,100.0,3,1,100.0,1,1,100.0,2,1,100.0,-1,2,100.0
Ritual20,0,0,100.0,0,0,100.0,0,0,100.0,0,1,100.0,0,0,100.0,0,1,100.0,0,0,100.0,0,0,100.0,0,0,100.0,0,1,100.0,0,0,100.0,1,1,100.0,0,1,100.0,0,1,100.0,0,0,100.0,1,,0.0,3,1,100.0,0,0,100.0,1,1,100.0,0,0,100.0,1,1,100.0,0,0,100.0,0,0,100.0,0,0,100.0,0,0,100.0,7,5,100.0,4,5,100.0,0,0,100.0,0,1,100.0,0,1,100.0,0,0,100.0,1,1,100.0,0,0,100.0,0,1,100.0,0,1,100.0,0,1,100.0,0,0,100.0,1,1,100.0,0,0,100.0,0,1,100.0,0,1,100.0,0,1,60.0,0,0,90.0,0,0,100.0,0,0,100.0,0,0,100.0,0,0,100.0,0,0,100.0,0,1,100.0,0,1,100.0,0,0,100.0,0,0,100.0,0,0,100.0,0,0,100.0,0,0,100.0,0,0,100.0,0,0,100.0,0,0,100.0,0,0,100.0,0,0,100.0,0,0,100.0,0,1,100.0,0,0,100.0,0,0,100.0,0,0,100.0,0,0,100.0,0,1,100.0,0,1,100.0,0,0,100.0,0,1,100.0,0,1,100.0,0,1,100.0,0,0,100.0,0,0,100.0,0,1,100.0,0,1,100.0,0,0,100.0,0,0,100.0,0,1,100.0,0,0,100.0,0,1,100.0,0,1,100.0,0,0,100.0,0,0,100.0,0,1,100.0,0,0,100.0,0,0,100.0,1,1,100.0,0,1,100.0,0,1,100.0,0,1,100.0,0,0,100.0,0,1,100.0,0,1,100.0,0,1,100.0,0,1,100.0,0,1,100.0,0,0,80.0,0,1,100.0,0,1,100.0,0,0,100.0,0,1,100.0,0,1,100.0,0,1,100.0,1.0,0,100.0,0,0,100.0,7,4,100.0,2.666666667,5,100.0,3,5,100.0,7,2,100.0,999,5,100.0,999,2,100.0,1,1,100.0,2,1,100.0,-1,1,100.0
Ritual21,0,0,100.0,0,0,100.0,0,0,100.0,0,1,100.0,1,1,100.0,0,1,100.0,0,0,100.0,0,0,100.0,0,1,100.0,0,0,100.0,0,0,100.0,0,0,100.0,0,0,100.0,0,1,100.0,0,0,100.0,2,,0.0,3,1,100.0,0,0,100.0,1,0,100.0,1,0,100.0,1,1,100.0,0,0,100.0,0,0,100.0,0,0,100.0,0,0,100.0,6,5,100.0,6,5,100.0,0,1,100.0,1,1,100.0,1,1,100.0,0,0,100.0,1,0,100.0,1,1,100.0,0,0,100.0,0,1,100.0,0,0,100.0,0,0,100.0,0,1,100.0,0,0,100.0,0,1,100.0,0,1,100.0,0,1,100.0,0,1,100.0,0,0,100.0,0,1,100.0,0,0,100.0,0,0,100.0,0,1,100.0,1,1,100.0,1,1,100.0,0,0,100.0,0,1,100.0,0,0,100.0,0,0,100.0,0,0,100.0,0,0,100.0,0,0,100.0,0,0,100.0,0,0,100.0,0,0,100.0,0,0,100.0,0,1,100.0,0,0,100.0,0,0,100.0,0,1,100.0,0,0,100.0,0,1,100.0,0,0,100.0,0,0,100.0,0,1,100.0,0,0,100.0,0,1,100.0,0,0,100.0,0,0,100.0,0,0,100.0,0,1,100.0,0,0,100.0,0,0,100.0,0,0,100.0,1,0,100.0,1,1,100.0,0,1,100.0,0,0,100.0,0,0,100.0,0,0,100.0,0,0,100.0,1,1,100.0,0,1,100.0,0,0,100.0,0,0,100.0,0,0,100.0,0,1,100.0,0,1,100.0,0,0,100.0,0,0,100.0,0,0,100.0,0,0,100.0,0,0,100.0,0,1,100.0,0,0,100.0,0,1,100.0,0,0,100.0,0,0,100.0,0,1,100.0,2.333333333,5,100.0,3,4,100.0,5,4,100.0,2.666666667,3,80.0,0,2,80.0,1,2,80.0,3,5,100.0,2,1,100.0,1,3,100.0,2,1,100.0,-1,2,100.0
Ritual22,0,0,100.0,0,1,100.0,0,0,100.0,1,1,100.0,0,0,100.0,0,1,100.0,0,0,100.0,0,0,100.0,0,1,100.0,0,0,100.0,0,0,100.0,0,0,100.0,0,1,100.0,0,1,100.0,0,0,100.0,3,,0.0,3,3,100.0,0,0,100.0,0,1,100.0,0,0,100.0,0,1,100.0,0,0,100.0,0,0,100.0,1,0,100.0,0,0,100.0,5,5,100.0,4,5,100.0,0,1,100.0,0,1,100.0,0,0,100.0,0,0,100.0,0,0,100.0,0,1,100.0,0,0,100.0,0,1,100.0,0,0,100.0,0,0,100.0,0,0,100.0,0,0,100.0,0,1,100.0,0,0,100.0,0,0,100.0,0,0,100.0,0,0,100.0,0,0,100.0,0,0,100.0,0,0,100.0,1,1,100.0,0,1,90.0,0,1,100.0,0,0,100.0,0,0,100.0,0,0,100.0,0,0,100.0,0,0,100.0,0,0,100.0,0,0,100.0,0,0,100.0,0,0,100.0,0,0,100.0,0,0,100.0,0,0,100.0,0,0,100.0,0,0,100.0,0,0,100.0,0,0,100.0,0,1,100.0,0,0,100.0,0,0,100.0,0,0,100.0,0,0,100.0,0,0,100.0,0,0,100.0,0,0,100.0,0,,0.0,0,,0.0,1,,0.0,0,,0.0,1,,0.0,0,,0.0,1,,0.0,0,,0.0,0,,0.0,0,,0.0,0,,0.0,0,,0.0,0,,0.0,1,,0.0,0,,0.0,0,,0.0,0,,0.0,0,,0.0,0,,0.0,0,,0.0,0,,0.0,0,,0.0,0,,0.0,0,1,100.0,1,1,100.0,1,1,100.0,0,0,100.0,0,0,100.0,0,0,100.0,0,0,100.0,1.333333333,5,100.0,1,4,100.0,7,4,100.0,1.0,0,100.0,1,0,100.0,7,0,100.0,2,5,100.0,999,2,100.0,1,1,100.0,2,2,100.0,-1,1,100.0
Ritual23a,0,0,100.0,0,0,100.0,0,0,100.0,0,1,100.0,1,0,100.0,0,1,100.0,0,0,100.0,0,0,100.0,0,0,100.0,0,1,100.0,0,0,100.0,0,0,100.0,0,1,100.0,0,1,100.0,0,0,100.0,2,,0.0,3,1,100.0,0,0,100.0,0,1,100.0,0,0,100.0,0,1,100.0,1,0,100.0,0,0,100.0,0,0,100.0,0,0,100.0,6,5,100.0,5,5,100.0,1,1,100.0,1,1,100.0,1,1,100.0,0,0,100.0,1,0,100.0,1,0,100.0,0,0,100.0,0,1,100.0,0,0,100.0,0,0,100.0,0,1,60.0,0,1,100.0,1,1,100.0,0,0,100.0,0,0,100.0,0,0,100.0,0,0,100.0,0,0,100.0,0,0,100.0,0,0,100.0,1,1,100.0,1,1,100.0,1,0,100.0,0,0,100.0,0,0,100.0,0,0,100.0,0,0,100.0,0,0,100.0,0,0,100.0,0,0,100.0,0,1,100.0,0,0,100.0,0,0,100.0,0,0,100.0,0,1,100.0,0,0,100.0,0,0,100.0,0,0,100.0,0,0,100.0,0,1,100.0,0,0,100.0,0,0,100.0,0,1,100.0,0,0,100.0,0,1,100.0,0,0,100.0,0,1,100.0,1,0,100.0,0,1,100.0,0,1,100.0,0,1,100.0,0,1,100.0,0,0,100.0,0,1,100.0,0,0,100.0,0,0,100.0,0,0,100.0,0,0,100.0,0,0,100.0,0,1,100.0,0,1,100.0,0,0,100.0,0,0,100.0,0,0,100.0,1,1,100.0,0,1,100.0,0,0,100.0,0,0,100.0,0,0,100.0,0,0,100.0,0,1,100.0,1,1,100.0,0,1,100.0,0,0,100.0,0,1,100.0,0,0,100.0,0,0,100.0,2.333333333,5,100.0,3,4,100.0,7,4,100.0,3.0,2,100.0,0,2,100.0,1,2,100.0,4,5,100.0,2,1,100.0,1,2,100.0,2,1,100.0,-1,1,100.0
Ritual23b,0,0,100.0,0,0,100.0,0,0,100.0,0,1,100.0,1,1,100.0,0,0,100.0,0,0,100.0,0,0,100.0,0,0,100.0,0,1,100.0,0,0,100.0,0,0,100.0,0,1,100.0,0,1,100.0,0,0,100.0,2,,0.0,3,1,100.0,0,0,100.0,0,1,100.0,0,0,100.0,0,1,100.0,1,0,100.0,0,0,100.0,0,0,100.0,0,0,100.0,6,5,100.0,5,5,100.0,1,1,100.0,1,1,100.0,1,1,100.0,0,0,100.0,1,0,100.0,1,1,100.0,0,0,100.0,0,1,100.0,0,1,100.0,0,0,100.0,0,1,100.0,0,1,100.0,1,1,100.0,0,0,100.0,0,1,100.0,0,0,100.0,0,0,100.0,0,0,100.0,0,0,100.0,0,0,100.0,1,1,100.0,1,1,100.0,1,1,100.0,0,0,100.0,0,0,100.0,0,0,100.0,0,0,100.0,0,0,100.0,0,0,100.0,0,0,100.0,0,0,100.0,0,0,100.0,0,0,100.0,0,0,100.0,0,1,100.0,0,0,100.0,0,0,100.0,0,0,100.0,0,0,100.0,0,1,100.0,0,0,100.0,0,0,100.0,0,1,100.0,0,0,100.0,0,1,100.0,0,1,100.0,0,1,100.0,1,1,100.0,0,1,100.0,0,1,100.0,0,1,100.0,0,1,100.0,0,1,100.0,0,1,100.0,0,1,100.0,0,1,100.0,0,0,100.0,0,1,100.0,0,0,100.0,0,1,100.0,0,1,100.0,0,1,100.0,0,0,100.0,0,1,100.0,1,1,100.0,0,1,100.0,0,1,100.0,0,1,100.0,0,1,100.0,0,1,100.0,0,1,100.0,1,1,100.0,0,1,100.0,0,0,100.0,0,1,100.0,0,0,100.0,0,0,100.0,2.333333333,5,100.0,3,4,100.0,7,4,100.0,3.0,3,100.0,0,3,100.0,1,3,100.0,4,5,100.0,2,1,80.0,1,2,100.0,2,1,100.0,-1,1,100.0
Ritual24,0,1,100.0,0,0,100.0,0,0,100.0,0,1,100.0,0,0,100.0,0,1,100.0,0,1,100.0,0,0,100.0,0,0,100.0,0,0,100.0,1,1,100.0,0,0,100.0,0,0,100.0,0,1,100.0,0,0,100.0,2,,0.0,3,3,100.0,0,0,100.0,0,1,100.0,0,1,100.0,0,1,100.0,1,0,100.0,0,0,100.0,0,0,100.0,0,0,100.0,999,5,100.0,6,5,100.0,0,0,100.0,0,0,100.0,0,0,100.0,0,0,100.0,0,0,100.0,0,0,100.0,0,0,100.0,0,0,100.0,0,0,100.0,0,0,100.0,0,0,100.0,1,1,100.0,1,1,100.0,0,0,100.0,0,0,100.0,0,0,100.0,0,0,100.0,0,0,100.0,0,0,100.0,0,0,100.0,1,0,100.0,0,0,100.0,0,1,100.0,0,0,100.0,0,0,100.0,0,0,100.0,0,0,100.0,0,0,100.0,0,1,100.0,0,0,100.0,0,0,100.0,0,0,100.0,0,0,100.0,0,0,100.0,1,0,100.0,0,0,100.0,0,0,100.0,0,0,100.0,0,0,100.0,0,0,100.0,0,0,100.0,0,0,100.0,0,0,100.0,0,0,100.0,0,1,100.0,0,0,100.0,0,0,100.0,0,,0.0,0,,0.0,0,,0.0,0,,0.0,0,,0.0,0,,0.0,0,,0.0,0,,0.0,0,,0.0,0,,0.0,1,,0.0,0,,0.0,0,,0.0,0,,0.0,0,,0.0,1,,0.0,0,,0.0,0,,0.0,0,,0.0,0,,0.0,0,,0.0,0,,0.0,0,,0.0,0,1,100.0,0,1,100.0,0,1,100.0,0,0,100.0,0,0,100.0,0,1,100.0,0,1,100.0,1.333333333,3,100.0,2,2,100.0,7,4,100.0,3.0,0,100.0,0,0,100.0,-1,2,100.0,999,5,100.0,999,2,100.0,1,1,100.0,2,2,100.0,-1,1,100.0
Ritual25a,0,0,100.0,0,0,100.0,0,0,100.0,0,1,100.0,0,0,100.0,0,1,100.0,1,1,100.0,0,0,100.0,0,0,100.0,0,0,100.0,0,0,100.0,0,0,100.0,0,0,100.0,0,1,100.0,0,0,100.0,2,,0.0,3,1,100.0,0,0,100.0,0,1,100.0,0,0,100.0,0,1,100.0,0,0,100.0,0,0,100.0,1,0,100.0,0,0,100.0,7,5,100.0,5,5,100.0,1,0,70.0,1,1,100.0,0,0,100.0,0,0,100.0,0,0,100.0,0,0,100.0,0,0,100.0,0,1,100.0,0,0,100.0,0,0,100.0,0,0,100.0,0,0,100.0,1,1,100.0,1,0,100.0,1,1,100.0,0,0,100.0,0,0,100.0,0,0,100.0,0,0,100.0,0,0,100.0,1,1,100.0,0,0,100.0,0,1,100.0,0,0,100.0,0,0,100.0,0,0,100.0,0,0,100.0,0,1,100.0,0,0,100.0,0,0,100.0,0,1,100.0,0,1,100.0,0,0,100.0,0,0,100.0,0,1,100.0,0,0,100.0,0,0,100.0,0,0,100.0,0,0,100.0,0,1,100.0,0,0,100.0,0,0,100.0,0,0,100.0,0,0,100.0,0,1,100.0,0,1,100.0,0,0,100.0,0,0,100.0,0,1,100.0,0,0,100.0,0,0,100.0,1,1,100.0,0,0,100.0,0,1,100.0,0,1,100.0,0,0,100.0,0,0,100.0,0,1,100.0,0,0,100.0,0,0,100.0,1,1,100.0,0,1,100.0,0,1,100.0,0,0,100.0,0,1,100.0,0,1,100.0,1,0,100.0,0,0,100.0,0,1,100.0,0,0,100.0,0,1,100.0,1,1,100.0,0,1,100.0,0,0,100.0,0,1,100.0,0,1,100.0,0,0,100.0,1.666666667,0,100.0,1,0,100.0,6,7,100.0,1.0,0,100.0,0,0,100.0,7,7,100.0,2,1,100.0,999,3,100.0,1,2,100.0,2,1,100.0,-1,1,100.0
Ritual25b,0,0,100.0,0,0,100.0,0,0,100.0,0,1,100.0,0,0,100.0,0,1,100.0,1,1,100.0,0,0,100.0,0,0,100.0,0,0,100.0,0,0,100.0,0,1,100.0,0,0,100.0,0,1,100.0,0,0,100.0,2,,0.0,3,1,100.0,0,0,100.0,0,1,100.0,0,0,100.0,0,1,100.0,0,0,100.0,0,0,100.0,1,0,100.0,0,0,100.0,7,5,100.0,5,5,100.0,1,1,100.0,1,1,100.0,0,0,100.0,0,0,100.0,0,0,100.0,0,0,100.0,0,0,100.0,0,0,100.0,0,0,100.0,0,0,100.0,0,0,100.0,0,1,100.0,1,1,100.0,1,1,100.0,1,0,100.0,0,0,100.0,0,0,100.0,0,0,100.0,0,1,100.0,0,1,100.0,1,1,100.0,0,0,100.0,0,1,100.0,0,0,100.0,0,0,100.0,0,0,100.0,0,0,100.0,0,0,100.0,0,0,100.0,0,0,100.0,0,0,100.0,0,0,100.0,0,0,100.0,0,0,100.0,0,1,80.0,0,0,100.0,0,0,100.0,0,0,100.0,0,0,100.0,0,1,100.0,0,0,100.0,0,0,100.0,0,0,100.0,0,0,100.0,0,1,100.0,0,0,100.0,0,0,100.0,0,,0.0,0,,0.0,0,,0.0,0,,0.0,1,,0.0,0,,0.0,0,,0.0,0,,0.0,0,,0.0,0,,0.0,0,,0.0,0,,0.0,0,,0.0,1,,0.0,0,,0.0,0,,0.0,0,,0.0,0,,0.0,0,,0.0,1,,0.0,0,,0.0,0,,0.0,0,,0.0,0,1,100.0,1,1,100.0,0,1,100.0,0,1,100.0,0,1,100.0,0,0,100.0,0,0,100.0,1.666666667,5,100.0,1,3,100.0,6,4,100.0,1.0,1,100.0,0,0,100.0,7,2,100.0,2,5,100.0,999,2,100.0,1,1,100.0,2,1,100.0,-1,1,100.0
Ritual26,0,0,100.0,0,0,100.0,0,0,100.0,0,1,100.0,1,1,100.0,0,1,100.0,0,0,100.0,0,0,100.0,0,1,100.0,0,0,100.0,0,0,100.0,0,0,100.0,0,0,100.0,0,1,100.0,0,1,100.0,1,,0.0,1,1,100.0,0,0,100.0,0,0,100.0,0,1,100.0,1,0,100.0,0,0,100.0,0,0,100.0,0,0,100.0,0,1,100.0,5,5,100.0,5,5,100.0,0,0,100.0,0,0,100.0,0,0,100.0,0,0,100.0,0,0,100.0,0,0,100.0,0,0,100.0,0,0,100.0,0,1,100.0,0,0,100.0,0,1,100.0,0,0,100.0,0,1,100.0,0,0,100.0,0,0,100.0,0,1,100.0,0,0,100.0,0,0,100.0,0,0,100.0,0,0,100.0,0,0,100.0,0,1,100.0,0,1,100.0,0,0,100.0,0,0,100.0,0,0,100.0,0,1,100.0,1,0,100.0,0,0,100.0,0,1,100.0,0,1,100.0,0,0,100.0,0,1,100.0,0,0,100.0,0,1,100.0,0,0,100.0,0,0,100.0,0,0,100.0,0,0,100.0,0,1,100.0,0,0,100.0,0,0,100.0,0,1,100.0,0,0,100.0,0,0,100.0,0,1,100.0,0,0,100.0,0,,0.0,0,,0.0,0,,0.0,0,,0.0,0,,0.0,0,,0.0,0,,0.0,0,,0.0,0,,0.0,0,,0.0,0,,0.0,0,,0.0,0,,0.0,0,,0.0,0,,0.0,0,,0.0,1,,0.0,1,,0.0,0,,0.0,0,,0.0,0,,0.0,0,,0.0,0,,0.0,0,0,100.0,0,1,100.0,0,0,100.0,0,0,100.0,0,0,100.0,0,0,100.0,0,1,100.0,1.0,5,100.0,1,3,100.0,3,4,100.0,4.0,2,100.0,0,2,100.0,1,4,100.0,4,5,100.0,3,1,100.0,1,1,100.0,2,2,100.0,-1,2,100.0
Ritual27a,0,0,100.0,0,0,100.0,0,0,90.0,0,1,100.0,0,0,90.0,1,1,100.0,0,0,100.0,0,0,100.0,0,0,100.0,0,0,100.0,0,0,100.0,1,1,100.0,0,1,100.0,0,1,100.0,0,1,100.0,2,,0.0,3,1,100.0,0,0,100.0,1,1,100.0,1,0,100.0,1,1,100.0,0,0,100.0,0,0,100.0,0,0,100.0,0,1,100.0,7,5,100.0,6,5,100.0,0,0,100.0,0,1,100.0,0,0,100.0,0,1,100.0,0,0,100.0,0,0,100.0,0,0,100.0,0,1,100.0,0,0,100.0,0,0,100.0,0,1,100.0,1,1,100.0,1,1,100.0,1,1,100.0,0,0,100.0,0,0,100.0,0,0,100.0,0,1,100.0,0,0,100.0,0,0,100.0,1,1,100.0,1,1,100.0,1,1,100.0,0,0,100.0,0,1,100.0,0,0,100.0,0,0,100.0,0,0,100.0,0,1,100.0,0,0,100.0,0,0,100.0,0,0,100.0,0,0,100.0,0,0,100.0,0,1,100.0,0,0,100.0,0,0,100.0,0,0,100.0,0,0,100.0,0,1,100.0,0,0,100.0,0,0,100.0,0,1,100.0,0,0,100.0,0,1,100.0,0,0,100.0,0,1,100.0,0,,0.0,1,,0.0,0,,0.0,0,,0.0,0,,0.0,0,,0.0,0,,0.0,0,,0.0,0,,0.0,0,,0.0,0,,0.0,0,,0.0,0,,0.0,0,,0.0,0,,0.0,0,,0.0,0,,0.0,0,,0.0,0,,0.0,0,,0.0,0,,0.0,0,,0.0,0,,0.0,0,1,100.0,1,1,100.0,0,1,100.0,0,0,100.0,0,1,100.0,0,1,100.0,0,1,100.0,2.0,3,100.0,2,2,100.0,7,4,100.0,0.0,1,100.0,0,0,100.0,-1,2,100.0,999,5,100.0,999,2,100.0,1,3,100.0,2,2,100.0,-1,1,100.0
Ritual27b,0,0,100.0,0,0,100.0,0,0,100.0,0,1,100.0,0,0,100.0,1,1,100.0,0,0,100.0,0,0,100.0,0,0,100.0,0,0,100.0,0,0,100.0,1,1,100.0,0,1,100.0,0,1,100.0,0,1,100.0,2,,0.0,3,1,100.0,0,0,100.0,1,1,100.0,1,0,100.0,1,1,100.0,0,0,100.0,0,0,100.0,0,0,100.0,0,0,100.0,7,5,100.0,6,5,100.0,0,0,100.0,0,0,100.0,0,0,100.0,0,0,100.0,0,1,100.0,0,0,100.0,0,0,100.0,0,0,100.0,0,0,100.0,0,0,100.0,0,0,100.0,1,1,100.0,1,1,100.0,1,1,100.0,0,0,100.0,0,1,100.0,0,0,100.0,0,0,100.0,0,0,100.0,0,0,100.0,1,1,100.0,1,0,100.0,1,1,100.0,0,0,100.0,0,0,100.0,0,0,100.0,0,0,100.0,0,0,100.0,0,1,80.0,0,0,100.0,0,0,100.0,0,0,100.0,0,0,100.0,0,0,100.0,0,1,80.0,0,0,100.0,0,0,100.0,0,0,100.0,0,0,100.0,0,0,100.0,0,0,100.0,0,0,100.0,0,0,100.0,0,0,100.0,0,1,100.0,0,0,100.0,0,0,100.0,0,,0.0,1,,0.0,0,,0.0,0,,0.0,0,,0.0,0,,0.0,0,,0.0,0,,0.0,0,,0.0,0,,0.0,0,,0.0,0,,0.0,0,,0.0,0,,0.0,0,,0.0,0,,0.0,0,,0.0,0,,0.0,0,,0.0,0,,0.0,0,,0.0,0,,0.0,0,,0.0,0,1,100.0,1,1,100.0,0,1,100.0,0,0,100.0,0,1,100.0,0,0,100.0,0,0,100.0,2.0,3,100.0,2,2,100.0,7,2,100.0,0.0,1,100.0,0,1,100.0,-1,2,100.0,999,5,100.0,999,2,100.0,1,2,100.0,2,1,100.0,-1,1,100.0
Ritual28a,0,,0.0,0,,0.0,0,,0.0,0,,0.0,0,,0.0,1,,0.0,0,,0.0,0,,0.0,0,,0.0,0,,0.0,0,,0.0,1,,0.0,0,,0.0,0,,0.0,0,,0.0,1,,0.0,3,,0.0,0,,0.0,1,,0.0,0,,0.0,0,,0.0,0,,0.0,0,,0.0,0,,0.0,0,,0.0,7,,0.0,6,,0.0,0,,0.0,0,,0.0,0,,0.0,0,,0.0,0,,0.0,0,,0.0,0,,0.0,0,,0.0,0,,0.0,0,,0.0,0,,0.0,0,,0.0,0,,0.0,0,,0.0,0,,0.0,0,,0.0,0,,0.0,0,,0.0,0,,0.0,0,,0.0,0,,0.0,1,,0.0,1,,0.0,0,,0.0,0,,0.0,0,,0.0,0,,0.0,0,,0.0,0,,0.0,0,,0.0,0,,0.0,0,,0.0,0,,0.0,0,,0.0,0,,0.0,0,,0.0,0,,0.0,0,,0.0,0,,0.0,0,,0.0,0,,0.0,0,,0.0,0,,0.0,0,,0.0,0,,0.0,0,,0.0,0,,0.0,0,,0.0,0,,0.0,1,,0.0,0,,0.0,0,,0.0,0,,0.0,0,,0.0,0,,0.0,1,,0.0,0,,0.0,1,,0.0,0,,0.0,0,,0.0,0,,0.0,0,,0.0,0,,0.0,1,,0.0,0,,0.0,0,,0.0,0,,0.0,0,,0.0,0,,0.0,0,,0.0,0,,0.0,1,,0.0,0,,0.0,0,,0.0,0,,0.0,0,,0.0,0,,0.0,2.333333333,,0.0,2,,0.0,7,,0.0,1.666666667,,0.0,2,,0.0,7,,0.0,999,,0.0,3,,0.0,1,,0.0,2,,0.0,-1,,0.0
Ritual28b,0,0,100.0,0,0,100.0,0,0,100.0,0,1,100.0,0,0,100.0,1,1,100.0,0,0,100.0,0,0,100.0,0,0,100.0,0,0,100.0,0,0,100.0,1,1,100.0,0,1,100.0,0,1,100.0,0,1,100.0,1,,0.0,3,1,100.0,0,0,100.0,1,1,100.0,0,0,100.0,0,1,100.0,0,0,100.0,0,0,100.0,0,0,100.0,0,0,100.0,7,5,100.0,6,5,100.0,0,0,100.0,0,0,100.0,0,0,100.0,0,0,100.0,0,0,70.0,0,0,100.0,0,0,100.0,0,0,90.0,0,0,100.0,0,0,100.0,0,1,100.0,0,1,100.0,0,1,100.0,0,1,100.0,0,0,100.0,0,0,100.0,0,0,100.0,0,0,100.0,0,0,100.0,0,1,100.0,0,1,100.0,1,1,100.0,1,1,100.0,0,0,100.0,0,0,100.0,0,0,100.0,0,0,100.0,0,0,100.0,0,0,100.0,0,0,100.0,0,0,100.0,0,0,100.0,0,0,100.0,0,0,100.0,0,0,100.0,0,0,100.0,0,0,100.0,0,0,100.0,0,0,100.0,0,0,100.0,0,0,100.0,0,0,100.0,0,1,100.0,0,0,100.0,0,1,100.0,0,0,100.0,0,0,100.0,0,,0.0,0,,0.0,1,,0.0,0,,0.0,0,,0.0,0,,0.0,0,,0.0,0,,0.0,1,,0.0,0,,0.0,1,,0.0,0,,0.0,0,,0.0,0,,0.0,0,,0.0,0,,0.0,1,,0.0,0,,0.0,0,,0.0,0,,0.0,0,,0.0,0,,0.0,0,,0.0,0,0,100.0,1,1,100.0,0,0,100.0,0,0,100.0,0,0,100.0,0,0,100.0,0,1,100.0,2.333333333,3,100.0,2,2,100.0,7,2,100.0,1.666666667,1,100.0,2,1,100.0,7,2,100.0,999,5,100.0,3,2,100.0,1,3,100.0,2,1,100.0,-1,2,100.0
Ritual29,0,0,100.0,0,0,100.0,0,1,100.0,0,1,100.0,1,1,90.0,0,0,90.0,0,1,100.0,0,0,100.0,0,0,100.0,0,0,100.0,0,0,100.0,1,1,100.0,0,1,100.0,0,1,100.0,0,1,100.0,2,,0.0,3,1,100.0,0,0,100.0,0,1,100.0,1,0,100.0,1,1,100.0,0,0,100.0,0,0,100.0,0,0,100.0,0,0,100.0,6,5,100.0,6,5,100.0,0,0,100.0,0,0,100.0,0,0,100.0,0,0,100.0,0,0,90.0,0,0,100.0,0,1,100.0,0,1,100.0,0,0,100.0,0,0,100.0,0,1,100.0,0,1,100.0,1,1,100.0,1,1,100.0,0,0,100.0,0,1,100.0,0,0,100.0,0,0,100.0,0,0,100.0,0,0,100.0,1,1,100.0,1,1,100.0,1,1,100.0,0,0,100.0,0,0,100.0,0,0,100.0,0,0,100.0,0,0,100.0,0,1,100.0,0,0,100.0,0,0,100.0,0,0,100.0,0,0,100.0,0,0,100.0,0,1,100.0,0,0,100.0,0,0,100.0,0,0,100.0,0,0,100.0,0,1,100.0,0,0,100.0,0,0,100.0,0,1,100.0,0,1,60.0,0,0,60.0,0,1,100.0,0,0,100.0,0,1,100.0,0,1,100.0,0,0,100.0,0,0,100.0,1,1,100.0,0,0,100.0,0,1,100.0,0,1,100.0,1,1,100.0,0,0,100.0,0,1,100.0,0,0,100.0,0,1,100.0,1,1,100.0,0,1,100.0,0,0,100.0,0,0,100.0,0,1,100.0,0,1,100.0,0,0,100.0,0,1,100.0,0,1,100.0,0,0,100.0,0,1,100.0,1,1,100.0,0,1,100.0,0,1,100.0,0,0,100.0,0,0,100.0,0,0,100.0,2.333333333,5,100.0,3,3,100.0,7,4,100.0,0.0,3,100.0,0,2,100.0,-1,2,100.0,2,5,100.0,999,2,100.0,1,2,100.0,2,1,100.0,-1,1,100.0
Ritual30,1,1,100.0,0,0,100.0,0,0,100.0,0,1,100.0,0,0,100.0,0,0,100.0,0,0,100.0,0,0,100.0,0,0,100.0,0,1,100.0,0,0,100.0,0,0,100.0,0,0,100.0,0,1,100.0,0,0,100.0,2,,0.0,3,3,100.0,0,0,100.0,0,1,100.0,1,0,100.0,0,1,100.0,1,0,100.0,0,0,100.0,0,0,100.0,0,0,100.0,7,5,100.0,6,5,100.0,1,1,100.0,1,1,100.0,1,0,100.0,0,0,100.0,0,0,100.0,0,0,100.0,0,0,100.0,0,1,100.0,0,1,100.0,0,0,100.0,0,1,100.0,0,0,100.0,0,1,100.0,0,1,100.0,0,1,100.0,0,0,100.0,0,0,100.0,0,1,100.0,0,0,100.0,0,0,100.0,1,1,100.0,0,0,100.0,0,1,100.0,0,0,100.0,0,1,100.0,0,0,100.0,0,0,100.0,0,0,100.0,0,0,100.0,0,0,100.0,0,0,100.0,0,0,100.0,0,0,100.0,0,0,100.0,0,0,100.0,0,0,100.0,0,0,100.0,0,0,100.0,0,0,100.0,0,0,100.0,0,0,100.0,0,0,100.0,0,0,100.0,0,0,100.0,0,0,100.0,0,0,100.0,0,1,100.0,0,,0.0,0,,0.0,0,,0.0,0,,0.0,0,,0.0,0,,0.0,0,,0.0,0,,0.0,0,,0.0,0,,0.0,0,,0.0,0,,0.0,0,,0.0,1,,0.0,0,,0.0,0,,0.0,0,,0.0,0,,0.0,0,,0.0,0,,0.0,0,,0.0,0,,0.0,0,,0.0,0,0,100.0,0,1,100.0,1,1,100.0,0,0,100.0,0,1,100.0,0,1,100.0,0,1,100.0,3.0,0,100.0,3,0,100.0,7,0,100.0,0.0,0,100.0,0,0,100.0,-1,0,100.0,2,3,100.0,999,2,100.0,1,1,100.0,2,2,100.0,-1,1,100.0
Ritual31,0,0,100.0,0,0,100.0,0,0,100.0,0,1,100.0,0,0,100.0,0,1,100.0,0,0,100.0,0,0,100.0,0,0,100.0,0,1,100.0,0,0,100.0,1,1,100.0,0,1,100.0,0,1,100.0,0,0,100.0,1,,0.0,3,1,100.0,0,0,100.0,1,1,100.0,1,0,100.0,1,1,100.0,1,0,100.0,1,0,100.0,0,0,100.0,0,1,100.0,7,5,100.0,6,5,100.0,0,0,100.0,1,1,100.0,0,1,100.0,0,0,100.0,0,0,100.0,0,0,100.0,0,1,100.0,0,1,100.0,1,1,100.0,0,0,100.0,0,1,100.0,0,1,100.0,0,1,100.0,0,1,100.0,0,1,100.0,0,1,100.0,0,0,100.0,0,0,100.0,0,0,100.0,0,0,100.0,0,1,100.0,0,0,100.0,0,1,100.0,0,0,100.0,0,0,100.0,0,0,100.0,0,0,100.0,0,0,100.0,0,0,100.0,0,0,100.0,0,0,100.0,0,0,100.0,0,0,100.0,0,0,100.0,0,1,100.0,0,0,100.0,0,0,100.0,0,0,100.0,0,0,100.0,0,0,100.0,0,0,100.0,0,0,100.0,0,1,100.0,0,0,100.0,0,1,100.0,0,0,100.0,0,0,100.0,0,,0.0,0,,0.0,0,,0.0,0,,0.0,0,,0.0,0,,0.0,1,,0.0,0,,0.0,0,,0.0,0,,0.0,0,,0.0,0,,0.0,0,,0.0,1,,0.0,0,,0.0,0,,0.0,0,,0.0,0,,0.0,0,,0.0,0,,0.0,0,,0.0,0,,0.0,0,,0.0,0,1,100.0,0,1,100.0,0,1,100.0,0,0,100.0,0,0,80.0,0,1,100.0,0,1,100.0,2.0,3,100.0,0,2,100.0,7,4,100.0,2.333333333,4,100.0,2,3,100.0,7,2,100.0,999,5,100.0,999,2,100.0,1,1,100.0,2,2,100.0,-1,1,100.0
Ritual32,0,0,100.0,0,0,100.0,0,0,100.0,0,1,100.0,0,0,100.0,0,1,100.0,0,0,100.0,0,0,100.0,0,0,100.0,0,1,100.0,0,0,100.0,1,1,100.0,0,1,100.0,0,1,100.0,0,0,100.0,1,,0.0,2,1,100.0,0,0,100.0,1,1,100.0,1,0,100.0,1,1,100.0,0,0,100.0,0,0,100.0,0,0,100.0,0,0,100.0,_,5,100.0,6,5,100.0,0,0,100.0,0,1,100.0,0,0,100.0,0,0,100.0,0,1,100.0,0,0,100.0,0,1,100.0,0,0,100.0,0,0,100.0,0,0,100.0,0,0,100.0,0,0,100.0,0,1,100.0,0,1,100.0,0,0,100.0,0,0,100.0,0,0,100.0,0,0,100.0,0,0,100.0,0,0,100.0,1,1,100.0,0,0,100.0,0,0,100.0,0,0,100.0,0,0,100.0,0,0,100.0,0,0,100.0,0,0,100.0,0,0,100.0,0,0,100.0,0,0,100.0,0,0,100.0,0,0,100.0,0,0,100.0,0,0,100.0,0,0,100.0,0,0,100.0,0,0,100.0,0,0,100.0,0,0,100.0,0,0,100.0,0,0,100.0,0,0,100.0,0,0,100.0,0,1,100.0,0,0,100.0,0,0,100.0,0,,0.0,0,,0.0,0,,0.0,0,,0.0,0,,0.0,0,,0.0,0,,0.0,0,,0.0,0,,0.0,0,,0.0,0,,0.0,0,,0.0,0,,0.0,1,,0.0,0,,0.0,0,,0.0,0,,0.0,0,,0.0,0,,0.0,0,,0.0,0,,0.0,0,,0.0,0,,0.0,0,1,100.0,1,1,100.0,0,1,100.0,0,0,100.0,0,1,100.0,0,0,100.0,0,1,100.0,2.0,5,100.0,1,3,100.0,7,4,100.0,2.333333333,2,100.0,0,2,50.0,7,2,100.0,999,5,100.0,999,2,100.0,2,2,100.0,2,2,100.0,-1,1,100.0
Ritual33,0,0,100.0,1,0,100.0,0,0,100.0,1,0,100.0,0,1,100.0,0,1,100.0,0,0,100.0,0,0,100.0,0,0,100.0,0,0,100.0,0,0,100.0,0,1,100.0,0,1,100.0,0,1,100.0,0,0,100.0,1,,0.0,3,1,100.0,0,0,100.0,0,1,100.0,0,0,100.0,1,1,100.0,0,0,100.0,0,0,100.0,0,0,100.0,0,0,100.0,6,5,100.0,6,5,100.0,0,0,100.0,0,0,100.0,0,0,100.0,0,0,100.0,0,0,100.0,0,0,100.0,0,0,100.0,0,0,100.0,0,0,100.0,0,0,100.0,0,0,100.0,0,0,100.0,0,0,100.0,0,0,100.0,0,0,100.0,0,0,100.0,0,0,100.0,0,0,100.0,0,0,100.0,0,0,100.0,0,0,100.0,0,1,100.0,0,0,100.0,0,0,100.0,0,0,100.0,0,0,100.0,0,0,100.0,0,0,100.0,0,0,100.0,0,0,100.0,0,0,100.0,0,0,100.0,0,0,100.0,0,0,100.0,0,0,100.0,0,0,100.0,0,0,100.0,0,0,100.0,0,0,100.0,0,0,100.0,0,0,100.0,0,0,100.0,0,0,100.0,0,0,100.0,0,1,100.0,0,0,100.0,0,0,100.0,0,,0.0,0,,0.0,0,,0.0,0,,0.0,0,,0.0,0,,0.0,0,,0.0,0,,0.0,0,,0.0,0,,0.0,0,,0.0,0,,0.0,0,,0.0,0,,0.0,0,,0.0,0,,0.0,0,,0.0,0,,0.0,0,,0.0,0,,0.0,0,,0.0,0,,0.0,0,,0.0,0,1,100.0,0,1,100.0,0,1,100.0,0,0,100.0,0,0,100.0,0,0,100.0,0,0,100.0,2.333333333,0,100.0,2,0,100.0,2,4,100.0,2.666666667,0,100.0,2,0,100.0,2,4,100.0,2,5,100.0,999,1,70.0,1,2,100.0,2,1,100.0,-1,1,100.0
Ritual34,0,1,100.0,0,0,100.0,0,0,100.0,0,1,100.0,0,0,100.0,0,1,100.0,0,0,100.0,0,0,100.0,0,0,100.0,1,1,100.0,0,0,100.0,0,0,100.0,0,1,100.0,0,1,100.0,0,1,100.0,3,,0.0,3,1,100.0,0,0,100.0,0,1,100.0,1,0,100.0,1,1,100.0,1,0,100.0,0,0,100.0,0,0,100.0,0,1,100.0,999,5,100.0,5,5,100.0,0,1,100.0,1,1,100.0,0,0,100.0,0,1,50.0,0,0,100.0,0,1,100.0,0,0,100.0,0,1,100.0,0,0,100.0,0,0,100.0,0,0,100.0,0,1,100.0,0,1,100.0,0,1,100.0,0,1,100.0,0,0,100.0,0,0,100.0,0,0,100.0,0,0,100.0,0,0,100.0,1,1,100.0,0,0,100.0,0,1,100.0,0,0,100.0,0,0,100.0,0,0,100.0,0,0,100.0,0,0,100.0,0,0,100.0,0,0,100.0,0,0,100.0,0,0,100.0,0,0,100.0,0,0,100.0,0,0,100.0,0,0,100.0,0,0,100.0,0,0,100.0,1,1,100.0,0,1,100.0,0,0,100.0,0,0,100.0,0,1,100.0,0,0,100.0,0,0,100.0,0,0,100.0,0,0,100.0,0,,0.0,0,,0.0,0,,0.0,0,,0.0,0,,0.0,0,,0.0,0,,0.0,0,,0.0,0,,0.0,0,,0.0,0,,0.0,0,,0.0,0,,0.0,1,,0.0,0,,0.0,0,,0.0,0,,0.0,0,,0.0,0,,0.0,0,,0.0,0,,0.0,0,,0.0,0,,0.0,0,1,100.0,1,1,100.0,0,1,100.0,0,0,100.0,0,1,100.0,0,0,100.0,0,0,100.0,1.0,5,100.0,1,4,100.0,7,4,100.0,1.0,1,100.0,1,1,70.0,7,2,100.0,1,5,100.0,3,2,100.0,1,1,100.0,2,2,100.0,-1,1,100.0
Ritual35,0,0,100.0,0,0,100.0,0,0,100.0,1,1,100.0,0,0,100.0,0,1,100.0,0,0,100.0,0,0,100.0,0,0,100.0,0,1,100.0,0,0,100.0,0,0,100.0,0,1,100.0,0,1,100.0,0,1,100.0,2,,0.0,3,999,100.0,0,0,100.0,0,1,100.0,0,0,100.0,0,1,100.0,0,0,100.0,1,0,100.0,0,0,100.0,0,1,100.0,5,5,100.0,5,5,100.0,0,0,100.0,1,1,100.0,0,0,100.0,0,0,100.0,0,0,100.0,0,0,100.0,0,0,100.0,0,1,100.0,0,1,100.0,0,0,100.0,0,0,100.0,0,0,100.0,0,1,100.0,0,0,100.0,0,1,100.0,0,0,100.0,0,0,100.0,0,0,100.0,0,0,100.0,0,0,100.0,0,0,100.0,0,1,100.0,0,1,100.0,0,0,100.0,0,0,100.0,0,0,100.0,0,0,100.0,0,0,100.0,0,0,100.0,0,0,100.0,0,0,100.0,0,0,100.0,0,0,100.0,0,0,100.0,0,1,100.0,0,0,100.0,0,0,100.0,0,0,100.0,0,0,100.0,0,0,100.0,0,0,100.0,0,0,100.0,0,0,100.0,0,0,100.0,0,0,100.0,0,0,100.0,0,0,100.0,0,,0.0,0,,0.0,1,,0.0,0,,0.0,1,,0.0,0,,0.0,0,,0.0,0,,0.0,0,,0.0,0,,0.0,0,,0.0,0,,0.0,0,,0.0,1,,0.0,0,,0.0,0,,0.0,0,,0.0,0,,0.0,0,,0.0,0,,0.0,0,,0.0,0,,0.0,0,,0.0,0,0,100.0,0,1,100.0,0,1,100.0,0,0,100.0,0,0,100.0,0,0,100.0,0,0,80.0,2.666666667,0,100.0,3,2,100.0,7,4,100.0,0.0,0,100.0,0,1,100.0,-1,2,100.0,3,5,100.0,3,2,100.0,1,2,100.0,2,1,100.0,-1,1,100.0
Ritual36,0,0,100.0,0,0,100.0,0,0,100.0,1,1,100.0,0,1,100.0,0,0,100.0,0,0,100.0,0,0,100.0,0,0,100.0,0,0,100.0,0,0,100.0,1,1,100.0,0,1,100.0,1,1,100.0,0,0,100.0,3,,0.0,3,3,100.0,0,0,100.0,0,1,100.0,1,0,100.0,0,1,100.0,1,0,100.0,0,0,100.0,0,0,100.0,0,0,100.0,6,5,100.0,6,5,100.0,1,1,100.0,1,1,100.0,0,1,100.0,1,0,100.0,0,0,100.0,0,0,100.0,0,0,100.0,0,1,100.0,1,1,100.0,0,0,100.0,0,1,100.0,0,1,100.0,0,1,100.0,0,1,100.0,0,1,100.0,0,1,100.0,0,0,100.0,0,1,100.0,0,0,100.0,0,0,100.0,1,1,100.0,1,1,100.0,0,1,100.0,0,0,100.0,0,1,100.0,0,0,100.0,0,0,100.0,0,0,100.0,0,0,100.0,0,0,100.0,0,0,100.0,0,0,100.0,0,0,100.0,0,0,100.0,0,0,100.0,0,0,100.0,0,0,100.0,0,0,100.0,0,0,100.0,0,0,100.0,0,0,100.0,0,0,100.0,0,1,100.0,0,0,100.0,0,0,100.0,0,0,100.0,0,0,100.0,0,,0.0,0,,0.0,0,,0.0,0,,0.0,0,,0.0,0,,0.0,0,,0.0,0,,0.0,1,,0.0,0,,0.0,0,,0.0,0,,0.0,0,,0.0,1,,0.0,0,,0.0,0,,0.0,0,,0.0,0,,0.0,0,,0.0,0,,0.0,0,,0.0,0,,0.0,0,,0.0,0,1,100.0,1,1,100.0,1,1,100.0,0,0,100.0,0,1,100.0,0,0,100.0,0,0,100.0,3.0,3,100.0,4,2,100.0,7,4,100.0,2.333333333,1,100.0,0,2,100.0,-1,2,100.0,4,3,100.0,3,2,100.0,1,2,100.0,2,1,100.0,-1,2,100.0
Ritual37,0,0,100.0,0,0,100.0,0,0,100.0,1,1,100.0,0,1,100.0,0,0,100.0,0,0,100.0,0,0,100.0,0,0,100.0,0,0,100.0,0,0,100.0,1,1,100.0,0,1,100.0,1,1,100.0,0,0,100.0,3,,0.0,3,1,100.0,0,0,100.0,0,1,100.0,0,0,100.0,0,0,100.0,1,0,100.0,0,0,100.0,0,0,100.0,0,0,100.0,7,5,100.0,6,5,100.0,1,1,100.0,0,1,100.0,1,1,100.0,1,0,100.0,0,0,100.0,1,0,100.0,0,0,100.0,0,1,100.0,1,0,100.0,0,0,100.0,0,1,100.0,0,1,100.0,1,1,100.0,0,1,100.0,1,1,100.0,0,0,100.0,0,0,100.0,0,1,100.0,0,0,100.0,0,0,100.0,1,0,100.0,0,1,100.0,0,1,100.0,0,0,100.0,0,1,100.0,0,0,100.0,0,0,100.0,0,0,100.0,0,0,100.0,0,0,100.0,0,0,100.0,0,0,100.0,0,0,100.0,0,0,100.0,0,1,100.0,0,0,100.0,0,0,100.0,0,0,100.0,0,0,100.0,0,1,100.0,0,0,100.0,0,0,100.0,0,1,100.0,0,1,100.0,0,1,100.0,0,1,100.0,0,0,100.0,0,1,100.0,0,1,100.0,0,0,100.0,1,1,100.0,0,1,100.0,0,0,100.0,0,1,100.0,0,1,100.0,0,1,100.0,0,0,100.0,0,0,100.0,0,0,100.0,0,0,100.0,1,1,100.0,0,1,100.0,0,0,100.0,0,0,100.0,0,1,100.0,0,1,100.0,0,1,100.0,0,1,100.0,0,1,100.0,0,1,100.0,0,1,100.0,1,1,100.0,0,1,100.0,0,0,100.0,0,0,100.0,0,0,100.0,0,1,100.0,3.666666667,0,100.0,4,0,100.0,7,4,100.0,1.333333333,0,100.0,0,0,100.0,-1,2,100.0,4,5,100.0,999,2,100.0,1,2,100.0,2,1,100.0,-1,1,100.0
Ritual38,0,0,100.0,0,0,100.0,0,0,100.0,1,1,100.0,0,1,100.0,0,0,100.0,0,0,100.0,0,0,100.0,0,0,100.0,0,0,100.0,0,0,100.0,0,0,100.0,0,0,100.0,0,1,100.0,0,0,100.0,2,,0.0,3,1,100.0,0,0,100.0,0,1,100.0,0,0,100.0,0,1,100.0,1,0,100.0,0,0,100.0,0,0,100.0,0,0,100.0,999,5,100.0,4,5,100.0,1,1,100.0,1,1,100.0,1,1,100.0,0,0,100.0,0,0,100.0,1,0,100.0,0,0,100.0,0,1,100.0,0,0,100.0,0,0,100.0,0,0,100.0,0,0,70.0,0,1,100.0,0,1,100.0,0,1,70.0,0,1,100.0,0,0,100.0,0,0,100.0,0,0,100.0,0,0,100.0,1,1,100.0,0,0,100.0,0,1,100.0,0,0,100.0,0,0,100.0,0,0,100.0,0,0,100.0,0,0,100.0,0,0,100.0,0,0,100.0,0,0,100.0,0,0,100.0,0,0,100.0,0,0,100.0,0,1,100.0,0,0,100.0,0,0,100.0,0,0,100.0,0,1,100.0,0,1,100.0,0,0,100.0,0,0,100.0,0,1,100.0,0,0,100.0,0,1,100.0,0,0,100.0,0,0,100.0,0,,0.0,0,,0.0,1,,0.0,0,,0.0,0,,0.0,0,,0.0,1,,0.0,0,,0.0,0,,0.0,0,,0.0,0,,0.0,0,,0.0,0,,0.0,0,,0.0,0,,0.0,0,,0.0,0,,0.0,0,,0.0,0,,0.0,0,,0.0,0,,0.0,0,,0.0,0,,0.0,0,1,100.0,1,1,100.0,1,1,100.0,0,0,100.0,0,0,100.0,0,0,100.0,0,0,100.0,3.333333333,5,100.0,3,3,100.0,3,4,100.0,2.333333333,2,100.0,1,3,100.0,1,2,100.0,4,5,100.0,999,1,100.0,1,2,100.0,2,1,100.0,-1,2,60.0
Ritual39,0,1,100.0,0,0,100.0,0,0,100.0,1,1,100.0,0,1,100.0,0,1,100.0,0,0,100.0,0,0,100.0,0,0,100.0,0,1,100.0,0,0,100.0,0,0,100.0,0,1,100.0,0,1,100.0,0,0,100.0,3,,0.0,3,1,100.0,0,0,100.0,0,0,100.0,0,1,50.0,1,1,100.0,1,0,100.0,0,0,100.0,0,0,100.0,0,0,100.0,6,5,100.0,6,5,100.0,1,1,100.0,0,1,100.0,0,0,100.0,1,1,100.0,0,1,100.0,0,0,100.0,0,0,100.0,0,1,100.0,0,0,100.0,0,0,100.0,0,0,100.0,0,1,100.0,1,1,100.0,0,1,80.0,0,0,80.0,0,1,100.0,0,1,100.0,0,1,100.0,1,1,100.0,0,0,100.0,1,1,100.0,0,1,100.0,0,1,100.0,0,0,100.0,0,1,100.0,0,0,100.0,0,0,100.0,1,0,100.0,0,0,100.0,0,0,100.0,0,0,100.0,0,0,100.0,0,0,100.0,0,0,100.0,0,1,100.0,0,0,100.0,0,0,100.0,0,0,100.0,0,0,100.0,1,1,100.0,1,0,100.0,0,0,100.0,0,1,100.0,0,0,100.0,0,0,100.0,0,0,100.0,0,0,100.0,0,,0.0,1,,0.0,0,,0.0,0,,0.0,0,,0.0,0,,0.0,0,,0.0,1,,0.0,1,,0.0,0,,0.0,0,,0.0,0,,0.0,0,,0.0,0,,0.0,0,,0.0,0,,0.0,0,,0.0,0,,0.0,0,,0.0,0,,0.0,0,,0.0,0,,0.0,0,,0.0,0,1,100.0,1,1,100.0,0,1,100.0,0,1,100.0,0,1,100.0,0,0,100.0,0,1,100.0,4.0,5,100.0,4,4,100.0,7,4,100.0,2.333333333,2,100.0,4,2,100.0,7,2,100.0,3,5,100.0,999,3,100.0,1,1,100.0,2,2,100.0,-1,1,100.0
Ritual40,0,0,100.0,0,0,100.0,0,0,100.0,1,1,100.0,0,0,100.0,0,1,100.0,0,0,100.0,0,1,100.0,0,0,100.0,0,1,100.0,0,0,100.0,0,0,100.0,0,1,100.0,0,1,100.0,0,0,100.0,4,,0.0,3,1,100.0,0,0,100.0,0,1,100.0,0,0,100.0,0,1,100.0,1,0,100.0,0,0,100.0,0,0,100.0,0,0,100.0,999,5,100.0,5,5,100.0,1,1,100.0,1,1,100.0,1,0,100.0,0,1,100.0,1,1,100.0,0,1,100.0,0,0,100.0,0,1,100.0,1,0,100.0,0,1,100.0,0,0,100.0,0,1,100.0,0,1,100.0,0,1,100.0,0,1,100.0,0,1,100.0,0,0,100.0,0,0,100.0,0,0,100.0,0,0,100.0,0,1,100.0,0,0,100.0,0,1,100.0,0,0,100.0,0,1,100.0,0,0,100.0,0,0,100.0,0,0,100.0,0,0,100.0,0,1,100.0,0,1,100.0,0,0,100.0,0,0,100.0,0,0,100.0,0,1,100.0,0,0,100.0,0,0,100.0,0,0,100.0,0,1,100.0,1,1,100.0,0,0,100.0,0,0,100.0,0,1,100.0,0,0,100.0,0,1,100.0,0,0,100.0,0,0,100.0,0,1,100.0,0,1,100.0,1,1,100.0,0,0,100.0,1,1,100.0,0,0,100.0,1,1,100.0,1,1,100.0,1,1,100.0,0,0,100.0,0,0,100.0,0,0,100.0,0,0,100.0,1,1,100.0,0,1,60.0,0,0,100.0,0,0,60.0,0,1,60.0,0,1,100.0,0,0,100.0,0,1,100.0,0,0,100.0,0,1,100.0,0,1,100.0,1,1,100.0,0,1,100.0,0,1,100.0,0,1,100.0,0,0,100.0,0,0,100.0,2.0,5,100.0,3,4,100.0,7,4,100.0,2.333333333,3,100.0,0,2,100.0,1,2,100.0,3,5,100.0,999,2,100.0,1,2,100.0,2,1,100.0,-1,1,100.0
Ritual41,0,0,100.0,0,0,100.0,0,0,100.0,1,1,100.0,0,0,100.0,0,1,100.0,0,0,100.0,0,0,100.0,0,0,100.0,0,1,100.0,0,0,100.0,0,0,100.0,1,1,100.0,0,1,100.0,0,0,100.0,4,,0.0,3,1,100.0,0,0,100.0,0,1,100.0,0,0,100.0,0,1,100.0,1,0,100.0,0,0,100.0,0,0,100.0,0,1,100.0,999,5,100.0,5,5,100.0,1,1,100.0,1,1,100.0,1,1,100.0,1,1,100.0,0,1,100.0,1,1,100.0,0,0,100.0,0,1,100.0,0,1,100.0,0,0,100.0,0,1,100.0,0,0,100.0,0,1,100.0,0,1,100.0,0,1,100.0,0,0,100.0,0,0,100.0,0,1,100.0,0,0,100.0,0,0,100.0,0,1,100.0,0,0,100.0,0,1,100.0,0,0,100.0,0,1,100.0,0,0,100.0,0,0,100.0,0,0,100.0,0,1,100.0,0,0,100.0,0,0,100.0,0,0,100.0,0,0,100.0,0,0,100.0,0,1,100.0,0,0,100.0,0,0,100.0,0,0,100.0,0,0,100.0,0,1,100.0,1,0,100.0,0,0,100.0,0,1,100.0,0,0,100.0,0,1,100.0,0,0,100.0,0,1,100.0,0,,0.0,0,,0.0,1,,0.0,1,,0.0,0,,0.0,1,,0.0,1,,0.0,0,,0.0,0,,0.0,0,,0.0,0,,0.0,0,,0.0,0,,0.0,1,,0.0,0,,0.0,0,,0.0,0,,0.0,0,,0.0,0,,0.0,0,,0.0,0,,0.0,0,,0.0,0,,0.0,0,1,100.0,0,1,100.0,1,1,100.0,0,0,100.0,0,1,100.0,0,0,100.0,0,0,100.0,2.666666667,5,100.0,4,4,100.0,7,4,100.0,2.0,3,100.0,0,2,100.0,3,2,100.0,3,5,100.0,999,2,80.0,2,2,100.0,2,1,100.0,-1,3,100.0
Ritual42,0,0,100.0,0,0,100.0,0,0,100.0,0,1,100.0,0,0,100.0,0,1,100.0,0,0,100.0,0,0,100.0,0,0,100.0,0,0,100.0,0,0,100.0,0,1,100.0,0,1,100.0,0,1,100.0,0,0,100.0,2,,0.0,3,1,100.0,0,0,100.0,0,0,100.0,0,0,100.0,0,1,100.0,0,0,100.0,0,0,100.0,0,0,100.0,0,1,100.0,999,5,100.0,4,5,100.0,1,1,100.0,0,1,100.0,0,0,100.0,0,1,100.0,1,0,100.0,1,1,100.0,0,0,100.0,0,1,100.0,0,0,100.0,0,0,100.0,0,0,100.0,0,0,100.0,0,0,100.0,0,0,100.0,0,0,100.0,0,0,100.0,0,0,100.0,0,0,100.0,0,0,100.0,0,0,100.0,0,0,100.0,0,0,100.0,0,1,100.0,0,0,100.0,0,0,100.0,0,0,100.0,0,0,100.0,0,0,100.0,0,0,100.0,0,0,100.0,0,0,100.0,0,0,100.0,0,0,100.0,0,0,100.0,0,0,100.0,0,0,100.0,0,0,100.0,0,0,100.0,0,0,100.0,1,1,100.0,0,0,100.0,0,0,100.0,0,1,100.0,0,0,100.0,0,0,100.0,0,0,100.0,0,1,100.0,0,,0.0,0,,0.0,0,,0.0,0,,0.0,0,,0.0,0,,0.0,0,,0.0,0,,0.0,0,,0.0,0,,0.0,0,,0.0,0,,0.0,0,,0.0,0,,0.0,0,,0.0,0,,0.0,0,,0.0,0,,0.0,0,,0.0,0,,0.0,0,,0.0,0,,0.0,0,,0.0,0,1,100.0,0,1,100.0,0,1,100.0,0,0,100.0,0,0,100.0,0,0,100.0,0,0,100.0,3.333333333,0,100.0,2,0,100.0,7,7,70.0,0.0,0,100.0,0,0,100.0,-1,7,70.0,999,5,100.0,999,3,100.0,1,2,100.0,2,2,100.0,-1,1,100.0
Ritual43,0,1,100.0,0,0,100.0,0,0,100.0,1,1,100.0,0,1,100.0,0,0,80.0,0,0,100.0,0,0,100.0,0,0,100.0,0,0,100.0,0,1,100.0,0,1,100.0,0,1,100.0,0,1,100.0,0,1,100.0,3,,0.0,3,3,100.0,0,0,100.0,0,1,100.0,0,0,100.0,1,1,100.0,0,0,100.0,0,0,100.0,0,0,100.0,0,0,100.0,999,5,100.0,4,5,100.0,1,1,100.0,1,1,100.0,1,1,100.0,0,0,100.0,0,0,100.0,0,1,100.0,0,0,100.0,0,1,100.0,0,1,100.0,0,0,100.0,1,0,100.0,0,1,100.0,0,1,100.0,0,1,100.0,1,1,100.0,0,0,100.0,0,0,100.0,0,1,100.0,0,0,100.0,0,0,100.0,1,1,100.0,0,0,100.0,0,1,100.0,0,0,100.0,0,1,100.0,0,0,100.0,0,0,100.0,0,0,100.0,0,0,100.0,0,0,100.0,0,0,100.0,0,0,100.0,0,0,100.0,0,0,100.0,0,1,100.0,0,0,100.0,0,0,100.0,0,0,100.0,0,0,100.0,1,1,100.0,1,0,100.0,0,0,60.0,0,1,100.0,0,0,100.0,0,0,100.0,0,1,100.0,0,0,100.0,0,,0.0,0,,0.0,0,,0.0,1,,0.0,0,,0.0,1,,0.0,0,,0.0,0,,0.0,1,,0.0,0,,0.0,0,,0.0,0,,0.0,0,,0.0,1,,0.0,0,,0.0,0,,0.0,1,,0.0,1,,0.0,0,,0.0,0,,0.0,0,,0.0,0,,0.0,0,,0.0,0,1,100.0,1,1,100.0,0,1,100.0,0,1,100.0,0,1,100.0,0,0,100.0,0,0,100.0,4.0,5,100.0,3,4,100.0,3,4,100.0,1.0,2,100.0,0,2,100.0,7,2,100.0,999,5,100.0,999,3,100.0,1,2,100.0,2,2,100.0,-1,2,100.0
Ritual44,0,1,100.0,0,0,100.0,0,0,100.0,1,1,100.0,0,1,100.0,0,0,100.0,0,0,100.0,0,0,100.0,0,0,100.0,0,0,100.0,0,0,100.0,0,1,100.0,0,1,100.0,0,1,100.0,0,1,100.0,3,,0.0,3,1,100.0,0,0,100.0,0,1,100.0,0,0,100.0,1,1,100.0,0,0,100.0,0,0,100.0,0,0,100.0,0,0,100.0,999,5,100.0,6,5,100.0,1,1,100.0,1,1,100.0,1,1,100.0,0,1,100.0,0,0,100.0,0,1,100.0,0,0,100.0,0,1,100.0,1,1,100.0,0,0,100.0,1,1,100.0,0,1,100.0,0,1,100.0,0,1,100.0,1,1,100.0,0,1,100.0,0,0,100.0,0,1,100.0,0,1,100.0,0,0,100.0,1,1,100.0,0,0,100.0,0,1,100.0,0,0,100.0,0,1,100.0,0,0,100.0,0,0,100.0,0,0,100.0,0,0,100.0,0,0,100.0,0,0,100.0,0,0,100.0,0,0,100.0,0,0,100.0,0,1,100.0,0,0,100.0,0,0,100.0,0,0,100.0,0,0,100.0,1,1,100.0,1,0,100.0,0,0,100.0,0,1,100.0,0,0,100.0,0,1,100.0,0,0,100.0,0,0,100.0,0,1,100.0,0,1,100.0,0,1,100.0,1,0,100.0,0,0,100.0,1,0,100.0,0,1,100.0,0,1,100.0,1,1,100.0,0,0,100.0,0,1,100.0,0,0,100.0,0,0,100.0,1,1,100.0,0,1,100.0,0,0,100.0,1,1,100.0,1,1,100.0,0,1,100.0,0,0,100.0,0,1,100.0,0,1,100.0,0,1,100.0,0,1,100.0,1,1,100.0,0,1,100.0,0,1,100.0,0,1,100.0,0,0,100.0,0,1,100.0,1.666666667,5,100.0,3,4,100.0,7,4,100.0,2.666666667,3,100.0,0,3,100.0,7,2,100.0,999,5,100.0,999,3,80.0,1,2,100.0,2,1,100.0,-1,1,100.0
Ritual45,0,0,100.0,0,0,100.0,0,0,100.0,1,1,100.0,0,1,100.0,0,1,100.0,0,0,100.0,0,0,100.0,0,0,100.0,0,0,100.0,0,0,100.0,0,0,100.0,0,1,100.0,0,1,100.0,0,1,100.0,3,,0.0,3,1,100.0,0,0,100.0,0,1,100.0,0,0,100.0,1,1,100.0,0,0,100.0,0,0,100.0,0,0,100.0,0,0,100.0,999,5,100.0,5,5,100.0,1,1,100.0,1,1,100.0,1,0,100.0,0,1,100.0,0,0,100.0,0,0,100.0,0,0,100.0,0,1,100.0,0,0,100.0,0,0,100.0,1,0,100.0,0,0,100.0,0,1,100.0,0,1,100.0,1,1,80.0,0,1,100.0,0,0,100.0,0,0,100.0,0,0,100.0,0,0,100.0,1,1,100.0,0,1,100.0,0,1,100.0,0,0,100.0,0,1,100.0,0,0,100.0,0,0,100.0,0,0,100.0,0,0,100.0,0,0,100.0,0,0,100.0,0,0,100.0,0,0,100.0,0,0,100.0,0,1,100.0,0,0,100.0,0,0,100.0,0,0,100.0,0,0,100.0,1,1,100.0,0,0,100.0,0,0,100.0,0,1,100.0,0,0,100.0,0,1,100.0,0,0,100.0,0,1,100.0,0,,0.0,0,,0.0,0,,0.0,1,,0.0,0,,0.0,1,,0.0,0,,0.0,1,,0.0,1,,0.0,0,,0.0,0,,0.0,0,,0.0,0,,0.0,1,,0.0,0,,0.0,0,,0.0,1,,0.0,1,,0.0,0,,0.0,0,,0.0,0,,0.0,0,,0.0,0,,0.0,0,1,100.0,1,1,100.0,0,1,100.0,0,1,100.0,0,1,100.0,0,0,100.0,0,1,100.0,3.333333333,5,100.0,3,4,100.0,7,4,100.0,1.333333333,2,100.0,1,2,100.0,7,2,100.0,999,5,100.0,999,3,100.0,1,2,100.0,2,3,100.0,-1,1,100.0
Ritual46,0,1,100.0,0,0,100.0,0,0,100.0,0,1,100.0,0,1,100.0,0,0,100.0,0,0,100.0,0,0,100.0,0,0,100.0,0,0,100.0,1,1,100.0,0,0,100.0,0,0,100.0,0,1,100.0,0,0,100.0,3,,0.0,3,1,100.0,0,0,100.0,1,1,100.0,1,0,100.0,1,1,100.0,0,0,100.0,0,0,100.0,0,0,100.0,0,0,100.0,7,5,100.0,6,5,100.0,0,0,100.0,0,0,100.0,0,0,100.0,0,1,100.0,0,0,100.0,0,0,100.0,0,0,100.0,0,0,100.0,0,0,100.0,0,0,100.0,1,1,100.0,0,1,100.0,0,1,100.0,0,1,100.0,1,1,100.0,0,0,100.0,0,0,100.0,0,0,100.0,0,0,100.0,0,0,100.0,1,1,100.0,0,0,100.0,0,1,100.0,0,0,100.0,0,0,100.0,0,0,100.0,0,0,100.0,0,0,100.0,0,0,100.0,0,0,100.0,0,1,100.0,0,0,100.0,0,0,100.0,0,0,100.0,0,1,100.0,0,0,100.0,0,0,100.0,0,0,100.0,0,0,100.0,0,1,100.0,0,0,100.0,0,0,100.0,0,1,100.0,0,0,100.0,0,1,100.0,0,0,100.0,0,0,100.0,0,,0.0,0,,0.0,0,,0.0,1,,0.0,0,,0.0,0,,0.0,0,,0.0,0,,0.0,1,,0.0,0,,0.0,0,,0.0,0,,0.0,0,,0.0,1,,0.0,0,,0.0,0,,0.0,0,,0.0,0,,0.0,0,,0.0,0,,0.0,0,,0.0,0,,0.0,0,,0.0,0,1,100.0,0,1,100.0,0,0,100.0,0,1,100.0,0,1,100.0,0,0,100.0,0,0,100.0,2.333333333,3,100.0,3,2,100.0,7,4,100.0,2.333333333,1,100.0,1,1,100.0,3,2,100.0,999,5,100.0,999,2,100.0,1,2,100.0,2,1,100.0,-1,2,100.0
Ritual47,0,,0.0,0,,0.0,0,,0.0,0,,0.0,0,,0.0,0,,0.0,0,,0.0,0,,0.0,0,,0.0,0,,0.0,0,,0.0,0,,0.0,0,,0.0,0,,0.0,0,,0.0,1,,0.0,3,,0.0,0,,0.0,0,,0.0,0,,0.0,1,,0.0,0,,0.0,0,,0.0,0,,0.0,0,,0.0,999,,0.0,4,,0.0,1,,0.0,0,,0.0,0,,0.0,0,,0.0,0,,0.0,0,,0.0,0,,0.0,0,,0.0,0,,0.0,0,,0.0,0,,0.0,0,,0.0,0,,0.0,0,,0.0,0,,0.0,0,,0.0,0,,0.0,0,,0.0,0,,0.0,0,,0.0,1,,0.0,0,,0.0,0,,0.0,0,,0.0,0,,0.0,0,,0.0,0,,0.0,0,,0.0,0,,0.0,0,,0.0,0,,0.0,0,,0.0,0,,0.0,0,,0.0,0,,0.0,0,,0.0,0,,0.0,0,,0.0,0,,0.0,0,,0.0,1,,0.0,0,,0.0,0,,0.0,0,,0.0,0,,0.0,0,,0.0,0,,0.0,0,,0.0,0,,0.0,0,,0.0,0,,0.0,0,,0.0,0,,0.0,0,,0.0,0,,0.0,0,,0.0,0,,0.0,0,,0.0,0,,0.0,0,,0.0,0,,0.0,0,,0.0,0,,0.0,0,,0.0,0,,0.0,0,,0.0,0,,0.0,0,,0.0,0,,0.0,0,,0.0,0,,0.0,0,,0.0,0,,0.0,0,,0.0,0,,0.0,0,,0.0,0,,0.0,2.666666667,,0.0,2,,0.0,7,,0.0,1.0,,0.0,1,,0.0,7,,0.0,999,,0.0,999,,0.0,1,,0.0,2,,0.0,-1,,0.0
Ritual48,0,0,100.0,0,0,100.0,0,0,100.0,0,1,100.0,0,0,100.0,0,1,100.0,0,0,100.0,0,0,100.0,0,0,100.0,0,1,100.0,0,0,100.0,0,0,100.0,0,0,60.0,0,1,100.0,0,0,100.0,2,,0.0,2,1,100.0,0,0,100.0,0,1,100.0,0,0,100.0,1,1,100.0,0,0,100.0,0,0,100.0,0,0,100.0,0,0,100.0,999,5,100.0,4,5,100.0,1,1,100.0,1,1,100.0,0,0,100.0,0,1,100.0,0,0,100.0,0,0,100.0,0,1,100.0,0,1,100.0,0,1,100.0,0,0,100.0,0,0,100.0,0,0,100.0,0,0,100.0,0,0,100.0,0,0,100.0,0,0,100.0,0,0,100.0,0,0,100.0,0,0,100.0,0,0,100.0,0,1,100.0,0,0,100.0,0,1,100.0,0,0,100.0,0,0,100.0,0,0,100.0,0,0,100.0,0,0,100.0,0,0,100.0,0,0,100.0,0,0,100.0,0,0,100.0,0,0,100.0,0,0,100.0,0,0,100.0,0,0,100.0,0,0,100.0,0,0,100.0,0,0,100.0,0,1,100.0,0,0,100.0,0,0,100.0,0,1,100.0,0,0,100.0,0,0,100.0,0,0,100.0,0,0,100.0,0,,0.0,0,,0.0,0,,0.0,0,,0.0,0,,0.0,0,,0.0,0,,0.0,0,,0.0,0,,0.0,0,,0.0,0,,0.0,0,,0.0,0,,0.0,0,,0.0,0,,0.0,0,,0.0,0,,0.0,0,,0.0,0,,0.0,0,,0.0,0,,0.0,0,,0.0,0,,0.0,0,0,100.0,0,1,100.0,0,0,100.0,0,0,100.0,0,1,100.0,0,0,100.0,0,0,100.0,2.0,1,100.0,1,1,100.0,7,4,100.0,0.0,0,100.0,1,0,100.0,-1,5,60.0,999,2,100.0,999,3,100.0,1,2,100.0,2,1,100.0,-1,1,100.0
Ritual49,0,0,100.0,0,0,100.0,0,0,100.0,0,1,100.0,0,0,100.0,0,1,100.0,0,0,100.0,0,0,100.0,0,0,100.0,0,0,100.0,0,0,100.0,1,1,100.0,0,1,100.0,0,1,100.0,0,0,100.0,3,,0.0,3,1,100.0,0,0,100.0,0,1,100.0,0,0,100.0,1,1,100.0,0,0,100.0,0,0,100.0,0,0,100.0,0,0,100.0,7,5,100.0,6,5,100.0,0,0,100.0,0,0,100.0,0,0,100.0,0,0,100.0,0,0,100.0,0,0,100.0,0,0,100.0,0,0,100.0,0,0,100.0,0,0,100.0,0,1,100.0,0,0,100.0,0,1,100.0,0,0,100.0,0,0,100.0,0,0,100.0,0,0,100.0,0,0,100.0,0,0,100.0,0,0,100.0,1,1,100.0,0,0,100.0,0,1,100.0,0,0,100.0,0,0,100.0,0,0,100.0,0,0,100.0,0,0,100.0,0,0,100.0,0,0,100.0,0,0,100.0,0,0,100.0,0,0,100.0,0,0,100.0,0,0,100.0,0,0,100.0,0,0,100.0,0,0,100.0,0,0,100.0,0,0,100.0,0,0,100.0,0,0,100.0,0,1,100.0,0,0,100.0,0,0,100.0,0,0,100.0,0,0,100.0,0,,0.0,0,,0.0,0,,0.0,0,,0.0,0,,0.0,0,,0.0,0,,0.0,0,,0.0,0,,0.0,0,,0.0,0,,0.0,0,,0.0,0,,0.0,1,,0.0,0,,0.0,0,,0.0,0,,0.0,0,,0.0,0,,0.0,0,,0.0,0,,0.0,0,,0.0,0,,0.0,0,0,100.0,0,1,100.0,0,0,100.0,0,0,100.0,0,1,100.0,0,0,100.0,0,0,100.0,0.0,0,100.0,0,0,100.0,-1,3,100.0,3.0,0,100.0,3,0,100.0,7,3,100.0,2,2,100.0,999,1,100.0,1,2,100.0,2,1,100.0,-1,2,100.0
Ritual50,0,0,100.0,0,0,100.0,0,0,100.0,0,1,100.0,0,0,100.0,0,0,100.0,0,0,100.0,0,0,100.0,0,0,100.0,0,1,100.0,0,0,100.0,1,1,100.0,0,1,100.0,0,1,100.0,0,0,100.0,2,,0.0,3,1,100.0,0,0,100.0,0,1,100.0,1,0,100.0,1,0,100.0,0,0,100.0,0,0,100.0,0,0,100.0,0,0,100.0,7,5,100.0,6,5,100.0,0,0,100.0,0,0,100.0,0,1,100.0,0,0,100.0,0,0,100.0,0,0,100.0,0,0,100.0,0,1,100.0,1,1,100.0,0,0,100.0,0,0,100.0,0,0,100.0,0,1,100.0,0,0,100.0,0,0,100.0,0,0,100.0,0,0,100.0,0,0,100.0,0,0,100.0,0,0,100.0,0,0,100.0,0,0,100.0,0,1,100.0,0,0,100.0,0,0,100.0,0,0,100.0,0,0,100.0,0,0,100.0,0,0,100.0,0,0,100.0,0,0,100.0,0,0,100.0,0,0,100.0,0,0,100.0,0,0,100.0,0,0,100.0,0,0,100.0,0,0,100.0,0,0,100.0,0,1,100.0,0,0,100.0,0,0,100.0,0,1,100.0,0,0,100.0,0,0,100.0,0,0,100.0,0,0,100.0,0,,0.0,0,,0.0,0,,0.0,0,,0.0,0,,0.0,0,,0.0,0,,0.0,0,,0.0,0,,0.0,0,,0.0,0,,0.0,0,,0.0,0,,0.0,1,,0.0,0,,0.0,0,,0.0,0,,0.0,0,,0.0,0,,0.0,0,,0.0,0,,0.0,0,,0.0,0,,0.0,0,0,100.0,0,1,100.0,0,1,100.0,0,0,100.0,0,0,100.0,0,0,100.0,0,0,100.0,0.0,5,100.0,0,4,100.0,-1,4,100.0,2.0,1,100.0,2,1,100.0,7,2,100.0,1,5,100.0,999,2,80.0,1,2,80.0,2,1,80.0,-1,1,100.0
Ritual51,0,0,100.0,0,0,100.0,0,0,100.0,0,1,100.0,0,0,100.0,0,1,100.0,0,0,100.0,0,0,100.0,0,0,100.0,0,1,100.0,0,0,100.0,1,1,100.0,0,1,100.0,0,1,100.0,0,0,100.0,2,,0.0,3,1,100.0,0,0,100.0,0,1,100.0,0,0,100.0,0,0,100.0,1,1,100.0,0,0,100.0,0,0,100.0,0,0,100.0,7,5,100.0,6,5,100.0,0,0,100.0,1,1,100.0,0,1,100.0,0,1,100.0,0,0,100.0,0,0,100.0,0,1,100.0,0,1,100.0,1,1,100.0,0,0,100.0,0,1,100.0,0,0,100.0,0,1,100.0,0,0,100.0,0,1,100.0,0,0,100.0,0,0,100.0,0,0,100.0,0,0,100.0,0,0,100.0,0,1,100.0,0,0,100.0,0,0,100.0,0,0,100.0,0,0,100.0,0,0,100.0,0,0,100.0,0,0,100.0,0,0,100.0,0,0,100.0,0,0,100.0,0,0,100.0,0,0,100.0,0,0,100.0,0,0,100.0,0,0,100.0,0,0,100.0,0,0,100.0,0,0,100.0,0,0,100.0,0,0,100.0,0,0,100.0,0,1,100.0,0,0,100.0,0,0,70.0,0,1,80.0,0,0,100.0,0,,0.0,1,,0.0,0,,0.0,0,,0.0,1,,0.0,0,,0.0,0,,0.0,0,,0.0,0,,0.0,0,,0.0,0,,0.0,0,,0.0,0,,0.0,1,,0.0,0,,0.0,0,,0.0,0,,0.0,0,,0.0,0,,0.0,0,,0.0,0,,0.0,0,,0.0,0,,0.0,0,1,100.0,0,1,100.0,0,1,100.0,0,0,100.0,0,0,100.0,0,1,100.0,0,1,100.0,0.0,0,100.0,0,2,100.0,-1,4,100.0,3.0,3,100.0,2,2,100.0,7,2,100.0,1,5,100.0,999,2,100.0,1,1,100.0,2,2,100.0,-1,1,100.0
Ritual52,0,0,100.0,0,0,100.0,0,0,100.0,0,1,100.0,0,0,100.0,0,1,100.0,0,1,60.0,0,0,100.0,0,0,60.0,1,1,100.0,0,0,100.0,0,0,100.0,0,1,100.0,0,1,100.0,0,0,100.0,2,,0.0,3,1,100.0,0,0,100.0,0,0,100.0,0,1,100.0,0,1,100.0,1,0,100.0,0,0,100.0,0,0,100.0,0,1,100.0,999,5,100.0,5,5,100.0,0,0,100.0,0,0,100.0,0,0,100.0,0,0,100.0,0,0,100.0,0,0,100.0,0,0,100.0,0,0,100.0,0,0,100.0,0,0,100.0,0,0,100.0,0,0,100.0,0,0,100.0,0,0,100.0,0,0,100.0,0,0,100.0,0,0,100.0,0,0,100.0,0,0,100.0,0,0,100.0,0,0,100.0,0,0,100.0,0,1,100.0,0,0,100.0,0,0,100.0,0,0,100.0,0,0,100.0,0,0,100.0,0,0,100.0,0,0,100.0,0,0,100.0,0,0,100.0,0,0,100.0,0,0,100.0,0,0,100.0,0,0,100.0,0,0,100.0,0,0,100.0,0,0,100.0,0,0,100.0,0,0,100.0,0,0,100.0,0,0,100.0,0,0,100.0,0,1,100.0,0,0,100.0,0,0,100.0,0,,0.0,1,,0.0,0,,0.0,0,,0.0,1,,0.0,0,,0.0,0,,0.0,0,,0.0,0,,0.0,0,,0.0,0,,0.0,0,,0.0,0,,0.0,1,,0.0,0,,0.0,0,,0.0,0,,0.0,0,,0.0,0,,0.0,0,,0.0,0,,0.0,0,,0.0,0,,0.0,0,1,100.0,0,1,100.0,0,1,100.0,0,0,100.0,0,0,100.0,0,0,100.0,0,1,100.0,1.0,0,100.0,0,0,100.0,7,7,100.0,0.0,0,100.0,0,0,100.0,-1,7,100.0,1,1,100.0,999,2,100.0,1,2,70.0,2,2,100.0,-1,1,100.0
Ritual53,0,0,100.0,0,0,100.0,0,0,100.0,1,1,100.0,0,0,100.0,0,1,100.0,0,0,100.0,0,0,100.0,0,0,100.0,0,1,100.0,0,0,100.0,0,0,100.0,1,1,80.0,0,1,100.0,0,0,100.0,2,,0.0,999,1,100.0,0,0,100.0,0,0,100.0,0,1,100.0,0,0,100.0,1,1,100.0,0,0,100.0,0,0,100.0,0,0,100.0,4,5,100.0,4,5,100.0,0,1,100.0,1,1,100.0,0,0,100.0,0,0,100.0,1,1,100.0,0,1,100.0,0,0,100.0,1,1,100.0,0,1,100.0,0,0,100.0,0,1,100.0,0,1,100.0,1,1,100.0,0,1,100.0,0,0,100.0,0,0,100.0,0,0,100.0,0,1,100.0,0,0,100.0,0,0,100.0,0,0,100.0,0,1,100.0,0,1,100.0,0,0,100.0,0,0,100.0,0,0,100.0,0,0,100.0,1,0,100.0,0,1,100.0,0,0,100.0,0,0,100.0,0,0,100.0,1,0,100.0,0,0,100.0,0,1,100.0,0,0,100.0,0,0,100.0,0,0,100.0,0,0,100.0,0,1,100.0,0,0,100.0,0,0,100.0,0,1,100.0,0,0,100.0,0,1,100.0,0,0,100.0,0,1,100.0,1,,0.0,0,,0.0,0,,0.0,0,,0.0,0,,0.0,0,,0.0,1,,0.0,0,,0.0,1,,0.0,0,,0.0,0,,0.0,0,,0.0,0,,0.0,0,,0.0,0,,0.0,0,,0.0,1,,0.0,0,,0.0,0,,0.0,0,,0.0,0,,0.0,0,,0.0,0,,0.0,0,1,100.0,0,1,100.0,0,1,100.0,0,0,100.0,0,0,100.0,0,1,100.0,0,0,100.0,2.666666667,5,100.0,3,4,100.0,7,4,100.0,3.0,3,100.0,3,3,100.0,7,3,100.0,3,5,100.0,3,2,100.0,1,2,100.0,2,1,100.0,-1,1,100.0
Ritual54,0,11,100.0,0,0,100.0,0,0,100.0,0,1,100.0,0,0,100.0,0,0,100.0,0,1,100.0,0,0,100.0,0,0,100.0,0,0,100.0,1,1,100.0,0,0,100.0,0,0,100.0,0,0,100.0,0,0,100.0,1,,0.0,3,1,100.0,0,0,100.0,1,1,100.0,0,0,100.0,0,1,100.0,0,0,100.0,0,0,100.0,0,0,100.0,0,0,100.0,7,5,100.0,6,5,100.0,0,0,100.0,0,1,100.0,0,0,100.0,0,0,100.0,0,0,100.0,0,0,100.0,0,0,100.0,0,0,100.0,0,0,100.0,0,0,100.0,0,0,100.0,0,0,100.0,0,1,100.0,0,0,100.0,0,0,100.0,0,0,100.0,0,0,100.0,0,0,100.0,0,0,100.0,0,0,100.0,0,0,100.0,0,0,100.0,0,1,100.0,0,0,100.0,0,0,100.0,0,0,100.0,0,1,100.0,0,0,100.0,0,0,100.0,1,1,100.0,0,0,100.0,0,0,100.0,0,0,100.0,0,0,100.0,0,0,100.0,0,0,100.0,0,0,100.0,0,0,100.0,0,0,100.0,0,0,100.0,0,0,100.0,0,0,100.0,0,0,100.0,0,0,100.0,0,1,100.0,0,0,100.0,0,1,100.0,0,,0.0,0,,0.0,0,,0.0,0,,0.0,0,,0.0,0,,0.0,1,,0.0,0,,0.0,0,,0.0,0,,0.0,0,,0.0,0,,0.0,0,,0.0,0,,0.0,0,,0.0,1,,0.0,0,,0.0,0,,0.0,0,,0.0,0,,0.0,0,,0.0,0,,0.0,0,,0.0,0,0,100.0,0,1,100.0,0,1,100.0,0,0,100.0,0,0,100.0,0,1,100.0,0,1,100.0,0.0,5,100.0,2,3,100.0,3,4,100.0,3.666666667,1,100.0,2,0,100.0,1,2,100.0,0,5,100.0,999,1,70.0,1,3,100.0,2,1,100.0,-1,3,100.0
Ritual55,0,,0.0,0,,0.0,0,,0.0,0,,0.0,0,,0.0,0,,0.0,1,,0.0,0,,0.0,0,,0.0,0,,0.0,0,,0.0,0,,0.0,0,,0.0,0,,0.0,0,,0.0,2,,0.0,3,,0.0,0,,0.0,0,,0.0,0,,0.0,0,,0.0,1,,0.0,0,,0.0,0,,0.0,0,,0.0,7,,0.0,6,,0.0,0,,0.0,1,,0.0,0,,0.0,0,,0.0,0,,0.0,0,,0.0,0,,0.0,0,,0.0,0,,0.0,0,,0.0,0,,0.0,0,,0.0,0,,0.0,0,,0.0,0,,0.0,0,,0.0,0,,0.0,0,,0.0,0,,0.0,0,,0.0,0,,0.0,0,,0.0,0,,0.0,0,,0.0,0,,0.0,1,,0.0,0,,0.0,0,,0.0,0,,0.0,0,,0.0,0,,0.0,0,,0.0,0,,0.0,0,,0.0,0,,0.0,0,,0.0,0,,0.0,0,,0.0,0,,0.0,0,,0.0,1,,0.0,0,,0.0,0,,0.0,0,,0.0,1,,0.0,0,,0.0,0,,0.0,0,,0.0,0,,0.0,0,,0.0,0,,0.0,0,,0.0,1,,0.0,1,,0.0,1,,0.0,0,,0.0,0,,0.0,0,,0.0,0,,0.0,0,,0.0,0,,0.0,1,,0.0,1,,0.0,1,,0.0,0,,0.0,0,,0.0,0,,0.0,0,,0.0,0,,0.0,0,,0.0,0,,0.0,0,,0.0,0,,0.0,0,,0.0,0,,0.0,0,,0.0,0,,0.0,2.333333333,,0.0,3,,0.0,3,,0.0,2.666666667,,0.0,3,,0.0,2,,0.0,4,,0.0,1,,0.0,1,,0.0,2,,0.0,-1,,0.0
Ritual56,0,0,100.0,0,0,100.0,0,0,100.0,0,1,100.0,0,0,100.0,0,1,100.0,0,0,100.0,0,0,100.0,0,0,100.0,0,0,100.0,0,0,100.0,1,1,100.0,0,1,100.0,0,1,100.0,0,0,100.0,2,,0.0,3,1,100.0,0,0,100.0,0,1,100.0,0,0,100.0,0,1,100.0,1,0,100.0,0,0,100.0,0,0,100.0,0,0,100.0,7,5,100.0,6,5,100.0,1,0,100.0,1,1,100.0,1,1,100.0,0,0,100.0,1,1,100.0,0,0,100.0,0,1,100.0,0,1,100.0,0,0,100.0,0,0,100.0,0,1,100.0,0,0,100.0,0,1,100.0,0,1,100.0,0,1,100.0,0,0,100.0,0,1,100.0,0,0,100.0,0,0,100.0,0,0,100.0,0,0,100.0,0,0,100.0,0,1,100.0,0,0,100.0,0,0,100.0,0,1,100.0,0,1,100.0,1,0,100.0,0,0,100.0,0,0,100.0,0,1,100.0,0,0,100.0,1,1,100.0,0,0,100.0,0,1,100.0,0,0,100.0,0,0,100.0,0,0,100.0,0,0,100.0,0,1,100.0,0,1,100.0,0,0,100.0,0,1,100.0,0,1,100.0,0,1,100.0,0,1,100.0,0,1,100.0,0,,0.0,0,,0.0,0,,0.0,0,,0.0,0,,0.0,0,,0.0,1,,0.0,0,,0.0,0,,0.0,0,,0.0,0,,0.0,0,,0.0,0,,0.0,0,,0.0,0,,0.0,0,,0.0,1,,0.0,0,,0.0,0,,0.0,0,,0.0,0,,0.0,0,,0.0,0,,0.0,0,0,100.0,0,1,100.0,0,1,100.0,0,0,100.0,0,0,100.0,0,1,100.0,0,1,100.0,0.0,5,100.0,0,3,100.0,-1,4,100.0,4.666666667,5,100.0,3,5,100.0,3,2,100.0,999,5,100.0,999,2,100.0,1,2,100.0,2,1,100.0,-1,2,100.0
Ritual57,0,0,100.0,0,0,100.0,0,0,100.0,0,1,100.0,0,0,100.0,0,1,100.0,0,0,100.0,0,0,100.0,0,0,100.0,0,0,100.0,0,0,100.0,1,1,100.0,0,1,100.0,0,1,100.0,0,0,100.0,1,,0.0,1,1,100.0,0,0,100.0,0,1,100.0,0,0,100.0,1,1,100.0,0,0,100.0,0,0,100.0,0,0,100.0,0,0,100.0,999,5,100.0,6,5,100.0,0,1,100.0,0,1,100.0,0,0,100.0,0,1,100.0,0,0,100.0,0,0,100.0,0,1,100.0,0,1,100.0,0,0,100.0,0,0,100.0,0,1,100.0,0,0,100.0,0,1,100.0,0,0,90.0,0,0,100.0,0,0,100.0,0,0,100.0,0,0,100.0,0,0,100.0,0,0,100.0,0,0,100.0,0,1,100.0,0,1,100.0,0,0,100.0,0,0,100.0,0,0,100.0,0,0,100.0,0,0,100.0,0,0,100.0,0,0,100.0,0,0,100.0,0,0,100.0,0,0,100.0,0,0,100.0,0,0,100.0,0,0,100.0,0,0,100.0,0,0,100.0,0,1,100.0,0,1,100.0,0,0,100.0,0,0,100.0,0,0,100.0,0,0,100.0,0,1,100.0,0,0,100.0,0,0,100.0,0,,0.0,0,,0.0,0,,0.0,0,,0.0,0,,0.0,0,,0.0,0,,0.0,0,,0.0,0,,0.0,0,,0.0,0,,0.0,0,,0.0,0,,0.0,1,,0.0,0,,0.0,0,,0.0,0,,0.0,0,,0.0,0,,0.0,0,,0.0,0,,0.0,0,,0.0,0,,0.0,0,1,100.0,0,1,100.0,0,1,100.0,0,0,100.0,0,0,100.0,0,0,100.0,0,1,100.0,2.666666667,5,100.0,3,3,100.0,3,4,100.0,0.0,3,100.0,0,2,100.0,-1,2,100.0,999,5,100.0,3,2,100.0,1,2,100.0,2,1,100.0,-1,1,100.0
Ritual58,0,0,100.0,0,0,100.0,0,0,100.0,0,1,100.0,0,0,100.0,0,1,100.0,0,0,100.0,0,0,100.0,0,0,100.0,0,0,100.0,0,0,100.0,1,1,100.0,0,1,100.0,0,1,100.0,0,0,100.0,2,,0.0,3,1,100.0,0,0,100.0,0,1,100.0,0,0,100.0,0,1,100.0,1,0,100.0,0,0,100.0,0,0,100.0,0,0,100.0,7,5,100.0,6,5,100.0,1,1,100.0,1,1,100.0,0,0,100.0,0,1,100.0,0,1,100.0,0,0,100.0,0,1,100.0,0,1,100.0,0,0,100.0,0,0,100.0,0,1,100.0,1,1,100.0,0,1,100.0,0,1,100.0,0,0,100.0,0,0,100.0,0,0,100.0,0,0,100.0,0,0,100.0,0,0,100.0,1,1,100.0,0,0,100.0,0,1,100.0,0,0,100.0,0,0,100.0,0,0,100.0,0,0,100.0,0,0,100.0,0,1,100.0,0,1,100.0,0,0,100.0,0,0,100.0,0,0,100.0,0,0,100.0,0,1,100.0,0,0,100.0,0,0,100.0,0,0,100.0,0,0,100.0,0,1,100.0,0,0,100.0,0,1,100.0,0,1,100.0,0,1,100.0,0,1,100.0,0,1,100.0,0,1,100.0,0,,0.0,0,,0.0,0,,0.0,0,,0.0,0,,0.0,0,,0.0,1,,0.0,0,,0.0,0,,0.0,0,,0.0,0,,0.0,0,,0.0,0,,0.0,0,,0.0,0,,0.0,0,,0.0,0,,0.0,1,,0.0,0,,0.0,0,,0.0,0,,0.0,0,,0.0,0,,0.0,0,1,100.0,0,1,100.0,0,1,100.0,0,1,100.0,0,1,100.0,0,0,100.0,0,0,100.0,1.333333333,5,100.0,3,4,100.0,2,4,100.0,0.0,3,100.0,0,3,100.0,-1,2,100.0,2,5,100.0,999,2,100.0,1,1,100.0,2,2,100.0,-1,1,100.0
Ritual59,0,0,100.0,0,0,100.0,0,0,100.0,0,1,100.0,0,0,100.0,0,1,100.0,0,0,100.0,0,0,100.0,0,0,100.0,0,0,100.0,0,0,100.0,1,1,100.0,0,1,100.0,0,1,100.0,0,0,100.0,2,,0.0,1,1,100.0,0,0,100.0,0,1,100.0,0,0,100.0,1,1,100.0,0,0,100.0,0,0,100.0,0,0,100.0,0,0,100.0,999,5,100.0,5,5,100.0,1,1,100.0,0,1,100.0,1,1,100.0,0,0,100.0,1,0,100.0,0,1,100.0,0,0,100.0,0,1,100.0,1,0,100.0,0,0,100.0,0,1,100.0,0,0,100.0,0,0,100.0,0,0,100.0,0,0,100.0,0,0,100.0,0,0,100.0,0,0,100.0,0,0,100.0,0,0,100.0,0,0,100.0,0,0,100.0,0,1,100.0,0,0,100.0,0,0,100.0,0,0,100.0,0,0,100.0,0,0,100.0,0,0,100.0,0,0,100.0,0,0,100.0,0,0,100.0,0,0,100.0,0,0,100.0,0,0,100.0,0,0,100.0,0,0,100.0,0,0,100.0,0,0,100.0,0,1,100.0,0,0,100.0,0,0,100.0,0,1,100.0,0,0,100.0,0,0,100.0,0,0,100.0,0,0,100.0,0,,0.0,0,,0.0,0,,0.0,0,,0.0,0,,0.0,0,,0.0,0,,0.0,0,,0.0,0,,0.0,0,,0.0,0,,0.0,0,,0.0,0,,0.0,0,,0.0,0,,0.0,0,,0.0,0,,0.0,0,,0.0,0,,0.0,0,,0.0,0,,0.0,0,,0.0,0,,0.0,0,1,100.0,0,1,100.0,1,1,100.0,0,0,100.0,0,0,100.0,0,0,100.0,0,0,100.0,3.0,5,100.0,3,3,100.0,7,4,100.0,0.0,2,100.0,0,3,100.0,-1,2,100.0,999,5,100.0,999,3,100.0,1,2,100.0,2,1,100.0,-1,2,100.0
Ritual60,0,0,100.0,0,0,100.0,0,0,100.0,0,1,100.0,0,0,100.0,0,0,100.0,0,0,100.0,0,0,100.0,0,0,100.0,0,0,100.0,0,0,100.0,1,1,100.0,0,1,100.0,0,1,100.0,0,0,100.0,2,,0.0,3,1,100.0,0,0,100.0,0,1,100.0,0,0,100.0,0,1,100.0,1,0,100.0,0,0,100.0,0,0,100.0,0,0,100.0,999,5,100.0,6,5,100.0,0,0,100.0,1,1,100.0,0,0,100.0,0,0,100.0,0,1,100.0,0,0,100.0,0,1,100.0,0,1,100.0,0,1,100.0,0,0,100.0,0,1,100.0,0,0,100.0,1,1,100.0,0,1,100.0,0,0,100.0,0,0,100.0,0,0,100.0,0,0,100.0,0,0,100.0,0,0,100.0,0,0,100.0,0,1,100.0,0,1,100.0,0,0,100.0,0,1,100.0,0,0,100.0,0,0,100.0,1,1,100.0,0,0,100.0,0,0,100.0,0,0,100.0,0,0,100.0,1,0,100.0,0,0,100.0,0,1,100.0,0,0,100.0,0,0,100.0,0,0,100.0,0,0,100.0,0,1,100.0,0,0,100.0,0,0,100.0,0,1,100.0,0,0,100.0,0,1,100.0,0,1,100.0,0,0,100.0,0,,0.0,0,,0.0,0,,0.0,0,,0.0,0,,0.0,0,,0.0,1,,0.0,0,,0.0,0,,0.0,0,,0.0,0,,0.0,0,,0.0,0,,0.0,0,,0.0,0,,0.0,0,,0.0,0,,0.0,0,,0.0,0,,0.0,0,,0.0,0,,0.0,0,,0.0,0,,0.0,0,0,100.0,0,1,100.0,0,1,100.0,0,0,100.0,0,0,100.0,0,1,100.0,0,1,100.0,1.0,0,100.0,2,0,100.0,3,4,80.0,4.0,3,80.0,3,2,80.0,3,2,100.0,999,5,100.0,3,2,100.0,1,2,100.0,2,1,100.0,-1,1,100.0
Ritual61,0,0,100.0,0,0,100.0,0,0,100.0,0,1,100.0,0,0,100.0,0,1,100.0,0,0,100.0,0,0,100.0,0,0,100.0,0,0,100.0,0,0,100.0,1,1,100.0,0,1,100.0,0,1,100.0,0,0,100.0,2,,0.0,3,1,100.0,0,0,100.0,0,1,100.0,0,0,100.0,0,1,100.0,0,0,100.0,0,0,100.0,0,0,100.0,0,0,100.0,999,5,100.0,6,5,100.0,0,0,100.0,0,1,100.0,0,0,100.0,0,0,100.0,0,1,100.0,0,0,100.0,0,1,100.0,0,1,80.0,0,0,100.0,0,0,100.0,0,1,100.0,0,0,100.0,0,1,100.0,0,1,100.0,0,0,100.0,0,0,100.0,0,0,100.0,0,0,100.0,0,0,100.0,0,0,100.0,0,0,100.0,0,1,100.0,0,1,100.0,0,0,100.0,0,0,100.0,0,0,100.0,0,0,100.0,0,1,100.0,0,0,100.0,0,0,100.0,0,0,100.0,0,0,100.0,0,0,100.0,0,0,100.0,0,1,100.0,0,0,100.0,0,0,100.0,0,0,100.0,0,1,70.0,0,1,100.0,0,0,100.0,0,0,100.0,0,1,100.0,0,0,100.0,0,1,100.0,0,0,100.0,0,0,100.0,0,,0.0,0,,0.0,0,,0.0,0,,0.0,0,,0.0,0,,0.0,1,,0.0,0,,0.0,0,,0.0,0,,0.0,1,,0.0,0,,0.0,0,,0.0,0,,0.0,0,,0.0,0,,0.0,0,,0.0,0,,0.0,0,,0.0,0,,0.0,0,,0.0,0,,0.0,0,,0.0,0,0,100.0,0,1,100.0,0,1,100.0,0,0,100.0,0,0,100.0,0,1,100.0,0,1,100.0,1.666666667,3,100.0,2,2,100.0,7,4,100.0,3.0,4,100.0,3,3,100.0,7,5,50.0,999,5,100.0,999,2,100.0,1,2,100.0,2,1,100.0,-1,1,100.0
Ritual62,0,0,100.0,0,0,100.0,0,0,100.0,1,1,100.0,0,0,100.0,0,1,100.0,0,0,100.0,0,0,100.0,0,0,100.0,0,0,100.0,0,0,100.0,0,1,60.0,0,1,100.0,0,1,100.0,0,0,100.0,1,,0.0,999,1,100.0,0,0,100.0,0,0,100.0,0,1,100.0,1,1,100.0,0,0,100.0,0,0,100.0,0,0,100.0,0,0,100.0,999,5,100.0,6,5,100.0,0,0,100.0,0,0,100.0,0,0,100.0,0,0,100.0,0,0,100.0,0,0,100.0,0,0,100.0,0,0,100.0,0,0,100.0,0,0,100.0,0,1,100.0,0,0,100.0,0,1,100.0,0,1,100.0,0,1,100.0,0,1,100.0,0,0,100.0,0,0,100.0,0,0,100.0,0,0,100.0,0,0,100.0,0,1,100.0,0,1,100.0,0,0,100.0,0,0,60.0,0,1,100.0,0,0,100.0,0,0,100.0,0,0,100.0,0,0,100.0,0,0,100.0,0,0,100.0,0,0,100.0,0,0,100.0,0,1,100.0,0,0,100.0,0,0,100.0,0,0,100.0,0,0,100.0,0,1,100.0,0,0,100.0,0,0,70.0,0,1,100.0,0,1,100.0,0,1,100.0,0,1,100.0,0,0,100.0,0,,0.0,0,,0.0,0,,0.0,0,,0.0,0,,0.0,0,,0.0,0,,0.0,0,,0.0,0,,0.0,0,,0.0,0,,0.0,0,,0.0,0,,0.0,0,,0.0,0,,0.0,0,,0.0,0,,0.0,0,,0.0,0,,0.0,0,,0.0,0,,0.0,0,,0.0,0,,0.0,0,0,100.0,0,1,100.0,0,0,100.0,0,0,100.0,0,0,100.0,0,0,100.0,0,1,100.0,334.0,5,100.0,0,3,100.0,7,4,100.0,3.0,4,100.0,4,3,100.0,7,2,100.0,4,5,100.0,3,2,100.0,1,2,100.0,2,1,100.0,-1,2,100.0
Ritual63,0,,0.0,0,,0.0,0,,0.0,1,,0.0,0,,0.0,0,,0.0,0,,0.0,0,,0.0,0,,0.0,0,,0.0,0,,0.0,0,,0.0,0,,0.0,0,,0.0,0,,0.0,2,,0.0,3,,0.0,0,,0.0,0,,0.0,0,,0.0,0,,0.0,1,,0.0,0,,0.0,0,,0.0,0,,0.0,2,,0.0,2,,0.0,0,,0.0,1,,0.0,0,,0.0,0,,0.0,0,,0.0,0,,0.0,0,,0.0,0,,0.0,0,,0.0,0,,0.0,0,,0.0,0,,0.0,0,,0.0,0,,0.0,1,,0.0,0,,0.0,0,,0.0,0,,0.0,0,,0.0,0,,0.0,0,,0.0,0,,0.0,0,,0.0,0,,0.0,0,,0.0,0,,0.0,0,,0.0,0,,0.0,0,,0.0,0,,0.0,0,,0.0,0,,0.0,0,,0.0,0,,0.0,0,,0.0,0,,0.0,0,,0.0,0,,0.0,1,,0.0,0,,0.0,0,,0.0,0,,0.0,1,,0.0,0,,0.0,0,,0.0,0,,0.0,0,,0.0,0,,0.0,0,,0.0,0,,0.0,0,,0.0,0,,0.0,0,,0.0,0,,0.0,0,,0.0,0,,0.0,0,,0.0,0,,0.0,1,,0.0,0,,0.0,0,,0.0,0,,0.0,0,,0.0,0,,0.0,0,,0.0,0,,0.0,0,,0.0,0,,0.0,0,,0.0,0,,0.0,0,,0.0,0,,0.0,0,,0.0,0,,0.0,0,,0.0,0,,0.0,0,,0.0,1.666666667,,0.0,2,,0.0,7,,0.0,1.0,,0.0,2,,0.0,7,,0.0,2,,0.0,3,,0.0,1,,0.0,2,,0.0,-1,,0.0
Ritual64,0,,0.0,0,,0.0,0,,0.0,0,,0.0,0,,0.0,0,,0.0,0,,0.0,0,,0.0,1,,0.0,0,,0.0,0,,0.0,0,,0.0,0,,0.0,0,,0.0,0,,0.0,1,,0.0,1,,0.0,0,,0.0,1,,0.0,0,,0.0,1,,0.0,1,,0.0,0,,0.0,0,,0.0,0,,0.0,3,,0.0,2,,0.0,0,,0.0,0,,0.0,0,,0.0,0,,0.0,0,,0.0,0,,0.0,0,,0.0,0,,0.0,0,,0.0,0,,0.0,0,,0.0,0,,0.0,0,,0.0,0,,0.0,0,,0.0,0,,0.0,0,,0.0,0,,0.0,0,,0.0,0,,0.0,0,,0.0,0,,0.0,0,,0.0,0,,0.0,0,,0.0,0,,0.0,0,,0.0,0,,0.0,0,,0.0,0,,0.0,0,,0.0,0,,0.0,0,,0.0,0,,0.0,0,,0.0,0,,0.0,0,,0.0,0,,0.0,0,,0.0,0,,0.0,0,,0.0,0,,0.0,0,,0.0,0,,0.0,0,,0.0,0,,0.0,0,,0.0,0,,0.0,0,,0.0,0,,0.0,0,,0.0,0,,0.0,0,,0.0,0,,0.0,0,,0.0,1,,0.0,0,,0.0,0,,0.0,0,,0.0,0,,0.0,0,,0.0,0,,0.0,0,,0.0,0,,0.0,0,,0.0,0,,0.0,0,,0.0,0,,0.0,0,,0.0,0,,0.0,0,,0.0,0,,0.0,0,,0.0,0,,0.0,0,,0.0,0,,0.0,0,,0.0,1.333333333,,0.0,1,,0.0,7,,0.0,1.333333333,,0.0,1,,0.0,7,,0.0,1,,0.0,3,,0.0,3,,0.0,1,,0.0,-1,,0.0
Ritual65,0,0,100.0,0,0,100.0,0,0,100.0,1,1,100.0,0,0,100.0,0,1,100.0,0,0,100.0,0,0,100.0,0,0,100.0,0,0,100.0,0,0,100.0,0,0,100.0,0,1,100.0,0,1,100.0,0,0,100.0,2,,0.0,2,1,100.0,0,0,100.0,0,0,100.0,0,1,100.0,1,1,100.0,0,0,100.0,0,0,100.0,0,0,100.0,0,0,80.0,6,5,100.0,6,5,100.0,1,1,100.0,1,1,100.0,1,1,100.0,0,0,100.0,1,1,100.0,0,0,100.0,0,0,100.0,0,1,100.0,0,0,100.0,0,0,100.0,0,0,100.0,0,1,100.0,0,1,100.0,0,1,100.0,0,0,50.0,0,0,100.0,0,1,100.0,0,0,100.0,0,0,100.0,0,0,100.0,0,0,100.0,0,1,100.0,1,1,100.0,0,0,100.0,0,0,90.0,0,0,100.0,0,0,100.0,0,0,100.0,1,0,100.0,0,0,100.0,0,0,100.0,0,0,100.0,0,0,100.0,0,0,100.0,0,1,100.0,0,0,100.0,0,0,100.0,0,0,100.0,0,0,100.0,0,1,100.0,0,0,100.0,0,0,100.0,0,1,100.0,0,1,100.0,0,1,100.0,0,1,100.0,0,1,100.0,0,,0.0,0,,0.0,0,,0.0,0,,0.0,0,,0.0,0,,0.0,0,,0.0,0,,0.0,0,,0.0,0,,0.0,0,,0.0,0,,0.0,0,,0.0,0,,0.0,0,,0.0,0,,0.0,0,,0.0,0,,0.0,0,,0.0,0,,0.0,0,,0.0,0,,0.0,0,,0.0,0,1,100.0,0,1,100.0,0,1,100.0,0,1,100.0,0,0,80.0,0,1,100.0,0,1,100.0,4.0,5,100.0,4,3,100.0,7,4,100.0,2.0,4,100.0,2,3,100.0,7,2,100.0,4,5,100.0,999,2,100.0,1,3,100.0,2,1,100.0,-1,2,100.0
Ritual66,0,1,100.0,0,0,100.0,0,0,100.0,1,1,100.0,0,1,100.0,0,0,100.0,0,0,100.0,0,0,100.0,0,0,100.0,0,1,100.0,0,0,100.0,0,0,100.0,0,1,100.0,0,1,100.0,0,0,100.0,2,,0.0,3,1,100.0,0,0,100.0,0,1,100.0,0,0,100.0,1,1,100.0,0,0,100.0,0,0,100.0,0,0,100.0,0,0,100.0,6,5,100.0,5,5,100.0,1,1,100.0,1,1,100.0,0,1,100.0,0,0,100.0,1,0,100.0,0,0,100.0,0,0,100.0,0,1,100.0,0,0,100.0,0,0,100.0,1,1,100.0,0,1,100.0,0,1,100.0,1,1,100.0,1,1,100.0,0,0,100.0,0,0,100.0,1,1,100.0,0,1,100.0,0,0,100.0,0,0,100.0,0,1,100.0,1,1,100.0,0,0,100.0,0,0,100.0,0,0,100.0,0,0,100.0,0,0,100.0,0,1,100.0,0,0,100.0,0,0,100.0,0,0,100.0,0,0,100.0,0,0,100.0,0,1,100.0,0,0,100.0,0,0,100.0,0,1,100.0,0,0,100.0,0,1,100.0,0,0,100.0,0,0,100.0,0,1,100.0,0,0,100.0,0,1,100.0,0,1,100.0,0,0,80.0,0,,0.0,0,,0.0,0,,0.0,0,,0.0,0,,0.0,0,,0.0,0,,0.0,0,,0.0,0,,0.0,0,,0.0,0,,0.0,0,,0.0,1,,0.0,1,,0.0,0,,0.0,0,,0.0,0,,0.0,0,,0.0,0,,0.0,0,,0.0,0,,0.0,0,,0.0,1,,0.0,0,1,100.0,0,1,100.0,0,1,100.0,0,0,100.0,0,0,100.0,0,1,100.0,0,0,70.0,3.666666667,5,100.0,4,4,100.0,2,4,100.0,3.333333333,3,100.0,1,2,100.0,-1,2,100.0,4,5,100.0,3,1,100.0,1,2,100.0,1,1,100.0,-1,1,100.0
Ritual67,0,0,100.0,0,0,100.0,0,0,100.0,0,1,100.0,1,1,100.0,0,1,100.0,0,0,100.0,0,0,100.0,0,0,100.0,0,0,100.0,0,0,100.0,0,0,100.0,0,1,100.0,0,1,100.0,0,0,100.0,2,,0.0,3,3,60.0,0,0,100.0,0,1,80.0,0,0,80.0,1,1,80.0,0,0,100.0,0,0,100.0,0,0,100.0,0,1,100.0,6,5,100.0,5,5,100.0,1,1,100.0,1,1,100.0,0,1,100.0,0,0,100.0,0,0,100.0,0,0,100.0,0,0,100.0,0,1,100.0,0,0,100.0,0,0,100.0,1,1,100.0,0,1,100.0,0,1,100.0,0,1,100.0,1,1,100.0,0,0,100.0,0,0,100.0,0,0,100.0,0,0,100.0,0,0,100.0,0,0,100.0,0,1,100.0,0,1,100.0,0,0,100.0,0,0,100.0,0,0,100.0,0,0,100.0,0,0,100.0,0,1,100.0,0,0,100.0,0,0,100.0,0,0,100.0,0,0,100.0,0,0,100.0,0,1,100.0,0,0,100.0,0,0,100.0,0,0,100.0,0,0,100.0,0,1,100.0,0,0,100.0,0,0,100.0,0,1,100.0,0,1,100.0,0,1,100.0,0,0,100.0,0,0,100.0,0,,0.0,1,,0.0,0,,0.0,0,,0.0,0,,0.0,0,,0.0,0,,0.0,0,,0.0,0,,0.0,0,,0.0,0,,0.0,0,,0.0,1,,0.0,0,,0.0,0,,0.0,0,,0.0,0,,0.0,0,,0.0,0,,0.0,0,,0.0,0,,0.0,0,,0.0,0,,0.0,0,0,100.0,0,1,100.0,0,1,100.0,0,0,100.0,0,0,100.0,0,1,100.0,0,1,100.0,1.666666667,5,100.0,4,3,100.0,2,2,70.0,3.333333333,4,100.0,2,3,100.0,2,2,100.0,4,5,100.0,2,1,100.0,1,1,100.0,2,2,100.0,-1,1,80.0
Ritual68,0,0,100.0,0,1,100.0,0,0,100.0,0,0,100.0,1,1,100.0,0,1,100.0,0,0,100.0,0,0,100.0,0,0,100.0,0,0,100.0,0,0,100.0,0,0,100.0,0,1,100.0,0,1,100.0,0,0,100.0,2,,0.0,3,1,100.0,0,0,100.0,0,0,100.0,0,1,100.0,1,1,100.0,0,0,100.0,0,0,100.0,0,0,100.0,0,0,100.0,7,5,100.0,5,5,100.0,0,0,100.0,0,1,100.0,0,0,100.0,0,0,100.0,0,1,100.0,0,0,100.0,0,0,100.0,0,1,100.0,0,1,100.0,0,0,100.0,0,1,100.0,1,1,100.0,0,1,100.0,0,1,100.0,0,1,100.0,0,1,100.0,0,0,100.0,0,0,100.0,0,0,100.0,0,0,100.0,0,0,100.0,1,1,100.0,0,1,100.0,0,0,100.0,0,0,100.0,0,0,100.0,0,0,100.0,0,0,100.0,0,1,100.0,0,0,100.0,0,0,100.0,0,0,100.0,0,0,100.0,0,0,100.0,0,1,100.0,0,1,100.0,0,0,100.0,0,0,100.0,0,0,100.0,0,1,100.0,0,0,100.0,0,0,100.0,0,1,100.0,0,1,100.0,0,1,100.0,0,0,100.0,1,1,100.0,1,,0.0,1,,0.0,0,,0.0,0,,0.0,0,,0.0,0,,0.0,0,,0.0,0,,0.0,0,,0.0,0,,0.0,0,,0.0,0,,0.0,1,,0.0,0,,0.0,0,,0.0,0,,0.0,0,,0.0,0,,0.0,0,,0.0,0,,0.0,0,,0.0,0,,0.0,0,,0.0,0,0,100.0,0,1,100.0,1,1,100.0,0,0,100.0,0,0,100.0,1,0,100.0,0,1,100.0,2.0,3,100.0,2,2,100.0,3,2,100.0,3.333333333,4,100.0,2,3,100.0,2,2,100.0,2,5,100.0,999,2,100.0,1,2,100.0,2,1,100.0,-1,2,100.0
Ritual69a,0,0,100.0,0,0,100.0,0,0,100.0,1,1,100.0,0,1,100.0,0,1,100.0,0,0,100.0,0,0,100.0,0,0,100.0,0,0,100.0,0,0,100.0,0,0,100.0,0,1,100.0,0,1,100.0,0,1,100.0,4,,0.0,3,1,100.0,0,0,100.0,0,1,100.0,0,0,100.0,0,0,100.0,0,0,100.0,0,0,100.0,1,0,100.0,1,0,100.0,999,5,100.0,5,5,100.0,1,1,100.0,1,1,100.0,1,0,100.0,0,1,100.0,0,0,100.0,0,0,100.0,0,0,100.0,0,1,100.0,0,0,100.0,0,0,100.0,0,0,100.0,0,1,80.0,0,1,100.0,0,0,100.0,0,1,100.0,0,1,100.0,0,0,100.0,0,0,100.0,0,0,100.0,0,0,100.0,0,0,100.0,0,0,100.0,0,1,100.0,0,0,100.0,0,0,100.0,0,0,100.0,0,0,100.0,0,0,100.0,0,0,100.0,0,0,100.0,0,0,100.0,0,0,100.0,0,0,100.0,0,0,100.0,0,0,100.0,0,0,100.0,0,0,100.0,0,0,100.0,0,0,100.0,0,0,100.0,0,0,100.0,0,0,100.0,0,0,100.0,0,0,100.0,0,1,100.0,0,0,100.0,0,1,100.0,0,,0.0,0,,0.0,0,,0.0,0,,0.0,0,,0.0,0,,0.0,0,,0.0,0,,0.0,0,,0.0,0,,0.0,0,,0.0,0,,0.0,0,,0.0,1,,0.0,0,,0.0,0,,0.0,0,,0.0,0,,0.0,0,,0.0,0,,0.0,0,,0.0,0,,0.0,1,,0.0,0,1,100.0,0,1,100.0,0,1,100.0,0,0,100.0,0,0,100.0,0,1,100.0,0,0,100.0,2.0,3,100.0,3,2,100.0,7,4,100.0,1.666666667,1,100.0,1,0,100.0,7,5,100.0,2,5,100.0,999,2,100.0,1,2,100.0,2,1,100.0,-1,1,100.0
Ritual69b,0,0,100.0,0,0,100.0,0,0,100.0,1,1,100.0,0,1,100.0,0,1,100.0,0,0,100.0,0,0,100.0,0,0,100.0,0,1,100.0,0,0,100.0,0,0,100.0,0,1,100.0,0,1,100.0,0,1,100.0,4,,0.0,3,1,100.0,0,0,100.0,0,1,100.0,0,0,100.0,0,1,100.0,0,0,100.0,0,0,100.0,1,0,100.0,1,1,100.0,999,5,100.0,5,5,100.0,1,1,100.0,1,1,100.0,1,1,100.0,0,0,100.0,0,0,100.0,0,1,100.0,0,0,100.0,0,1,100.0,0,0,100.0,0,0,100.0,0,1,100.0,0,0,100.0,0,1,100.0,0,0,100.0,0,1,100.0,0,0,100.0,0,0,100.0,0,0,100.0,0,0,100.0,0,0,100.0,0,1,100.0,0,0,100.0,0,0,100.0,0,0,100.0,0,0,100.0,0,0,100.0,0,0,100.0,0,0,100.0,0,0,100.0,0,0,100.0,0,0,100.0,0,0,100.0,0,0,100.0,0,0,100.0,0,0,100.0,0,0,100.0,0,0,100.0,0,0,100.0,0,0,100.0,0,1,100.0,0,0,100.0,0,0,100.0,0,0,100.0,0,0,100.0,0,1,100.0,0,0,100.0,0,0,100.0,0,,0.0,0,,0.0,0,,0.0,0,,0.0,0,,0.0,0,,0.0,0,,0.0,0,,0.0,0,,0.0,0,,0.0,0,,0.0,0,,0.0,0,,0.0,1,,0.0,0,,0.0,0,,0.0,0,,0.0,0,,0.0,0,,0.0,0,,0.0,0,,0.0,0,,0.0,1,,0.0,0,1,100.0,0,1,100.0,0,1,100.0,0,0,100.0,0,1,100.0,0,0,100.0,0,0,100.0,2.0,2,50.0,3,3,50.0,7,4,60.0,1.666666667,0,50.0,1,0,50.0,7,5,50.0,2,5,100.0,999,2,100.0,1,1,100.0,2,2,100.0,-1,1,100.0
Ritual70a,0,0,100.0,0,0,100.0,0,0,100.0,1,1,100.0,0,0,100.0,0,1,100.0,0,0,100.0,0,0,100.0,0,0,100.0,0,1,50.0,0,0,100.0,0,1,100.0,1,1,100.0,0,1,100.0,0,1,50.0,2,,0.0,3,1,100.0,0,0,100.0,0,1,100.0,0,0,100.0,0,0,100.0,0,0,100.0,1,0,100.0,0,0,100.0,0,0,100.0,999,5,100.0,5,5,100.0,0,1,100.0,0,1,100.0,0,0,100.0,0,0,100.0,0,0,100.0,0,0,100.0,0,0,100.0,0,1,100.0,0,0,100.0,0,0,100.0,0,0,100.0,0,1,100.0,0,1,100.0,0,0,100.0,0,1,100.0,0,0,100.0,0,0,100.0,0,0,100.0,0,0,100.0,0,0,100.0,0,0,100.0,1,0,100.0,0,1,100.0,0,0,100.0,0,0,100.0,0,0,100.0,0,0,100.0,0,0,100.0,0,0,100.0,0,0,100.0,0,0,100.0,0,0,100.0,0,0,100.0,0,0,100.0,0,0,100.0,0,0,100.0,0,0,100.0,0,0,100.0,0,0,100.0,0,0,100.0,0,0,100.0,0,0,100.0,0,1,100.0,0,0,100.0,0,1,70.0,0,0,100.0,0,1,100.0,0,,0.0,0,,0.0,0,,0.0,0,,0.0,0,,0.0,0,,0.0,0,,0.0,0,,0.0,0,,0.0,0,,0.0,0,,0.0,0,,0.0,0,,0.0,0,,0.0,0,,0.0,0,,0.0,0,,0.0,0,,0.0,0,,0.0,0,,0.0,0,,0.0,0,,0.0,0,,0.0,0,1,100.0,0,1,100.0,0,1,100.0,0,0,100.0,0,0,100.0,0,1,100.0,0,0,100.0,1.666666667,2,100.0,2,3,100.0,7,4,100.0,0.0,1,100.0,0,0,100.0,-1,5,100.0,1,5,100.0,3,2,100.0,1,2,100.0,2,1,100.0,-1,1,100.0
Ritual70b,0,0,100.0,0,0,100.0,0,0,100.0,1,1,100.0,0,1,100.0,0,1,100.0,0,0,100.0,0,0,100.0,0,0,100.0,0,1,100.0,0,0,100.0,0,0,100.0,1,1,100.0,0,1,100.0,0,0,100.0,2,,0.0,3,1,100.0,0,0,100.0,0,1,100.0,0,1,100.0,0,1,60.0,0,0,60.0,1,0,100.0,0,0,100.0,0,1,100.0,999,5,100.0,5,5,100.0,0,1,100.0,0,1,100.0,0,1,100.0,0,0,100.0,0,0,100.0,0,1,100.0,0,0,100.0,0,1,100.0,0,0,100.0,0,0,100.0,0,1,100.0,0,0,100.0,0,1,100.0,0,0,100.0,0,1,100.0,0,0,100.0,0,0,100.0,0,0,100.0,0,0,100.0,0,0,100.0,0,1,100.0,1,0,100.0,0,0,100.0,0,0,100.0,0,0,100.0,0,0,100.0,0,0,100.0,0,0,100.0,0,0,100.0,0,0,100.0,0,0,100.0,0,0,100.0,0,0,100.0,0,0,100.0,0,0,100.0,0,0,100.0,0,0,100.0,0,0,100.0,0,0,100.0,0,1,100.0,0,0,100.0,0,0,100.0,0,0,100.0,0,0,100.0,0,0,100.0,0,0,100.0,0,0,100.0,0,,0.0,0,,0.0,0,,0.0,0,,0.0,0,,0.0,0,,0.0,0,,0.0,0,,0.0,0,,0.0,0,,0.0,0,,0.0,0,,0.0,0,,0.0,0,,0.0,0,,0.0,0,,0.0,0,,0.0,0,,0.0,0,,0.0,0,,0.0,0,,0.0,0,,0.0,0,,0.0,0,1,100.0,0,1,100.0,0,1,100.0,0,0,100.0,0,1,100.0,0,0,100.0,0,0,100.0,1.666666667,3,100.0,2,4,100.0,7,4,100.0,0.0,1,100.0,0,1,100.0,-1,2,100.0,1,5,100.0,3,2,100.0,1,1,100.0,2,2,100.0,-1,1,100.0
Ritual71a,0,0,100.0,0,0,100.0,0,0,100.0,1,1,100.0,0,0,100.0,0,1,100.0,0,0,100.0,0,0,100.0,0,0,100.0,0,0,100.0,0,0,100.0,0,1,100.0,0,1,100.0,0,1,100.0,0,1,100.0,2,,0.0,3,3,100.0,0,0,100.0,0,1,100.0,0,0,100.0,0,0,100.0,1,0,100.0,0,0,100.0,0,0,100.0,0,1,100.0,999,5,100.0,4,5,100.0,1,1,100.0,1,1,100.0,1,0,100.0,0,1,100.0,0,0,100.0,0,0,100.0,0,0,100.0,0,1,100.0,0,0,100.0,0,0,100.0,0,1,100.0,0,0,100.0,0,1,100.0,0,0,80.0,0,1,100.0,0,0,100.0,0,0,100.0,0,0,100.0,0,0,100.0,0,0,100.0,1,0,100.0,0,0,100.0,0,1,100.0,0,0,100.0,0,0,100.0,0,0,100.0,0,0,100.0,0,0,100.0,0,0,100.0,0,0,100.0,0,0,100.0,0,0,100.0,0,0,100.0,0,0,100.0,0,0,100.0,0,0,100.0,0,0,100.0,0,0,100.0,0,0,100.0,0,0,100.0,0,0,100.0,0,0,100.0,0,0,100.0,0,0,100.0,0,0,100.0,0,0,100.0,0,1,100.0,0,,0.0,0,,0.0,0,,0.0,0,,0.0,0,,0.0,0,,0.0,0,,0.0,0,,0.0,0,,0.0,0,,0.0,0,,0.0,0,,0.0,0,,0.0,0,,0.0,0,,0.0,0,,0.0,0,,0.0,0,,0.0,0,,0.0,0,,0.0,0,,0.0,0,,0.0,0,,0.0,0,1,100.0,0,1,100.0,0,1,100.0,0,0,100.0,0,0,100.0,0,1,100.0,0,0,100.0,3.333333333,0,100.0,2,0,100.0,7,7,100.0,0.0,0,100.0,0,0,100.0,0,7,100.0,999,5,100.0,3,2,100.0,1,2,100.0,2,1,100.0,-1,1,100.0
Ritual71b,0,0,100.0,0,0,100.0,0,0,100.0,1,1,100.0,0,0,100.0,0,1,100.0,0,0,100.0,0,0,100.0,0,0,100.0,0,0,100.0,0,0,100.0,0,0,100.0,0,1,100.0,0,1,100.0,0,1,100.0,2,,0.0,3,1,100.0,0,0,100.0,0,1,100.0,0,0,100.0,0,1,100.0,1,0,100.0,0,0,100.0,0,0,100.0,0,1,100.0,999,5,100.0,4,5,100.0,1,1,100.0,1,1,100.0,1,1,100.0,0,0,100.0,0,0,100.0,0,0,100.0,0,0,100.0,0,1,100.0,0,0,100.0,0,0,100.0,0,1,100.0,0,0,100.0,0,1,100.0,0,0,100.0,0,1,100.0,0,0,100.0,0,0,100.0,0,0,100.0,0,0,100.0,0,0,100.0,1,1,100.0,0,0,100.0,0,0,100.0,0,0,100.0,0,0,100.0,0,0,100.0,0,0,100.0,0,0,100.0,0,0,100.0,0,0,100.0,0,0,100.0,0,0,100.0,0,0,100.0,0,0,100.0,0,0,100.0,0,0,100.0,0,0,100.0,0,0,100.0,0,0,100.0,0,1,100.0,0,0,100.0,0,0,100.0,0,0,100.0,0,0,100.0,0,0,100.0,0,0,100.0,0,0,100.0,0,,0.0,0,,0.0,0,,0.0,0,,0.0,0,,0.0,0,,0.0,0,,0.0,0,,0.0,0,,0.0,0,,0.0,0,,0.0,0,,0.0,0,,0.0,0,,0.0,0,,0.0,0,,0.0,0,,0.0,0,,0.0,0,,0.0,0,,0.0,0,,0.0,0,,0.0,0,,0.0,0,1,100.0,0,1,100.0,0,1,100.0,0,0,100.0,0,1,100.0,0,0,100.0,0,0,100.0,3.333333333,0,100.0,2,0,100.0,7,7,100.0,0.0,0,100.0,0,0,100.0,0,7,100.0,999,5,100.0,3,3,100.0,1,1,100.0,2,2,100.0,-1,1,100.0
Ritual72,0,0,100.0,0,0,100.0,0,0,100.0,1,1,100.0,0,0,100.0,0,1,100.0,0,0,100.0,0,0,100.0,0,0,100.0,0,0,100.0,0,0,100.0,0,0,100.0,0,1,100.0,0,1,100.0,0,0,100.0,2,,0.0,3,1,100.0,0,0,100.0,0,1,100.0,0,0,100.0,0,1,100.0,1,0,100.0,0,0,100.0,0,0,100.0,0,1,100.0,999,5,100.0,5,5,100.0,1,1,100.0,1,1,100.0,1,1,100.0,0,0,100.0,0,0,100.0,0,0,100.0,0,0,100.0,0,1,100.0,0,0,100.0,0,0,100.0,0,1,100.0,0,0,100.0,0,1,100.0,0,0,100.0,0,0,100.0,0,0,100.0,0,0,100.0,0,0,100.0,0,0,100.0,0,0,100.0,1,1,100.0,0,0,100.0,0,0,100.0,0,0,100.0,0,0,100.0,0,0,100.0,0,0,100.0,0,0,100.0,0,0,100.0,0,0,100.0,0,0,100.0,0,0,100.0,0,0,100.0,0,0,100.0,0,0,100.0,0,0,100.0,0,0,100.0,0,0,100.0,0,0,100.0,0,0,100.0,0,0,100.0,0,0,100.0,0,0,100.0,0,0,100.0,0,0,100.0,0,0,100.0,0,0,100.0,0,,0.0,0,,0.0,0,,0.0,0,,0.0,0,,0.0,0,,0.0,0,,0.0,0,,0.0,0,,0.0,0,,0.0,0,,0.0,0,,0.0,0,,0.0,0,,0.0,0,,0.0,0,,0.0,0,,0.0,0,,0.0,0,,0.0,0,,0.0,0,,0.0,0,,0.0,0,,0.0,0,1,100.0,0,1,100.0,0,1,100.0,0,0,100.0,0,1,100.0,0,0,100.0,0,0,100.0,1.333333333,0,60.0,2,0,60.0,7,3,60.0,0.0,0,100.0,0,0,100.0,0,3,60.0,999,5,100.0,3,3,100.0,1,3,100.0,2,1,100.0,-1,1,100.0
Ritual73,0,0,100.0,0,0,100.0,0,0,100.0,1,1,100.0,0,0,100.0,0,1,100.0,0,0,100.0,0,0,100.0,0,0,100.0,0,0,100.0,0,0,100.0,0,0,100.0,0,0,100.0,0,1,100.0,0,0,100.0,2,,0.0,3,1,100.0,0,0,100.0,0,1,100.0,0,0,100.0,1,1,100.0,0,0,100.0,0,0,100.0,0,0,100.0,0,0,100.0,6,5,100.0,6,5,100.0,0,1,100.0,1,1,100.0,1,1,100.0,1,1,100.0,0,0,100.0,0,0,100.0,0,0,100.0,0,1,100.0,1,0,100.0,0,0,100.0,0,0,100.0,0,0,100.0,0,1,100.0,0,0,100.0,0,1,100.0,0,0,100.0,0,0,100.0,0,0,100.0,0,0,100.0,0,0,100.0,0,1,100.0,0,0,100.0,0,1,100.0,1,0,100.0,0,0,100.0,0,0,100.0,0,0,100.0,0,0,100.0,0,0,100.0,0,0,100.0,0,0,100.0,0,0,100.0,0,0,100.0,0,0,100.0,0,1,100.0,0,0,100.0,0,0,100.0,0,0,100.0,0,0,100.0,0,1,100.0,0,0,100.0,0,0,100.0,0,1,100.0,0,0,100.0,0,1,100.0,0,0,100.0,0,0,100.0,0,,0.0,0,,0.0,1,,0.0,0,,0.0,0,,0.0,0,,0.0,0,,0.0,0,,0.0,1,,0.0,0,,0.0,0,,0.0,0,,0.0,0,,0.0,0,,0.0,0,,0.0,0,,0.0,0,,0.0,0,,0.0,0,,0.0,0,,0.0,0,,0.0,0,,0.0,0,,0.0,0,1,100.0,0,1,100.0,0,1,100.0,0,0,100.0,0,0,100.0,0,0,100.0,0,0,100.0,2.666666667,5,100.0,3,3,100.0,7,4,100.0,1.666666667,2,100.0,2,1,90.0,7,2,100.0,3,5,100.0,3,1,100.0,1,2,100.0,2,1,100.0,-1,2,100.0
Ritual74,0,0,100.0,0,1,100.0,0,0,100.0,1,1,100.0,0,0,100.0,0,1,100.0,0,0,100.0,0,0,100.0,0,0,100.0,0,0,100.0,0,0,100.0,0,0,100.0,0,1,100.0,0,1,100.0,0,1,100.0,2,,0.0,3,3,100.0,0,0,100.0,0,1,100.0,0,0,100.0,0,1,100.0,1,0,100.0,0,0,100.0,0,0,100.0,0,1,100.0,5,5,100.0,5,5,100.0,1,1,100.0,1,1,100.0,1,1,100.0,1,1,100.0,1,1,100.0,0,0,100.0,0,0,100.0,0,1,100.0,0,0,100.0,0,0,100.0,0,1,100.0,0,0,100.0,0,1,100.0,0,0,100.0,0,0,100.0,0,0,100.0,0,0,100.0,0,0,100.0,0,0,100.0,0,0,100.0,0,0,100.0,0,1,100.0,0,1,100.0,0,0,100.0,0,0,100.0,0,0,100.0,0,0,100.0,0,0,100.0,0,0,100.0,0,0,100.0,0,0,100.0,0,0,100.0,0,0,100.0,0,0,100.0,0,1,100.0,0,0,100.0,0,0,100.0,0,0,100.0,0,0,100.0,0,1,100.0,0,0,100.0,0,0,100.0,0,0,100.0,0,0,100.0,0,1,100.0,0,1,100.0,0,1,100.0,1,,0.0,0,,0.0,0,,0.0,0,,0.0,0,,0.0,1,,0.0,1,,0.0,0,,0.0,0,,0.0,0,,0.0,0,,0.0,0,,0.0,0,,0.0,0,,0.0,0,,0.0,0,,0.0,1,,0.0,0,,0.0,0,,0.0,0,,0.0,0,,0.0,0,,0.0,0,,0.0,0,1,100.0,0,1,100.0,0,1,100.0,0,0,100.0,0,0,100.0,0,0,100.0,0,1,100.0,3.0,3,100.0,4,2,100.0,7,4,100.0,2.666666667,2,100.0,4,1,100.0,3,5,100.0,4,5,100.0,2,3,100.0,1,2,100.0,2,1,100.0,-1,2,100.0
Ritual75,0,0,60.0,0,0,100.0,0,0,100.0,1,1,100.0,0,0,100.0,0,1,100.0,0,0,100.0,0,0,100.0,0,0,100.0,0,0,100.0,0,0,100.0,0,0,100.0,0,1,100.0,0,1,100.0,0,1,100.0,2,,0.0,3,1,100.0,0,0,100.0,0,1,100.0,0,0,100.0,1,1,100.0,1,0,100.0,0,0,100.0,0,0,100.0,0,0,100.0,5,5,100.0,5,5,100.0,0,0,100.0,0,0,100.0,0,0,100.0,0,0,100.0,0,0,100.0,0,0,100.0,0,0,100.0,0,0,100.0,0,0,100.0,0,0,100.0,0,0,100.0,0,0,100.0,0,1,100.0,0,0,100.0,0,0,100.0,0,0,100.0,0,0,100.0,0,0,100.0,0,0,100.0,0,0,100.0,0,0,100.0,0,1,100.0,0,1,100.0,0,0,100.0,0,0,100.0,0,0,100.0,0,0,100.0,0,0,100.0,0,0,100.0,0,0,100.0,0,0,100.0,0,0,100.0,0,0,100.0,0,0,100.0,0,1,100.0,0,0,100.0,0,0,100.0,0,0,100.0,0,0,100.0,0,0,100.0,0,0,100.0,0,0,100.0,0,0,100.0,0,0,100.0,0,0,100.0,0,0,100.0,0,0,100.0,0,,0.0,0,,0.0,1,,0.0,1,,0.0,0,,0.0,0,,0.0,0,,0.0,0,,0.0,0,,0.0,0,,0.0,0,,0.0,1,,0.0,0,,0.0,0,,0.0,0,,0.0,0,,0.0,0,,0.0,0,,0.0,1,,0.0,0,,0.0,0,,0.0,0,,0.0,0,,0.0,0,1,100.0,0,1,100.0,1,1,100.0,0,0,100.0,0,0,100.0,0,1,100.0,0,0,100.0,1.333333333,5,100.0,3,3,100.0,7,4,100.0,0.0,2,100.0,0,3,100.0,-1,2,100.0,3,5,100.0,999,2,100.0,1,1,100.0,2,2,100.0,-1,2,100.0
Ritual76,0,0,100.0,0,0,100.0,0,0,100.0,1,1,100.0,0,1,60.0,0,0,60.0,0,0,100.0,0,0,100.0,0,0,100.0,0,0,100.0,0,0,100.0,0,0,100.0,0,0,100.0,0,1,100.0,1,1,100.0,2,,0.0,3,1,100.0,0,0,100.0,1,1,100.0,0,0,100.0,1,1,100.0,0,0,100.0,0,0,100.0,0,0,100.0,0,0,100.0,6,5,100.0,6,5,100.0,0,0,100.0,0,0,100.0,0,0,100.0,0,0,100.0,0,0,100.0,0,0,100.0,0,0,100.0,0,0,100.0,0,0,100.0,0,0,100.0,1,0,100.0,0,1,100.0,0,1,100.0,0,1,100.0,0,1,100.0,0,1,100.0,0,0,100.0,0,0,100.0,0,0,100.0,0,0,100.0,1,1,100.0,0,0,100.0,0,0,100.0,1,0,100.0,0,0,100.0,0,1,100.0,0,1,100.0,0,0,100.0,0,0,100.0,0,0,100.0,0,0,100.0,0,0,100.0,0,0,100.0,0,0,100.0,0,1,100.0,0,0,100.0,0,0,100.0,0,0,100.0,0,0,100.0,0,0,100.0,0,0,100.0,0,0,100.0,0,1,100.0,0,1,100.0,0,1,100.0,0,0,100.0,0,0,100.0,0,,0.0,0,,0.0,0,,0.0,0,,0.0,0,,0.0,0,,0.0,0,,0.0,1,,0.0,1,,0.0,0,,0.0,1,,0.0,0,,0.0,0,,0.0,1,,0.0,0,,0.0,0,,0.0,1,,0.0,0,,0.0,0,,0.0,0,,0.0,0,,0.0,0,,0.0,0,,0.0,0,0,100.0,0,1,100.0,0,1,100.0,0,1,100.0,0,1,100.0,0,0,100.0,0,0,100.0,2.666666667,5,100.0,1,4,100.0,7,4,100.0,3.0,5,100.0,3,4,100.0,7,2,100.0,3,5,100.0,3,2,100.0,1,2,100.0,2,1,100.0,-1,2,100.0
Ritual77,0,0,100.0,0,0,100.0,0,0,100.0,1,1,100.0,0,1,100.0,0,1,100.0,0,0,100.0,0,0,100.0,0,0,100.0,0,0,100.0,0,0,100.0,0,0,90.0,0,1,100.0,0,1,100.0,0,1,100.0,3,,0.0,3,1,100.0,0,0,100.0,1,1,100.0,1,0,100.0,1,1,100.0,0,0,100.0,0,0,100.0,0,0,100.0,0,0,100.0,5,5,100.0,5,5,100.0,0,0,100.0,0,1,100.0,0,0,100.0,0,1,100.0,0,0,100.0,0,0,100.0,0,0,100.0,0,1,100.0,0,0,100.0,0,0,100.0,0,1,100.0,0,1,100.0,0,1,100.0,0,1,100.0,0,1,100.0,0,1,100.0,0,0,100.0,0,0,100.0,0,1,100.0,0,0,100.0,1,1,100.0,0,0,100.0,0,1,100.0,1,0,100.0,0,1,100.0,0,0,100.0,0,0,100.0,0,0,100.0,0,0,100.0,0,0,100.0,0,0,100.0,0,0,100.0,0,0,100.0,0,0,100.0,0,1,100.0,0,0,100.0,0,0,100.0,0,0,100.0,0,0,100.0,0,1,100.0,0,0,100.0,0,0,100.0,0,1,100.0,0,1,100.0,0,1,100.0,0,0,100.0,0,1,100.0,0,1,100.0,0,1,100.0,0,1,100.0,0,0,100.0,0,1,100.0,0,0,100.0,0,1,100.0,1,1,100.0,0,1,100.0,0,0,100.0,0,1,100.0,0,1,100.0,0,0,100.0,1,1,100.0,0,1,100.0,0,0,100.0,0,0,100.0,0,1,100.0,0,1,100.0,0,0,100.0,0,1,100.0,1,1,100.0,1,1,100.0,0,1,100.0,0,1,100.0,0,1,100.0,0,1,100.0,0,1,100.0,0,0,100.0,0,1,100.0,2.666666667,3,100.0,4,3,100.0,7,4,100.0,0.0,2,100.0,0,2,100.0,-1,4,100.0,3,5,100.0,3,2,100.0,1,2,100.0,2,1,100.0,-1,2,100.0
Ritual78,0,0,100.0,0,0,100.0,0,0,100.0,1,1,100.0,0,0,100.0,0,1,100.0,0,0,100.0,0,0,100.0,0,0,100.0,0,0,100.0,0,0,100.0,0,0,100.0,0,0,100.0,0,1,100.0,0,0,100.0,2,,0.0,3,1,100.0,0,0,100.0,1,1,100.0,0,0,100.0,1,1,100.0,0,0,100.0,0,0,100.0,0,0,100.0,0,0,100.0,999,5,100.0,3,5,100.0,0,1,100.0,1,1,100.0,0,1,100.0,0,1,100.0,0,0,100.0,0,0,100.0,0,0,100.0,0,1,100.0,0,0,100.0,0,0,100.0,0,0,100.0,0,0,100.0,0,1,100.0,0,1,100.0,1,1,100.0,0,1,100.0,0,0,100.0,0,1,100.0,0,0,100.0,0,0,100.0,1,1,100.0,0,1,100.0,0,1,100.0,1,0,100.0,0,1,100.0,0,0,100.0,0,0,100.0,0,0,100.0,0,0,100.0,0,0,100.0,0,0,100.0,0,0,100.0,0,0,100.0,0,0,100.0,0,1,100.0,0,0,100.0,0,0,100.0,0,0,100.0,0,0,100.0,0,1,100.0,0,0,100.0,0,0,100.0,0,1,100.0,0,0,100.0,0,0,100.0,0,0,100.0,0,0,100.0,0,,0.0,0,,0.0,0,,0.0,0,,0.0,0,,0.0,0,,0.0,0,,0.0,1,,0.0,0,,0.0,0,,0.0,0,,0.0,0,,0.0,0,,0.0,0,,0.0,0,,0.0,0,,0.0,0,,0.0,0,,0.0,0,,0.0,0,,0.0,0,,0.0,1,,0.0,1,,0.0,0,1,100.0,0,1,100.0,0,1,100.0,0,1,100.0,0,1,100.0,0,0,100.0,0,1,100.0,1.333333333,5,100.0,1,4,100.0,7,4,100.0,0.0,0,100.0,1,0,100.0,7,2,100.0,2,5,100.0,3,2,100.0,1,2,100.0,2,1,100.0,-1,1,100.0
Ritual79,0,0,100.0,0,0,100.0,0,0,100.0,1,1,100.0,0,0,100.0,0,1,100.0,0,0,100.0,0,0,100.0,0,0,100.0,0,0,100.0,0,0,100.0,0,0,100.0,0,0,100.0,0,1,100.0,0,1,100.0,2,,0.0,3,1,100.0,0,0,100.0,0,0,100.0,0,0,100.0,0,1,100.0,0,0,100.0,0,0,100.0,0,0,100.0,0,0,100.0,999,5,100.0,5,5,100.0,0,0,100.0,0,0,100.0,0,0,100.0,0,0,100.0,0,0,100.0,0,0,100.0,0,0,100.0,0,0,100.0,0,0,100.0,0,0,100.0,0,0,100.0,0,0,100.0,0,0,100.0,0,0,100.0,0,0,100.0,0,0,100.0,0,0,100.0,0,0,100.0,0,0,100.0,0,0,100.0,0,0,100.0,0,0,100.0,0,1,100.0,0,0,100.0,0,0,100.0,0,0,100.0,0,0,100.0,0,0,100.0,0,0,100.0,0,0,100.0,0,0,100.0,0,0,100.0,0,0,100.0,0,0,100.0,0,0,100.0,0,0,100.0,0,0,100.0,0,0,100.0,0,0,100.0,0,0,100.0,0,0,100.0,0,0,100.0,0,0,100.0,0,0,100.0,0,0,100.0,0,0,100.0,0,0,100.0,0,,0.0,0,,0.0,0,,0.0,0,,0.0,0,,0.0,0,,0.0,0,,0.0,1,,0.0,0,,0.0,0,,0.0,0,,0.0,1,,0.0,0,,0.0,1,,0.0,0,,0.0,0,,0.0,0,,0.0,0,,0.0,0,,0.0,0,,0.0,0,,0.0,0,,0.0,1,,0.0,0,0,100.0,0,1,100.0,0,1,100.0,0,0,100.0,0,0,100.0,0,0,100.0,0,0,100.0,1.333333333,0,100.0,999,0,100.0,7,3,100.0,0.0,0,100.0,999,0,100.0,-1,3,100.0,2,5,100.0,999,2,100.0,1,1,60.0,2,2,60.0,-1,1,100.0
Ritual80,0,0,100.0,0,0,100.0,0,0,100.0,1,1,100.0,0,0,100.0,0,1,100.0,0,0,100.0,0,0,100.0,1,1,100.0,0,0,100.0,0,0,100.0,0,0,100.0,0,0,100.0,0,1,100.0,0,0,100.0,2,,0.0,3,1,100.0,0,0,100.0,1,0,100.0,1,1,100.0,1,1,100.0,0,0,100.0,0,0,100.0,0,0,100.0,0,0,100.0,5,5,100.0,5,5,100.0,1,1,100.0,0,1,100.0,1,1,100.0,1,1,100.0,0,0,100.0,0,0,100.0,0,0,100.0,0,1,100.0,0,0,100.0,0,0,100.0,0,0,100.0,0,1,100.0,0,1,100.0,0,0,100.0,0,1,100.0,0,1,100.0,0,0,100.0,0,0,100.0,0,0,100.0,0,0,100.0,0,1,100.0,0,0,100.0,0,1,100.0,0,0,100.0,0,1,100.0,0,0,100.0,0,0,100.0,0,0,100.0,0,0,100.0,0,0,100.0,0,0,100.0,0,0,100.0,0,0,100.0,0,0,100.0,0,1,100.0,0,0,100.0,0,0,100.0,0,0,100.0,0,0,100.0,0,1,100.0,0,0,100.0,0,0,100.0,0,1,100.0,0,0,100.0,0,1,100.0,0,0,100.0,0,0,100.0,0,,0.0,0,,0.0,0,,0.0,0,,0.0,0,,0.0,0,,0.0,0,,0.0,1,,0.0,1,,0.0,0,,0.0,0,,0.0,0,,0.0,0,,0.0,0,,0.0,0,,0.0,0,,0.0,1,,0.0,0,,0.0,0,,0.0,0,,0.0,1,,0.0,0,,0.0,0,,0.0,0,1,100.0,1,1,100.0,0,1,100.0,0,1,100.0,0,1,100.0,0,0,100.0,0,0,100.0,2.666666667,5,100.0,3,3,100.0,7,4,100.0,1.666666667,2,100.0,0,2,60.0,1,2,100.0,3,5,100.0,3,2,100.0,1,2,100.0,2,1,100.0,-1,2,100.0
Ritual81,0,0,100.0,0,1,100.0,0,0,100.0,0,1,100.0,0,0,100.0,0,1,100.0,0,0,100.0,0,0,100.0,1,1,100.0,0,0,100.0,0,0,100.0,0,0,100.0,0,0,100.0,0,1,100.0,0,0,100.0,1,,0.0,3,1,100.0,0,0,100.0,0,0,100.0,0,0,100.0,1,1,100.0,0,0,100.0,0,0,100.0,0,0,100.0,0,0,100.0,5,5,100.0,4,5,100.0,1,1,100.0,0,1,100.0,0,0,100.0,0,0,100.0,0,0,100.0,0,1,100.0,0,0,100.0,0,1,100.0,0,0,100.0,0,0,100.0,0,0,100.0,0,0,100.0,0,1,100.0,0,0,100.0,1,1,100.0,0,0,100.0,0,0,100.0,0,0,100.0,0,0,100.0,0,0,100.0,0,1,100.0,0,0,100.0,0,1,100.0,0,0,100.0,0,1,100.0,0,0,100.0,0,0,100.0,0,0,100.0,0,0,100.0,0,0,100.0,0,0,100.0,0,0,100.0,0,0,100.0,0,0,100.0,0,0,100.0,0,0,100.0,0,0,100.0,0,0,100.0,0,0,100.0,0,1,100.0,0,0,100.0,0,0,100.0,0,0,100.0,0,0,100.0,0,1,100.0,0,0,100.0,0,0,100.0,0,,0.0,0,,0.0,0,,0.0,0,,0.0,0,,0.0,0,,0.0,0,,0.0,1,,0.0,0,,0.0,0,,0.0,0,,0.0,0,,0.0,0,,0.0,0,,0.0,0,,0.0,0,,0.0,0,,0.0,0,,0.0,0,,0.0,0,,0.0,0,,0.0,0,,0.0,0,,0.0,0,1,100.0,0,1,100.0,0,1,100.0,0,0,100.0,0,1,100.0,0,0,100.0,0,0,100.0,1.666666667,5,100.0,2,3,100.0,7,4,100.0,0.0,1,100.0,0,2,100.0,-1,2,60.0,999,5,100.0,3,2,100.0,1,2,100.0,2,1,100.0,-1,1,100.0
Ritual82,0,1,100.0,1,0,100.0,0,0,100.0,1,1,100.0,0,0,100.0,0,1,100.0,0,0,100.0,0,0,100.0,0,1,100.0,0,0,100.0,0,0,100.0,0,0,100.0,0,1,100.0,0,1,100.0,0,0,100.0,2,,0.0,3,1,100.0,0,0,100.0,1,0,100.0,1,1,100.0,0,1,100.0,0,0,100.0,0,0,100.0,0,0,100.0,0,1,100.0,6,5,100.0,6,5,100.0,0,0,100.0,0,1,100.0,0,1,100.0,0,0,100.0,0,0,100.0,0,0,100.0,0,0,100.0,0,1,100.0,0,0,100.0,0,0,100.0,0,1,100.0,0,1,100.0,0,1,100.0,0,1,100.0,0,0,50.0,0,1,100.0,0,0,100.0,0,0,100.0,0,0,100.0,0,0,100.0,0,0,100.0,1,1,100.0,0,1,100.0,0,0,100.0,0,0,100.0,0,0,100.0,0,0,100.0,0,0,100.0,0,0,100.0,0,0,100.0,0,0,100.0,0,0,100.0,0,0,100.0,0,0,100.0,0,1,100.0,0,0,100.0,0,0,100.0,0,0,100.0,0,0,100.0,0,1,100.0,0,0,100.0,0,0,100.0,0,1,100.0,0,0,100.0,0,0,100.0,0,0,100.0,0,0,100.0,0,,0.0,0,,0.0,0,,0.0,0,,0.0,0,,0.0,0,,0.0,0,,0.0,1,,0.0,0,,0.0,0,,0.0,0,,0.0,0,,0.0,0,,0.0,0,,0.0,0,,0.0,0,,0.0,0,,0.0,0,,0.0,0,,0.0,0,,0.0,0,,0.0,0,,0.0,1,,0.0,0,1,100.0,0,1,100.0,0,1,100.0,0,0,100.0,0,0,100.0,0,0,100.0,0,1,100.0,2.333333333,3,100.0,4,4,100.0,3,4,100.0,0.0,0,100.0,0,0,100.0,-1,2,100.0,4,5,100.0,999,3,100.0,1,1,100.0,2,2,100.0,-1,1,100.0
Ritual83,0,1,100.0,0,0,100.0,0,0,100.0,0,1,100.0,1,1,100.0,0,1,100.0,0,0,100.0,0,0,100.0,0,1,100.0,0,0,100.0,0,0,100.0,0,0,100.0,0,1,100.0,0,1,100.0,0,1,80.0,2,,0.0,3,1,100.0,0,0,100.0,1,0,100.0,1,1,100.0,1,1,100.0,0,0,100.0,0,0,100.0,0,0,100.0,0,1,90.0,6,5,100.0,6,5,100.0,0,0,100.0,0,0,100.0,0,1,100.0,0,0,100.0,0,0,100.0,0,0,100.0,0,0,100.0,0,0,100.0,0,0,100.0,0,0,100.0,0,0,100.0,0,1,100.0,1,1,100.0,0,0,100.0,0,1,100.0,0,1,100.0,0,0,100.0,0,0,100.0,0,0,100.0,0,0,100.0,0,1,100.0,0,0,100.0,0,1,100.0,0,0,100.0,0,1,100.0,0,0,100.0,0,0,100.0,0,0,100.0,0,0,100.0,0,0,100.0,0,0,100.0,0,0,100.0,0,0,100.0,0,0,100.0,0,1,100.0,0,0,100.0,0,0,100.0,0,0,100.0,0,0,100.0,0,1,100.0,0,0,100.0,0,0,100.0,0,0,100.0,0,0,100.0,0,1,100.0,0,0,100.0,0,0,100.0,0,,0.0,0,,0.0,0,,0.0,0,,0.0,0,,0.0,0,,0.0,0,,0.0,0,,0.0,0,,0.0,0,,0.0,0,,0.0,0,,0.0,0,,0.0,0,,0.0,0,,0.0,0,,0.0,0,,0.0,0,,0.0,0,,0.0,0,,0.0,0,,0.0,0,,0.0,0,,0.0,0,0,100.0,0,1,100.0,0,0,100.0,0,1,100.0,0,1,80.0,0,0,100.0,0,0,80.0,1.666666667,0,100.0,3,0,100.0,2,4,60.0,2.0,0,100.0,1,0,100.0,1,5,60.0,3,5,100.0,3,3,100.0,1,3,100.0,2,1,100.0,-1,2,100.0
Ritual84,0,0,100.0,0,0,100.0,0,0,100.0,1,1,100.0,0,1,100.0,0,1,100.0,0,0,100.0,0,0,100.0,0,0,100.0,0,0,100.0,0,0,100.0,0,0,100.0,0,1,100.0,0,1,100.0,0,1,100.0,1,,0.0,2,1,100.0,0,0,100.0,1,1,100.0,0,0,100.0,1,1,100.0,1,0,100.0,0,0,100.0,0,0,100.0,0,0,100.0,4,5,100.0,4,5,100.0,0,0,100.0,0,0,100.0,0,0,100.0,0,0,100.0,0,0,100.0,0,0,100.0,0,0,100.0,0,0,100.0,0,0,100.0,0,0,100.0,0,0,100.0,0,0,100.0,0,1,100.0,0,0,100.0,0,1,100.0,0,0,100.0,0,0,100.0,0,0,100.0,0,0,100.0,0,0,100.0,0,1,100.0,0,0,100.0,0,1,100.0,0,0,100.0,0,1,100.0,0,0,100.0,0,0,100.0,0,0,100.0,0,0,100.0,0,0,100.0,0,0,100.0,0,0,100.0,0,0,100.0,0,0,100.0,0,1,100.0,0,0,100.0,0,0,100.0,0,0,100.0,0,0,100.0,0,0,100.0,0,0,100.0,0,0,100.0,0,0,100.0,0,0,100.0,0,1,100.0,0,0,100.0,0,0,100.0,0,,0.0,0,,0.0,0,,0.0,0,,0.0,0,,0.0,0,,0.0,0,,0.0,0,,0.0,0,,0.0,0,,0.0,0,,0.0,0,,0.0,0,,0.0,1,,0.0,0,,0.0,0,,0.0,0,,0.0,0,,0.0,0,,0.0,0,,0.0,0,,0.0,0,,0.0,0,,0.0,0,0,100.0,0,1,100.0,0,0,100.0,0,0,60.0,0,1,100.0,0,0,100.0,0,0,100.0,1.0,0,100.0,1,0,100.0,7,2,100.0,0.0,0,100.0,0,0,100.0,-1,2,100.0,1,5,100.0,3,3,100.0,1,2,100.0,2,3,100.0,-1,1,100.0
Ritual85,0,,0.0,0,,0.0,0,,0.0,1,,0.0,0,,0.0,0,,0.0,0,,0.0,0,,0.0,0,,0.0,0,,0.0,0,,0.0,0,,0.0,0,,0.0,0,,0.0,0,,0.0,2,,0.0,3,,0.0,0,,0.0,0,,0.0,0,,0.0,1,,0.0,1,,0.0,0,,0.0,0,,0.0,0,,0.0,5,,0.0,5,,0.0,0,,0.0,0,,0.0,0,,0.0,0,,0.0,0,,0.0,0,,0.0,0,,0.0,0,,0.0,0,,0.0,0,,0.0,0,,0.0,0,,0.0,0,,0.0,0,,0.0,0,,0.0,0,,0.0,0,,0.0,0,,0.0,0,,0.0,0,,0.0,0,,0.0,0,,0.0,0,,0.0,0,,0.0,0,,0.0,0,,0.0,0,,0.0,0,,0.0,0,,0.0,0,,0.0,0,,0.0,0,,0.0,0,,0.0,0,,0.0,0,,0.0,0,,0.0,0,,0.0,0,,0.0,0,,0.0,0,,0.0,0,,0.0,0,,0.0,0,,0.0,0,,0.0,0,,0.0,0,,0.0,0,,0.0,0,,0.0,1,,0.0,0,,0.0,0,,0.0,0,,0.0,0,,0.0,0,,0.0,0,,0.0,0,,0.0,0,,0.0,0,,0.0,0,,0.0,0,,0.0,1,,0.0,0,,0.0,0,,0.0,0,,0.0,0,,0.0,0,,0.0,0,,0.0,0,,0.0,0,,0.0,0,,0.0,0,,0.0,1,,0.0,0,,0.0,0,,0.0,0,,0.0,0,,0.0,0,,0.0,0.0,,0.0,1,,0.0,-1,,0.0,1.0,,0.0,1,,0.0,7,,0.0,1,,0.0,3,,0.0,1,,0.0,2,,0.0,-1,,0.0
Ritual86,0,,0.0,0,,0.0,0,,0.0,1,,0.0,0,,0.0,0,,0.0,0,,0.0,0,,0.0,0,,0.0,0,,0.0,0,,0.0,0,,0.0,0,,0.0,0,,0.0,0,,0.0,2,,0.0,1,,0.0,0,,0.0,0,,0.0,0,,0.0,1,,0.0,0,,0.0,0,,0.0,0,,0.0,0,,0.0,999,,0.0,6,,0.0,0,,0.0,0,,0.0,1,,0.0,1,,0.0,0,,0.0,0,,0.0,0,,0.0,0,,0.0,0,,0.0,0,,0.0,0,,0.0,0,,0.0,0,,0.0,0,,0.0,1,,0.0,0,,0.0,0,,0.0,0,,0.0,0,,0.0,0,,0.0,0,,0.0,0,,0.0,0,,0.0,0,,0.0,0,,0.0,0,,0.0,0,,0.0,0,,0.0,0,,0.0,0,,0.0,0,,0.0,0,,0.0,0,,0.0,0,,0.0,0,,0.0,0,,0.0,0,,0.0,0,,0.0,0,,0.0,0,,0.0,0,,0.0,0,,0.0,0,,0.0,0,,0.0,0,,0.0,0,,0.0,0,,0.0,0,,0.0,0,,0.0,1,,0.0,0,,0.0,0,,0.0,0,,0.0,1,,0.0,0,,0.0,0,,0.0,0,,0.0,0,,0.0,0,,0.0,0,,0.0,1,,0.0,0,,0.0,0,,0.0,0,,0.0,0,,0.0,0,,0.0,0,,0.0,0,,0.0,0,,0.0,0,,0.0,0,,0.0,0,,0.0,0,,0.0,0,,0.0,0,,0.0,0,,0.0,0,,0.0,2.333333333,,0.0,3,,0.0,4,,0.0,1.0,,0.0,0,,0.0,4,,0.0,1,,0.0,3,,0.0,1,,0.0,2,,0.0,-1,,0.0
Ritual87,0,0,100.0,0,0,100.0,0,0,100.0,0,1,100.0,0,0,100.0,0,1,100.0,0,1,100.0,0,0,100.0,1,0,100.0,0,0,100.0,1,1,100.0,0,0,100.0,0,0,100.0,0,1,100.0,0,1,100.0,2,,0.0,2,1,100.0,0,0,100.0,1,1,100.0,0,0,100.0,0,1,100.0,0,0,100.0,0,0,100.0,0,0,100.0,0,0,100.0,7,5,100.0,6,3,100.0,0,0,100.0,0,0,100.0,0,0,100.0,0,1,100.0,0,0,100.0,0,0,100.0,0,0,100.0,0,0,100.0,0,0,100.0,0,0,100.0,0,1,100.0,0,1,100.0,0,1,100.0,0,1,100.0,0,0,100.0,0,1,100.0,0,0,100.0,0,0,100.0,0,0,100.0,0,0,100.0,0,0,100.0,0,1,100.0,0,1,100.0,0,0,100.0,0,1,100.0,0,0,100.0,0,0,100.0,0,0,100.0,0,0,100.0,0,0,100.0,0,0,100.0,0,0,100.0,0,0,100.0,0,0,100.0,0,1,100.0,0,0,100.0,0,0,100.0,0,0,100.0,0,0,100.0,0,1,100.0,0,0,100.0,1,1,100.0,0,1,100.0,1,0,100.0,0,1,100.0,0,0,100.0,0,0,100.0,0,,0.0,0,,0.0,0,,0.0,0,,0.0,0,,0.0,0,,0.0,0,,0.0,0,,0.0,0,,0.0,0,,0.0,0,,0.0,0,,0.0,0,,0.0,0,,0.0,0,,0.0,0,,0.0,0,,0.0,0,,0.0,0,,0.0,0,,0.0,0,,0.0,0,,0.0,0,,0.0,0,1,70.0,0,1,100.0,0,1,100.0,0,0,100.0,0,0,100.0,0,1,100.0,0,1,100.0,3.0,0,100.0,4,0,100.0,7,2,100.0,4.0,0,100.0,4,0,100.0,7,2,100.0,1,5,100.0,999,3,100.0,1,2,80.0,2,1,80.0,-1,1,100.0
Ritual88,0,,0.0,0,,0.0,0,,0.0,0,,0.0,0,,0.0,0,,0.0,0,,0.0,0,,0.0,0,,0.0,0,,0.0,1,,0.0,0,,0.0,0,,0.0,0,,0.0,0,,0.0,1,,0.0,2,,0.0,0,,0.0,0,,0.0,0,,0.0,1,,0.0,0,,0.0,0,,0.0,0,,0.0,0,,0.0,7,,0.0,4,,0.0,0,,0.0,0,,0.0,0,,0.0,0,,0.0,0,,0.0,0,,0.0,0,,0.0,0,,0.0,0,,0.0,0,,0.0,0,,0.0,0,,0.0,0,,0.0,0,,0.0,1,,0.0,0,,0.0,0,,0.0,0,,0.0,0,,0.0,0,,0.0,0,,0.0,0,,0.0,0,,0.0,0,,0.0,0,,0.0,0,,0.0,0,,0.0,0,,0.0,0,,0.0,0,,0.0,0,,0.0,0,,0.0,0,,0.0,0,,0.0,0,,0.0,0,,0.0,0,,0.0,0,,0.0,0,,0.0,0,,0.0,0,,0.0,0,,0.0,0,,0.0,0,,0.0,0,,0.0,0,,0.0,0,,0.0,0,,0.0,0,,0.0,0,,0.0,0,,0.0,0,,0.0,0,,0.0,0,,0.0,0,,0.0,0,,0.0,0,,0.0,0,,0.0,0,,0.0,0,,0.0,1,,0.0,0,,0.0,0,,0.0,0,,0.0,0,,0.0,0,,0.0,0,,0.0,0,,0.0,0,,0.0,0,,0.0,0,,0.0,0,,0.0,0,,0.0,0,,0.0,0,,0.0,0,,0.0,0,,0.0,1.0,,0.0,0,,0.0,3,,0.0,0.0,,0.0,0,,0.0,-1,,0.0,1,,0.0,999,,0.0,1,,0.0,2,,0.0,-1,,0.0
Ritual89,0,,0.0,0,,0.0,0,,0.0,0,,0.0,0,,0.0,0,,0.0,0,,0.0,0,,0.0,0,,0.0,0,,0.0,1,,0.0,0,,0.0,0,,0.0,0,,0.0,0,,0.0,2,,0.0,2,,0.0,0,,0.0,1,,0.0,1,,0.0,0,,0.0,0,,0.0,0,,0.0,0,,0.0,0,,0.0,999,,0.0,6,,0.0,0,,0.0,0,,0.0,0,,0.0,0,,0.0,0,,0.0,0,,0.0,0,,0.0,0,,0.0,0,,0.0,0,,0.0,0,,0.0,0,,0.0,0,,0.0,0,,0.0,0,,0.0,0,,0.0,0,,0.0,0,,0.0,0,,0.0,0,,0.0,0,,0.0,0,,0.0,0,,0.0,0,,0.0,0,,0.0,0,,0.0,0,,0.0,0,,0.0,0,,0.0,0,,0.0,0,,0.0,0,,0.0,0,,0.0,0,,0.0,0,,0.0,0,,0.0,0,,0.0,0,,0.0,0,,0.0,0,,0.0,0,,0.0,0,,0.0,0,,0.0,0,,0.0,0,,0.0,0,,0.0,0,,0.0,0,,0.0,0,,0.0,0,,0.0,0,,0.0,0,,0.0,0,,0.0,0,,0.0,0,,0.0,0,,0.0,0,,0.0,0,,0.0,0,,0.0,0,,0.0,0,,0.0,0,,0.0,0,,0.0,0,,0.0,0,,0.0,0,,0.0,0,,0.0,0,,0.0,0,,0.0,0,,0.0,0,,0.0,1,,0.0,0,,0.0,0,,0.0,0,,0.0,0,,0.0,0,,0.0,1.0,,0.0,1,,0.0,3,,0.0,0.0,,0.0,0,,0.0,-1,,0.0,999,,0.0,999,,0.0,1,,0.0,2,,0.0,-1,,0.0
Ritual90,0,0,100.0,0,0,100.0,0,0,100.0,0,1,100.0,0,0,100.0,0,0,100.0,0,1,100.0,0,0,100.0,0,0,100.0,0,0,100.0,1,1,100.0,0,0,100.0,0,0,100.0,0,1,100.0,0,0,100.0,2,,0.0,3,1,70.0,0,0,100.0,1,1,100.0,0,0,100.0,1,1,100.0,0,0,100.0,0,0,100.0,0,0,100.0,0,1,100.0,7,5,100.0,6,5,100.0,0,0,100.0,0,0,100.0,0,0,100.0,0,0,100.0,0,0,100.0,0,0,100.0,0,0,100.0,0,0,100.0,0,0,100.0,0,0,100.0,0,0,100.0,0,0,100.0,0,1,100.0,0,1,100.0,1,1,100.0,0,1,100.0,0,0,100.0,0,0,100.0,0,0,100.0,0,0,100.0,0,0,100.0,0,0,100.0,0,0,100.0,0,0,100.0,0,0,100.0,0,0,100.0,0,0,100.0,0,0,100.0,0,0,100.0,0,0,100.0,0,0,100.0,0,0,100.0,0,0,100.0,0,0,100.0,0,0,100.0,0,0,100.0,0,0,100.0,0,0,100.0,0,0,100.0,0,0,100.0,0,0,100.0,0,0,100.0,0,0,100.0,1,0,100.0,0,0,80.0,0,0,100.0,0,0,100.0,0,,0.0,0,,0.0,0,,0.0,0,,0.0,0,,0.0,0,,0.0,0,,0.0,0,,0.0,0,,0.0,0,,0.0,0,,0.0,0,,0.0,0,,0.0,0,,0.0,0,,0.0,0,,0.0,0,,0.0,0,,0.0,0,,0.0,0,,0.0,0,,0.0,0,,0.0,0,,0.0,0,1,100.0,0,1,100.0,0,1,100.0,0,0,100.0,0,0,100.0,0,0,100.0,0,0,100.0,1.333333333,0,100.0,1,0,100.0,2,4,100.0,0.0,0,100.0,0,0,100.0,-1,5,100.0,1,1,90.0,3,3,90.0,1,2,100.0,2,1,100.0,-1,1,100.0
Ritual91,0,11,100.0,0,0,100.0,0,0,100.0,0,1,100.0,0,0,100.0,0,0,100.0,0,1,100.0,0,0,100.0,0,0,100.0,0,0,100.0,1,1,100.0,0,0,100.0,0,0,100.0,0,0,70.0,0,0,100.0,2,,0.0,3,3,100.0,0,0,100.0,1,1,100.0,0,0,100.0,1,1,100.0,0,0,100.0,0,0,100.0,0,0,100.0,0,0,100.0,6,5,100.0,6,5,100.0,0,0,100.0,0,0,100.0,0,0,100.0,0,0,100.0,0,0,100.0,0,0,100.0,0,0,100.0,0,0,100.0,0,0,100.0,0,0,100.0,0,0,100.0,0,0,100.0,0,1,100.0,0,0,100.0,0,0,100.0,0,0,100.0,0,0,100.0,0,0,100.0,0,0,100.0,0,0,100.0,1,1,100.0,0,0,100.0,0,0,100.0,0,0,100.0,0,0,100.0,0,0,100.0,0,0,100.0,0,0,100.0,0,0,100.0,0,0,100.0,0,0,100.0,0,0,100.0,0,0,100.0,0,0,100.0,0,0,100.0,0,0,100.0,0,0,100.0,0,0,100.0,0,0,100.0,0,0,100.0,0,0,100.0,0,0,100.0,0,0,100.0,0,0,100.0,0,0,100.0,0,0,100.0,0,0,100.0,0,,0.0,0,,0.0,0,,0.0,0,,0.0,0,,0.0,0,,0.0,0,,0.0,0,,0.0,0,,0.0,0,,0.0,0,,0.0,0,,0.0,0,,0.0,1,,0.0,0,,0.0,0,,0.0,0,,0.0,0,,0.0,0,,0.0,0,,0.0,0,,0.0,0,,0.0,0,,0.0,0,1,100.0,0,1,100.0,0,1,100.0,0,0,100.0,0,1,100.0,0,0,100.0,0,0,100.0,2.333333333,3,100.0,3,2,100.0,7,4,100.0,0.0,1,100.0,0,2,100.0,-1,2,100.0,2,5,100.0,999,2,100.0,1,2,100.0,2,2,90.0,-1,1,100.0
Ritual92,0,0,100.0,0,0,100.0,0,0,100.0,1,1,100.0,0,0,100.0,0,1,100.0,0,0,100.0,0,0,100.0,0,0,100.0,0,1,100.0,0,0,100.0,0,0,100.0,1,1,100.0,0,1,100.0,0,0,100.0,4,,0.0,3,1,100.0,0,0,100.0,0,1,100.0,0,0,100.0,0,1,100.0,1,0,100.0,1,0,100.0,0,0,100.0,0,0,100.0,5,5,100.0,5,5,100.0,0,1,100.0,1,1,100.0,1,1,100.0,0,1,100.0,0,0,100.0,0,1,100.0,0,0,100.0,0,1,100.0,1,1,100.0,1,1,100.0,0,0,100.0,0,0,100.0,0,1,100.0,0,0,100.0,0,1,100.0,0,1,100.0,0,0,100.0,0,0,100.0,0,0,100.0,0,0,100.0,1,1,100.0,0,0,100.0,0,1,100.0,0,0,100.0,0,0,100.0,0,0,100.0,0,0,100.0,0,0,100.0,0,0,100.0,0,0,100.0,0,0,100.0,0,0,100.0,0,0,100.0,0,0,100.0,0,1,100.0,0,0,100.0,0,0,100.0,0,0,100.0,0,0,100.0,0,1,100.0,0,0,100.0,0,0,100.0,0,1,100.0,0,0,100.0,0,0,100.0,0,0,100.0,0,0,100.0,0,,0.0,0,,0.0,0,,0.0,0,,0.0,0,,0.0,0,,0.0,1,,0.0,0,,0.0,0,,0.0,0,,0.0,0,,0.0,0,,0.0,0,,0.0,0,,0.0,0,,0.0,0,,0.0,0,,0.0,0,,0.0,0,,0.0,0,,0.0,0,,0.0,0,,0.0,0,,0.0,0,1,100.0,1,1,100.0,1,1,100.0,0,0,100.0,0,1,100.0,0,0,100.0,0,0,100.0,3.0,5,100.0,4,4,100.0,7,4,100.0,0.0,2,100.0,0,3,100.0,-1,2,100.0,999,5,100.0,999,2,100.0,1,1,100.0,2,2,100.0,-1,2,100.0
Ritual93,0,0,100.0,0,0,100.0,0,0,100.0,1,1,100.0,0,0,100.0,0,1,100.0,0,0,100.0,0,0,100.0,0,0,100.0,0,0,100.0,0,0,100.0,0,0,100.0,0,1,100.0,0,1,100.0,0,0,100.0,1,,0.0,3,1,100.0,0,0,100.0,0,0,100.0,0,0,100.0,1,1,100.0,0,0,100.0,0,0,100.0,0,0,100.0,0,0,100.0,999,5,100.0,5,5,100.0,0,0,100.0,0,0,100.0,0,0,100.0,0,0,100.0,0,0,100.0,0,0,100.0,0,0,100.0,0,0,100.0,0,0,100.0,0,0,100.0,0,0,100.0,0,0,100.0,0,0,100.0,0,0,100.0,0,0,100.0,0,0,100.0,0,0,100.0,0,0,100.0,0,0,100.0,0,0,100.0,0,0,100.0,0,1,100.0,0,1,100.0,0,0,100.0,0,0,100.0,0,0,100.0,0,0,100.0,0,0,100.0,0,0,100.0,0,0,100.0,0,0,100.0,0,0,100.0,0,0,100.0,0,0,100.0,0,0,100.0,0,0,100.0,0,0,100.0,0,0,100.0,0,0,100.0,0,0,100.0,0,0,100.0,0,0,100.0,0,0,100.0,0,0,100.0,0,1,100.0,0,0,100.0,0,0,100.0,0,,0.0,1,,0.0,0,,0.0,0,,0.0,0,,0.0,0,,0.0,0,,0.0,0,,0.0,0,,0.0,0,,0.0,0,,0.0,0,,0.0,0,,0.0,1,,0.0,0,,0.0,0,,0.0,0,,0.0,0,,0.0,0,,0.0,0,,0.0,0,,0.0,0,,0.0,0,,0.0,0,0,100.0,0,1,100.0,0,0,100.0,0,0,100.0,0,0,100.0,0,0,100.0,0,1,100.0,1.333333333,0,100.0,2,0,100.0,3,3,100.0,0.0,0,100.0,0,0,100.0,-1,3,100.0,999,5,100.0,2,2,100.0,1,2,100.0,2,1,100.0,-1,2,100.0
Ritual94,0,0,100.0,0,0,100.0,0,0,100.0,0,1,100.0,0,0,100.0,1,0,100.0,0,0,100.0,0,0,100.0,0,0,100.0,0,1,60.0,0,0,100.0,0,0,100.0,0,0,100.0,0,1,60.0,0,0,100.0,2,,0.0,1,1,100.0,0,0,100.0,1,1,100.0,0,0,100.0,0,1,100.0,1,0,100.0,0,0,100.0,0,0,100.0,0,0,100.0,999,5,100.0,5,5,100.0,0,0,100.0,0,0,100.0,0,1,100.0,0,0,100.0,0,0,100.0,0,0,100.0,0,0,100.0,0,1,100.0,0,0,100.0,0,0,100.0,0,1,100.0,0,0,100.0,0,1,100.0,0,1,100.0,0,0,100.0,0,0,100.0,0,0,100.0,0,0,100.0,0,0,100.0,0,0,100.0,1,1,100.0,0,0,100.0,0,1,100.0,0,0,100.0,0,1,100.0,0,0,100.0,0,0,100.0,0,0,100.0,0,0,100.0,0,0,100.0,0,0,100.0,0,0,100.0,0,0,100.0,0,0,100.0,0,1,100.0,0,0,100.0,0,0,100.0,0,0,100.0,0,0,100.0,0,1,100.0,0,0,100.0,0,0,100.0,0,1,100.0,0,0,100.0,0,0,100.0,0,0,100.0,0,0,100.0,0,,0.0,0,,0.0,0,,0.0,0,,0.0,0,,0.0,0,,0.0,0,,0.0,0,,0.0,0,,0.0,0,,0.0,0,,0.0,0,,0.0,0,,0.0,1,,0.0,0,,0.0,0,,0.0,0,,0.0,0,,0.0,0,,0.0,0,,0.0,0,,0.0,0,,0.0,0,,0.0,0,1,100.0,0,1,100.0,0,1,100.0,0,1,100.0,0,1,100.0,0,0,100.0,0,1,100.0,1.666666667,5,100.0,2,4,100.0,7,4,100.0,0.0,2,60.0,0,2,50.0,-1,2,100.0,999,5,100.0,999,1,100.0,1,1,100.0,2,2,100.0,-1,1,100.0
Ritual98,0,0,100.0,0,0,100.0,0,0,100.0,0,1,100.0,0,0,100.0,0,1,100.0,0,1,100.0,0,0,100.0,0,0,100.0,0,0,100.0,0,0,100.0,0,0,100.0,0,0,100.0,0,1,100.0,0,1,100.0,1,,0.0,3,999,100.0,1,0,100.0,1,1,100.0,1,0,100.0,0,1,100.0,0,0,100.0,1,0,100.0,0,0,100.0,0,0,100.0,999,5,100.0,4,5,100.0,0,0,100.0,0,0,100.0,0,0,100.0,0,0,100.0,0,0,100.0,0,0,100.0,0,0,100.0,0,0,100.0,0,0,100.0,0,0,100.0,0,0,100.0,0,0,100.0,0,0,100.0,0,0,100.0,0,1,100.0,0,0,100.0,0,0,100.0,0,1,100.0,0,0,100.0,0,0,100.0,0,0,100.0,0,0,100.0,0,0,100.0,0,0,100.0,0,0,100.0,0,0,100.0,0,0,100.0,0,0,100.0,0,0,100.0,0,0,100.0,0,0,100.0,0,0,100.0,0,0,100.0,0,0,100.0,0,0,100.0,0,0,100.0,0,0,100.0,0,0,100.0,0,0,100.0,0,0,100.0,0,0,100.0,0,0,100.0,0,0,100.0,0,0,100.0,0,0,100.0,0,0,100.0,0,0,100.0,0,,0.0,0,,0.0,0,,0.0,0,,0.0,0,,0.0,0,,0.0,0,,0.0,0,,0.0,0,,0.0,0,,0.0,0,,0.0,0,,0.0,0,,0.0,1,,0.0,0,,0.0,0,,0.0,0,,0.0,0,,0.0,0,,0.0,0,,0.0,0,,0.0,0,,0.0,0,,0.0,0,0,100.0,0,0,100.0,0,0,100.0,0,0,100.0,0,0,100.0,0,0,100.0,0,0,100.0,1.0,0,100.0,0,0,100.0,1,3,100.0,0.0,0,100.0,0,0,100.0,-1,3,100.0,999,0,100.0,999,1,100.0,1,2,100.0,2,1,100.0,-1,2,100.0
Ritual99,0,,0.0,0,,0.0,0,,0.0,0,,0.0,0,,0.0,0,,0.0,0,,0.0,0,,0.0,0,,0.0,0,,0.0,0,,0.0,0,,0.0,0,,0.0,0,,0.0,0,,0.0,1,,0.0,2,,0.0,0,,0.0,0,,0.0,0,,0.0,0,,0.0,1,,0.0,0,,0.0,0,,0.0,0,,0.0,4,,0.0,4,,0.0,0,,0.0,1,,0.0,0,,0.0,0,,0.0,0,,0.0,0,,0.0,0,,0.0,0,,0.0,0,,0.0,0,,0.0,0,,0.0,0,,0.0,0,,0.0,0,,0.0,0,,0.0,0,,0.0,0,,0.0,0,,0.0,0,,0.0,0,,0.0,0,,0.0,0,,0.0,0,,0.0,0,,0.0,0,,0.0,0,,0.0,0,,0.0,0,,0.0,0,,0.0,0,,0.0,0,,0.0,0,,0.0,0,,0.0,0,,0.0,0,,0.0,0,,0.0,0,,0.0,0,,0.0,0,,0.0,0,,0.0,0,,0.0,0,,0.0,0,,0.0,0,,0.0,0,,0.0,0,,0.0,0,,0.0,0,,0.0,0,,0.0,0,,0.0,0,,0.0,0,,0.0,0,,0.0,0,,0.0,0,,0.0,0,,0.0,0,,0.0,0,,0.0,0,,0.0,0,,0.0,0,,0.0,0,,0.0,0,,0.0,0,,0.0,0,,0.0,0,,0.0,0,,0.0,0,,0.0,0,,0.0,0,,0.0,0,,0.0,0,,0.0,0,,0.0,0,,0.0,0,,0.0,0,,0.0,0,,0.0,1.333333333,,0.0,1,,0.0,7,,0.0,0.0,,0.0,0,,0.0,-1,,0.0,999,,0.0,3,,0.0,1,,0.0,2,,0.0,-1,,0.0
Ritual100,0,0,100.0,0,0,100.0,0,0,100.0,0,1,100.0,0,0,100.0,0,1,100.0,1,1,100.0,0,0,100.0,0,0,100.0,0,0,100.0,0,0,100.0,0,0,100.0,0,0,100.0,0,1,100.0,0,0,100.0,2,,0.0,2,3,100.0,0,0,100.0,0,1,100.0,0,0,100.0,0,1,100.0,1,0,100.0,0,0,100.0,0,0,100.0,0,0,100.0,7,5,100.0,6,5,100.0,0,1,100.0,0,1,100.0,0,0,100.0,0,0,100.0,1,1,100.0,0,0,100.0,0,0,100.0,0,1,100.0,1,0,100.0,0,0,100.0,0,1,100.0,0,0,100.0,0,0,100.0,0,1,100.0,0,0,100.0,0,0,100.0,0,0,100.0,0,0,100.0,0,0,100.0,0,0,100.0,0,0,100.0,0,0,100.0,0,1,100.0,0,0,100.0,0,0,100.0,0,0,100.0,0,0,100.0,0,0,100.0,0,0,100.0,0,0,100.0,0,0,100.0,0,0,100.0,0,0,100.0,0,0,100.0,0,0,100.0,0,0,100.0,0,0,100.0,0,0,100.0,0,0,100.0,0,1,100.0,0,0,100.0,0,0,100.0,0,1,100.0,0,1,100.0,1,1,100.0,0,0,100.0,0,0,100.0,0,,0.0,0,,0.0,0,,0.0,1,,0.0,0,,0.0,0,,0.0,1,,0.0,0,,0.0,0,,0.0,0,,0.0,0,,0.0,0,,0.0,0,,0.0,0,,0.0,0,,0.0,0,,0.0,0,,0.0,0,,0.0,0,,0.0,0,,0.0,0,,0.0,0,,0.0,0,,0.0,1,1,100.0,0,1,100.0,1,1,100.0,0,0,100.0,0,0,100.0,0,1,100.0,0,1,100.0,2.666666667,5,100.0,4,4,100.0,2,4,100.0,3.0,3,100.0,2,2,100.0,2,2,100.0,5,3,100.0,999,2,100.0,4,2,100.0,1,1,100.0,-1,1,100.0
Ritual101,0,1,80.0,0,0,100.0,0,0,100.0,0,1,100.0,0,0,100.0,0,1,100.0,1,1,100.0,0,0,100.0,0,0,100.0,0,0,100.0,0,1,100.0,0,0,100.0,0,1,100.0,0,1,100.0,0,1,100.0,3,,0.0,2,1,100.0,0,0,100.0,0,1,100.0,0,0,100.0,0,1,100.0,1,0,100.0,0,0,100.0,0,0,100.0,0,0,100.0,7,5,100.0,6,5,100.0,1,1,100.0,1,1,100.0,0,1,100.0,0,0,100.0,1,1,100.0,0,1,100.0,0,0,100.0,0,1,100.0,1,0,100.0,0,0,100.0,0,1,100.0,0,0,100.0,0,1,100.0,0,1,100.0,0,0,100.0,0,1,100.0,0,0,100.0,0,1,100.0,0,0,100.0,0,0,100.0,0,0,100.0,0,1,100.0,0,1,100.0,0,0,100.0,0,1,100.0,0,0,100.0,0,0,100.0,0,0,100.0,0,1,100.0,0,0,100.0,0,0,100.0,0,0,100.0,0,0,100.0,0,0,100.0,0,1,100.0,0,0,70.0,0,0,100.0,0,1,100.0,0,1,100.0,0,1,100.0,0,0,100.0,0,0,100.0,1,1,100.0,0,1,100.0,0,1,100.0,0,1,100.0,0,1,100.0,0,1,100.0,0,1,100.0,0,1,100.0,0,0,100.0,0,1,100.0,0,0,100.0,1,1,100.0,0,1,100.0,0,0,100.0,0,0,100.0,0,1,100.0,0,1,100.0,0,0,100.0,0,1,100.0,0,1,100.0,0,1,100.0,0,0,100.0,1,1,100.0,0,1,100.0,0,0,100.0,0,1,100.0,0,1,100.0,0,0,70.0,0,1,100.0,0,1,100.0,1,1,100.0,0,0,100.0,0,0,100.0,0,1,100.0,0,1,100.0,2.333333333,5,100.0,3,4,100.0,3,4,100.0,3.0,3,100.0,1,3,100.0,2,2,100.0,5,5,100.0,999,2,100.0,4,2,100.0,1,2,60.0,-1,1,100.0
Ritual102,0,0,100.0,0,0,100.0,0,0,100.0,0,1,100.0,0,0,100.0,0,0,100.0,1,1,100.0,0,0,100.0,0,0,100.0,0,0,100.0,0,0,100.0,0,0,100.0,0,0,100.0,0,0,100.0,0,0,100.0,2,,0.0,2,1,100.0,0,0,100.0,0,1,100.0,0,0,100.0,0,1,100.0,1,0,100.0,0,0,100.0,0,0,100.0,0,0,100.0,7,5,100.0,6,5,100.0,1,1,100.0,1,1,100.0,0,1,100.0,0,0,100.0,1,0,100.0,0,1,100.0,0,0,100.0,0,0,100.0,0,0,100.0,0,0,100.0,0,0,100.0,0,0,100.0,0,1,100.0,0,0,100.0,0,0,100.0,0,0,100.0,0,0,100.0,0,1,100.0,0,0,100.0,0,0,100.0,0,0,100.0,0,0,100.0,0,1,100.0,0,0,100.0,0,0,100.0,0,0,100.0,0,0,100.0,0,0,100.0,0,0,100.0,0,0,100.0,0,0,100.0,0,0,100.0,0,0,100.0,0,0,100.0,0,1,100.0,0,0,100.0,0,0,100.0,0,0,100.0,0,0,100.0,0,1,100.0,0,0,100.0,0,0,100.0,0,0,100.0,0,0,100.0,0,1,100.0,0,0,100.0,0,0,100.0,0,0,100.0,0,0,100.0,0,0,100.0,0,0,100.0,0,1,100.0,0,0,100.0,0,1,100.0,0,1,100.0,0,0,100.0,0,0,100.0,0,1,100.0,0,0,100.0,0,0,100.0,0,1,100.0,0,0,100.0,0,0,100.0,0,0,100.0,0,0,100.0,0,1,100.0,0,0,100.0,0,1,100.0,0,0,100.0,0,0,100.0,1,1,100.0,0,1,100.0,0,1,100.0,0,0,100.0,0,0,100.0,0,1,100.0,0,0,100.0,2.0,5,100.0,3,4,100.0,7,4,100.0,2.333333333,3,100.0,1,2,90.0,2,2,100.0,2,5,100.0,999,2,100.0,1,2,100.0,1,1,100.0,-1,1,100.0
Ritual103,0,,0.0,0,,0.0,0,,0.0,0,,0.0,0,,0.0,0,,0.0,0,,0.0,0,,0.0,0,,0.0,0,,0.0,0,,0.0,0,,0.0,0,,0.0,0,,0.0,0,,0.0,1,,0.0,3,,0.0,0,,0.0,0,,0.0,0,,0.0,0,,0.0,1,,0.0,0,,0.0,0,,0.0,0,,0.0,999,,0.0,6,,0.0,1,,0.0,1,,0.0,0,,0.0,0,,0.0,0,,0.0,0,,0.0,0,,0.0,0,,0.0,0,,0.0,0,,0.0,0,,0.0,0,,0.0,0,,0.0,0,,0.0,0,,0.0,0,,0.0,0,,0.0,0,,0.0,0,,0.0,0,,0.0,0,,0.0,0,,0.0,0,,0.0,0,,0.0,0,,0.0,0,,0.0,0,,0.0,0,,0.0,0,,0.0,0,,0.0,0,,0.0,0,,0.0,0,,0.0,0,,0.0,0,,0.0,0,,0.0,0,,0.0,0,,0.0,0,,0.0,0,,0.0,0,,0.0,0,,0.0,0,,0.0,0,,0.0,0,,0.0,0,,0.0,0,,0.0,0,,0.0,0,,0.0,0,,0.0,0,,0.0,0,,0.0,0,,0.0,0,,0.0,1,,0.0,0,,0.0,0,,0.0,0,,0.0,0,,0.0,0,,0.0,0,,0.0,0,,0.0,0,,0.0,0,,0.0,0,,0.0,0,,0.0,0,,0.0,0,,0.0,0,,0.0,0,,0.0,0,,0.0,0,,0.0,0,,0.0,0,,0.0,0,,0.0,0,,0.0,0,,0.0,1.333333333,,0.0,2,,0.0,7,,0.0,1.333333333,,0.0,0,,0.0,1,,0.0,999,,0.0,999,,0.0,1,,0.0,2,,0.0,-1,,0.0
Ritual104,0,0,100.0,0,0,100.0,0,0,100.0,0,1,100.0,0,0,100.0,0,0,100.0,1,1,100.0,0,0,100.0,0,0,100.0,0,0,100.0,0,0,100.0,0,0,100.0,0,0,100.0,0,1,100.0,0,0,100.0,2,,0.0,2,2,100.0,0,0,100.0,0,1,100.0,0,0,100.0,0,1,100.0,1,0,100.0,0,0,100.0,0,0,100.0,0,0,100.0,7,5,100.0,6,5,100.0,1,1,100.0,1,1,100.0,0,0,100.0,0,0,100.0,0,1,100.0,0,1,100.0,0,0,100.0,0,1,100.0,0,0,100.0,0,0,100.0,1,1,100.0,0,0,100.0,0,1,100.0,0,1,100.0,0,0,100.0,0,0,100.0,0,0,100.0,0,0,100.0,0,0,100.0,0,0,100.0,0,0,100.0,0,1,100.0,0,1,100.0,0,0,100.0,0,0,100.0,0,0,100.0,0,0,100.0,0,1,100.0,1,1,100.0,0,0,100.0,0,0,100.0,0,0,100.0,0,1,100.0,0,0,100.0,0,1,100.0,0,0,100.0,0,0,100.0,0,0,100.0,0,1,100.0,0,1,100.0,0,0,100.0,0,0,100.0,0,1,100.0,0,1,100.0,1,1,100.0,0,1,100.0,0,1,100.0,1,,0.0,0,,0.0,0,,0.0,0,,0.0,0,,0.0,0,,0.0,0,,0.0,0,,0.0,0,,0.0,0,,0.0,0,,0.0,0,,0.0,0,,0.0,0,,0.0,0,,0.0,0,,0.0,0,,0.0,0,,0.0,0,,0.0,0,,0.0,0,,0.0,0,,0.0,0,,0.0,0,0,100.0,0,1,100.0,0,1,100.0,0,0,100.0,0,0,100.0,0,1,100.0,0,1,100.0,3.0,5,100.0,3,4,100.0,3,4,100.0,3.666666667,4,70.0,2,4,100.0,2,4,100.0,4,5,100.0,999,2,100.0,4,1,100.0,1,2,100.0,-1,1,100.0
Ritual105,0,0,100.0,0,0,100.0,0,0,100.0,0,1,100.0,0,0,100.0,0,1,100.0,1,0,100.0,0,0,100.0,0,0,100.0,0,0,100.0,0,0,100.0,0,0,100.0,0,1,100.0,0,1,100.0,0,0,100.0,2,,0.0,2,1,100.0,0,0,100.0,0,1,100.0,0,0,100.0,0,1,100.0,1,0,100.0,0,0,100.0,0,0,100.0,0,0,100.0,7,5,100.0,6,5,100.0,1,1,100.0,1,1,100.0,0,0,100.0,0,0,100.0,1,0,100.0,0,0,100.0,0,0,100.0,0,1,100.0,0,0,100.0,0,0,100.0,0,1,100.0,0,1,100.0,1,1,100.0,0,0,100.0,0,0,100.0,0,0,100.0,0,0,70.0,0,1,70.0,0,0,100.0,0,0,100.0,0,0,100.0,0,1,100.0,0,1,100.0,0,0,100.0,0,1,100.0,0,0,100.0,0,0,100.0,0,0,100.0,0,0,100.0,0,0,100.0,0,0,100.0,0,0,100.0,0,0,100.0,0,0,100.0,0,1,80.0,0,0,100.0,0,0,100.0,0,0,100.0,0,0,100.0,0,1,100.0,0,0,100.0,0,0,100.0,0,1,100.0,0,0,100.0,0,1,100.0,0,0,100.0,0,0,100.0,0,,0.0,0,,0.0,0,,0.0,0,,0.0,0,,0.0,0,,0.0,0,,0.0,0,,0.0,0,,0.0,0,,0.0,0,,0.0,0,,0.0,0,,0.0,0,,0.0,0,,0.0,0,,0.0,0,,0.0,0,,0.0,0,,0.0,0,,0.0,0,,0.0,0,,0.0,0,,0.0,0,1,100.0,0,1,100.0,0,1,100.0,0,1,100.0,0,0,100.0,0,1,100.0,0,1,80.0,2.666666667,5,100.0,2,3,100.0,7,4,100.0,0.0,1,60.0,0,2,50.0,-1,2,100.0,999,5,100.0,999,2,100.0,4,1,70.0,1,2,70.0,-1,1,100.0
Ritual106,0,0,100.0,0,0,100.0,0,0,100.0,0,1,100.0,0,0,100.0,0,1,100.0,1,1,100.0,0,0,100.0,0,0,100.0,0,0,100.0,0,0,100.0,0,0,100.0,0,0,60.0,0,1,100.0,0,1,100.0,2,,0.0,3,3,100.0,0,0,100.0,0,1,100.0,0,0,100.0,0,1,100.0,1,0,100.0,0,0,100.0,0,0,100.0,0,0,100.0,7,5,100.0,6,5,100.0,0,1,100.0,0,1,100.0,1,1,100.0,0,0,100.0,1,0,100.0,0,0,100.0,0,0,100.0,0,1,100.0,1,1,100.0,0,0,100.0,0,0,100.0,0,1,100.0,1,1,100.0,0,1,100.0,0,1,100.0,0,0,100.0,0,0,100.0,1,1,100.0,0,0,100.0,0,0,100.0,0,0,100.0,0,0,100.0,0,1,100.0,0,0,100.0,0,0,100.0,0,0,100.0,0,0,100.0,0,0,100.0,0,0,100.0,0,0,100.0,0,0,100.0,0,0,100.0,0,0,100.0,0,0,100.0,0,1,100.0,0,0,100.0,0,0,100.0,0,0,100.0,0,0,100.0,0,1,100.0,0,0,100.0,0,0,100.0,0,1,100.0,0,0,100.0,0,1,100.0,0,0,100.0,0,1,100.0,0,,0.0,0,,0.0,0,,0.0,0,,0.0,0,,0.0,0,,0.0,1,,0.0,0,,0.0,0,,0.0,0,,0.0,0,,0.0,0,,0.0,0,,0.0,0,,0.0,0,,0.0,0,,0.0,0,,0.0,0,,0.0,0,,0.0,0,,0.0,0,,0.0,0,,0.0,0,,0.0,0,1,100.0,0,1,100.0,0,1,100.0,0,0,100.0,0,0,100.0,0,1,100.0,0,0,100.0,1.0,5,100.0,2,4,100.0,3,4,100.0,2.333333333,2,100.0,1,2,90.0,2,2,100.0,3,5,100.0,999,2,100.0,999,2,100.0,999,1,100.0,-1,1,100.0
Ritual107,0,1,100.0,0,0,100.0,0,0,100.0,0,1,100.0,0,0,100.0,0,1,100.0,1,1,100.0,0,0,100.0,0,0,100.0,0,0,100.0,0,0,100.0,0,0,100.0,0,0,90.0,0,1,100.0,0,0,100.0,2,,0.0,3,1,100.0,0,0,100.0,0,1,100.0,0,0,100.0,0,1,100.0,1,0,100.0,0,0,100.0,0,0,100.0,0,0,100.0,7,5,100.0,6,5,100.0,1,1,100.0,0,1,100.0,0,1,100.0,0,0,100.0,1,0,100.0,0,0,100.0,0,0,100.0,0,1,100.0,1,1,100.0,0,0,100.0,0,1,100.0,0,1,100.0,0,1,100.0,0,1,100.0,0,1,100.0,0,0,100.0,0,0,100.0,0,1,100.0,0,0,100.0,0,0,100.0,1,1,100.0,0,0,100.0,0,1,100.0,0,0,100.0,0,1,100.0,0,0,100.0,0,0,100.0,0,0,100.0,0,0,100.0,0,0,100.0,0,0,100.0,0,0,100.0,0,0,100.0,0,0,100.0,0,1,100.0,0,1,100.0,0,0,100.0,0,0,100.0,0,1,100.0,0,1,100.0,0,0,60.0,0,0,100.0,0,1,100.0,0,1,100.0,0,1,100.0,0,0,100.0,0,1,100.0,0,,0.0,0,,0.0,0,,0.0,0,,0.0,0,,0.0,0,,0.0,1,,0.0,0,,0.0,0,,0.0,0,,0.0,0,,0.0,0,,0.0,0,,0.0,0,,0.0,0,,0.0,0,,0.0,0,,0.0,1,,0.0,0,,0.0,0,,0.0,0,,0.0,0,,0.0,0,,0.0,0,1,100.0,0,1,100.0,1,1,100.0,0,1,100.0,0,1,100.0,0,0,100.0,0,0,100.0,3.666666667,5,100.0,4,2,100.0,7,4,100.0,0.0,3,100.0,0,2,100.0,-1,2,100.0,999,5,100.0,999,3,100.0,999,2,100.0,999,1,100.0,-1,2,100.0
Ritual108,0,0,100.0,0,0,100.0,0,0,100.0,0,1,100.0,0,0,100.0,0,1,100.0,1,1,100.0,0,0,100.0,0,0,100.0,0,0,100.0,0,0,100.0,0,0,100.0,0,0,100.0,0,1,100.0,0,0,100.0,1,,0.0,2,3,100.0,0,0,100.0,0,1,100.0,1,0,100.0,1,1,100.0,0,0,100.0,0,0,100.0,0,0,100.0,0,0,100.0,7,5,100.0,6,5,100.0,0,1,100.0,0,1,100.0,0,1,100.0,0,0,100.0,1,1,100.0,0,0,100.0,0,0,100.0,0,1,100.0,0,0,100.0,0,0,100.0,0,1,100.0,0,0,100.0,0,0,100.0,0,0,100.0,0,0,100.0,0,0,100.0,0,0,100.0,0,0,100.0,0,0,100.0,0,0,100.0,0,0,100.0,0,1,100.0,0,1,100.0,0,0,100.0,0,0,100.0,0,0,100.0,0,0,100.0,0,0,100.0,0,1,100.0,0,0,100.0,0,0,100.0,0,0,100.0,0,0,100.0,0,0,100.0,0,1,100.0,0,0,100.0,0,0,100.0,0,0,100.0,0,0,100.0,0,1,100.0,0,0,100.0,0,0,100.0,0,1,100.0,0,1,100.0,1,1,100.0,0,0,100.0,0,1,100.0,0,,0.0,0,,0.0,0,,0.0,1,,0.0,0,,0.0,0,,0.0,0,,0.0,0,,0.0,0,,0.0,0,,0.0,1,,0.0,0,,0.0,0,,0.0,0,,0.0,0,,0.0,0,,0.0,0,,0.0,0,,0.0,0,,0.0,0,,0.0,0,,0.0,0,,0.0,0,,0.0,1,1,100.0,0,1,100.0,1,1,100.0,0,0,100.0,0,0,100.0,0,1,100.0,0,1,100.0,3.0,5,100.0,2,3,100.0,3,4,100.0,3.333333333,4,100.0,2,3,100.0,2,2,100.0,1,5,100.0,999,2,100.0,1,2,100.0,2,1,100.0,-1,1,100.0
Ritual109,0,1,100.0,0,0,100.0,0,0,100.0,0,1,100.0,0,0,100.0,0,1,100.0,1,1,100.0,0,0,100.0,0,0,100.0,0,0,100.0,0,0,100.0,0,0,100.0,0,1,100.0,0,1,100.0,0,0,100.0,2,,0.0,2,3,100.0,0,0,100.0,0,1,100.0,0,0,100.0,0,1,100.0,1,0,100.0,0,0,100.0,0,0,100.0,0,0,100.0,7,5,100.0,6,5,100.0,0,1,100.0,1,1,100.0,0,1,100.0,0,0,100.0,0,0,100.0,0,1,100.0,0,0,100.0,0,1,100.0,0,0,100.0,0,0,100.0,0,0,100.0,0,0,100.0,0,1,100.0,0,0,100.0,0,0,100.0,0,0,100.0,0,0,100.0,0,0,100.0,0,0,100.0,0,0,100.0,0,0,100.0,0,1,100.0,0,1,100.0,0,0,100.0,0,0,100.0,0,0,100.0,0,0,100.0,0,0,100.0,0,0,100.0,0,0,100.0,0,0,100.0,0,0,100.0,0,0,100.0,0,0,100.0,0,1,100.0,0,0,100.0,0,0,100.0,0,0,100.0,0,1,100.0,0,1,100.0,0,0,100.0,0,0,100.0,0,1,100.0,0,1,100.0,0,1,100.0,0,0,100.0,0,1,100.0,0,,0.0,1,,0.0,0,,0.0,0,,0.0,0,,0.0,0,,0.0,0,,0.0,0,,0.0,0,,0.0,0,,0.0,0,,0.0,0,,0.0,0,,0.0,0,,0.0,0,,0.0,0,,0.0,0,,0.0,0,,0.0,0,,0.0,0,,0.0,0,,0.0,0,,0.0,0,,0.0,0,1,100.0,0,1,100.0,1,1,100.0,0,0,100.0,0,0,100.0,0,0,100.0,0,1,100.0,1.0,5,100.0,1,4,100.0,7,4,100.0,1.333333333,3,100.0,1,3,100.0,2,2,100.0,2,5,100.0,3,2,70.0,999,2,100.0,1,1,100.0,-1,1,80.0
Ritual110,0,0,80.0,0,0,100.0,0,0,100.0,0,1,100.0,0,0,100.0,0,0,100.0,1,1,100.0,0,0,100.0,0,0,100.0,0,0,100.0,0,0,100.0,0,0,100.0,0,0,100.0,0,1,100.0,0,0,100.0,2,,0.0,2,1,100.0,0,0,100.0,0,1,100.0,0,0,100.0,0,1,100.0,1,0,100.0,0,0,100.0,0,0,100.0,0,0,100.0,7,5,100.0,6,5,100.0,1,1,100.0,1,1,100.0,0,1,100.0,0,0,100.0,0,0,100.0,0,1,100.0,0,0,100.0,0,1,100.0,0,0,100.0,0,0,100.0,0,0,70.0,0,1,100.0,0,1,100.0,0,0,100.0,0,0,100.0,0,1,100.0,0,1,100.0,0,0,100.0,0,0,100.0,0,1,100.0,0,1,100.0,0,0,100.0,0,1,100.0,0,0,100.0,0,0,100.0,0,0,100.0,0,0,100.0,0,0,100.0,0,0,100.0,0,0,100.0,0,1,100.0,0,0,100.0,0,0,100.0,0,0,100.0,0,1,100.0,0,0,100.0,0,0,100.0,0,0,100.0,0,1,100.0,0,1,100.0,0,0,100.0,0,0,100.0,0,1,100.0,0,0,100.0,0,1,100.0,0,0,100.0,0,0,100.0,0,,0.0,0,,0.0,0,,0.0,0,,0.0,0,,0.0,0,,0.0,0,,0.0,0,,0.0,1,,0.0,0,,0.0,0,,0.0,0,,0.0,0,,0.0,0,,0.0,0,,0.0,0,,0.0,0,,0.0,0,,0.0,0,,0.0,0,,0.0,0,,0.0,0,,0.0,0,,0.0,0,1,100.0,0,1,100.0,0,1,100.0,0,1,100.0,0,1,100.0,0,0,100.0,0,0,100.0,0.0,5,100.0,0,4,100.0,-1,4,100.0,2.666666667,2,100.0,2,3,100.0,2,2,100.0,3,5,100.0,999,2,100.0,1,2,100.0,2,1,100.0,-1,1,100.0
Ritual111,0,0,100.0,0,0,100.0,0,0,100.0,0,1,100.0,0,0,100.0,0,0,100.0,0,0,100.0,0,0,100.0,0,0,100.0,0,0,100.0,0,0,100.0,0,0,100.0,0,0,100.0,0,1,100.0,0,0,100.0,1,,0.0,3,1,100.0,0,0,100.0,0,1,100.0,0,0,100.0,1,1,100.0,0,0,100.0,0,0,100.0,0,0,100.0,0,0,100.0,4,5,100.0,4,5,100.0,0,0,100.0,0,0,100.0,0,0,100.0,0,0,100.0,0,0,100.0,0,0,100.0,0,0,100.0,0,0,100.0,0,0,100.0,0,0,100.0,0,0,100.0,0,0,100.0,0,1,100.0,0,0,100.0,0,0,100.0,0,0,100.0,0,1,100.0,0,0,100.0,0,0,100.0,0,0,100.0,0,0,100.0,0,0,100.0,0,0,90.0,0,0,100.0,0,0,100.0,0,0,100.0,0,0,100.0,0,0,100.0,0,0,100.0,0,0,100.0,0,0,100.0,0,0,100.0,0,0,100.0,0,0,100.0,0,1,100.0,0,1,100.0,0,0,100.0,0,0,100.0,0,0,100.0,0,0,100.0,0,0,100.0,0,0,100.0,0,0,100.0,0,0,100.0,0,0,100.0,0,0,100.0,0,0,100.0,0,,0.0,0,,0.0,0,,0.0,0,,0.0,0,,0.0,0,,0.0,0,,0.0,0,,0.0,0,,0.0,0,,0.0,0,,0.0,0,,0.0,0,,0.0,0,,0.0,0,,0.0,0,,0.0,0,,0.0,0,,0.0,0,,0.0,0,,0.0,0,,0.0,0,,0.0,0,,0.0,0,1,100.0,1,1,100.0,0,0,100.0,0,0,100.0,0,0,100.0,0,0,100.0,0,1,100.0,2.666666667,0,100.0,2,0,100.0,2,3,100.0,0.0,0,100.0,0,0,100.0,-1,3,100.0,999,3,90.0,999,1,100.0,1,2,100.0,2,1,100.0,-1,1,100.0
Ritual112,0,0,100.0,0,0,100.0,0,0,100.0,1,1,100.0,0,0,100.0,0,1,100.0,0,0,100.0,0,0,100.0,0,0,100.0,0,0,100.0,0,0,100.0,0,0,100.0,0,0,100.0,0,1,100.0,0,1,100.0,1,,0.0,3,1,100.0,0,0,100.0,1,0,100.0,0,1,100.0,0,1,100.0,0,0,100.0,0,0,100.0,0,0,100.0,0,0,100.0,999,5,100.0,4,5,100.0,0,0,100.0,0,0,100.0,0,0,100.0,0,0,100.0,0,0,100.0,0,0,100.0,0,0,100.0,0,0,100.0,0,0,100.0,0,0,100.0,0,0,100.0,0,0,100.0,0,0,100.0,0,0,100.0,0,0,100.0,0,0,100.0,0,1,100.0,0,0,100.0,0,0,100.0,0,0,100.0,0,0,100.0,0,1,100.0,0,0,100.0,0,0,100.0,0,0,100.0,0,0,100.0,0,0,100.0,0,0,100.0,0,0,100.0,0,0,100.0,0,0,100.0,0,0,100.0,0,0,100.0,0,0,100.0,0,1,100.0,0,0,100.0,0,0,100.0,0,0,100.0,0,0,100.0,0,0,100.0,0,0,100.0,0,0,100.0,0,0,100.0,0,0,100.0,0,1,100.0,0,0,100.0,0,0,100.0,0,,0.0,0,,0.0,0,,0.0,0,,0.0,0,,0.0,0,,0.0,0,,0.0,0,,0.0,0,,0.0,0,,0.0,0,,0.0,0,,0.0,0,,0.0,0,,0.0,0,,0.0,0,,0.0,0,,0.0,0,,0.0,1,,0.0,0,,0.0,0,,0.0,0,,0.0,0,,0.0,0,0,100.0,0,0,100.0,0,0,100.0,0,1,100.0,0,0,100.0,0,1,100.0,0,0,100.0,4.333333333,0,100.0,2,0,100.0,1,4,100.0,0.0,0,100.0,0,0,100.0,-1,4,80.0,999,5,100.0,3,3,100.0,1,2,60.0,2,1,100.0,-1,2,100.0
Ritual113,0,0,100.0,0,0,100.0,0,0,100.0,1,1,100.0,0,1,100.0,0,0,100.0,0,0,100.0,0,0,100.0,0,0,100.0,0,0,100.0,0,0,100.0,0,0,100.0,0,0,100.0,0,1,100.0,0,0,100.0,2,,0.0,3,1,100.0,0,0,100.0,1,1,100.0,0,0,100.0,0,1,100.0,0,0,100.0,0,0,100.0,0,0,100.0,0,0,100.0,999,5,100.0,3,5,100.0,0,0,100.0,0,0,100.0,0,0,100.0,0,0,100.0,0,0,100.0,0,0,100.0,0,0,100.0,0,0,100.0,0,0,100.0,0,0,100.0,0,0,100.0,0,1,100.0,1,1,100.0,0,1,100.0,0,0,100.0,0,0,100.0,0,0,100.0,0,0,100.0,0,0,100.0,0,0,100.0,0,0,100.0,0,0,100.0,0,1,100.0,0,0,100.0,0,0,100.0,0,0,100.0,0,0,100.0,0,0,100.0,0,1,100.0,0,0,100.0,0,0,100.0,0,0,100.0,0,0,100.0,0,0,100.0,0,1,100.0,0,0,100.0,0,0,100.0,0,0,100.0,0,0,100.0,0,0,100.0,0,0,100.0,0,0,100.0,0,1,100.0,0,0,100.0,0,1,100.0,0,0,100.0,0,0,100.0,0,,0.0,0,,0.0,0,,0.0,0,,0.0,0,,0.0,0,,0.0,0,,0.0,0,,0.0,0,,0.0,0,,0.0,0,,0.0,0,,0.0,0,,0.0,0,,0.0,0,,0.0,0,,0.0,0,,0.0,0,,0.0,0,,0.0,0,,0.0,0,,0.0,0,,0.0,0,,0.0,0,0,100.0,0,1,100.0,0,0,100.0,0,1,100.0,0,0,100.0,1,1,100.0,0,0,100.0,1.0,5,100.0,1,3,100.0,1,4,100.0,0.0,2,100.0,0,2,100.0,),4,100.0,999,5,100.0,999,2,100.0,1,1,100.0,2,2,100.0,-1,1,100.0
Ritual114,0,,0.0,0,,0.0,0,,0.0,0,,0.0,0,,0.0,0,,0.0,0,,0.0,0,,0.0,0,,0.0,0,,0.0,0,,0.0,1,,0.0,0,,0.0,0,,0.0,0,,0.0,2,,0.0,3,,0.0,0,,0.0,0,,0.0,0,,0.0,0,,0.0,1,,0.0,0,,0.0,0,,0.0,0,,0.0,999,,0.0,6,,0.0,1,,0.0,1,,0.0,1,,0.0,0,,0.0,0,,0.0,1,,0.0,0,,0.0,0,,0.0,0,,0.0,1,,0.0,0,,0.0,0,,0.0,0,,0.0,0,,0.0,0,,0.0,0,,0.0,0,,0.0,0,,0.0,0,,0.0,0,,0.0,0,,0.0,0,,0.0,0,,0.0,0,,0.0,0,,0.0,0,,0.0,0,,0.0,0,,0.0,0,,0.0,0,,0.0,0,,0.0,0,,0.0,0,,0.0,0,,0.0,0,,0.0,0,,0.0,0,,0.0,0,,0.0,0,,0.0,0,,0.0,0,,0.0,0,,0.0,0,,0.0,0,,0.0,0,,0.0,0,,0.0,0,,0.0,0,,0.0,0,,0.0,0,,0.0,0,,0.0,0,,0.0,0,,0.0,0,,0.0,0,,0.0,0,,0.0,0,,0.0,0,,0.0,0,,0.0,0,,0.0,0,,0.0,0,,0.0,0,,0.0,0,,0.0,0,,0.0,0,,0.0,0,,0.0,0,,0.0,0,,0.0,0,,0.0,0,,0.0,0,,0.0,0,,0.0,0,,0.0,0,,0.0,0,,0.0,0,,0.0,3.666666667,,0.0,4,,0.0,7,,0.0,0.0,,0.0,0,,0.0,-1,,0.0,3,,0.0,999,,0.0,1,,0.0,2,,0.0,-1,,0.0
Ritual115,0,,0.0,0,,0.0,0,,0.0,0,,0.0,0,,0.0,0,,0.0,0,,0.0,0,,0.0,0,,0.0,0,,0.0,0,,0.0,1,,0.0,0,,0.0,0,,0.0,0,,0.0,2,,0.0,1,,0.0,0,,0.0,0,,0.0,0,,0.0,1,,0.0,0,,0.0,0,,0.0,0,,0.0,0,,0.0,6,,0.0,6,,0.0,0,,0.0,0,,0.0,0,,0.0,0,,0.0,1,,0.0,0,,0.0,0,,0.0,0,,0.0,0,,0.0,0,,0.0,0,,0.0,0,,0.0,0,,0.0,1,,0.0,0,,0.0,0,,0.0,0,,0.0,0,,0.0,0,,0.0,0,,0.0,0,,0.0,0,,0.0,0,,0.0,0,,0.0,0,,0.0,0,,0.0,0,,0.0,0,,0.0,0,,0.0,0,,0.0,0,,0.0,0,,0.0,0,,0.0,0,,0.0,0,,0.0,0,,0.0,0,,0.0,0,,0.0,0,,0.0,1,,0.0,0,,0.0,0,,0.0,0,,0.0,0,,0.0,0,,0.0,0,,0.0,0,,0.0,0,,0.0,0,,0.0,0,,0.0,0,,0.0,0,,0.0,0,,0.0,0,,0.0,0,,0.0,1,,0.0,0,,0.0,0,,0.0,0,,0.0,0,,0.0,1,,0.0,0,,0.0,0,,0.0,0,,0.0,0,,0.0,0,,0.0,0,,0.0,0,,0.0,0,,0.0,0,,0.0,0,,0.0,1,,0.0,0,,0.0,0,,0.0,0,,0.0,0,,0.0,0,,0.0,2.333333333,,0.0,4,,0.0,2,,0.0,1.333333333,,0.0,0,,0.0,2,,0.0,3,,0.0,999,,0.0,1,,0.0,2,,0.0,-1,,0.0
Ritual116,0,,0.0,0,,0.0,0,,0.0,0,,0.0,0,,0.0,0,,0.0,0,,0.0,0,,0.0,1,,0.0,0,,0.0,0,,0.0,0,,0.0,0,,0.0,0,,0.0,0,,0.0,1,,0.0,3,,0.0,0,,0.0,0,,0.0,0,,0.0,1,,0.0,0,,0.0,0,,0.0,0,,0.0,0,,0.0,2,,0.0,2,,0.0,0,,0.0,0,,0.0,0,,0.0,0,,0.0,0,,0.0,0,,0.0,0,,0.0,0,,0.0,0,,0.0,0,,0.0,0,,0.0,0,,0.0,0,,0.0,0,,0.0,0,,0.0,0,,0.0,0,,0.0,0,,0.0,0,,0.0,0,,0.0,0,,0.0,0,,0.0,0,,0.0,0,,0.0,0,,0.0,0,,0.0,0,,0.0,0,,0.0,0,,0.0,0,,0.0,0,,0.0,0,,0.0,0,,0.0,0,,0.0,0,,0.0,0,,0.0,0,,0.0,0,,0.0,0,,0.0,0,,0.0,0,,0.0,0,,0.0,0,,0.0,0,,0.0,0,,0.0,0,,0.0,0,,0.0,0,,0.0,0,,0.0,0,,0.0,0,,0.0,0,,0.0,0,,0.0,0,,0.0,0,,0.0,0,,0.0,0,,0.0,0,,0.0,0,,0.0,0,,0.0,0,,0.0,0,,0.0,0,,0.0,0,,0.0,0,,0.0,0,,0.0,0,,0.0,0,,0.0,0,,0.0,0,,0.0,0,,0.0,0,,0.0,0,,0.0,0,,0.0,0,,0.0,0,,0.0,0,,0.0,0.6666666667,,0.0,1,,0.0,7,,0.0,1.333333333,,0.0,1,,0.0,7,,0.0,1,,0.0,3,,0.0,1,,0.0,2,,0.0,-1,,0.0
Ritual117,0,,0.0,0,,0.0,0,,0.0,0,,0.0,0,,0.0,0,,0.0,0,,0.0,0,,0.0,0,,0.0,0,,0.0,0,,0.0,1,,0.0,0,,0.0,0,,0.0,0,,0.0,1,,0.0,3,,0.0,0,,0.0,0,,0.0,0,,0.0,0,,0.0,1,,0.0,0,,0.0,0,,0.0,0,,0.0,7,,0.0,6,,0.0,0,,0.0,0,,0.0,0,,0.0,0,,0.0,1,,0.0,0,,0.0,0,,0.0,0,,0.0,0,,0.0,1,,0.0,0,,0.0,0,,0.0,0,,0.0,0,,0.0,0,,0.0,0,,0.0,0,,0.0,0,,0.0,0,,0.0,0,,0.0,0,,0.0,0,,0.0,0,,0.0,0,,0.0,0,,0.0,0,,0.0,0,,0.0,0,,0.0,0,,0.0,0,,0.0,0,,0.0,0,,0.0,0,,0.0,0,,0.0,0,,0.0,0,,0.0,0,,0.0,0,,0.0,0,,0.0,0,,0.0,0,,0.0,0,,0.0,0,,0.0,0,,0.0,0,,0.0,1,,0.0,0,,0.0,1,,0.0,0,,0.0,0,,0.0,0,,0.0,0,,0.0,0,,0.0,0,,0.0,0,,0.0,0,,0.0,0,,0.0,0,,0.0,0,,0.0,0,,0.0,0,,0.0,0,,0.0,0,,0.0,0,,0.0,0,,0.0,0,,0.0,0,,0.0,0,,0.0,0,,0.0,0,,0.0,0,,0.0,0,,0.0,0,,0.0,0,,0.0,0,,0.0,0,,0.0,0,,0.0,0.0,,0.0,0,,0.0,-1,,0.0,3.0,,0.0,3,,0.0,3,,0.0,999,,0.0,1,,0.0,1,,0.0,2,,0.0,-1,,0.0
Ritual119,0,0,100.0,0,0,100.0,0,0,100.0,1,1,100.0,0,0,100.0,1,1,100.0,0,0,100.0,0,0,100.0,0,0,100.0,0,0,100.0,0,0,100.0,0,0,100.0,0,1,100.0,0,1,100.0,0,1,100.0,2,,0.0,3,1,100.0,0,0,100.0,0,1,100.0,0,0,100.0,0,0,100.0,1,1,100.0,0,0,100.0,0,0,100.0,0,0,100.0,999,5,100.0,5,5,100.0,0,1,100.0,0,1,100.0,1,1,100.0,1,0,100.0,0,0,100.0,0,1,100.0,0,0,100.0,0,1,100.0,1,1,100.0,0,0,100.0,0,0,100.0,0,0,100.0,0,1,100.0,0,0,100.0,0,0,100.0,0,0,100.0,0,0,100.0,0,0,100.0,0,0,100.0,0,0,100.0,0,0,100.0,0,0,100.0,0,1,100.0,0,0,100.0,0,0,100.0,0,0,100.0,0,0,100.0,0,0,100.0,0,0,100.0,0,0,100.0,0,0,100.0,0,0,100.0,0,0,100.0,0,0,100.0,0,0,100.0,0,0,100.0,0,0,100.0,0,0,100.0,0,0,100.0,0,1,100.0,0,0,100.0,0,0,100.0,0,1,100.0,0,0,100.0,0,0,100.0,0,0,100.0,0,0,100.0,0,,0.0,1,,0.0,0,,0.0,0,,0.0,0,,0.0,0,,0.0,0,,0.0,0,,0.0,0,,0.0,0,,0.0,0,,0.0,0,,0.0,0,,0.0,0,,0.0,0,,0.0,0,,0.0,0,,0.0,0,,0.0,0,,0.0,0,,0.0,0,,0.0,0,,0.0,0,,0.0,0,1,100.0,0,1,100.0,0,1,100.0,0,0,100.0,0,0,100.0,0,0,100.0,0,1,60.0,2.333333333,2,100.0,3,3,100.0,3,4,100.0,0.0,0,100.0,0,0,100.0,-1,5,100.0,999,5,100.0,999,2,100.0,1,1,100.0,2,2,100.0,-1,1,100.0
Ritual120a,0,0,100.0,0,0,100.0,0,0,100.0,0,1,100.0,0,1,100.0,0,1,100.0,0,0,100.0,0,0,100.0,0,0,100.0,0,0,100.0,0,0,100.0,1,1,100.0,0,1,100.0,0,1,100.0,0,1,100.0,2,,0.0,3,1,100.0,0,0,100.0,0,1,100.0,1,0,100.0,1,1,100.0,0,0,100.0,0,0,100.0,0,0,100.0,0,0,100.0,7,5,100.0,6,5,100.0,0,0,100.0,0,0,100.0,0,1,100.0,0,0,100.0,0,1,100.0,0,0,100.0,0,0,100.0,0,1,100.0,0,0,100.0,0,0,100.0,0,0,100.0,0,1,100.0,0,1,100.0,0,0,50.0,0,0,80.0,0,1,100.0,0,0,50.0,0,0,100.0,0,0,100.0,0,0,100.0,0,1,100.0,0,0,100.0,0,1,100.0,0,0,100.0,0,0,100.0,0,0,100.0,0,0,100.0,0,0,100.0,0,0,100.0,0,0,100.0,0,0,100.0,0,0,100.0,0,0,100.0,0,0,100.0,0,1,100.0,0,0,100.0,0,0,100.0,0,0,100.0,0,0,100.0,0,1,100.0,0,0,100.0,0,0,100.0,0,1,100.0,0,1,100.0,0,1,100.0,0,0,100.0,0,0,100.0,0,,0.0,0,,0.0,0,,0.0,0,,0.0,0,,0.0,0,,0.0,0,,0.0,1,,0.0,0,,0.0,0,,0.0,0,,0.0,0,,0.0,0,,0.0,0,,0.0,0,,0.0,0,,0.0,0,,0.0,0,,0.0,0,,0.0,0,,0.0,0,,0.0,0,,0.0,0,,0.0,0,0,100.0,0,1,100.0,0,0,100.0,0,0,100.0,0,1,100.0,0,0,100.0,0,0,70.0,0.0,5,100.0,0,3,100.0,-1,2,100.0,3.333333333,4,100.0,2,3,100.0,3,2,100.0,3,5,100.0,1,2,100.0,1,2,80.0,2,1,80.0,-1,2,100.0
Ritual120b,0,0,100.0,0,0,100.0,0,1,100.0,0,0,100.0,0,1,100.0,0,1,100.0,0,0,100.0,0,0,100.0,0,1,100.0,0,0,100.0,0,0,100.0,1,1,100.0,0,1,100.0,0,1,100.0,0,0,100.0,2,,0.0,3,1,100.0,0,0,100.0,0,1,100.0,1,0,100.0,1,1,100.0,0,0,100.0,0,0,100.0,0,0,100.0,0,0,100.0,7,5,100.0,6,5,100.0,0,0,100.0,0,1,100.0,0,0,100.0,0,0,100.0,0,1,100.0,0,0,100.0,0,0,100.0,0,0,100.0,0,0,100.0,0,0,100.0,0,0,100.0,0,0,100.0,0,1,100.0,0,0,100.0,0,0,100.0,0,1,100.0,0,1,100.0,0,0,100.0,0,0,100.0,0,0,100.0,0,0,100.0,0,0,100.0,0,1,100.0,0,0,100.0,0,0,100.0,0,0,100.0,0,0,100.0,0,0,100.0,0,0,100.0,0,0,100.0,0,1,100.0,0,0,100.0,0,0,100.0,0,0,100.0,0,1,100.0,0,0,100.0,0,0,100.0,0,0,100.0,0,0,100.0,0,0,70.0,0,0,100.0,0,0,100.0,0,1,100.0,0,0,100.0,0,1,100.0,0,0,100.0,0,0,100.0,0,,0.0,0,,0.0,0,,0.0,0,,0.0,0,,0.0,0,,0.0,0,,0.0,1,,0.0,0,,0.0,0,,0.0,0,,0.0,0,,0.0,0,,0.0,0,,0.0,0,,0.0,0,,0.0,0,,0.0,0,,0.0,0,,0.0,0,,0.0,0,,0.0,0,,0.0,0,,0.0,0,0,100.0,0,1,100.0,0,1,100.0,0,0,100.0,0,0,100.0,0,1,100.0,0,1,100.0,0.0,2,100.0,0,3,100.0,-1,4,100.0,3.333333333,4,100.0,2,3,100.0,3,2,60.0,3,5,100.0,1,3,60.0,1,2,100.0,2,1,100.0,-1,1,80.0
Ritual121,0,0,100.0,0,0,100.0,0,0,100.0,0,1,100.0,0,0,100.0,1,1,100.0,0,0,100.0,0,0,100.0,0,0,100.0,0,0,100.0,0,0,100.0,0,0,100.0,0,1,100.0,0,1,100.0,0,0,100.0,2,,0.0,3,1,100.0,0,0,100.0,0,1,100.0,0,0,100.0,1,1,100.0,1,0,100.0,0,0,100.0,0,0,100.0,0,0,100.0,6,5,100.0,6,5,100.0,0,1,100.0,0,1,100.0,1,1,100.0,0,0,100.0,0,1,100.0,1,1,100.0,0,0,100.0,0,1,100.0,0,0,100.0,0,0,100.0,0,1,100.0,0,1,100.0,0,1,100.0,0,0,100.0,1,1,100.0,0,1,100.0,0,0,100.0,0,0,100.0,0,0,100.0,0,0,100.0,0,0,100.0,0,1,100.0,1,1,100.0,0,0,100.0,0,0,100.0,0,0,100.0,0,0,100.0,0,0,100.0,0,1,100.0,0,0,100.0,0,0,100.0,0,0,100.0,0,0,100.0,0,0,100.0,0,1,100.0,0,0,100.0,0,0,100.0,0,0,100.0,0,0,100.0,0,1,100.0,0,0,100.0,0,1,100.0,0,1,100.0,0,1,100.0,0,1,100.0,0,1,100.0,0,0,100.0,0,,0.0,0,,0.0,0,,0.0,0,,0.0,0,,0.0,0,,0.0,0,,0.0,1,,0.0,0,,0.0,0,,0.0,0,,0.0,0,,0.0,0,,0.0,1,,0.0,0,,0.0,0,,0.0,0,,0.0,0,,0.0,0,,0.0,1,,0.0,0,,0.0,0,,0.0,0,,0.0,0,1,100.0,0,1,100.0,1,1,100.0,0,0,100.0,0,0,100.0,0,1,100.0,0,1,100.0,2.666666667,5,100.0,3,4,100.0,3,4,100.0,2.333333333,3,100.0,3,3,100.0,2,2,100.0,3,5,100.0,2,2,100.0,1,2,100.0,2,1,100.0,-1,1,100.0
Ritual122,0,0,100.0,0,0,100.0,0,0,100.0,1,0,100.0,0,1,100.0,0,1,100.0,0,0,100.0,0,0,100.0,0,0,100.0,0,0,100.0,0,0,100.0,0,0,100.0,0,1,100.0,0,1,100.0,0,1,100.0,2,,0.0,1,1,100.0,0,0,100.0,0,1,100.0,0,0,100.0,1,1,100.0,0,0,100.0,0,0,100.0,0,0,100.0,0,0,100.0,999,5,100.0,5,5,100.0,0,0,100.0,0,0,100.0,0,0,100.0,0,0,100.0,0,0,100.0,0,0,100.0,0,0,100.0,0,1,100.0,1,1,100.0,0,0,100.0,0,1,100.0,0,0,100.0,0,1,100.0,0,1,100.0,0,1,100.0,0,1,100.0,0,0,100.0,0,0,100.0,0,0,100.0,0,0,100.0,0,0,100.0,0,0,100.0,0,0,100.0,0,0,100.0,0,0,100.0,0,0,100.0,0,0,100.0,0,0,100.0,0,0,100.0,0,0,100.0,0,0,100.0,0,0,100.0,0,0,100.0,0,0,100.0,0,0,80.0,0,0,100.0,0,0,100.0,0,0,100.0,0,0,100.0,0,0,100.0,0,0,100.0,0,0,100.0,0,1,100.0,0,0,100.0,0,1,100.0,0,0,100.0,0,0,100.0,0,,0.0,1,,0.0,0,,0.0,0,,0.0,0,,0.0,0,,0.0,0,,0.0,0,,0.0,0,,0.0,0,,0.0,0,,0.0,0,,0.0,0,,0.0,0,,0.0,0,,0.0,0,,0.0,0,,0.0,0,,0.0,0,,0.0,0,,0.0,0,,0.0,0,,0.0,0,,0.0,0,0,100.0,0,0,100.0,0,0,100.0,0,0,100.0,0,0,100.0,0,0,100.0,0,1,100.0,1.333333333,0,100.0,1,0,100.0,-1,7,100.0,1.666666667,5,100.0,3,3,100.0,2,7,100.0,2,1,100.0,3,2,100.0,1,2,100.0,2,1,100.0,-1,1,100.0
Ritual123,0,0,100.0,0,0,100.0,0,0,100.0,0,1,100.0,0,0,100.0,0,1,100.0,0,0,100.0,0,0,100.0,0,1,100.0,1,1,100.0,0,0,100.0,0,0,100.0,0,0,100.0,0,1,100.0,0,0,100.0,3,,0.0,3,1,100.0,0,0,100.0,0,1,100.0,0,0,100.0,0,0,100.0,0,1,100.0,0,1,100.0,1,0,100.0,1,0,100.0,6,5,100.0,6,5,100.0,0,0,100.0,0,0,100.0,0,1,100.0,0,0,100.0,0,0,100.0,0,0,100.0,0,0,100.0,0,1,100.0,0,0,100.0,0,0,100.0,1,1,100.0,0,0,100.0,0,1,100.0,0,0,100.0,0,1,100.0,0,1,100.0,0,0,100.0,0,0,100.0,0,0,100.0,0,0,100.0,0,0,100.0,0,1,100.0,0,1,100.0,0,0,100.0,0,0,100.0,0,0,100.0,0,0,100.0,0,0,100.0,0,0,100.0,0,0,100.0,0,0,100.0,0,0,100.0,0,0,100.0,0,0,100.0,0,0,100.0,0,0,100.0,0,0,100.0,0,0,100.0,1,0,100.0,0,1,100.0,0,1,100.0,0,0,100.0,0,1,100.0,0,0,100.0,0,1,100.0,0,0,100.0,0,0,100.0,0,0,100.0,1,1,100.0,1,1,100.0,0,0,100.0,0,1,100.0,0,0,100.0,0,1,100.0,0,0,100.0,0,1,100.0,0,0,100.0,0,0,100.0,0,0,100.0,0,0,100.0,1,1,100.0,1,1,100.0,0,0,100.0,0,0,100.0,0,1,100.0,0,1,100.0,0,0,100.0,0,1,100.0,0,0,100.0,0,0,100.0,0,1,100.0,0,1,100.0,0,1,100.0,0,0,100.0,0,0,100.0,1,1,100.0,0,1,100.0,2.666666667,0,100.0,3,0,100.0,7,7,100.0,0.0,0,100.0,0,0,100.0,-1,7,100.0,3,1,100.0,999,2,100.0,1,1,100.0,2,2,100.0,-1,1,100.0
Ritual124,0,0,100.0,0,0,100.0,0,0,100.0,0,1,100.0,0,0,100.0,1,1,100.0,0,0,100.0,0,0,100.0,0,0,100.0,0,1,100.0,0,0,100.0,1,1,100.0,0,1,100.0,0,1,100.0,0,0,100.0,2,,0.0,3,1,100.0,0,0,100.0,1,1,100.0,0,0,100.0,0,1,100.0,0,0,100.0,0,0,100.0,0,0,100.0,0,0,100.0,6,5,100.0,6,5,100.0,1,0,80.0,1,1,100.0,0,0,100.0,0,1,80.0,0,1,100.0,0,0,100.0,0,1,100.0,0,1,100.0,0,0,100.0,0,0,100.0,1,1,100.0,0,1,100.0,0,1,100.0,0,0,100.0,0,0,100.0,0,0,100.0,0,1,100.0,0,0,100.0,0,0,100.0,0,0,100.0,0,1,100.0,0,0,100.0,0,1,100.0,0,0,100.0,0,0,100.0,0,0,100.0,0,0,100.0,0,0,100.0,0,0,100.0,0,0,100.0,0,0,100.0,0,0,100.0,0,0,100.0,0,0,100.0,0,1,100.0,0,0,100.0,0,0,100.0,0,0,100.0,0,0,100.0,0,0,100.0,0,0,100.0,0,0,100.0,0,0,100.0,0,0,100.0,0,1,100.0,0,0,100.0,0,0,100.0,0,,0.0,1,,0.0,0,,0.0,0,,0.0,0,,0.0,0,,0.0,0,,0.0,0,,0.0,0,,0.0,0,,0.0,0,,0.0,0,,0.0,0,,0.0,0,,0.0,0,,0.0,0,,0.0,0,,0.0,0,,0.0,0,,0.0,0,,0.0,0,,0.0,0,,0.0,0,,0.0,0,1,100.0,0,1,100.0,0,1,100.0,0,0,100.0,0,1,100.0,0,0,100.0,0,1,100.0,1.666666667,1,100.0,4,2,100.0,2,4,100.0,1.666666667,1,100.0,4,1,100.0,2,2,100.0,4,5,100.0,999,3,100.0,3,1,100.0,4,2,100.0,999,2,100.0
Ritual125,0,0,100.0,0,0,100.0,0,0,100.0,1,1,100.0,0,1,100.0,0,1,100.0,0,0,100.0,0,0,100.0,1,1,100.0,0,0,100.0,0,0,100.0,0,0,100.0,0,0,100.0,0,1,100.0,0,0,100.0,2,,0.0,3,1,100.0,0,0,100.0,1,1,100.0,1,0,100.0,0,1,100.0,0,0,100.0,0,0,100.0,0,0,100.0,0,0,100.0,4,5,100.0,6,5,100.0,0,0,100.0,1,1,100.0,0,1,100.0,0,0,100.0,0,1,100.0,0,0,100.0,0,0,100.0,0,0,90.0,0,0,100.0,0,0,100.0,0,1,100.0,0,1,100.0,0,1,100.0,0,1,80.0,0,1,100.0,0,1,100.0,0,0,100.0,0,1,80.0,0,1,100.0,0,1,100.0,0,0,100.0,1,1,100.0,1,1,100.0,0,0,100.0,0,0,100.0,0,0,100.0,0,0,100.0,0,0,100.0,0,0,100.0,0,0,100.0,0,0,100.0,0,0,100.0,0,0,100.0,0,0,100.0,0,1,100.0,0,0,100.0,0,0,100.0,0,0,100.0,0,0,100.0,0,0,100.0,0,0,100.0,0,0,100.0,0,1,100.0,0,1,100.0,0,1,100.0,0,0,100.0,0,1,100.0,0,1,100.0,0,1,100.0,0,0,100.0,0,0,100.0,0,1,100.0,0,0,100.0,0,1,100.0,1,1,100.0,0,0,100.0,0,0,100.0,0,0,100.0,0,0,100.0,0,1,100.0,0,1,100.0,0,0,100.0,0,0,100.0,0,0,100.0,0,1,100.0,0,1,100.0,0,0,100.0,0,0,100.0,0,1,100.0,0,0,100.0,0,0,100.0,0,1,100.0,0,1,100.0,0,0,100.0,0,0,100.0,0,0,60.0,0,1,100.0,0.0,5,100.0,0,3,100.0,-1,2,100.0,3.0,4,100.0,2,3,100.0,3,2,100.0,3,5,100.0,2,2,100.0,1,2,100.0,2,1,100.0,-1,1,100.0
Ritual126,0,0,100.0,0,0,100.0,0,0,100.0,0,1,100.0,1,1,100.0,0,1,100.0,0,0,100.0,0,0,100.0,0,0,100.0,0,0,100.0,0,0,100.0,0,0,100.0,0,1,100.0,0,1,100.0,0,1,100.0,2,,0.0,3,1,100.0,0,0,100.0,1,1,100.0,0,0,100.0,0,1,100.0,0,0,100.0,0,0,100.0,0,0,100.0,0,0,100.0,6,5,100.0,6,5,100.0,0,1,50.0,1,1,100.0,1,1,100.0,0,0,100.0,0,0,100.0,0,0,100.0,0,0,100.0,0,1,100.0,0,0,100.0,1,1,100.0,0,1,100.0,0,1,100.0,0,1,100.0,0,1,100.0,0,1,100.0,0,1,70.0,0,1,100.0,0,0,70.0,0,0,100.0,0,0,100.0,0,0,100.0,0,1,100.0,0,1,100.0,0,0,100.0,0,0,100.0,0,0,100.0,0,0,100.0,0,0,100.0,0,0,100.0,0,0,100.0,0,0,100.0,0,0,100.0,0,0,100.0,0,0,100.0,0,1,100.0,0,0,100.0,0,0,100.0,0,0,100.0,0,0,100.0,0,1,100.0,0,0,100.0,0,0,100.0,0,1,100.0,0,1,100.0,0,1,100.0,0,0,100.0,0,0,100.0,0,,0.0,0,,0.0,0,,0.0,0,,0.0,0,,0.0,0,,0.0,0,,0.0,1,,0.0,0,,0.0,0,,0.0,0,,0.0,1,,0.0,0,,0.0,0,,0.0,0,,0.0,0,,0.0,0,,0.0,0,,0.0,0,,0.0,0,,0.0,0,,0.0,1,,0.0,0,,0.0,0,1,100.0,0,1,100.0,1,1,100.0,0,0,100.0,0,0,100.0,0,0,100.0,0,0,100.0,2.333333333,3,100.0,4,2,100.0,7,4,100.0,0.0,4,100.0,0,3,100.0,-1,2,100.0,5,5,100.0,999,3,100.0,1,2,100.0,2,1,100.0,-1,1,100.0
Ritual127,0,0,100.0,0,0,100.0,0,0,100.0,0,1,100.0,0,1,100.0,0,1,100.0,0,0,100.0,0,0,100.0,0,0,100.0,0,0,100.0,0,0,100.0,0,0,100.0,1,1,100.0,0,1,100.0,0,1,100.0,4,,0.0,3,1,100.0,0,0,100.0,0,1,100.0,0,0,100.0,0,1,100.0,0,0,100.0,0,0,100.0,1,0,100.0,0,1,100.0,6,5,100.0,6,5,100.0,0,0,100.0,0,0,100.0,0,1,100.0,0,0,100.0,0,0,100.0,0,0,100.0,0,0,100.0,0,1,100.0,1,1,100.0,0,0,100.0,0,0,100.0,0,0,100.0,0,1,100.0,0,0,100.0,0,0,100.0,0,0,100.0,0,0,100.0,0,0,100.0,0,0,100.0,0,0,100.0,0,0,100.0,0,0,100.0,0,1,100.0,0,0,100.0,0,0,100.0,0,0,100.0,0,0,100.0,0,0,100.0,0,0,100.0,0,0,100.0,0,0,100.0,0,0,100.0,0,0,100.0,0,0,100.0,0,0,100.0,0,0,100.0,0,0,100.0,0,0,100.0,0,0,100.0,0,0,100.0,0,0,100.0,0,0,100.0,0,0,100.0,0,0,100.0,0,0,100.0,0,0,100.0,0,0,100.0,0,,0.0,0,,0.0,0,,0.0,0,,0.0,0,,0.0,1,,0.0,0,,0.0,0,,0.0,0,,0.0,0,,0.0,0,,0.0,0,,0.0,0,,0.0,0,,0.0,0,,0.0,0,,0.0,0,,0.0,0,,0.0,0,,0.0,0,,0.0,0,,0.0,0,,0.0,0,,0.0,0,0,100.0,0,1,100.0,0,0,100.0,0,0,100.0,0,0,100.0,0,0,100.0,0,0,100.0,1.333333333,0,100.0,3,0,100.0,7,3,100.0,0.0,0,100.0,0,0,100.0,-1,3,100.0,999,5,100.0,999,2,100.0,1,1,100.0,2,2,100.0,-1,2,60.0
Ritual128,0,0,100.0,0,0,100.0,0,1,100.0,0,1,100.0,0,1,100.0,0,1,100.0,0,1,100.0,0,0,100.0,1,1,100.0,0,1,100.0,0,0,100.0,0,0,100.0,0,1,100.0,0,1,100.0,0,0,100.0,2,,0.0,3,1,100.0,0,0,100.0,0,0,100.0,0,1,100.0,1,1,100.0,0,0,100.0,0,0,100.0,0,0,100.0,0,0,100.0,2,5,100.0,3,3,100.0,0,0,100.0,1,0,100.0,1,1,100.0,0,1,100.0,0,0,100.0,0,0,100.0,0,0,100.0,0,0,100.0,0,0,100.0,1,1,100.0,0,1,100.0,0,1,100.0,0,1,100.0,0,0,100.0,0,1,100.0,0,1,100.0,0,0,100.0,0,0,100.0,0,0,100.0,0,0,100.0,0,1,100.0,1,1,100.0,0,1,100.0,0,0,100.0,0,0,100.0,0,0,100.0,0,0,100.0,0,0,100.0,0,0,100.0,0,0,100.0,0,0,100.0,0,0,100.0,0,0,100.0,0,0,100.0,0,1,100.0,0,0,100.0,0,0,100.0,0,0,100.0,0,0,100.0,0,0,100.0,0,0,100.0,0,0,100.0,0,1,100.0,0,0,100.0,0,1,100.0,0,0,100.0,0,0,100.0,0,1,100.0,0,1,100.0,1,1,100.0,0,0,100.0,0,1,100.0,0,0,100.0,1,1,100.0,1,1,100.0,0,0,100.0,0,0,100.0,0,0,100.0,0,0,100.0,0,0,100.0,0,1,100.0,0,1,100.0,0,0,100.0,0,0,100.0,0,1,100.0,0,1,100.0,0,0,100.0,0,1,100.0,0,0,100.0,0,1,100.0,0,1,100.0,0,1,100.0,0,1,100.0,0,0,100.0,0,0,100.0,0,1,100.0,0,1,100.0,2.666666667,2,100.0,4,3,100.0,7,4,100.0,0.0,1,100.0,0,2,100.0,-1,3,100.0,4,5,100.0,2,3,100.0,1,1,100.0,2,2,100.0,-1,1,100.0
Ritual129,0,0,100.0,0,0,100.0,0,0,100.0,0,1,100.0,0,0,100.0,1,1,100.0,0,0,100.0,0,0,100.0,0,0,100.0,0,1,100.0,0,0,100.0,0,0,100.0,0,1,100.0,0,1,100.0,0,0,100.0,2,,0.0,1,1,100.0,1,0,100.0,0,1,60.0,0,0,60.0,0,1,100.0,0,0,100.0,0,0,100.0,0,0,100.0,0,0,100.0,999,5,100.0,5,5,100.0,0,0,100.0,0,0,100.0,0,1,100.0,0,0,100.0,0,0,100.0,0,0,100.0,0,0,100.0,0,0,100.0,0,0,100.0,0,1,100.0,0,0,100.0,0,1,100.0,0,1,100.0,0,0,100.0,0,1,100.0,0,1,100.0,0,0,100.0,0,0,100.0,0,0,100.0,0,0,100.0,0,1,100.0,0,0,100.0,0,1,100.0,0,0,100.0,0,0,100.0,0,0,100.0,0,0,100.0,0,0,100.0,0,0,100.0,0,0,100.0,0,0,100.0,0,0,100.0,0,0,100.0,0,0,100.0,0,1,100.0,0,0,100.0,0,0,100.0,0,0,100.0,0,0,100.0,0,0,100.0,0,0,100.0,0,0,100.0,0,0,100.0,0,0,100.0,0,0,100.0,0,0,100.0,0,0,100.0,0,,0.0,0,,0.0,0,,0.0,0,,0.0,0,,0.0,0,,0.0,0,,0.0,0,,0.0,0,,0.0,0,,0.0,0,,0.0,0,,0.0,0,,0.0,0,,0.0,1,,0.0,0,,0.0,0,,0.0,0,,0.0,0,,0.0,0,,0.0,0,,0.0,0,,0.0,0,,0.0,0,0,100.0,0,1,100.0,0,1,100.0,0,0,100.0,0,0,100.0,0,0,100.0,0,0,100.0,1.0,1,100.0,0,2,100.0,0,4,100.0,0.6666666667,0,100.0,0,0,100.0,1,2,100.0,2,2,100.0,2,1,100.0,1,2,100.0,2,1,100.0,-1,1,100.0
Ritual130,0,1,100.0,0,0,100.0,0,0,100.0,1,1,100.0,0,0,100.0,0,1,100.0,0,0,100.0,0,0,100.0,0,0,100.0,0,0,100.0,0,1,100.0,0,0,100.0,0,0,100.0,0,1,100.0,0,0,100.0,1,,0.0,3,3,100.0,0,0,100.0,1,1,100.0,0,0,100.0,0,1,100.0,0,0,100.0,0,0,100.0,0,0,100.0,0,0,100.0,6,5,100.0,999,5,100.0,0,0,100.0,0,1,100.0,0,0,100.0,0,0,100.0,0,0,100.0,0,0,100.0,0,0,100.0,0,0,100.0,0,0,100.0,0,0,100.0,0,1,100.0,0,0,100.0,0,1,100.0,0,0,100.0,0,1,100.0,0,0,100.0,0,0,100.0,0,0,100.0,0,0,100.0,0,0,100.0,0,1,100.0,0,0,100.0,0,1,100.0,0,0,100.0,0,0,100.0,0,0,100.0,0,0,100.0,0,0,100.0,0,0,100.0,0,0,100.0,0,0,100.0,0,0,100.0,0,0,100.0,0,0,100.0,0,0,100.0,0,0,100.0,0,0,100.0,0,0,100.0,0,0,100.0,0,0,100.0,0,0,100.0,0,0,100.0,0,0,100.0,0,0,100.0,0,1,100.0,0,0,100.0,0,0,100.0,0,1,100.0,1,1,100.0,0,1,100.0,0,1,100.0,0,1,100.0,0,0,100.0,0,1,100.0,0,1,100.0,1,1,100.0,0,0,100.0,0,1,100.0,0,1,100.0,0,0,100.0,1,1,100.0,0,1,100.0,0,0,100.0,1,0,100.0,0,1,100.0,0,1,100.0,0,0,100.0,0,1,100.0,0,0,100.0,0,0,100.0,0,1,100.0,1,1,100.0,0,1,100.0,0,0,100.0,0,0,100.0,0,1,100.0,0,0,100.0,1.333333333,5,100.0,2,4,100.0,2,2,100.0,1.666666667,3,100.0,0,1,60.0,7,4,40.0,3,5,100.0,2,1,100.0,1,1,60.0,2,2,60.0,-1,1,100.0
Ritual131,0,0,100.0,0,0,100.0,0,0,100.0,0,1,100.0,0,0,100.0,0,1,100.0,0,0,100.0,0,0,100.0,0,1,100.0,0,0,100.0,1,1,100.0,0,0,100.0,0,1,100.0,0,1,100.0,0,0,100.0,1,,0.0,3,3,100.0,0,0,100.0,0,1,100.0,0,0,100.0,1,1,100.0,0,0,100.0,0,0,100.0,0,0,100.0,0,0,100.0,7,5,100.0,6,5,100.0,0,0,100.0,0,0,100.0,0,0,100.0,0,0,100.0,0,0,100.0,0,0,100.0,0,0,100.0,0,0,100.0,0,0,100.0,0,0,100.0,0,0,100.0,0,0,100.0,0,0,100.0,0,0,100.0,0,0,100.0,0,0,100.0,0,0,100.0,0,0,100.0,0,0,100.0,0,0,100.0,0,0,100.0,0,1,100.0,0,1,100.0,0,0,100.0,0,0,100.0,0,0,100.0,0,0,100.0,0,0,100.0,0,0,100.0,0,0,100.0,0,0,100.0,0,0,100.0,0,0,100.0,0,0,100.0,0,1,100.0,0,1,100.0,0,0,100.0,0,0,100.0,0,0,100.0,0,0,100.0,0,0,100.0,0,0,100.0,0,0,100.0,0,0,100.0,0,0,100.0,0,0,100.0,0,0,100.0,0,0,100.0,0,0,100.0,0,0,100.0,0,0,100.0,0,0,100.0,0,0,100.0,0,0,100.0,0,0,100.0,0,0,100.0,0,0,100.0,0,0,100.0,0,0,100.0,0,0,100.0,0,1,100.0,0,0,100.0,1,1,100.0,0,0,100.0,0,0,100.0,0,1,100.0,0,0,100.0,0,0,100.0,0,0,100.0,0,0,100.0,0,1,100.0,0,1,100.0,0,1,100.0,0,0,100.0,0,0,100.0,0,1,100.0,0,0,100.0,1.333333333,0,100.0,0,0,100.0,5,4,100.0,0.0,0,100.0,0,0,100.0,-1,4,100.0,999,5,100.0,999,2,100.0,1,3,100.0,2,2,100.0,-1,1,100.0
Ritual132,0,0,100.0,0,0,100.0,0,0,100.0,0,1,100.0,0,0,100.0,0,0,100.0,1,1,100.0,0,0,100.0,0,0,100.0,0,0,100.0,0,0,100.0,0,0,100.0,0,0,100.0,0,0,100.0,0,0,100.0,4,,0.0,1,1,100.0,0,0,100.0,0,1,100.0,0,0,100.0,1,1,100.0,0,0,100.0,0,0,100.0,0,0,100.0,0,0,100.0,7,5,100.0,7,5,100.0,0,0,100.0,0,0,100.0,0,0,100.0,0,0,100.0,0,0,100.0,0,0,100.0,0,0,100.0,0,0,100.0,0,0,100.0,0,0,100.0,0,0,100.0,0,1,100.0,1,1,100.0,1,1,100.0,0,0,100.0,0,0,100.0,0,0,100.0,0,0,100.0,0,0,100.0,0,0,100.0,0,0,100.0,0,0,100.0,0,1,100.0,0,0,100.0,0,0,100.0,0,0,100.0,0,1,100.0,0,0,100.0,0,0,100.0,0,1,100.0,0,1,100.0,0,0,100.0,0,0,100.0,1,1,100.0,0,0,100.0,0,0,100.0,0,0,100.0,0,0,100.0,0,0,100.0,0,0,100.0,0,0,100.0,0,0,100.0,0,1,100.0,1,0,100.0,0,1,100.0,0,0,100.0,0,0,100.0,0,,0.0,0,,0.0,0,,0.0,0,,0.0,0,,0.0,0,,0.0,0,,0.0,0,,0.0,0,,0.0,0,,0.0,0,,0.0,0,,0.0,0,,0.0,0,,0.0,0,,0.0,0,,0.0,0,,0.0,0,,0.0,0,,0.0,0,,0.0,0,,0.0,0,,0.0,0,,0.0,0,1,100.0,0,1,100.0,0,0,100.0,0,0,100.0,0,0,100.0,0,1,100.0,0,1,100.0,1.0,2,60.0,2,3,60.0,2,4,80.0,5.0,1,60.0,3,2,60.0,2,3,60.0,5,5,100.0,999,2,100.0,1,1,100.0,2,2,100.0,-1,1,100.0
Ritual133,0,0,100.0,0,0,100.0,0,0,100.0,1,1,100.0,0,0,100.0,0,1,100.0,0,0,100.0,0,0,100.0,0,0,100.0,0,0,100.0,0,0,100.0,0,0,100.0,0,1,60.0,0,1,100.0,0,0,100.0,1,,0.0,999,1,100.0,0,0,100.0,0,1,100.0,0,0,100.0,1,1,100.0,0,0,100.0,0,0,100.0,0,0,100.0,0,0,100.0,4,5,100.0,4,5,100.0,0,0,100.0,0,0,100.0,0,1,100.0,0,0,100.0,0,0,100.0,0,0,100.0,0,0,100.0,0,1,100.0,0,0,100.0,0,0,100.0,0,1,100.0,0,0,100.0,0,1,100.0,0,0,100.0,0,1,100.0,0,0,100.0,0,0,100.0,0,0,100.0,0,0,100.0,0,0,100.0,0,1,100.0,0,1,100.0,0,1,100.0,0,0,100.0,0,0,100.0,0,1,100.0,0,1,100.0,0,0,100.0,0,0,100.0,0,0,100.0,0,0,100.0,0,0,100.0,0,0,100.0,0,0,100.0,0,1,100.0,0,0,100.0,0,0,100.0,0,0,100.0,0,0,100.0,0,1,100.0,0,0,100.0,0,1,100.0,0,1,100.0,0,1,100.0,0,1,100.0,0,0,100.0,0,0,100.0,0,,0.0,0,,0.0,0,,0.0,0,,0.0,0,,0.0,0,,0.0,0,,0.0,0,,0.0,1,,0.0,0,,0.0,0,,0.0,0,,0.0,0,,0.0,1,,0.0,0,,0.0,0,,0.0,1,,0.0,0,,0.0,0,,0.0,0,,0.0,0,,0.0,0,,0.0,0,,0.0,0,1,100.0,1,1,100.0,0,1,100.0,0,1,100.0,0,0,100.0,0,1,100.0,0,0,100.0,1.666666667,5,100.0,1,3,100.0,7,4,100.0,2.333333333,4,100.0,1,3,100.0,7,2,100.0,2,5,100.0,3,2,100.0,1,3,100.0,2,1,100.0,-1,3,100.0
Ritual134,0,0,100.0,0,0,100.0,0,0,100.0,0,1,100.0,0,0,100.0,1,1,100.0,1,1,100.0,0,0,100.0,0,0,100.0,0,0,100.0,0,0,100.0,0,0,100.0,0,1,100.0,0,1,100.0,0,1,100.0,3,,0.0,3,1,100.0,0,0,100.0,0,1,100.0,0,0,100.0,0,1,100.0,0,0,100.0,0,0,100.0,1,0,100.0,0,0,100.0,7,5,100.0,7,5,100.0,1,1,100.0,0,1,100.0,1,1,100.0,0,0,100.0,0,0,100.0,0,1,100.0,0,0,100.0,1,1,100.0,1,0,100.0,0,0,100.0,0,0,100.0,1,1,100.0,1,1,100.0,0,0,100.0,0,0,100.0,0,0,100.0,0,0,100.0,0,0,100.0,0,0,100.0,0,0,100.0,1,1,100.0,0,1,100.0,0,1,100.0,0,0,100.0,0,0,100.0,0,0,100.0,0,0,100.0,0,0,100.0,0,1,100.0,0,0,100.0,0,0,100.0,0,0,100.0,0,0,100.0,0,0,100.0,0,1,100.0,0,0,100.0,0,0,100.0,0,0,100.0,0,0,100.0,1,1,100.0,0,0,100.0,0,0,100.0,0,1,100.0,0,0,100.0,0,1,100.0,0,0,100.0,0,1,100.0,0,,0.0,1,,0.0,0,,0.0,0,,0.0,0,,0.0,0,,0.0,1,,0.0,0,,0.0,0,,0.0,0,,0.0,0,,0.0,0,,0.0,0,,0.0,0,,0.0,0,,0.0,0,,0.0,0,,0.0,0,,0.0,0,,0.0,1,,0.0,0,,0.0,0,,0.0,0,,0.0,0,1,100.0,0,1,100.0,0,1,100.0,0,0,100.0,0,1,100.0,0,0,100.0,0,1,100.0,3.0,5,100.0,5,4,100.0,2,4,100.0,1.333333333,1,100.0,5,0,100.0,7,2,100.0,4,5,100.0,999,3,100.0,1,1,100.0,1,2,100.0,-1,1,100.0
Ritual135,0,0,100.0,0,0,100.0,0,1,100.0,0,1,100.0,0,1,100.0,0,0,100.0,0,0,100.0,0,0,100.0,0,0,100.0,0,0,100.0,0,0,100.0,1,1,100.0,0,1,100.0,0,1,100.0,0,0,100.0,2,,0.0,3,1,100.0,0,0,100.0,0,1,100.0,0,0,100.0,0,1,100.0,0,0,100.0,0,0,100.0,0,0,100.0,1,0,100.0,6,5,100.0,6,3,100.0,1,1,100.0,1,1,100.0,1,1,100.0,0,0,100.0,1,1,100.0,0,1,100.0,0,0,100.0,1,1,100.0,1,1,100.0,0,0,100.0,1,1,100.0,0,0,100.0,0,1,100.0,0,0,100.0,0,1,100.0,0,1,100.0,0,0,100.0,0,0,100.0,0,0,100.0,0,0,100.0,1,1,100.0,0,0,100.0,0,1,100.0,0,0,100.0,0,0,100.0,0,0,100.0,0,0,100.0,0,0,100.0,0,0,100.0,0,0,100.0,0,0,100.0,0,0,100.0,0,0,100.0,0,0,100.0,0,1,100.0,0,0,100.0,0,0,100.0,0,0,100.0,0,0,100.0,1,1,100.0,0,0,100.0,0,0,100.0,0,1,100.0,0,0,100.0,0,1,100.0,0,1,100.0,0,0,100.0,1,,0.0,1,,0.0,1,,0.0,1,,0.0,0,,0.0,0,,0.0,1,,0.0,0,,0.0,0,,0.0,0,,0.0,0,,0.0,0,,0.0,0,,0.0,1,,0.0,0,,0.0,0,,0.0,0,,0.0,1,,0.0,0,,0.0,0,,0.0,0,,0.0,0,,0.0,0,,0.0,0,0,100.0,0,1,100.0,1,1,100.0,0,0,100.0,0,0,100.0,0,1,100.0,0,0,100.0,4.0,5,100.0,5,4,100.0,7,4,100.0,2.333333333,3,100.0,2,2,100.0,2,7,100.0,4,5,100.0,999,3,100.0,1,3,70.0,2,1,100.0,-1,1,100.0
Ritual136,0,0,100.0,0,0,100.0,0,0,100.0,0,1,100.0,0,0,100.0,0,1,100.0,0,0,100.0,0,0,100.0,0,0,100.0,0,0,100.0,0,0,100.0,1,0,100.0,0,1,100.0,0,1,100.0,0,0,100.0,2,,0.0,3,1,100.0,0,0,100.0,0,1,100.0,0,0,100.0,0,1,100.0,0,0,100.0,0,0,100.0,0,0,100.0,1,0,100.0,6,3,90.0,6,1,60.0,1,1,100.0,1,1,100.0,1,1,100.0,0,0,100.0,0,0,100.0,0,1,70.0,0,0,100.0,1,1,100.0,0,1,100.0,0,0,100.0,0,0,100.0,0,0,100.0,0,1,100.0,0,1,100.0,0,0,100.0,0,0,100.0,0,0,100.0,0,0,100.0,0,0,100.0,0,0,100.0,1,1,100.0,0,1,80.0,0,1,100.0,0,0,100.0,0,0,100.0,0,0,100.0,0,0,100.0,0,0,100.0,0,0,100.0,0,0,100.0,0,0,100.0,0,0,100.0,0,0,100.0,0,0,100.0,0,1,100.0,0,0,100.0,0,0,100.0,0,0,100.0,0,0,100.0,1,1,100.0,0,0,100.0,0,0,100.0,0,1,100.0,0,1,100.0,0,1,100.0,0,1,100.0,0,1,90.0,0,,0.0,1,,0.0,0,,0.0,0,,0.0,0,,0.0,0,,0.0,1,,0.0,0,,0.0,0,,0.0,0,,0.0,0,,0.0,0,,0.0,0,,0.0,0,,0.0,0,,0.0,0,,0.0,0,,0.0,0,,0.0,0,,0.0,0,,0.0,0,,0.0,0,,0.0,0,,0.0,0,1,100.0,0,1,100.0,0,1,100.0,0,1,100.0,0,1,100.0,0,0,100.0,0,1,100.0,2.666666667,5,100.0,3,3,100.0,7,4,100.0,1.666666667,3,100.0,1,2,100.0,2,6,100.0,3,5,100.0,999,2,100.0,2,3,100.0,2,2,100.0,-1,1,100.0
Ritual137,0,0,100.0,0,0,100.0,0,0,100.0,0,1,100.0,0,0,100.0,0,1,100.0,0,1,100.0,1,0,100.0,0,0,100.0,0,0,100.0,0,0,100.0,0,0,100.0,0,1,100.0,0,1,100.0,0,0,100.0,2,,0.0,999,1,100.0,0,0,100.0,0,0,100.0,0,1,100.0,1,1,100.0,0,0,100.0,0,0,100.0,0,0,100.0,0,0,100.0,999,5,100.0,6,5,100.0,0,0,100.0,0,0,100.0,0,0,100.0,0,0,100.0,0,0,100.0,0,0,100.0,0,0,100.0,0,0,100.0,0,0,100.0,0,0,100.0,0,0,100.0,0,0,100.0,0,1,100.0,0,0,100.0,0,0,100.0,0,0,100.0,0,0,100.0,0,0,100.0,0,0,100.0,0,0,100.0,0,0,100.0,0,1,100.0,0,0,100.0,0,0,100.0,0,0,100.0,0,0,100.0,0,0,100.0,0,0,100.0,0,1,100.0,0,0,100.0,0,0,100.0,0,0,100.0,0,0,100.0,0,0,100.0,0,1,100.0,0,0,100.0,0,0,100.0,0,0,100.0,0,0,100.0,0,1,100.0,0,0,100.0,0,0,100.0,0,0,100.0,0,0,100.0,0,1,100.0,0,0,100.0,0,0,100.0,0,1,100.0,1,1,100.0,0,0,100.0,1,0,100.0,0,0,100.0,0,0,100.0,0,1,100.0,0,1,100.0,1,1,100.0,0,0,100.0,0,0,100.0,0,0,100.0,0,0,100.0,0,1,100.0,0,1,100.0,0,0,100.0,1,0,100.0,0,0,100.0,0,1,100.0,0,0,100.0,0,1,100.0,0,1,100.0,0,1,100.0,0,1,100.0,0,1,100.0,0,1,100.0,0,0,100.0,0,0,100.0,0,0,100.0,0,1,100.0,2.666666667,3,100.0,4,2,100.0,7,4,100.0,2.0,5,60.0,1,3,70.0,7,5,60.0,4,5,100.0,3,3,100.0,1,2,100.0,1,1,100.0,-1,1,100.0
Ritual138,0,0,100.0,0,1,100.0,0,0,100.0,0,1,100.0,0,0,100.0,0,0,100.0,0,0,100.0,1,1,100.0,0,0,100.0,0,0,100.0,0,0,100.0,0,0,100.0,0,0,100.0,0,0,100.0,0,0,100.0,4,,0.0,3,1,100.0,0,0,100.0,0,0,100.0,0,1,100.0,0,1,100.0,1,0,100.0,0,0,100.0,0,0,100.0,1,0,100.0,7,5,100.0,6,5,100.0,0,0,100.0,0,0,100.0,0,0,100.0,0,0,100.0,0,1,100.0,0,0,100.0,0,0,100.0,0,0,100.0,0,0,100.0,0,0,100.0,0,0,100.0,0,0,100.0,1,1,100.0,0,0,100.0,0,0,100.0,0,0,100.0,0,1,100.0,0,0,100.0,0,0,100.0,0,0,100.0,1,1,100.0,0,0,100.0,0,1,100.0,0,0,100.0,0,0,100.0,0,0,100.0,0,0,100.0,0,0,100.0,0,0,100.0,0,0,100.0,0,0,100.0,0,0,100.0,0,0,100.0,0,0,100.0,0,0,100.0,0,0,100.0,0,0,100.0,0,0,100.0,0,0,100.0,0,0,100.0,0,0,100.0,0,0,100.0,0,1,100.0,1,0,100.0,0,0,100.0,0,0,100.0,0,0,100.0,0,,0.0,0,,0.0,0,,0.0,0,,0.0,0,,0.0,0,,0.0,0,,0.0,0,,0.0,0,,0.0,0,,0.0,0,,0.0,0,,0.0,0,,0.0,0,,0.0,0,,0.0,0,,0.0,0,,0.0,0,,0.0,0,,0.0,0,,0.0,0,,0.0,0,,0.0,0,,0.0,0,0,100.0,0,1,100.0,0,1,100.0,0,0,100.0,0,1,100.0,0,0,100.0,0,1,100.0,1.333333333,0,100.0,1,0,100.0,3,3,100.0,2.333333333,0,100.0,2,0,100.0,2,3,100.0,2,1,100.0,999,2,100.0,1,2,100.0,2,1,100.0,-1,2,100.0
Ritual139,0,1,100.0,0,0,100.0,0,0,100.0,0,1,100.0,0,0,100.0,0,1,100.0,0,0,100.0,0,1,70.0,0,0,100.0,0,0,100.0,0,0,100.0,0,0,100.0,0,0,100.0,0,1,100.0,0,0,100.0,2,,0.0,999,1,100.0,0,0,100.0,0,1,100.0,0,0,100.0,1,1,100.0,0,0,100.0,0,0,100.0,0,0,100.0,0,0,100.0,999,5,100.0,4,5,100.0,0,0,100.0,1,1,100.0,0,0,100.0,0,0,100.0,0,0,100.0,0,0,100.0,0,0,100.0,0,1,100.0,0,0,100.0,0,0,100.0,0,1,100.0,0,0,100.0,0,1,100.0,0,1,100.0,0,0,100.0,0,0,100.0,0,0,100.0,0,1,100.0,0,0,100.0,0,0,100.0,1,1,100.0,0,0,100.0,0,1,100.0,0,0,100.0,0,1,100.0,0,0,100.0,0,0,100.0,0,0,100.0,0,0,100.0,0,0,100.0,0,0,100.0,0,0,100.0,0,0,100.0,0,0,100.0,0,0,100.0,0,0,100.0,0,0,100.0,0,0,100.0,0,0,100.0,0,1,100.0,0,0,100.0,0,0,100.0,0,1,100.0,0,0,100.0,0,0,100.0,0,0,100.0,0,0,100.0,0,0,100.0,0,1,100.0,0,0,100.0,0,0,100.0,0,1,100.0,0,0,100.0,0,1,100.0,0,0,70.0,0,0,100.0,0,0,100.0,0,1,100.0,0,0,100.0,0,0,100.0,0,1,100.0,0,0,100.0,0,0,100.0,0,0,100.0,0,1,100.0,0,1,100.0,0,0,100.0,0,0,100.0,0,0,70.0,0,0,100.0,0,1,100.0,0,1,100.0,0,1,100.0,0,0,100.0,0,1,100.0,0,0,100.0,0,1,100.0,1.666666667,3,100.0,1,2,100.0,7,4,100.0,0.0,1,100.0,0,0,100.0,-1,2,100.0,999,5,100.0,999,3,100.0,1,1,100.0,2,2,100.0,-1,2,100.0
Ritual140,0,1,100.0,0,0,100.0,0,0,100.0,0,1,100.0,0,0,100.0,0,0,100.0,0,0,100.0,0,0,100.0,0,0,100.0,0,0,100.0,0,0,100.0,0,0,100.0,0,0,100.0,0,1,100.0,0,1,90.0,1,,0.0,3,3,100.0,0,0,100.0,0,1,100.0,0,0,100.0,1,1,100.0,0,0,100.0,0,0,100.0,0,0,100.0,0,1,100.0,999,5,100.0,4,5,100.0,0,0,100.0,0,0,100.0,0,1,100.0,0,0,100.0,0,0,100.0,0,0,100.0,0,0,100.0,0,1,100.0,0,0,100.0,0,0,100.0,0,1,100.0,0,0,100.0,0,1,100.0,0,0,100.0,0,0,100.0,0,0,100.0,0,0,100.0,0,0,100.0,0,0,100.0,0,0,100.0,0,1,100.0,0,0,100.0,0,1,100.0,0,0,100.0,0,0,100.0,0,0,100.0,0,0,100.0,0,0,100.0,0,0,100.0,0,0,100.0,0,0,100.0,0,0,100.0,0,0,100.0,0,0,100.0,0,1,100.0,0,0,100.0,0,0,100.0,0,0,100.0,0,0,100.0,0,0,100.0,0,0,100.0,0,0,100.0,0,0,100.0,0,0,100.0,0,0,100.0,0,1,100.0,0,0,100.0,0,,0.0,0,,0.0,0,,0.0,0,,0.0,0,,0.0,0,,0.0,0,,0.0,0,,0.0,0,,0.0,0,,0.0,0,,0.0,0,,0.0,0,,0.0,1,,0.0,0,,0.0,0,,0.0,0,,0.0,0,,0.0,0,,0.0,0,,0.0,0,,0.0,0,,0.0,0,,0.0,0,1,100.0,0,1,100.0,0,1,100.0,0,0,100.0,0,0,100.0,0,1,100.0,0,0,100.0,1.0,5,100.0,1,4,100.0,7,4,100.0,0.0,2,100.0,0,2,100.0,-1,2,100.0,999,5,100.0,999,1,50.0,1,1,100.0,2,2,100.0,-1,1,100.0
Ritual141,0,0,100.0,0,0,100.0,0,0,100.0,1,1,100.0,0,0,100.0,0,1,100.0,0,0,100.0,0,0,100.0,0,0,100.0,0,0,100.0,0,0,100.0,0,0,100.0,0,1,100.0,0,1,100.0,0,0,100.0,1,,0.0,1,1,100.0,1,0,100.0,0,0,100.0,0,0,100.0,0,1,100.0,0,0,100.0,0,0,100.0,0,0,100.0,0,0,100.0,999,5,100.0,6,3,100.0,0,0,100.0,0,0,100.0,0,0,100.0,0,0,100.0,0,0,100.0,0,0,100.0,0,0,100.0,0,0,100.0,0,0,100.0,0,0,100.0,0,0,100.0,0,0,100.0,0,1,100.0,0,0,100.0,0,0,100.0,0,0,100.0,0,0,100.0,0,0,100.0,0,0,100.0,0,0,100.0,0,0,100.0,0,0,100.0,0,0,100.0,0,0,100.0,0,0,100.0,0,0,100.0,0,0,100.0,0,0,100.0,0,0,100.0,0,0,100.0,0,0,100.0,0,0,100.0,0,0,100.0,0,0,100.0,1,1,100.0,0,0,100.0,0,0,100.0,0,0,100.0,0,0,100.0,0,0,100.0,0,0,100.0,0,0,100.0,0,0,100.0,0,0,100.0,0,1,100.0,0,0,100.0,0,0,100.0,0,,0.0,0,,0.0,0,,0.0,0,,0.0,0,,0.0,0,,0.0,0,,0.0,0,,0.0,0,,0.0,0,,0.0,1,,0.0,0,,0.0,0,,0.0,0,,0.0,0,,0.0,0,,0.0,0,,0.0,0,,0.0,0,,0.0,0,,0.0,0,,0.0,0,,0.0,0,,0.0,0,0,100.0,0,1,100.0,0,1,100.0,0,0,100.0,0,0,100.0,0,0,100.0,0,1,100.0,1.666666667,0,100.0,3,0,100.0,1,3,100.0,2.0,0,100.0,3,0,100.0,1,3,100.0,999,5,100.0,999,2,100.0,1,2,100.0,2,1,100.0,-1,2,100.0
Ritual142,0,0,100.0,0,0,100.0,0,0,100.0,0,1,100.0,0,0,100.0,0,1,100.0,0,0,100.0,0,0,100.0,0,0,100.0,0,0,100.0,1,1,100.0,0,0,100.0,0,0,100.0,0,1,100.0,0,0,100.0,2,,0.0,3,1,100.0,0,0,100.0,1,1,100.0,1,0,100.0,0,1,100.0,0,0,100.0,0,0,100.0,0,0,100.0,0,0,100.0,7,5,100.0,6,5,100.0,0,0,100.0,0,0,100.0,0,0,100.0,0,0,100.0,0,0,100.0,0,0,100.0,0,0,100.0,0,1,100.0,0,0,100.0,0,0,100.0,0,0,100.0,0,0,80.0,1,1,100.0,0,0,100.0,0,0,100.0,0,0,100.0,0,0,100.0,0,0,100.0,0,0,100.0,0,0,100.0,0,0,100.0,0,0,100.0,0,0,100.0,0,0,100.0,0,0,100.0,0,0,100.0,0,0,100.0,0,0,100.0,0,0,100.0,0,0,100.0,0,0,100.0,0,0,100.0,0,0,100.0,0,0,100.0,0,0,100.0,0,0,100.0,0,0,100.0,0,0,100.0,0,0,100.0,0,0,100.0,0,0,100.0,0,0,100.0,0,0,100.0,0,0,100.0,0,0,100.0,0,0,100.0,0,0,100.0,0,,0.0,0,,0.0,0,,0.0,0,,0.0,0,,0.0,0,,0.0,0,,0.0,0,,0.0,0,,0.0,0,,0.0,0,,0.0,0,,0.0,0,,0.0,0,,0.0,0,,0.0,0,,0.0,0,,0.0,0,,0.0,0,,0.0,0,,0.0,0,,0.0,0,,0.0,0,,0.0,0,1,100.0,0,1,100.0,0,0,100.0,0,0,100.0,0,0,100.0,0,0,100.0,0,0,100.0,1.666666667,0,100.0,3,0,100.0,7,3,100.0,2.0,0,100.0,3,0,100.0,7,3,100.0,999,5,100.0,999,2,100.0,1,2,100.0,2,1,100.0,-1,2,100.0
Ritual143,0,0,100.0,0,0,100.0,0,0,100.0,0,1,100.0,0,0,100.0,0,1,100.0,0,0,100.0,0,0,100.0,0,0,100.0,0,0,100.0,0,0,100.0,1,1,100.0,0,1,100.0,0,1,100.0,0,0,100.0,4,,0.0,3,1,100.0,0,0,100.0,1,1,100.0,0,0,100.0,1,1,100.0,0,0,100.0,0,0,100.0,0,0,100.0,0,0,100.0,7,5,100.0,6,5,100.0,0,0,100.0,0,1,100.0,0,1,100.0,0,0,100.0,1,1,100.0,0,0,100.0,0,1,100.0,0,0,100.0,0,0,100.0,0,0,100.0,0,1,100.0,0,0,100.0,0,1,100.0,0,1,80.0,0,0,100.0,0,0,100.0,0,1,100.0,0,0,100.0,0,0,100.0,0,0,100.0,0,0,100.0,0,0,100.0,0,1,100.0,0,0,100.0,0,0,100.0,0,0,100.0,0,0,100.0,0,0,100.0,0,0,100.0,0,0,100.0,0,0,100.0,0,0,100.0,0,0,100.0,0,0,100.0,0,1,100.0,0,0,100.0,0,0,100.0,0,0,100.0,0,0,100.0,0,0,100.0,0,0,100.0,0,0,100.0,0,1,100.0,0,0,100.0,0,1,100.0,0,0,100.0,0,0,100.0,0,,0.0,0,,0.0,0,,0.0,0,,0.0,0,,0.0,0,,0.0,0,,0.0,0,,0.0,0,,0.0,0,,0.0,0,,0.0,0,,0.0,0,,0.0,0,,0.0,0,,0.0,0,,0.0,0,,0.0,0,,0.0,0,,0.0,0,,0.0,0,,0.0,0,,0.0,0,,0.0,0,0,100.0,1,1,100.0,0,1,100.0,0,0,100.0,0,0,100.0,0,1,100.0,0,1,100.0,0.0,2,100.0,0,3,50.0,-1,3,50.0,3.333333333,4,100.0,4,3,100.0,3,2,100.0,2,5,100.0,999,2,100.0,1,3,100.0,2,1,100.0,-1,2,100.0
Ritual144,0,1,100.0,0,0,100.0,0,0,100.0,0,1,100.0,0,0,100.0,0,0,100.0,1,1,100.0,0,0,100.0,0,0,100.0,0,0,100.0,0,1,100.0,0,0,100.0,0,0,100.0,0,1,100.0,0,0,100.0,4,,0.0,1,1,100.0,0,0,100.0,0,1,100.0,0,0,100.0,1,1,100.0,0,0,100.0,0,0,100.0,0,0,100.0,0,0,100.0,7,5,100.0,6,5,100.0,0,0,100.0,0,0,100.0,0,0,100.0,0,0,100.0,0,0,100.0,0,0,100.0,0,0,100.0,0,0,100.0,0,0,100.0,0,0,100.0,0,1,100.0,0,1,100.0,1,1,100.0,0,0,100.0,0,0,100.0,0,0,100.0,0,0,100.0,0,0,100.0,0,0,100.0,0,0,100.0,0,0,100.0,0,0,100.0,0,1,100.0,0,0,100.0,0,0,100.0,0,0,100.0,0,1,100.0,0,0,100.0,0,0,100.0,0,1,100.0,0,1,100.0,0,0,100.0,0,0,100.0,1,1,100.0,0,1,100.0,0,0,100.0,0,0,100.0,0,0,100.0,0,0,100.0,0,1,100.0,0,0,100.0,0,1,100.0,0,1,100.0,1,0,100.0,0,1,100.0,0,0,100.0,0,1,100.0,0,0,100.0,0,1,100.0,0,0,100.0,0,0,100.0,0,1,100.0,0,0,100.0,0,1,100.0,0,1,100.0,0,0,100.0,0,0,100.0,0,0,100.0,0,0,100.0,0,0,100.0,0,1,100.0,0,0,100.0,0,1,100.0,1,0,100.0,0,1,100.0,0,1,100.0,0,0,100.0,0,1,100.0,0,0,100.0,0,0,100.0,0,1,100.0,1,1,100.0,0,1,100.0,0,0,100.0,0,0,100.0,0,1,100.0,0,1,100.0,2.666666667,2,100.0,2,3,100.0,2,2,100.0,5.0,4,100.0,5,3,100.0,2,2,100.0,4,5,100.0,999,2,100.0,1,1,100.0,2,2,100.0,-1,1,100.0
Ritual145,0,0,100.0,0,0,100.0,0,0,100.0,1,1,100.0,0,0,100.0,0,1,100.0,0,0,100.0,0,1,100.0,0,0,100.0,0,0,100.0,0,0,100.0,0,0,100.0,0,0,100.0,0,1,100.0,0,0,100.0,1,,0.0,999,1,100.0,0,0,100.0,0,1,100.0,0,0,100.0,1,1,100.0,0,0,100.0,0,0,100.0,0,0,100.0,0,1,100.0,5,5,100.0,4,5,100.0,0,0,100.0,0,1,100.0,0,0,100.0,0,0,100.0,0,1,100.0,0,0,100.0,0,0,100.0,0,0,100.0,0,0,100.0,0,0,100.0,1,1,100.0,0,0,100.0,0,0,100.0,0,0,100.0,0,0,100.0,0,0,100.0,0,0,100.0,0,0,100.0,0,0,100.0,0,0,100.0,0,0,100.0,0,0,100.0,0,1,100.0,0,0,100.0,0,0,100.0,0,0,100.0,0,0,100.0,0,0,100.0,0,0,100.0,0,0,100.0,0,0,100.0,0,0,100.0,0,0,100.0,0,0,100.0,0,0,100.0,0,0,100.0,0,0,100.0,0,0,100.0,0,0,100.0,0,0,100.0,0,0,100.0,0,0,100.0,0,0,100.0,0,0,100.0,0,1,80.0,0,0,100.0,0,1,100.0,0,1,100.0,1,0,100.0,0,1,100.0,0,0,100.0,0,1,100.0,0,0,100.0,0,1,100.0,0,0,100.0,0,0,100.0,0,0,100.0,0,0,100.0,0,0,100.0,0,0,100.0,0,1,100.0,0,0,100.0,0,0,100.0,0,0,100.0,0,0,100.0,0,1,100.0,0,0,100.0,0,0,100.0,0,0,100.0,0,0,100.0,0,1,100.0,0,1,100.0,0,1,100.0,0,1,100.0,0,1,100.0,0,0,100.0,0,1,100.0,0.6666666667,3,100.0,1,4,100.0,7,4,100.0,0.0,1,100.0,0,0,100.0,-1,2,100.0,1,5,100.0,999,2,100.0,1,2,100.0,2,1,100.0,-1,1,100.0
Ritual146,0,1,100.0,0,0,100.0,0,0,100.0,0,1,100.0,0,0,100.0,0,0,100.0,0,0,100.0,0,0,100.0,0,0,100.0,0,0,100.0,0,0,100.0,0,0,100.0,0,0,100.0,0,0,100.0,0,1,100.0,4,,0.0,3,1,100.0,0,0,100.0,0,1,100.0,0,0,100.0,0,1,100.0,1,0,100.0,0,0,100.0,0,0,100.0,1,0,100.0,6,5,100.0,6,5,100.0,1,0,100.0,0,0,100.0,0,0,100.0,0,0,100.0,0,0,100.0,0,0,100.0,0,0,100.0,0,1,100.0,0,0,100.0,0,0,100.0,0,1,100.0,0,0,100.0,0,0,100.0,0,0,100.0,0,0,100.0,0,0,100.0,0,0,100.0,0,0,100.0,0,0,100.0,0,0,100.0,1,1,100.0,0,0,100.0,0,0,100.0,0,0,100.0,0,0,100.0,0,0,100.0,0,0,100.0,0,0,100.0,0,0,100.0,0,0,100.0,0,0,100.0,0,0,100.0,0,0,100.0,0,0,100.0,0,0,100.0,0,0,100.0,0,0,100.0,0,0,100.0,0,0,100.0,0,0,100.0,0,0,100.0,0,0,100.0,0,0,100.0,0,0,100.0,0,0,100.0,0,0,100.0,0,0,100.0,0,0,100.0,0,0,100.0,0,0,100.0,0,1,100.0,0,1,100.0,0,0,100.0,0,1,100.0,0,0,100.0,0,0,100.0,0,0,100.0,0,0,100.0,0,0,100.0,0,0,100.0,0,1,100.0,0,0,100.0,0,0,100.0,0,0,100.0,0,0,100.0,0,1,100.0,0,0,100.0,0,1,100.0,0,0,100.0,0,0,100.0,0,1,100.0,1,1,100.0,0,1,100.0,0,0,100.0,0,0,100.0,0,0,100.0,0,0,100.0,2.0,0,100.0,3,0,100.0,3,4,100.0,0.0,0,100.0,0,0,100.0,-1,5,100.0,3,5,100.0,999,3,100.0,1,1,100.0,2,2,100.0,-1,1,100.0
Ritual147,0,11,100.0,0,0,100.0,0,0,100.0,0,1,100.0,0,0,100.0,0,0,100.0,0,1,100.0,0,0,100.0,0,0,100.0,0,0,100.0,1,1,100.0,0,0,100.0,0,0,100.0,0,0,100.0,0,0,100.0,2,,0.0,3,3,100.0,0,0,100.0,1,1,100.0,0,0,100.0,1,1,100.0,0,0,100.0,0,0,100.0,0,0,100.0,0,0,100.0,7,5,100.0,6,5,100.0,0,0,100.0,0,0,100.0,0,0,100.0,0,0,100.0,0,0,100.0,0,0,100.0,0,0,100.0,0,0,100.0,0,0,100.0,0,0,100.0,0,1,100.0,1,1,100.0,0,1,100.0,0,0,100.0,0,0,100.0,0,0,100.0,0,1,100.0,0,0,100.0,0,0,100.0,0,0,100.0,0,0,100.0,0,1,100.0,0,1,80.0,0,0,100.0,0,1,100.0,0,0,100.0,0,0,100.0,0,0,100.0,0,0,100.0,0,0,100.0,0,1,100.0,0,0,100.0,0,0,100.0,0,0,100.0,0,1,100.0,0,0,100.0,0,0,100.0,0,0,100.0,0,0,100.0,0,1,80.0,0,0,100.0,0,0,100.0,0,1,100.0,0,0,100.0,0,0,100.0,0,0,100.0,0,0,100.0,0,,0.0,0,,0.0,0,,0.0,0,,0.0,0,,0.0,0,,0.0,1,,0.0,0,,0.0,0,,0.0,0,,0.0,0,,0.0,0,,0.0,0,,0.0,0,,0.0,0,,0.0,0,,0.0,0,,0.0,0,,0.0,0,,0.0,0,,0.0,0,,0.0,0,,0.0,0,,0.0,0,1,100.0,0,1,100.0,0,1,100.0,0,0,100.0,0,0,100.0,0,1,100.0,0,1,100.0,2.0,5,100.0,2,3,100.0,3,4,100.0,0.0,0,100.0,0,0,100.0,-1,2,100.0,2,5,100.0,1,1,60.0,1,2,60.0,2,1,60.0,-1,1,100.0
Ritual148,0,0,100.0,0,0,100.0,0,0,100.0,0,1,100.0,1,1,100.0,0,0,100.0,1,1,100.0,0,0,100.0,0,0,100.0,0,0,100.0,0,0,100.0,0,0,100.0,0,0,100.0,0,1,100.0,0,0,100.0,4,,0.0,2,2,100.0,1,1,100.0,0,0,100.0,0,0,50.0,0,1,100.0,0,0,100.0,0,0,100.0,0,0,100.0,0,0,100.0,7,5,100.0,7,5,100.0,0,0,100.0,0,0,100.0,0,0,100.0,0,0,100.0,0,0,100.0,0,0,100.0,0,0,100.0,0,0,100.0,0,0,100.0,0,0,100.0,0,0,100.0,0,0,100.0,0,1,100.0,0,0,100.0,0,0,100.0,0,0,100.0,0,1,100.0,0,0,100.0,0,0,100.0,0,0,100.0,0,0,100.0,0,1,100.0,0,1,100.0,0,0,100.0,0,0,100.0,0,0,100.0,0,0,100.0,0,1,100.0,0,0,100.0,0,1,100.0,0,0,100.0,1,1,100.0,0,0,100.0,0,0,100.0,0,1,100.0,0,0,100.0,0,0,100.0,0,0,100.0,1,1,100.0,0,0,100.0,0,0,100.0,0,1,100.0,1,1,100.0,1,1,100.0,0,1,100.0,0,1,100.0,0,0,100.0,0,,0.0,0,,0.0,0,,0.0,0,,0.0,0,,0.0,0,,0.0,1,,0.0,0,,0.0,0,,0.0,0,,0.0,0,,0.0,0,,0.0,0,,0.0,0,,0.0,0,,0.0,0,,0.0,0,,0.0,0,,0.0,0,,0.0,0,,0.0,0,,0.0,0,,0.0,0,,0.0,0,0,100.0,0,1,100.0,0,0,100.0,0,0,100.0,0,1,100.0,0,1,100.0,0,1,100.0,0.0,5,100.0,0,3,100.0,-1,2,100.0,4.666666667,5,100.0,5,3,100.0,2,2,100.0,5,5,100.0,1,3,100.0,1,2,100.0,2,1,100.0,-1,1,100.0
Ritual149,0,0,100.0,0,0,100.0,0,1,100.0,0,1,100.0,0,0,100.0,0,1,100.0,0,0,100.0,0,0,100.0,0,0,100.0,0,0,100.0,0,0,100.0,1,1,100.0,0,1,100.0,0,1,100.0,0,0,100.0,2,,0.0,3,1,100.0,0,0,100.0,0,1,100.0,1,0,100.0,1,1,100.0,0,0,100.0,0,0,100.0,0,0,100.0,0,0,100.0,7,5,100.0,6,5,100.0,0,0,100.0,0,1,100.0,0,0,100.0,0,0,100.0,1,1,100.0,0,0,100.0,0,1,100.0,0,1,100.0,1,1,100.0,0,0,100.0,0,1,100.0,0,0,100.0,0,1,100.0,0,0,100.0,0,0,100.0,0,0,100.0,0,0,100.0,0,0,100.0,0,0,100.0,0,0,100.0,0,0,100.0,0,1,100.0,0,1,100.0,0,0,100.0,0,0,100.0,0,0,100.0,0,1,100.0,0,0,100.0,0,0,100.0,0,0,100.0,0,0,100.0,0,0,100.0,0,0,100.0,0,0,100.0,0,1,100.0,0,0,100.0,0,0,100.0,0,0,100.0,0,1,100.0,0,1,100.0,0,1,100.0,0,0,100.0,0,1,100.0,0,1,100.0,0,1,100.0,0,1,100.0,0,1,100.0,0,,0.0,0,,0.0,1,,0.0,1,,0.0,0,,0.0,0,,0.0,1,,0.0,0,,0.0,0,,0.0,0,,0.0,0,,0.0,0,,0.0,0,,0.0,0,,0.0,0,,0.0,1,,0.0,0,,0.0,0,,0.0,0,,0.0,0,,0.0,0,,0.0,0,,0.0,0,,0.0,0,1,100.0,0,1,100.0,0,1,100.0,0,0,100.0,0,0,100.0,0,1,100.0,0,1,100.0,0.0,5,100.0,0,4,100.0,-1,2,100.0,3.333333333,5,100.0,3,4,100.0,7,2,100.0,3,5,100.0,999,2,100.0,1,2,100.0,2,1,100.0,-1,1,100.0
Ritual150,0,0,100.0,0,0,100.0,0,0,100.0,0,1,100.0,0,0,100.0,0,1,100.0,0,0,100.0,0,0,100.0,0,0,100.0,0,0,100.0,0,0,100.0,1,1,100.0,0,1,100.0,0,1,100.0,0,0,100.0,3,,0.0,3,1,100.0,0,0,100.0,0,1,100.0,0,0,100.0,0,0,100.0,1,0,100.0,0,0,100.0,0,0,100.0,0,0,100.0,7,5,100.0,6,5,100.0,1,1,100.0,1,1,100.0,0,0,100.0,0,1,100.0,1,1,100.0,1,1,100.0,0,0,100.0,0,1,100.0,0,1,100.0,0,0,100.0,0,1,100.0,0,1,100.0,0,1,100.0,0,1,100.0,0,1,100.0,0,1,100.0,0,0,100.0,0,0,100.0,0,1,100.0,0,0,100.0,0,0,100.0,0,1,100.0,0,1,100.0,1,0,100.0,0,1,100.0,0,1,100.0,0,0,100.0,0,0,100.0,0,1,100.0,0,0,100.0,0,0,100.0,0,0,100.0,0,0,100.0,0,0,100.0,0,1,100.0,0,0,100.0,0,0,100.0,0,0,100.0,0,1,100.0,1,1,100.0,0,0,100.0,0,0,100.0,0,1,100.0,0,1,100.0,0,1,100.0,0,1,100.0,0,0,100.0,0,,0.0,0,,0.0,0,,0.0,0,,0.0,0,,0.0,0,,0.0,0,,0.0,1,,0.0,0,,0.0,0,,0.0,0,,0.0,0,,0.0,0,,0.0,0,,0.0,0,,0.0,0,,0.0,0,,0.0,0,,0.0,0,,0.0,0,,0.0,0,,0.0,0,,0.0,0,,0.0,0,1,100.0,0,1,100.0,0,0,100.0,0,1,100.0,0,1,100.0,0,1,100.0,0,0,100.0,4.333333333,5,100.0,4,4,100.0,3,4,100.0,2.666666667,5,100.0,4,5,100.0,3,2,100.0,999,5,100.0,1,2,100.0,1,3,100.0,2,1,70.0,-1,2,70.0
Ritual151,0,0,100.0,0,0,100.0,0,0,100.0,0,1,100.0,0,0,100.0,1,1,100.0,0,0,100.0,0,0,100.0,0,1,100.0,0,1,100.0,0,0,100.0,1,1,100.0,0,1,100.0,0,1,100.0,0,0,100.0,4,,0.0,3,1,100.0,0,0,100.0,0,1,100.0,0,0,100.0,0,1,100.0,0,0,100.0,0,0,100.0,0,0,100.0,1,1,100.0,5,5,100.0,5,5,100.0,1,1,100.0,1,1,100.0,0,0,100.0,0,1,100.0,1,1,100.0,1,1,100.0,0,1,100.0,1,1,100.0,1,0,100.0,0,0,100.0,0,1,100.0,0,1,100.0,0,1,70.0,0,1,100.0,0,1,100.0,0,0,100.0,0,0,100.0,0,1,100.0,0,1,100.0,0,0,100.0,0,1,100.0,0,1,100.0,0,1,100.0,1,0,100.0,0,1,100.0,0,0,100.0,0,0,100.0,0,0,100.0,0,0,100.0,0,0,100.0,0,0,100.0,0,0,100.0,0,0,100.0,0,0,100.0,1,1,100.0,0,0,100.0,0,0,100.0,0,0,100.0,0,1,100.0,0,1,100.0,0,0,100.0,0,0,100.0,0,1,100.0,0,0,100.0,0,1,100.0,0,1,100.0,0,0,100.0,0,1,100.0,0,1,100.0,0,1,100.0,0,0,100.0,0,1,100.0,1,1,100.0,1,1,100.0,0,1,100.0,0,0,100.0,0,0,100.0,0,0,100.0,0,0,100.0,0,1,100.0,1,1,100.0,0,0,100.0,0,0,100.0,0,1,100.0,1,1,100.0,0,1,100.0,0,1,100.0,0,1,100.0,0,1,100.0,0,1,100.0,0,1,100.0,0,1,100.0,0,1,100.0,0,1,100.0,0,0,100.0,0,1,100.0,0,1,100.0,3.666666667,5,100.0,4,4,100.0,2,4,100.0,3.333333333,3,100.0,2,3,100.0,7,3,70.0,5,5,100.0,3,2,100.0,1,2,100.0,2,1,100.0,-1,1,100.0
Ritual152,0,1,100.0,0,0,100.0,0,0,100.0,0,1,100.0,1,1,100.0,0,0,100.0,0,0,100.0,0,0,100.0,0,0,100.0,0,0,100.0,0,0,100.0,0,0,100.0,0,0,100.0,0,1,100.0,0,0,100.0,2,,0.0,3,1,100.0,0,0,100.0,1,1,100.0,0,0,100.0,1,0,100.0,0,0,100.0,0,0,100.0,0,0,100.0,0,1,100.0,999,5,100.0,6,5,100.0,1,1,100.0,1,1,100.0,0,0,100.0,0,1,100.0,1,1,100.0,1,1,100.0,0,0,100.0,0,1,100.0,0,0,100.0,0,0,100.0,0,1,100.0,0,1,100.0,0,1,100.0,0,1,100.0,0,0,100.0,0,0,100.0,0,0,100.0,0,1,100.0,0,1,100.0,0,0,100.0,0,0,100.0,0,1,100.0,0,1,100.0,1,0,100.0,0,1,100.0,0,1,100.0,0,0,100.0,0,0,100.0,0,1,100.0,0,0,100.0,0,0,100.0,0,0,100.0,0,1,100.0,0,0,100.0,0,1,100.0,1,1,100.0,0,1,100.0,0,1,100.0,0,1,100.0,0,1,100.0,0,1,100.0,0,0,100.0,0,1,100.0,0,1,100.0,0,1,100.0,0,1,100.0,0,0,100.0,0,1,100.0,0,1,100.0,0,1,100.0,0,0,100.0,0,1,100.0,1,1,100.0,1,1,100.0,0,1,100.0,0,0,100.0,0,0,100.0,0,1,100.0,0,0,100.0,0,1,100.0,0,1,100.0,0,1,100.0,0,1,100.0,0,1,100.0,0,1,100.0,0,1,100.0,0,1,100.0,0,1,100.0,0,1,100.0,0,1,100.0,0,1,100.0,0,1,100.0,0,1,100.0,0,0,100.0,0,0,100.0,0,1,100.0,0,1,100.0,3.666666667,5,100.0,3,4,100.0,2,4,100.0,3.0,5,100.0,3,5,100.0,1,7,100.0,4,5,100.0,2,2,100.0,1,2,100.0,2,1,100.0,-1,1,100.0
Ritual153,0,0,100.0,0,1,100.0,0,0,100.0,1,1,100.0,0,0,100.0,0,1,100.0,0,0,100.0,0,0,100.0,0,0,100.0,0,0,100.0,0,0,100.0,0,0,100.0,0,0,100.0,0,1,100.0,0,0,100.0,2,,0.0,1,1,100.0,1,0,100.0,0,1,100.0,0,0,100.0,0,1,100.0,0,0,100.0,0,0,100.0,0,0,100.0,0,0,100.0,4,5,100.0,4,5,100.0,0,0,100.0,0,0,100.0,0,0,100.0,0,0,100.0,0,0,100.0,0,0,100.0,0,0,100.0,0,0,100.0,0,0,100.0,0,0,100.0,0,0,100.0,0,0,100.0,0,1,100.0,0,0,100.0,0,0,100.0,0,0,100.0,0,1,100.0,0,0,100.0,0,0,100.0,0,0,100.0,0,0,100.0,0,0,100.0,0,1,100.0,1,0,100.0,0,1,100.0,0,0,100.0,0,0,100.0,0,0,100.0,0,0,100.0,0,0,100.0,0,0,100.0,0,0,100.0,0,0,100.0,0,0,100.0,0,0,100.0,0,0,100.0,0,0,100.0,0,0,100.0,0,0,100.0,0,0,100.0,0,0,100.0,0,0,100.0,0,0,100.0,0,0,100.0,0,1,100.0,0,0,100.0,0,0,100.0,0,,0.0,0,,0.0,0,,0.0,0,,0.0,0,,0.0,0,,0.0,1,,0.0,0,,0.0,0,,0.0,0,,0.0,0,,0.0,0,,0.0,0,,0.0,0,,0.0,0,,0.0,0,,0.0,0,,0.0,0,,0.0,0,,0.0,0,,0.0,0,,0.0,0,,0.0,0,,0.0,0,0,100.0,0,1,100.0,0,0,100.0,0,0,100.0,0,0,100.0,0,0,100.0,0,1,100.0,2.0,0,100.0,2,0,100.0,2,3,100.0,0.0,0,100.0,0,0,100.0,-1,3,100.0,1,5,100.0,2,3,100.0,1,2,100.0,2,1,100.0,-1,1,100.0
Ritual154,0,0,100.0,0,0,100.0,0,0,100.0,1,1,100.0,0,0,100.0,0,1,100.0,0,0,100.0,0,0,100.0,0,0,100.0,0,0,100.0,0,0,100.0,0,0,100.0,0,0,100.0,0,1,100.0,0,0,100.0,2,,0.0,3,3,60.0,0,0,100.0,0,1,100.0,0,0,100.0,1,1,100.0,0,0,100.0,0,0,100.0,0,0,100.0,0,1,100.0,5,5,100.0,5,5,100.0,0,1,100.0,0,0,100.0,0,1,100.0,0,0,100.0,0,0,100.0,0,0,100.0,0,0,100.0,0,1,100.0,0,0,100.0,0,0,100.0,0,0,100.0,0,0,100.0,0,1,100.0,0,1,100.0,0,0,100.0,0,0,100.0,0,0,100.0,0,0,100.0,0,0,100.0,0,0,100.0,0,0,100.0,0,1,100.0,0,1,100.0,0,0,100.0,0,0,100.0,0,0,100.0,0,0,100.0,0,0,100.0,0,1,100.0,0,0,100.0,0,0,100.0,0,0,100.0,0,0,100.0,0,0,100.0,0,1,100.0,0,0,100.0,0,0,100.0,0,0,100.0,0,1,100.0,0,1,100.0,0,0,100.0,0,0,100.0,0,1,100.0,0,0,100.0,0,1,100.0,0,0,100.0,0,0,100.0,0,,0.0,0,,0.0,0,,0.0,0,,0.0,0,,0.0,0,,0.0,1,,0.0,0,,0.0,0,,0.0,0,,0.0,0,,0.0,0,,0.0,0,,0.0,0,,0.0,0,,0.0,0,,0.0,0,,0.0,0,,0.0,0,,0.0,0,,0.0,0,,0.0,0,,0.0,0,,0.0,0,1,100.0,0,1,100.0,0,1,100.0,0,0,100.0,0,0,100.0,0,0,100.0,0,1,100.0,2.333333333,5,100.0,3,3,100.0,7,4,100.0,0.0,3,100.0,0,3,100.0,-1,4,90.0,2,5,100.0,3,3,100.0,1,2,100.0,2,1,100.0,-1,2,80.0
Ritual155,0,1,100.0,0,0,100.0,0,0,100.0,1,1,100.0,0,0,100.0,0,1,100.0,1,1,100.0,0,0,100.0,0,0,100.0,0,0,100.0,0,0,100.0,0,0,100.0,0,1,100.0,0,1,100.0,0,1,100.0,4,,0.0,3,1,100.0,1,0,100.0,0,1,100.0,0,0,100.0,0,1,100.0,0,0,100.0,0,0,100.0,0,0,100.0,0,1,50.0,7,5,100.0,6,5,100.0,0,1,100.0,0,1,100.0,0,1,100.0,0,0,100.0,0,0,100.0,0,1,100.0,0,0,100.0,0,1,100.0,0,1,100.0,0,0,100.0,0,1,100.0,0,1,100.0,0,1,100.0,0,1,100.0,0,0,100.0,0,1,100.0,0,1,100.0,0,0,100.0,0,0,100.0,0,0,100.0,0,0,100.0,0,1,100.0,0,1,100.0,0,0,100.0,0,1,100.0,0,0,100.0,0,1,100.0,0,0,100.0,0,1,100.0,0,0,100.0,0,0,80.0,0,0,100.0,0,1,100.0,0,0,100.0,0,1,100.0,0,1,100.0,0,0,100.0,0,0,100.0,1,1,100.0,1,1,100.0,1,1,100.0,0,1,100.0,0,1,100.0,1,1,100.0,0,1,100.0,0,0,100.0,0,0,70.0,0,1,100.0,0,1,100.0,1,1,100.0,0,0,100.0,0,1,100.0,0,0,100.0,0,1,100.0,0,1,100.0,0,0,100.0,0,0,100.0,0,0,100.0,0,0,100.0,0,0,100.0,0,1,100.0,0,0,100.0,0,0,100.0,1,1,100.0,0,0,100.0,0,1,100.0,0,0,100.0,0,0,100.0,0,1,100.0,0,0,100.0,0,0,100.0,0,1,100.0,0,1,100.0,0,0,100.0,0,0,100.0,0,1,100.0,0,1,100.0,0.0,5,100.0,0,4,100.0,-1,4,100.0,4.0,5,100.0,5,7,100.0,2,7,100.0,1,5,100.0,1,2,60.0,1,1,100.0,3,2,100.0,1,1,100.0
Ritual156,0,0,100.0,0,0,100.0,0,0,100.0,0,1,100.0,0,1,100.0,1,1,100.0,0,0,100.0,0,0,100.0,0,1,100.0,0,0,100.0,0,0,100.0,0,0,100.0,0,1,100.0,0,1,100.0,0,1,100.0,4,,0.0,3,1,100.0,0,0,100.0,0,0,100.0,0,1,100.0,0,1,100.0,1,0,100.0,0,0,100.0,0,0,100.0,0,0,100.0,5,5,100.0,5,5,100.0,1,1,100.0,1,1,100.0,0,1,100.0,0,0,100.0,0,1,100.0,0,1,100.0,0,0,100.0,0,1,100.0,0,0,100.0,0,0,100.0,0,1,100.0,0,1,100.0,0,1,100.0,0,1,100.0,0,0,100.0,0,0,100.0,0,1,100.0,0,1,70.0,0,0,100.0,0,0,100.0,0,0,100.0,1,1,100.0,1,1,100.0,0,0,100.0,0,1,100.0,0,0,100.0,0,0,100.0,0,0,100.0,0,0,100.0,0,0,100.0,0,0,100.0,0,0,100.0,0,0,100.0,0,0,100.0,0,1,100.0,0,1,100.0,1,1,100.0,0,0,100.0,0,1,100.0,0,1,100.0,0,0,100.0,0,1,100.0,0,1,100.0,0,1,100.0,0,1,100.0,0,1,100.0,0,0,100.0,1,,0.0,0,,0.0,1,,0.0,0,,0.0,0,,0.0,0,,0.0,1,,0.0,0,,0.0,0,,0.0,0,,0.0,0,,0.0,0,,0.0,0,,0.0,0,,0.0,0,,0.0,0,,0.0,0,,0.0,0,,0.0,0,,0.0,0,,0.0,0,,0.0,0,,0.0,0,,0.0,0,1,100.0,1,1,100.0,0,1,100.0,0,0,100.0,0,0,100.0,0,1,100.0,0,1,100.0,3.0,5,100.0,4,3,100.0,3,4,100.0,3.0,3,100.0,2,2,100.0,2,2,100.0,5,5,100.0,2,3,100.0,1,2,100.0,2,1,100.0,-1,2,100.0
Ritual157,0,5,100.0,0,6,100.0,0,0,100.0,1,1,100.0,0,1,100.0,0,0,100.0,0,0,100.0,0,0,100.0,0,0,100.0,0,0,100.0,0,0,100.0,0,0,100.0,0,0,100.0,0,1,100.0,0,0,100.0,2,,0.0,3,1,100.0,0,0,100.0,1,0,100.0,0,1,100.0,0,1,100.0,0,0,100.0,0,0,100.0,0,0,100.0,0,0,100.0,999,5,100.0,6,5,100.0,0,0,100.0,1,1,100.0,0,0,100.0,0,0,100.0,0,0,100.0,0,0,100.0,0,0,100.0,0,0,100.0,0,0,100.0,0,0,100.0,0,0,100.0,0,1,100.0,0,1,100.0,0,1,100.0,0,0,100.0,0,1,100.0,0,0,100.0,0,1,100.0,0,0,100.0,0,0,100.0,0,0,100.0,1,1,100.0,1,1,100.0,0,0,100.0,0,1,100.0,0,0,100.0,0,0,100.0,1,0,100.0,0,0,100.0,0,0,100.0,0,0,100.0,0,0,100.0,0,1,60.0,0,0,100.0,0,1,100.0,0,1,100.0,0,0,100.0,1,1,100.0,0,0,100.0,0,1,100.0,0,0,100.0,0,0,100.0,0,1,100.0,0,0,100.0,0,1,100.0,0,1,100.0,0,0,70.0,0,,0.0,0,,0.0,0,,0.0,0,,0.0,0,,0.0,0,,0.0,1,,0.0,0,,0.0,0,,0.0,0,,0.0,0,,0.0,0,,0.0,1,,0.0,0,,0.0,0,,0.0,0,,0.0,1,,0.0,0,,0.0,0,,0.0,0,,0.0,0,,0.0,0,,0.0,0,,0.0,0,0,100.0,0,1,100.0,0,0,100.0,0,0,60.0,0,0,100.0,0,1,80.0,0,1,100.0,2.666666667,5,100.0,3,3,100.0,6,4,100.0,3.333333333,4,100.0,3,2,60.0,2,7,60.0,3,5,100.0,2,1,100.0,1,2,100.0,2,1,100.0,-1,2,100.0
Ritual158,0,0,100.0,0,0,100.0,0,0,100.0,1,1,100.0,0,1,100.0,0,0,100.0,0,0,100.0,0,0,100.0,0,0,100.0,0,0,100.0,0,0,100.0,0,1,100.0,0,1,100.0,0,1,100.0,0,0,100.0,2,,0.0,3,3,100.0,0,0,100.0,0,1,100.0,0,0,100.0,1,1,100.0,0,0,100.0,0,0,100.0,0,0,100.0,0,0,100.0,4,5,100.0,4,5,100.0,0,0,100.0,0,0,100.0,0,0,100.0,0,0,100.0,0,0,100.0,0,0,100.0,0,0,100.0,0,0,100.0,0,0,100.0,0,0,100.0,0,0,100.0,0,0,90.0,0,1,100.0,0,1,100.0,0,1,100.0,0,1,100.0,0,0,100.0,0,0,100.0,0,0,100.0,0,0,100.0,0,0,100.0,0,1,100.0,0,1,100.0,0,0,100.0,0,0,100.0,0,0,100.0,0,0,100.0,0,0,100.0,0,0,100.0,0,0,100.0,0,0,100.0,0,0,100.0,0,0,100.0,0,0,100.0,0,1,100.0,0,0,100.0,0,0,100.0,0,0,100.0,0,0,100.0,0,1,100.0,0,0,100.0,1,1,100.0,0,1,100.0,0,0,100.0,0,0,100.0,0,0,100.0,0,0,100.0,0,0,100.0,0,0,100.0,1,0,100.0,0,0,100.0,0,0,100.0,0,0,100.0,0,0,100.0,0,1,100.0,0,0,100.0,0,0,100.0,0,0,100.0,0,0,100.0,0,0,100.0,0,1,100.0,0,0,100.0,0,0,100.0,0,0,100.0,0,0,100.0,0,1,100.0,0,0,100.0,0,1,100.0,0,0,100.0,0,0,100.0,0,0,100.0,0,1,100.0,0,1,100.0,0,0,100.0,0,0,100.0,0,0,100.0,0,1,100.0,4.333333333,0,100.0,3,0,100.0,2,7,100.0,3.0,0,100.0,1,0,100.0,2,7,100.0,3,1,70.0,3,3,100.0,1,2,100.0,2,3,100.0,-1,1,100.0
Ritual159,0,0,100.0,0,0,100.0,0,0,100.0,0,1,100.0,0,0,100.0,1,1,100.0,0,0,100.0,0,0,100.0,0,0,100.0,0,1,100.0,0,0,100.0,0,0,100.0,0,0,100.0,0,1,100.0,0,0,100.0,1,,0.0,3,1,100.0,1,0,100.0,0,1,100.0,0,0,100.0,1,1,100.0,1,0,100.0,0,0,100.0,0,0,100.0,0,0,100.0,1,1,100.0,1,3,100.0,0,0,100.0,0,1,100.0,0,0,100.0,0,0,100.0,0,0,100.0,0,0,100.0,0,0,100.0,0,0,100.0,0,0,100.0,0,0,100.0,1,1,100.0,0,1,100.0,0,1,100.0,0,0,100.0,0,0,100.0,0,0,100.0,0,0,100.0,0,0,100.0,0,0,100.0,0,0,100.0,0,0,100.0,0,0,100.0,0,1,100.0,0,0,100.0,0,0,100.0,0,0,100.0,0,0,100.0,0,0,100.0,0,0,100.0,0,0,100.0,0,0,100.0,0,0,100.0,0,0,100.0,0,0,100.0,0,0,100.0,0,0,100.0,0,0,100.0,0,0,100.0,0,0,100.0,0,0,100.0,0,0,100.0,0,1,100.0,0,1,100.0,0,0,100.0,0,0,100.0,0,0,100.0,0,0,100.0,0,,0.0,0,,0.0,0,,0.0,0,,0.0,0,,0.0,0,,0.0,0,,0.0,0,,0.0,0,,0.0,0,,0.0,0,,0.0,0,,0.0,0,,0.0,0,,0.0,1,,0.0,0,,0.0,0,,0.0,0,,0.0,0,,0.0,0,,0.0,0,,0.0,0,,0.0,0,,0.0,0,0,100.0,0,1,100.0,0,0,100.0,0,0,100.0,0,0,100.0,0,0,100.0,0,0,100.0,1.0,5,100.0,1,4,100.0,2,2,100.0,0.0,1,100.0,0,0,100.0,-1,2,100.0,0,3,100.0,999,2,100.0,1,2,40.0,2,2,60.0,-1,2,50.0
Ritual160,0,0,100.0,0,0,100.0,0,0,100.0,0,1,100.0,0,0,100.0,1,1,100.0,0,0,100.0,0,0,100.0,0,0,100.0,0,1,100.0,0,0,100.0,0,0,100.0,0,1,100.0,0,1,100.0,0,0,100.0,2,,0.0,3,1,100.0,0,0,100.0,1,1,100.0,0,1,100.0,1,1,90.0,0,0,50.0,0,0,100.0,0,0,100.0,1,1,100.0,6,5,100.0,6,5,100.0,0,0,100.0,0,0,100.0,0,0,100.0,0,0,100.0,0,0,100.0,0,0,100.0,0,0,100.0,0,1,100.0,1,1,100.0,0,0,100.0,0,1,100.0,0,1,100.0,0,1,100.0,0,1,100.0,0,0,100.0,0,0,100.0,0,0,100.0,0,1,100.0,0,0,100.0,0,0,100.0,0,0,100.0,0,1,50.0,0,1,100.0,0,0,100.0,0,0,100.0,0,0,100.0,0,0,100.0,0,0,100.0,0,0,100.0,0,0,100.0,0,0,100.0,0,0,100.0,0,0,100.0,0,0,100.0,0,0,100.0,0,0,100.0,0,0,100.0,0,0,100.0,0,1,100.0,0,1,100.0,0,0,100.0,0,1,90.0,0,1,100.0,0,0,100.0,0,1,100.0,0,0,100.0,0,0,100.0,0,,0.0,0,,0.0,0,,0.0,0,,0.0,0,,0.0,0,,0.0,0,,0.0,0,,0.0,0,,0.0,0,,0.0,0,,0.0,0,,0.0,0,,0.0,0,,0.0,0,,0.0,0,,0.0,0,,0.0,0,,0.0,0,,0.0,0,,0.0,0,,0.0,0,,0.0,0,,0.0,0,1,100.0,0,1,100.0,0,1,100.0,0,0,100.0,0,1,90.0,0,1,100.0,0,0,100.0,2.666666667,5,100.0,4,3,100.0,2,4,100.0,0.0,1,100.0,0,0,100.0,-1,2,100.0,3,5,100.0,999,2,100.0,1,1,100.0,2,2,100.0,-1,1,100.0
Ritual161,0,0,100.0,0,0,100.0,0,0,100.0,0,1,100.0,0,0,100.0,0,1,100.0,0,0,100.0,0,0,100.0,0,0,100.0,1,1,100.0,0,0,100.0,0,0,100.0,0,0,100.0,0,1,100.0,0,1,100.0,2,,0.0,3,1,100.0,0,0,100.0,0,0,100.0,0,0,100.0,1,1,100.0,0,0,100.0,0,0,100.0,0,0,100.0,0,0,100.0,999,3,100.0,2,5,100.0,0,0,100.0,0,0,100.0,0,0,100.0,0,0,100.0,0,0,100.0,0,0,100.0,0,0,100.0,0,0,100.0,0,0,100.0,0,0,100.0,0,0,100.0,0,0,100.0,0,1,100.0,0,0,100.0,0,0,100.0,0,0,100.0,0,1,100.0,0,0,100.0,0,0,100.0,0,0,100.0,0,0,100.0,0,0,100.0,0,1,100.0,0,0,100.0,0,0,100.0,0,0,100.0,0,0,100.0,0,0,100.0,0,0,100.0,0,0,100.0,0,0,100.0,0,0,100.0,0,0,100.0,0,0,100.0,0,0,100.0,0,0,100.0,0,0,100.0,0,0,100.0,0,0,100.0,0,0,100.0,0,0,100.0,0,0,100.0,0,0,100.0,0,0,100.0,0,1,100.0,0,0,100.0,0,1,100.0,0,,0.0,0,,0.0,0,,0.0,0,,0.0,0,,0.0,0,,0.0,0,,0.0,0,,0.0,0,,0.0,0,,0.0,0,,0.0,0,,0.0,0,,0.0,1,,0.0,1,,0.0,0,,0.0,0,,0.0,0,,0.0,0,,0.0,0,,0.0,0,,0.0,0,,0.0,0,,0.0,0,1,100.0,0,1,100.0,0,0,100.0,0,0,100.0,0,0,100.0,0,1,100.0,0,1,100.0,1.333333333,0,100.0,2,0,100.0,7,0,100.0,0.0,0,100.0,0,0,100.0,-1,0,100.0,999,1,60.0,999,999,100.0,1,2,100.0,2,1,100.0,-1,3,100.0
Ritual163,0,0,100.0,0,1,100.0,0,0,100.0,0,1,100.0,1,1,100.0,0,0,100.0,0,0,100.0,0,0,100.0,0,0,100.0,0,0,100.0,0,0,100.0,0,0,100.0,0,1,100.0,0,1,100.0,0,0,100.0,2,,0.0,3,1,100.0,0,0,100.0,0,0,100.0,0,1,100.0,0,0,100.0,0,0,100.0,0,1,100.0,0,0,100.0,0,0,100.0,6,5,100.0,6,5,100.0,0,1,100.0,1,1,100.0,1,1,100.0,0,1,100.0,0,0,100.0,0,0,100.0,0,0,100.0,0,1,100.0,0,0,100.0,0,0,100.0,0,1,100.0,0,1,100.0,0,1,100.0,0,1,100.0,1,1,100.0,0,0,100.0,0,0,100.0,0,0,100.0,0,1,100.0,0,0,100.0,0,0,100.0,0,1,100.0,0,1,100.0,0,0,100.0,0,1,100.0,0,0,100.0,0,0,100.0,0,0,100.0,0,1,100.0,0,0,100.0,0,0,100.0,0,0,100.0,0,0,100.0,0,0,100.0,0,1,100.0,0,1,100.0,0,0,100.0,0,0,100.0,0,0,100.0,0,1,100.0,0,0,100.0,0,0,100.0,0,1,100.0,0,0,100.0,0,1,100.0,0,1,100.0,0,0,100.0,0,,0.0,0,,0.0,0,,0.0,0,,0.0,0,,0.0,1,,0.0,0,,0.0,0,,0.0,0,,0.0,0,,0.0,0,,0.0,0,,0.0,0,,0.0,0,,0.0,0,,0.0,0,,0.0,0,,0.0,0,,0.0,0,,0.0,0,,0.0,0,,0.0,0,,0.0,0,,0.0,0,1,100.0,0,1,100.0,0,1,100.0,0,0,100.0,0,0,100.0,0,0,100.0,0,1,100.0,3.333333333,5,100.0,3,4,100.0,4,4,100.0,0.0,4,100.0,0,4,100.0,-1,7,70.0,3,5,100.0,999,1,100.0,1,1,100.0,2,2,100.0,-1,1,100.0
Ritual164,0,0,100.0,0,0,100.0,0,0,100.0,1,1,100.0,0,1,100.0,0,0,100.0,1,1,100.0,0,0,100.0,0,0,100.0,0,0,100.0,0,0,100.0,0,0,100.0,0,1,100.0,1,1,100.0,0,0,100.0,999,,0.0,2,2,100.0,0,0,100.0,0,0,100.0,0,1,100.0,1,1,100.0,0,0,100.0,0,0,100.0,0,0,100.0,0,0,100.0,6,5,100.0,6,5,100.0,0,0,100.0,0,0,100.0,0,0,100.0,0,0,100.0,0,0,100.0,0,0,100.0,0,0,100.0,0,0,100.0,0,0,100.0,0,0,100.0,0,0,100.0,0,1,100.0,0,1,100.0,0,1,100.0,0,0,100.0,0,0,100.0,0,0,100.0,0,0,100.0,0,0,100.0,0,0,100.0,0,0,100.0,0,0,100.0,0,1,100.0,0,0,100.0,0,0,100.0,0,0,100.0,0,1,100.0,0,0,100.0,0,0,100.0,0,1,100.0,0,1,100.0,1,1,100.0,0,0,100.0,0,0,100.0,0,1,100.0,0,0,100.0,0,0,100.0,0,0,100.0,1,0,100.0,0,1,100.0,0,1,100.0,0,0,100.0,0,1,100.0,0,1,100.0,0,1,100.0,0,1,100.0,0,0,100.0,0,,0.0,0,,0.0,0,,0.0,0,,0.0,0,,0.0,0,,0.0,0,,0.0,0,,0.0,0,,0.0,0,,0.0,0,,0.0,0,,0.0,0,,0.0,0,,0.0,0,,0.0,0,,0.0,1,,0.0,0,,0.0,0,,0.0,0,,0.0,0,,0.0,0,,0.0,0,,0.0,0,0,100.0,0,1,100.0,0,0,100.0,0,0,100.0,0,0,100.0,0,1,100.0,0,0,100.0,1.333333333,5,100.0,0,3,100.0,2,2,100.0,4.333333333,5,100.0,5,4,100.0,2,2,100.0,2,5,100.0,999,2,100.0,1,1,100.0,2,2,100.0,-1,1,100.0
Ritual165,0,,0.0,0,,0.0,0,,0.0,0,,0.0,1,,0.0,0,,0.0,1,,0.0,0,,0.0,0,,0.0,0,,0.0,0,,0.0,0,,0.0,0,,0.0,0,,0.0,0,,0.0,2,,0.0,3,,0.0,0,,0.0,0,,0.0,1,,0.0,1,,0.0,0,,0.0,0,,0.0,0,,0.0,0,,0.0,6,,0.0,6,,0.0,1,,0.0,1,,0.0,1,,0.0,1,,0.0,0,,0.0,0,,0.0,0,,0.0,0,,0.0,0,,0.0,0,,0.0,0,,0.0,0,,0.0,0,,0.0,0,,0.0,0,,0.0,0,,0.0,0,,0.0,0,,0.0,0,,0.0,0,,0.0,1,,0.0,0,,0.0,0,,0.0,0,,0.0,0,,0.0,0,,0.0,0,,0.0,0,,0.0,0,,0.0,0,,0.0,0,,0.0,0,,0.0,0,,0.0,0,,0.0,0,,0.0,0,,0.0,0,,0.0,0,,0.0,1,,0.0,0,,0.0,1,,0.0,0,,0.0,0,,0.0,0,,0.0,0,,0.0,0,,0.0,0,,0.0,0,,0.0,0,,0.0,0,,0.0,0,,0.0,0,,0.0,0,,0.0,1,,0.0,0,,0.0,0,,0.0,0,,0.0,0,,0.0,0,,0.0,0,,0.0,0,,0.0,0,,0.0,0,,0.0,0,,0.0,0,,0.0,0,,0.0,0,,0.0,0,,0.0,0,,0.0,0,,0.0,0,,0.0,0,,0.0,0,,0.0,0,,0.0,0,,0.0,0,,0.0,0,,0.0,3.666666667,,0.0,3,,0.0,2,,0.0,2.666666667,,0.0,0,,0.0,1,,0.0,2,,0.0,999,,0.0,999,,0.0,999,,0.0,-1,,0.0
Ritual166,0,0,100.0,0,1,100.0,0,0,100.0,1,0,100.0,0,1,100.0,0,0,100.0,0,0,100.0,0,0,100.0,0,0,100.0,0,0,100.0,0,0,100.0,0,0,100.0,0,1,100.0,0,1,100.0,0,0,100.0,2,,0.0,3,1,100.0,0,0,100.0,0,0,100.0,0,0,100.0,1,1,100.0,0,0,100.0,0,0,100.0,0,0,100.0,0,0,100.0,6,5,100.0,6,5,100.0,0,0,100.0,1,1,100.0,0,0,100.0,0,0,100.0,0,0,100.0,0,0,100.0,0,0,100.0,0,0,100.0,0,0,100.0,0,0,100.0,0,0,100.0,0,0,100.0,0,1,100.0,1,1,100.0,0,1,100.0,0,0,100.0,0,0,100.0,1,1,100.0,0,0,100.0,0,0,100.0,0,0,100.0,0,1,100.0,0,1,100.0,0,0,100.0,0,0,100.0,0,0,100.0,0,0,100.0,0,0,100.0,0,0,100.0,0,0,100.0,0,0,100.0,0,0,100.0,0,0,100.0,0,0,100.0,0,1,100.0,0,1,100.0,0,0,100.0,1,1,100.0,0,0,100.0,0,1,100.0,0,0,100.0,0,0,100.0,0,0,100.0,0,0,100.0,0,1,100.0,0,0,100.0,0,0,100.0,0,,0.0,0,,0.0,0,,0.0,0,,0.0,0,,0.0,0,,0.0,0,,0.0,0,,0.0,0,,0.0,0,,0.0,0,,0.0,0,,0.0,0,,0.0,0,,0.0,0,,0.0,0,,0.0,0,,0.0,0,,0.0,0,,0.0,0,,0.0,0,,0.0,0,,0.0,0,,0.0,0,0,100.0,0,0,100.0,0,0,100.0,0,0,100.0,0,0,100.0,0,0,100.0,0,1,100.0,2.0,5,100.0,2,3,100.0,7,4,100.0,0.0,2,100.0,0,2,100.0,-1,2,100.0,999,5,100.0,3,1,100.0,1,1,100.0,2,2,100.0,-1,1,100.0
Ritual167,0,0,100.0,0,0,100.0,0,0,100.0,0,1,100.0,1,1,100.0,0,0,100.0,0,0,100.0,0,0,100.0,0,0,100.0,0,0,100.0,0,0,100.0,1,1,100.0,0,1,100.0,0,1,100.0,0,0,100.0,1,,0.0,1,1,100.0,0,0,100.0,0,1,100.0,0,0,100.0,1,1,100.0,0,0,100.0,0,0,100.0,0,0,100.0,0,0,100.0,999,5,100.0,6,5,100.0,0,0,100.0,0,1,100.0,0,0,100.0,0,0,100.0,1,1,100.0,0,0,100.0,0,0,100.0,0,1,100.0,0,0,100.0,0,0,100.0,0,1,100.0,0,1,100.0,0,1,100.0,0,1,100.0,0,0,100.0,0,1,100.0,0,0,60.0,0,0,100.0,0,0,100.0,0,0,100.0,0,0,100.0,0,0,100.0,0,1,100.0,0,0,100.0,0,0,100.0,0,0,100.0,0,0,100.0,0,0,100.0,0,0,100.0,0,0,100.0,0,0,100.0,0,0,100.0,0,0,100.0,0,0,100.0,0,1,100.0,0,0,100.0,0,0,100.0,0,0,100.0,0,0,100.0,0,1,100.0,0,0,100.0,0,0,100.0,0,1,100.0,0,1,100.0,0,1,100.0,0,0,100.0,0,0,100.0,0,,0.0,0,,0.0,0,,0.0,0,,0.0,0,,0.0,0,,0.0,0,,0.0,1,,0.0,0,,0.0,0,,0.0,0,,0.0,0,,0.0,0,,0.0,0,,0.0,0,,0.0,0,,0.0,0,,0.0,1,,0.0,0,,0.0,0,,0.0,0,,0.0,0,,0.0,0,,0.0,0,0,100.0,0,1,100.0,0,1,100.0,0,0,100.0,0,0,100.0,0,0,100.0,0,1,100.0,0.0,5,100.0,0,3,100.0,-1,4,100.0,3.0,4,100.0,4,3,100.0,1,5,80.0,999,5,100.0,999,2,100.0,1,2,100.0,2,1,100.0,-1,1,100.0
Ritual168,0,1,100.0,0,0,100.0,0,0,100.0,1,1,100.0,0,0,100.0,0,1,100.0,1,1,100.0,0,0,100.0,0,0,100.0,0,0,100.0,0,0,100.0,0,0,100.0,0,0,100.0,0,1,100.0,0,1,100.0,4,,0.0,3,1,100.0,0,0,100.0,0,1,100.0,0,0,100.0,1,1,100.0,0,0,100.0,0,0,100.0,0,0,100.0,0,0,100.0,7,5,100.0,6,5,100.0,1,1,100.0,1,1,100.0,1,1,100.0,1,0,100.0,1,0,100.0,0,1,100.0,0,0,100.0,0,1,100.0,0,0,100.0,0,0,100.0,0,1,100.0,0,1,100.0,1,1,100.0,0,1,100.0,0,0,100.0,0,1,80.0,0,1,100.0,0,0,100.0,0,0,100.0,0,0,100.0,0,0,100.0,1,1,100.0,1,1,100.0,0,0,100.0,0,0,100.0,0,0,100.0,0,0,100.0,0,0,100.0,0,0,100.0,0,0,100.0,0,0,100.0,0,0,100.0,0,0,100.0,0,0,100.0,0,1,100.0,0,0,100.0,0,0,100.0,0,0,100.0,0,0,100.0,0,1,100.0,0,0,70.0,0,1,70.0,0,1,100.0,0,0,100.0,0,1,100.0,0,0,100.0,0,0,100.0,0,1,100.0,0,0,100.0,0,0,100.0,0,0,100.0,0,1,100.0,0,0,100.0,0,1,100.0,0,1,100.0,0,1,100.0,0,0,100.0,0,1,100.0,0,0,100.0,0,0,100.0,0,1,100.0,0,0,100.0,0,1,100.0,0,1,100.0,0,0,100.0,0,1,100.0,0,0,100.0,0,1,100.0,0,0,100.0,0,1,100.0,0,0,100.0,0,1,100.0,0,1,100.0,0,0,100.0,0,0,100.0,0,1,100.0,0,1,100.0,4.0,5,100.0,3,3,100.0,2,4,100.0,2.333333333,2,100.0,0,3,70.0,2,2,90.0,4,5,100.0,2,2,100.0,3,2,100.0,1,1,100.0,-1,1,100.0
Ritual169,0,0,100.0,0,0,100.0,0,0,100.0,0,1,100.0,0,0,100.0,0,1,100.0,0,1,100.0,0,0,100.0,0,0,100.0,0,0,100.0,0,1,100.0,0,0,100.0,0,1,100.0,0,1,100.0,0,1,60.0,2,,0.0,3,1,100.0,0,0,100.0,0,1,100.0,0,0,100.0,1,1,100.0,0,0,100.0,0,0,100.0,0,0,100.0,0,1,100.0,5,5,100.0,6,5,100.0,0,1,100.0,1,1,100.0,1,1,100.0,1,0,100.0,0,0,100.0,1,1,100.0,0,0,100.0,0,1,100.0,0,0,100.0,0,0,100.0,0,1,100.0,0,0,100.0,0,1,100.0,0,1,100.0,0,0,100.0,0,0,100.0,0,0,100.0,0,0,100.0,0,1,100.0,0,0,100.0,0,0,100.0,1,1,100.0,0,1,100.0,0,0,100.0,0,0,100.0,0,0,100.0,0,0,100.0,0,0,100.0,0,1,100.0,0,0,100.0,0,0,100.0,0,0,100.0,0,1,100.0,0,0,100.0,0,1,100.0,1,1,100.0,0,0,100.0,0,0,100.0,0,0,100.0,0,1,100.0,0,0,100.0,0,0,100.0,0,1,100.0,0,0,100.0,0,1,100.0,0,0,100.0,0,1,100.0,0,1,100.0,0,1,100.0,0,0,100.0,0,0,100.0,0,1,100.0,0,0,100.0,0,1,100.0,0,1,100.0,0,0,100.0,0,0,100.0,0,0,100.0,0,0,100.0,0,1,100.0,0,1,100.0,0,0,100.0,0,1,100.0,0,0,100.0,0,1,100.0,0,1,100.0,0,0,100.0,0,0,100.0,0,0,100.0,0,0,100.0,0,1,60.0,0,1,100.0,0,1,100.0,0,0,100.0,0,0,100.0,0,0,100.0,0,1,100.0,2.666666667,5,70.0,4,3,70.0,3,4,100.0,3.0,2,100.0,1,2,100.0,5,2,100.0,2,5,100.0,2,2,100.0,1,2,50.0,2,1,50.0,-1,1,100.0
Ritual170,0,0,100.0,0,0,100.0,0,0,100.0,0,1,100.0,0,1,100.0,0,1,100.0,0,0,100.0,0,0,100.0,1,1,100.0,0,0,100.0,0,0,100.0,0,0,100.0,0,0,100.0,0,1,100.0,0,0,100.0,1,,0.0,999,1,100.0,0,0,100.0,0,0,100.0,0,0,100.0,0,1,100.0,0,0,100.0,0,0,100.0,0,0,100.0,0,0,100.0,999,5,100.0,4,5,100.0,0,0,100.0,0,0,100.0,0,0,100.0,0,0,100.0,0,0,100.0,0,0,100.0,0,0,100.0,0,0,100.0,0,0,100.0,0,0,100.0,0,0,100.0,0,0,100.0,0,1,100.0,0,0,100.0,0,0,100.0,0,0,100.0,0,0,100.0,0,0,100.0,0,0,100.0,0,0,100.0,0,0,100.0,0,1,100.0,0,1,100.0,0,0,100.0,0,0,100.0,0,0,100.0,0,0,100.0,0,0,100.0,0,0,100.0,0,0,100.0,0,0,100.0,0,0,100.0,0,0,100.0,0,0,100.0,0,1,100.0,0,0,100.0,0,0,100.0,0,0,100.0,0,0,100.0,0,1,100.0,0,0,100.0,0,0,100.0,0,1,100.0,0,1,100.0,0,1,100.0,0,0,100.0,0,1,100.0,0,,0.0,0,,0.0,0,,0.0,0,,0.0,0,,0.0,0,,0.0,0,,0.0,0,,0.0,0,,0.0,0,,0.0,0,,0.0,0,,0.0,1,,0.0,1,,0.0,0,,0.0,0,,0.0,0,,0.0,0,,0.0,0,,0.0,0,,0.0,0,,0.0,0,,0.0,0,,0.0,0,1,100.0,0,1,100.0,0,1,100.0,0,0,100.0,0,1,100.0,0,0,100.0,0,0,100.0,1.0,5,100.0,1,3,100.0,7,4,100.0,0.0,4,80.0,0,2,50.0,-1,2,100.0,0,5,100.0,999,3,100.0,1,2,80.0,2,1,100.0,-1,3,100.0
Ritual171,0,0,100.0,0,1,100.0,0,0,100.0,1,1,100.0,0,0,100.0,0,1,100.0,0,0,100.0,0,0,100.0,1,1,100.0,0,0,100.0,0,0,100.0,0,0,100.0,0,0,100.0,0,1,100.0,0,0,100.0,1,,0.0,999,1,100.0,0,0,100.0,0,1,100.0,0,0,100.0,1,1,100.0,0,0,100.0,0,0,100.0,0,0,100.0,0,0,100.0,4,5,100.0,4,5,100.0,0,0,100.0,0,0,100.0,0,0,100.0,0,0,100.0,0,1,100.0,0,0,100.0,0,0,100.0,0,0,100.0,0,0,100.0,0,0,100.0,0,0,100.0,0,1,100.0,0,1,100.0,0,0,60.0,0,1,100.0,0,0,100.0,0,0,100.0,0,0,100.0,0,0,100.0,0,0,100.0,0,1,100.0,0,0,100.0,0,1,100.0,0,0,100.0,0,0,100.0,0,0,100.0,0,0,100.0,0,0,100.0,0,0,100.0,0,0,100.0,0,0,100.0,0,0,100.0,0,0,100.0,0,0,100.0,0,1,100.0,0,0,100.0,0,0,100.0,0,0,100.0,0,0,100.0,0,1,100.0,0,0,100.0,0,0,100.0,0,1,100.0,0,0,100.0,0,1,100.0,0,0,100.0,0,0,100.0,0,1,100.0,0,1,100.0,0,0,100.0,0,0,100.0,0,0,100.0,0,0,100.0,0,1,100.0,0,1,100.0,1,1,100.0,0,0,100.0,0,0,100.0,0,0,100.0,0,0,100.0,1,1,100.0,0,1,100.0,0,0,100.0,0,0,100.0,0,0,100.0,0,1,100.0,0,0,100.0,0,1,100.0,0,0,100.0,0,0,100.0,0,1,100.0,0,1,100.0,0,1,100.0,0,0,100.0,0,0,100.0,0,0,100.0,0,1,100.0,2.0,5,70.0,1,3,70.0,7,4,70.0,0.0,4,100.0,0,3,100.0,-1,2,100.0,0,5,100.0,3,3,100.0,1,1,100.0,2,2,100.0,-1,1,100.0
Ritual172,0,0,60.0,0,0,100.0,0,0,100.0,1,1,100.0,0,0,100.0,0,1,100.0,0,0,100.0,0,0,100.0,0,0,100.0,0,0,100.0,0,0,100.0,0,0,100.0,0,0,100.0,0,1,100.0,0,1,100.0,1,,0.0,3,1,100.0,0,0,100.0,0,1,100.0,0,0,100.0,0,1,100.0,0,0,100.0,0,0,100.0,0,0,100.0,0,0,100.0,3,5,100.0,3,5,100.0,0,0,100.0,0,1,100.0,0,1,100.0,0,0,100.0,0,0,100.0,0,0,100.0,0,0,100.0,0,1,100.0,0,0,100.0,0,0,100.0,0,0,60.0,0,0,100.0,0,1,100.0,0,0,100.0,0,1,100.0,0,0,100.0,0,0,100.0,0,0,100.0,0,0,100.0,0,0,100.0,0,0,100.0,1,1,100.0,0,1,100.0,0,0,100.0,0,0,100.0,0,0,100.0,0,0,100.0,0,0,100.0,0,0,100.0,0,0,100.0,0,0,100.0,0,0,100.0,0,0,100.0,0,0,100.0,0,1,100.0,0,0,100.0,0,0,100.0,0,0,100.0,0,0,100.0,0,0,100.0,0,0,100.0,0,0,100.0,0,1,100.0,0,0,100.0,0,1,100.0,0,0,100.0,0,0,100.0,0,1,100.0,0,1,100.0,0,1,100.0,0,0,100.0,0,1,100.0,0,0,100.0,0,1,100.0,0,1,100.0,1,1,100.0,0,0,100.0,0,0,100.0,0,0,100.0,0,0,100.0,1,1,100.0,0,1,100.0,0,0,100.0,0,1,100.0,0,0,100.0,0,1,100.0,0,0,100.0,0,1,80.0,0,1,100.0,0,0,100.0,0,1,100.0,0,1,100.0,0,1,100.0,0,0,100.0,0,1,100.0,0,0,100.0,0,1,60.0,2.0,0,100.0,1,3,100.0,7,4,100.0,0.0,0,100.0,0,0,100.0,-1,2,100.0,0,5,100.0,2,2,70.0,1,2,100.0,2,1,100.0,-1,1,100.0
Ritual173,0,1,100.0,0,0,100.0,0,0,100.0,0,1,100.0,0,0,100.0,0,1,100.0,0,0,100.0,0,0,100.0,0,0,100.0,0,0,100.0,0,0,100.0,0,0,100.0,0,0,100.0,0,1,100.0,0,0,100.0,2,,0.0,3,1,100.0,0,0,100.0,0,1,100.0,1,0,100.0,0,1,100.0,0,0,100.0,0,0,100.0,0,0,100.0,0,0,100.0,999,5,100.0,6,5,100.0,0,0,100.0,0,0,100.0,0,0,80.0,0,0,100.0,1,0,100.0,0,0,100.0,0,0,100.0,0,1,100.0,0,1,60.0,0,0,100.0,0,1,70.0,0,0,100.0,0,1,100.0,0,1,100.0,0,0,100.0,0,0,100.0,0,1,100.0,0,0,100.0,0,0,100.0,0,0,100.0,0,0,100.0,0,1,100.0,0,1,100.0,0,0,100.0,0,0,100.0,0,0,100.0,0,0,100.0,0,0,100.0,0,1,100.0,0,0,100.0,0,0,100.0,0,0,100.0,0,0,100.0,0,0,100.0,0,1,100.0,0,0,100.0,0,0,100.0,0,0,100.0,0,0,100.0,0,1,100.0,0,0,100.0,0,0,100.0,0,0,100.0,0,1,100.0,0,1,100.0,0,0,100.0,0,1,100.0,0,,0.0,0,,0.0,0,,0.0,0,,0.0,0,,0.0,1,,0.0,0,,0.0,0,,0.0,1,,0.0,0,,0.0,0,,0.0,0,,0.0,0,,0.0,1,,0.0,0,,0.0,0,,0.0,0,,0.0,1,,0.0,0,,0.0,0,,0.0,0,,0.0,0,,0.0,0,,0.0,0,1,100.0,0,1,100.0,0,1,100.0,0,0,100.0,0,0,100.0,0,1,100.0,0,0,100.0,3.0,5,100.0,3,4,50.0,7,4,100.0,0.0,3,50.0,0,2,60.0,-1,2,60.0,2,5,100.0,999,2,100.0,1,2,100.0,2,1,100.0,-1,1,100.0
Ritual174,0,0,100.0,0,0,100.0,0,1,100.0,1,1,100.0,0,0,100.0,0,1,100.0,0,0,100.0,0,0,100.0,0,0,100.0,0,0,100.0,0,0,100.0,0,0,100.0,0,1,100.0,0,1,100.0,0,0,100.0,4,,0.0,1,1,100.0,0,0,100.0,0,0,100.0,0,1,100.0,0,0,100.0,1,1,100.0,0,0,100.0,0,0,100.0,0,0,100.0,999,5,100.0,6,5,100.0,1,1,100.0,1,1,100.0,0,1,80.0,0,0,100.0,0,0,80.0,1,1,100.0,0,0,100.0,0,1,100.0,0,0,100.0,0,0,100.0,0,0,100.0,0,1,100.0,0,1,100.0,0,1,100.0,0,0,100.0,0,1,100.0,0,0,100.0,0,0,100.0,0,1,100.0,0,0,100.0,0,0,100.0,0,1,100.0,0,1,100.0,0,0,100.0,0,0,100.0,0,1,100.0,0,1,100.0,0,0,100.0,0,1,100.0,0,1,100.0,0,0,100.0,0,0,100.0,0,0,100.0,0,0,100.0,0,1,100.0,0,0,100.0,0,0,100.0,0,0,100.0,0,1,100.0,0,1,100.0,0,0,100.0,0,1,100.0,0,1,100.0,0,1,100.0,0,1,100.0,0,0,100.0,0,1,100.0,0,1,100.0,0,1,100.0,0,0,100.0,1,0,100.0,0,1,100.0,0,1,100.0,0,1,100.0,0,1,100.0,1,1,100.0,0,0,100.0,0,0,100.0,0,0,100.0,0,1,100.0,0,1,100.0,0,0,100.0,0,0,100.0,1,0,100.0,0,1,100.0,0,1,100.0,0,0,100.0,0,1,100.0,0,1,100.0,0,0,100.0,0,1,100.0,0,1,100.0,0,1,100.0,0,0,100.0,0,0,100.0,0,1,100.0,0,1,100.0,4.333333333,5,100.0,4,4,100.0,7,4,100.0,3.666666667,5,100.0,2,4,100.0,1,2,100.0,4,5,100.0,999,2,100.0,1,2,100.0,2,1,100.0,-1,1,100.0
Ritual175,0,0,100.0,0,0,100.0,0,0,100.0,1,1,100.0,0,0,100.0,0,1,100.0,0,0,100.0,0,0,100.0,0,1,100.0,0,0,100.0,0,0,100.0,0,1,100.0,0,1,100.0,0,1,100.0,0,1,70.0,2,,0.0,3,3,100.0,0,0,100.0,0,1,100.0,0,0,100.0,1,1,100.0,0,0,100.0,0,0,100.0,0,0,100.0,0,0,100.0,999,5,100.0,3,5,100.0,0,0,100.0,0,1,100.0,0,1,100.0,0,0,100.0,0,0,100.0,0,1,100.0,0,0,100.0,0,1,100.0,0,0,100.0,0,0,100.0,0,0,100.0,0,0,100.0,0,1,100.0,0,0,100.0,0,0,100.0,0,1,100.0,0,0,100.0,0,0,100.0,0,1,100.0,0,0,100.0,0,1,100.0,1,1,100.0,0,1,100.0,0,0,100.0,0,0,100.0,0,0,100.0,0,0,100.0,0,0,100.0,0,0,100.0,0,0,100.0,0,0,100.0,0,0,100.0,0,0,100.0,0,0,100.0,0,1,100.0,0,0,100.0,0,0,100.0,0,0,100.0,0,0,100.0,0,0,100.0,0,0,100.0,0,0,100.0,0,0,100.0,0,0,100.0,0,1,100.0,0,0,80.0,0,0,100.0,0,,0.0,0,,0.0,0,,0.0,0,,0.0,0,,0.0,0,,0.0,0,,0.0,0,,0.0,1,,0.0,0,,0.0,0,,0.0,0,,0.0,0,,0.0,1,,0.0,0,,0.0,0,,0.0,0,,0.0,0,,0.0,0,,0.0,0,,0.0,0,,0.0,0,,0.0,0,,0.0,0,0,100.0,0,1,100.0,0,0,100.0,0,0,100.0,0,1,100.0,0,0,100.0,0,0,100.0,2.0,3,100.0,1,2,100.0,7,4,100.0,0.0,2,100.0,0,3,80.0,-1,2,100.0,0,5,100.0,2,3,80.0,1,1,100.0,2,2,100.0,-1,2,100.0
Ritual176,1,0,100.0,0,0,100.0,0,0,100.0,0,1,100.0,0,0,100.0,0,1,100.0,0,0,100.0,0,0,100.0,0,0,100.0,0,0,100.0,0,0,100.0,0,0,100.0,0,0,80.0,0,1,100.0,0,1,100.0,2,,0.0,3,1,100.0,0,0,100.0,0,1,100.0,0,0,100.0,1,1,100.0,0,0,100.0,0,0,100.0,0,0,100.0,0,0,100.0,999,5,100.0,6,5,100.0,0,0,100.0,0,0,100.0,0,0,100.0,0,0,100.0,0,0,100.0,0,0,100.0,0,0,100.0,0,0,100.0,0,0,100.0,0,0,100.0,0,0,100.0,0,0,100.0,0,0,100.0,0,0,100.0,0,0,100.0,0,1,100.0,0,0,100.0,0,0,100.0,0,0,100.0,0,0,100.0,0,1,100.0,0,1,100.0,0,0,100.0,0,0,100.0,0,0,100.0,0,0,100.0,0,0,100.0,0,0,100.0,0,0,100.0,0,0,100.0,0,0,100.0,0,0,100.0,0,0,100.0,0,0,100.0,0,1,100.0,0,0,100.0,0,0,100.0,0,0,100.0,0,0,100.0,0,0,100.0,0,0,100.0,0,0,100.0,0,0,100.0,0,0,100.0,0,1,100.0,0,0,100.0,0,0,100.0,0,1,100.0,0,1,100.0,0,0,100.0,0,0,100.0,0,1,100.0,0,0,100.0,0,1,100.0,0,1,100.0,1,1,100.0,0,0,100.0,0,1,100.0,0,0,100.0,0,0,100.0,1,1,100.0,0,1,100.0,0,0,100.0,0,1,70.0,0,0,100.0,0,1,100.0,0,0,100.0,0,1,100.0,0,0,100.0,0,0,100.0,0,0,100.0,0,1,100.0,0,0,100.0,0,1,100.0,0,1,100.0,0,0,100.0,0,0,100.0,1.333333333,3,100.0,2,2,100.0,7,4,100.0,0.0,1,100.0,0,0,100.0,-1,2,100.0,999,5,100.0,3,3,100.0,1,1,100.0,2,2,100.0,-1,1,100.0
Ritual177,1,0,100.0,0,0,100.0,0,0,100.0,0,1,100.0,0,1,100.0,0,1,100.0,0,0,100.0,0,0,100.0,0,0,100.0,0,0,100.0,0,0,100.0,0,0,100.0,0,0,100.0,0,1,100.0,0,0,100.0,2,,0.0,3,1,100.0,0,0,100.0,0,0,100.0,0,0,100.0,1,1,100.0,0,0,100.0,0,0,100.0,0,0,100.0,0,0,100.0,999,5,100.0,6,5,100.0,0,0,100.0,0,0,100.0,0,0,100.0,0,0,100.0,0,0,100.0,0,0,100.0,0,0,100.0,0,0,100.0,0,0,100.0,0,0,100.0,0,0,100.0,0,0,100.0,0,1,100.0,0,0,100.0,0,0,100.0,0,0,100.0,0,0,100.0,0,0,100.0,0,1,100.0,0,0,100.0,0,1,100.0,0,0,100.0,0,1,100.0,0,0,100.0,0,1,100.0,0,0,100.0,0,0,100.0,0,0,100.0,0,0,100.0,0,0,100.0,0,0,100.0,0,0,100.0,0,0,100.0,0,0,100.0,0,1,100.0,0,0,100.0,0,0,100.0,0,0,100.0,0,0,100.0,0,0,100.0,0,0,100.0,0,0,100.0,0,0,100.0,0,0,100.0,0,1,100.0,0,0,100.0,0,0,100.0,0,,0.0,0,,0.0,0,,0.0,0,,0.0,0,,0.0,0,,0.0,0,,0.0,0,,0.0,1,,0.0,0,,0.0,0,,0.0,0,,0.0,0,,0.0,1,,0.0,0,,0.0,0,,0.0,0,,0.0,0,,0.0,0,,0.0,0,,0.0,0,,0.0,0,,0.0,0,,0.0,0,0,100.0,0,1,100.0,0,1,100.0,0,1,100.0,0,1,100.0,0,0,100.0,0,0,100.0,1.333333333,3,100.0,2,2,100.0,7,4,100.0,0.0,2,100.0,0,2,100.0,-1,2,80.0,999,5,100.0,3,3,100.0,1,2,100.0,2,1,100.0,-1,1,100.0
Ritual178,1,0,100.0,0,0,100.0,0,0,100.0,0,1,100.0,0,0,100.0,0,1,100.0,0,0,100.0,0,0,100.0,0,0,100.0,0,0,100.0,0,0,100.0,0,0,100.0,0,0,100.0,0,1,100.0,0,0,100.0,2,,0.0,3,1,100.0,0,0,100.0,0,1,100.0,0,0,100.0,1,1,100.0,0,0,100.0,0,0,100.0,0,0,100.0,0,0,100.0,999,5,100.0,6,5,100.0,0,0,100.0,0,0,100.0,0,1,100.0,0,0,100.0,1,0,100.0,0,0,100.0,0,0,100.0,0,0,100.0,1,0,100.0,1,0,100.0,0,0,100.0,0,0,100.0,0,1,100.0,0,0,100.0,0,0,100.0,0,0,100.0,0,0,100.0,0,0,100.0,0,0,100.0,0,0,100.0,0,0,100.0,0,1,100.0,0,0,100.0,0,0,100.0,0,0,100.0,0,0,100.0,0,0,100.0,0,0,100.0,0,0,100.0,0,0,100.0,0,0,100.0,0,0,100.0,0,0,100.0,0,0,100.0,0,0,100.0,0,0,100.0,0,0,100.0,0,0,100.0,0,0,100.0,0,1,100.0,0,0,100.0,0,0,100.0,0,0,100.0,0,0,100.0,0,0,100.0,0,0,100.0,0,0,100.0,0,,0.0,0,,0.0,1,,0.0,1,,0.0,0,,0.0,0,,0.0,0,,0.0,1,,0.0,0,,0.0,0,,0.0,0,,0.0,0,,0.0,0,,0.0,0,,0.0,0,,0.0,0,,0.0,0,,0.0,1,,0.0,0,,0.0,0,,0.0,0,,0.0,0,,0.0,0,,0.0,0,0,100.0,0,0,100.0,0,0,100.0,0,0,100.0,0,0,100.0,0,0,100.0,0,0,100.0,3.0,0,100.0,3,0,100.0,7,3,100.0,0.0,0,100.0,0,0,100.0,-1,3,100.0,999,5,100.0,999,2,100.0,1,2,100.0,2,1,100.0,-1,1,100.0
Ritual179,1,0,100.0,0,0,100.0,0,0,100.0,0,1,100.0,0,1,100.0,0,0,100.0,0,0,100.0,0,0,100.0,0,0,100.0,0,1,100.0,0,0,100.0,0,0,100.0,0,1,100.0,0,1,100.0,0,0,100.0,2,,0.0,3,1,100.0,0,0,100.0,0,1,100.0,0,0,100.0,1,1,100.0,0,0,100.0,0,0,100.0,0,0,100.0,0,0,100.0,999,5,100.0,6,5,100.0,0,0,100.0,0,0,100.0,0,0,100.0,0,0,100.0,0,0,100.0,0,0,100.0,0,0,100.0,0,0,100.0,0,0,100.0,0,0,100.0,0,1,100.0,0,1,100.0,1,1,100.0,0,0,100.0,0,0,100.0,0,1,100.0,0,1,100.0,0,0,100.0,0,0,100.0,0,0,100.0,0,1,100.0,0,0,100.0,0,1,100.0,0,0,100.0,0,0,100.0,0,,0.0,0,,0.0,0,,0.0,0,,0.0,0,,0.0,0,,0.0,0,,0.0,0,,0.0,0,,0.0,0,,0.0,0,,0.0,0,,0.0,0,,0.0,0,0,100.0,0,1,100.0,0,0,100.0,0,0,100.0,0,1,100.0,0,0,100.0,0,1,100.0,0,0,100.0,0,1,100.0,0,,0.0,0,,0.0,0,,0.0,0,,0.0,0,,0.0,0,,0.0,0,,0.0,0,,0.0,1,,0.0,0,,0.0,0,,0.0,0,,0.0,0,,0.0,1,,0.0,0,,0.0,0,,0.0,0,,0.0,0,,0.0,0,,0.0,0,,0.0,0,,0.0,0,,0.0,0,,0.0,0,1,100.0,0,1,100.0,0,0,100.0,0,1,100.0,0,1,100.0,0,0,100.0,0,0,100.0,1.333333333,5,100.0,2,3,100.0,7,4,100.0,0.0,2,100.0,0,2,100.0,-1,4,100.0,999,5,100.0,999,2,100.0,1,2,100.0,2,1,100.0,-1,1,100.0
Ritual180,1,,0.0,0,,0.0,0,,0.0,0,,0.0,0,,0.0,0,,0.0,0,,0.0,0,,0.0,0,,0.0,0,,0.0,0,,0.0,0,,0.0,0,,0.0,0,,0.0,0,,0.0,2,,0.0,3,,0.0,0,,0.0,0,,0.0,0,,0.0,1,,0.0,0,,0.0,0,,0.0,0,,0.0,0,,0.0,999,,0.0,6,,0.0,0,,0.0,1,,0.0,1,,0.0,0,,0.0,0,,0.0,0,,0.0,0,,0.0,0,,0.0,0,,0.0,0,,0.0,0,,0.0,0,,0.0,0,,0.0,0,,0.0,0,,0.0,0,,0.0,0,,0.0,0,,0.0,0,,0.0,0,,0.0,1,,0.0,0,,0.0,0,,0.0,0,,0.0,0,,0.0,0,,0.0,0,,0.0,0,,0.0,0,,0.0,0,,0.0,0,,0.0,0,,0.0,0,,0.0,0,,0.0,0,,0.0,0,,0.0,0,,0.0,0,,0.0,0,,0.0,0,,0.0,0,,0.0,0,,0.0,0,,0.0,0,,0.0,0,,0.0,0,,0.0,0,,0.0,0,,0.0,0,,0.0,0,,0.0,0,,0.0,0,,0.0,0,,0.0,0,,0.0,0,,0.0,1,,0.0,0,,0.0,0,,0.0,0,,0.0,0,,0.0,1,,0.0,0,,0.0,0,,0.0,0,,0.0,1,,0.0,0,,0.0,0,,0.0,0,,0.0,0,,0.0,0,,0.0,0,,0.0,1,,0.0,0,,0.0,0,,0.0,0,,0.0,0,,0.0,0,,0.0,3.333333333,,0.0,3,,0.0,7,,0.0,0.0,,0.0,0,,0.0,-1,,0.0,999,,0.0,999,,0.0,1,,0.0,2,,0.0,-1,,0.0
Ritual181,1,,0.0,0,,0.0,0,,0.0,0,,0.0,0,,0.0,0,,0.0,0,,0.0,0,,0.0,0,,0.0,0,,0.0,0,,0.0,0,,0.0,0,,0.0,0,,0.0,0,,0.0,1,,0.0,3,,0.0,0,,0.0,0,,0.0,0,,0.0,1,,0.0,0,,0.0,0,,0.0,0,,0.0,0,,0.0,999,,0.0,6,,0.0,0,,0.0,0,,0.0,0,,0.0,0,,0.0,0,,0.0,0,,0.0,0,,0.0,0,,0.0,0,,0.0,0,,0.0,0,,0.0,0,,0.0,0,,0.0,0,,0.0,0,,0.0,0,,0.0,0,,0.0,0,,0.0,0,,0.0,0,,0.0,0,,0.0,0,,0.0,0,,0.0,0,,0.0,0,,0.0,0,,0.0,0,,0.0,0,,0.0,0,,0.0,0,,0.0,0,,0.0,0,,0.0,0,,0.0,0,,0.0,0,,0.0,0,,0.0,0,,0.0,0,,0.0,0,,0.0,0,,0.0,0,,0.0,0,,0.0,0,,0.0,0,,0.0,0,,0.0,0,,0.0,0,,0.0,0,,0.0,0,,0.0,0,,0.0,0,,0.0,0,,0.0,0,,0.0,0,,0.0,0,,0.0,0,,0.0,0,,0.0,0,,0.0,0,,0.0,0,,0.0,1,,0.0,0,,0.0,0,,0.0,0,,0.0,0,,0.0,0,,0.0,0,,0.0,0,,0.0,0,,0.0,0,,0.0,0,,0.0,1,,0.0,0,,0.0,0,,0.0,0,,0.0,0,,0.0,0,,0.0,1.0,,0.0,1,,0.0,7,,0.0,0.0,,0.0,0,,0.0,-1,,0.0,999,,0.0,999,,0.0,1,,0.0,2,,0.0,-1,,0.0
Ritual182,1,,0.0,0,,0.0,0,,0.0,1,,0.0,0,,0.0,0,,0.0,0,,0.0,0,,0.0,0,,0.0,0,,0.0,0,,0.0,0,,0.0,0,,0.0,0,,0.0,0,,0.0,2,,0.0,3,,0.0,0,,0.0,0,,0.0,0,,0.0,1,,0.0,0,,0.0,0,,0.0,0,,0.0,0,,0.0,999,,0.0,6,,0.0,0,,0.0,1,,0.0,0,,0.0,0,,0.0,0,,0.0,0,,0.0,0,,0.0,0,,0.0,0,,0.0,0,,0.0,0,,0.0,0,,0.0,0,,0.0,0,,0.0,0,,0.0,0,,0.0,0,,0.0,0,,0.0,0,,0.0,0,,0.0,0,,0.0,0,,0.0,0,,0.0,0,,0.0,0,,0.0,0,,0.0,0,,0.0,0,,0.0,0,,0.0,0,,0.0,0,,0.0,0,,0.0,0,,0.0,0,,0.0,0,,0.0,0,,0.0,0,,0.0,0,,0.0,0,,0.0,0,,0.0,0,,0.0,0,,0.0,0,,0.0,0,,0.0,0,,0.0,0,,0.0,0,,0.0,0,,0.0,0,,0.0,0,,0.0,0,,0.0,0,,0.0,0,,0.0,0,,0.0,0,,0.0,1,,0.0,0,,0.0,0,,0.0,1,,0.0,0,,0.0,1,,0.0,0,,0.0,0,,0.0,0,,0.0,0,,0.0,0,,0.0,0,,0.0,0,,0.0,0,,0.0,0,,0.0,0,,0.0,1,,0.0,0,,0.0,0,,0.0,0,,0.0,0,,0.0,0,,0.0,1.666666667,,0.0,2,,0.0,7,,0.0,0.0,,0.0,0,,0.0,-1,,0.0,999,,0.0,999,,0.0,1,,0.0,2,,0.0,-1,,0.0
Ritual183,0,0,100.0,0,0,100.0,0,0,100.0,0,1,100.0,0,0,100.0,0,1,100.0,0,0,100.0,0,0,100.0,1,0,100.0,0,0,100.0,0,0,100.0,0,0,100.0,0,0,100.0,0,1,100.0,0,0,100.0,1,,0.0,3,1,100.0,0,0,100.0,0,1,100.0,0,0,100.0,1,1,100.0,0,0,100.0,0,0,100.0,0,0,100.0,0,0,100.0,999,5,100.0,4,5,100.0,0,0,100.0,0,0,100.0,0,0,100.0,0,0,100.0,0,0,100.0,0,0,100.0,0,0,100.0,0,0,100.0,0,0,100.0,0,0,100.0,0,0,100.0,0,0,100.0,0,1,70.0,0,0,100.0,0,0,100.0,0,0,100.0,0,0,100.0,0,0,100.0,0,0,100.0,0,0,100.0,1,1,100.0,0,0,100.0,0,1,100.0,0,0,100.0,0,0,100.0,0,0,100.0,0,0,100.0,0,0,100.0,0,0,100.0,0,0,100.0,0,0,100.0,0,0,100.0,0,0,100.0,0,0,100.0,0,0,100.0,0,0,100.0,0,0,100.0,0,0,100.0,0,0,100.0,0,0,100.0,0,0,100.0,0,0,100.0,0,0,100.0,0,0,100.0,0,0,100.0,0,0,100.0,0,0,100.0,0,,0.0,0,,0.0,0,,0.0,0,,0.0,0,,0.0,0,,0.0,0,,0.0,0,,0.0,1,,0.0,0,,0.0,0,,0.0,0,,0.0,0,,0.0,1,,0.0,0,,0.0,0,,0.0,0,,0.0,0,,0.0,0,,0.0,0,,0.0,0,,0.0,0,,0.0,0,,0.0,0,0,100.0,0,0,100.0,0,0,100.0,0,0,100.0,0,1,100.0,0,0,100.0,0,0,100.0,2.0,0,100.0,2,0,100.0,7,4,100.0,0.0,0,100.0,0,0,100.0,-1,4,100.0,999,1,100.0,999,3,100.0,1,2,100.0,2,1,100.0,-1,2,100.0
Ritual184,0,1,100.0,0,0,100.0,0,0,100.0,0,0,100.0,0,0,100.0,0,0,100.0,1,1,100.0,0,0,100.0,0,0,100.0,0,0,100.0,0,0,100.0,0,0,100.0,0,0,100.0,0,0,100.0,0,0,100.0,4,,0.0,2,1,100.0,0,0,100.0,0,0,100.0,0,1,100.0,1,1,100.0,0,0,100.0,0,0,100.0,0,0,100.0,0,0,100.0,7,5,100.0,6,5,100.0,1,1,100.0,1,1,100.0,0,1,100.0,0,0,100.0,0,0,100.0,0,0,100.0,0,1,100.0,0,1,100.0,0,0,100.0,0,0,100.0,0,1,100.0,0,0,100.0,1,1,100.0,0,0,100.0,0,0,100.0,0,0,100.0,0,0,100.0,0,0,100.0,0,0,100.0,0,0,100.0,0,0,100.0,0,1,100.0,0,1,100.0,0,0,100.0,0,0,100.0,0,0,100.0,0,1,100.0,0,0,100.0,1,1,100.0,0,0,100.0,0,1,100.0,0,0,100.0,0,0,60.0,0,0,100.0,0,1,100.0,0,0,100.0,0,0,100.0,0,0,100.0,0,0,100.0,0,1,100.0,0,0,100.0,0,1,100.0,0,1,100.0,1,1,100.0,0,1,100.0,0,1,100.0,1,1,100.0,0,0,100.0,0,1,100.0,0,0,100.0,0,0,100.0,0,1,100.0,0,0,100.0,0,1,100.0,0,0,100.0,0,0,100.0,0,0,100.0,0,1,100.0,0,0,100.0,0,0,100.0,0,1,100.0,0,0,100.0,1,1,100.0,0,0,100.0,0,0,100.0,0,1,100.0,0,0,100.0,0,1,100.0,0,0,100.0,0,0,100.0,0,0,100.0,0,1,100.0,0,1,100.0,0,0,100.0,0,0,100.0,0,1,100.0,0,0,100.0,1.666666667,5,100.0,2,3,100.0,2,4,100.0,4.0,3,100.0,4,2,100.0,2,2,100.0,4,5,100.0,999,2,100.0,1,2,100.0,2,1,90.0,-1,1,100.0
Ritual185,0,0,100.0,0,0,100.0,0,0,100.0,1,1,100.0,0,1,100.0,0,1,100.0,0,0,100.0,0,0,100.0,0,1,100.0,0,0,100.0,0,0,100.0,0,0,100.0,0,1,100.0,0,1,100.0,0,0,100.0,2,,0.0,3,1,100.0,0,0,100.0,0,0,100.0,0,1,100.0,1,1,100.0,0,0,100.0,0,0,100.0,0,0,100.0,0,1,100.0,6,5,100.0,6,5,100.0,1,1,100.0,1,1,100.0,1,1,100.0,0,0,100.0,0,0,100.0,0,1,100.0,0,0,100.0,0,1,100.0,0,0,100.0,0,0,100.0,0,1,100.0,0,1,100.0,0,1,100.0,0,1,100.0,0,1,100.0,0,0,100.0,0,1,100.0,0,0,100.0,0,0,90.0,0,1,90.0,0,0,100.0,0,1,100.0,0,1,100.0,0,0,100.0,0,1,90.0,0,0,100.0,0,0,100.0,0,0,100.0,0,1,100.0,0,0,100.0,0,0,100.0,0,0,100.0,0,0,100.0,0,0,100.0,0,1,100.0,0,0,100.0,0,0,100.0,0,0,100.0,0,1,100.0,0,1,100.0,0,0,100.0,0,1,100.0,0,1,100.0,0,1,100.0,0,1,100.0,0,1,100.0,0,0,100.0,0,,0.0,0,,0.0,1,,0.0,0,,0.0,0,,0.0,0,,0.0,0,,0.0,0,,0.0,1,,0.0,0,,0.0,0,,0.0,1,,0.0,0,,0.0,0,,0.0,0,,0.0,0,,0.0,1,,0.0,0,,0.0,0,,0.0,0,,0.0,0,,0.0,0,,0.0,0,,0.0,0,0,100.0,0,1,100.0,0,1,100.0,0,0,100.0,0,0,100.0,0,1,100.0,0,1,100.0,3.666666667,5,100.0,3,3,100.0,2,4,100.0,2.0,4,100.0,0,3,100.0,2,2,100.0,4,5,100.0,3,1,100.0,1,1,100.0,2,1,100.0,-1,2,100.0
Ritual186,0,0,100.0,0,0,100.0,0,0,100.0,1,1,100.0,0,0,100.0,0,0,100.0,0,0,100.0,0,1,100.0,0,0,100.0,0,0,100.0,0,0,100.0,0,0,100.0,0,0,100.0,0,1,100.0,0,0,100.0,2,,0.0,3,1,100.0,0,0,100.0,0,0,100.0,0,0,100.0,0,1,100.0,1,0,100.0,0,0,100.0,0,0,100.0,0,0,100.0,999,5,100.0,5,5,100.0,0,0,100.0,0,1,100.0,0,0,100.0,0,0,100.0,0,1,100.0,0,0,100.0,0,0,100.0,0,0,100.0,1,1,100.0,0,0,100.0,0,1,100.0,0,0,100.0,0,1,100.0,0,0,100.0,0,0,100.0,0,0,100.0,0,0,100.0,0,0,100.0,0,0,100.0,0,0,100.0,0,0,100.0,0,0,100.0,0,0,100.0,0,0,100.0,0,0,100.0,0,0,100.0,0,0,100.0,1,0,100.0,0,0,100.0,0,0,100.0,0,0,100.0,0,0,100.0,0,0,100.0,0,0,100.0,0,1,100.0,0,0,100.0,0,0,100.0,0,0,100.0,0,0,100.0,1,1,100.0,0,0,100.0,0,0,100.0,0,0,100.0,0,0,100.0,0,1,100.0,0,1,100.0,0,0,100.0,0,,0.0,0,,0.0,0,,0.0,0,,0.0,0,,0.0,0,,0.0,0,,0.0,0,,0.0,1,,0.0,0,,0.0,0,,0.0,1,,0.0,0,,0.0,0,,0.0,0,,0.0,0,,0.0,0,,0.0,0,,0.0,0,,0.0,0,,0.0,0,,0.0,0,,0.0,0,,0.0,0,1,100.0,1,1,100.0,0,1,100.0,0,0,100.0,0,0,100.0,0,0,100.0,0,0,100.0,2.0,5,100.0,3,4,100.0,7,4,100.0,3.666666667,3,100.0,3,3,100.0,3,2,100.0,999,5,100.0,999,2,100.0,1,2,100.0,2,1,100.0,-1,1,100.0
Ritual187,0,0,100.0,0,0,100.0,0,0,100.0,1,1,100.0,0,0,100.0,0,0,100.0,0,1,100.0,0,0,100.0,0,0,100.0,0,1,100.0,0,0,100.0,0,0,100.0,0,0,100.0,0,1,100.0,0,0,100.0,1,,0.0,2,1,100.0,0,0,100.0,0,0,100.0,0,0,100.0,0,1,100.0,1,0,100.0,0,0,100.0,0,0,100.0,0,0,100.0,5,5,100.0,5,5,100.0,0,0,100.0,1,1,100.0,0,0,100.0,0,0,100.0,0,0,100.0,0,0,100.0,0,0,100.0,0,1,100.0,0,0,100.0,0,0,100.0,0,0,100.0,0,0,100.0,0,0,100.0,0,0,100.0,0,0,100.0,0,0,100.0,0,0,100.0,0,0,100.0,0,0,100.0,0,0,100.0,0,0,100.0,0,0,100.0,0,1,100.0,0,0,100.0,0,0,100.0,0,0,100.0,0,0,100.0,0,0,100.0,0,0,100.0,0,0,100.0,0,0,100.0,0,0,100.0,0,0,100.0,0,0,100.0,0,0,100.0,0,0,100.0,0,0,100.0,0,0,100.0,0,0,100.0,0,1,100.0,0,0,100.0,0,0,100.0,0,1,100.0,0,0,100.0,0,1,100.0,0,0,100.0,0,0,100.0,0,0,100.0,0,0,100.0,0,0,100.0,0,0,100.0,0,0,100.0,0,0,100.0,0,1,100.0,0,0,100.0,0,0,100.0,0,0,100.0,0,0,100.0,0,0,100.0,0,0,100.0,0,1,100.0,0,1,100.0,0,0,100.0,0,0,100.0,0,0,100.0,0,1,100.0,0,0,100.0,0,0,100.0,0,0,100.0,0,0,100.0,0,0,100.0,0,1,100.0,0,1,100.0,0,0,100.0,0,0,100.0,0,0,100.0,0,0,100.0,2.0,3,60.0,2,4,100.0,3,4,100.0,0.0,0,60.0,0,0,60.0,-1,0,60.0,2,5,100.0,999,3,100.0,1,2,100.0,2,1,100.0,-1,1,100.0
Ritual188,0,0,100.0,0,0,100.0,0,0,100.0,1,1,100.0,0,0,100.0,0,0,100.0,0,1,100.0,0,0,100.0,0,0,100.0,0,0,100.0,0,0,100.0,0,0,100.0,0,0,100.0,0,1,100.0,0,1,100.0,2,,0.0,3,1,100.0,0,0,100.0,0,1,100.0,0,0,100.0,0,1,100.0,0,0,100.0,1,0,100.0,0,0,100.0,0,0,100.0,4,5,100.0,4,5,100.0,0,0,100.0,1,0,100.0,0,1,100.0,0,0,100.0,0,1,100.0,0,0,100.0,0,0,100.0,0,1,100.0,0,1,100.0,0,0,100.0,0,0,100.0,0,1,100.0,0,1,100.0,0,1,100.0,0,0,100.0,0,0,100.0,0,0,100.0,0,0,100.0,0,0,100.0,0,0,100.0,0,0,100.0,0,0,100.0,0,1,100.0,0,0,100.0,0,0,100.0,0,0,100.0,0,0,100.0,0,0,100.0,0,0,100.0,0,0,100.0,0,0,100.0,0,0,100.0,0,0,100.0,0,0,100.0,0,0,100.0,0,0,100.0,0,0,100.0,0,0,100.0,1,1,100.0,0,1,100.0,0,0,100.0,0,0,100.0,0,1,100.0,0,0,100.0,0,0,100.0,0,0,100.0,0,0,100.0,0,,0.0,0,,0.0,0,,0.0,1,,0.0,0,,0.0,0,,0.0,0,,0.0,0,,0.0,0,,0.0,0,,0.0,0,,0.0,0,,0.0,0,,0.0,0,,0.0,0,,0.0,0,,0.0,0,,0.0,0,,0.0,0,,0.0,0,,0.0,0,,0.0,0,,0.0,0,,0.0,0,0,100.0,0,1,100.0,0,1,100.0,0,0,100.0,0,0,100.0,0,0,100.0,0,1,100.0,2.333333333,5,100.0,3,4,70.0,7,4,100.0,0.0,1,90.0,0,1,60.0,-1,2,100.0,2,5,100.0,999,3,100.0,1,1,100.0,2,2,100.0,-1,1,100.0
Ritual189,0,0,100.0,0,0,100.0,0,0,100.0,1,1,100.0,0,0,100.0,0,1,100.0,0,0,100.0,0,1,100.0,0,0,100.0,0,0,100.0,0,0,100.0,0,0,100.0,0,0,100.0,0,1,100.0,0,1,100.0,2,,0.0,3,1,100.0,0,0,100.0,0,1,100.0,0,0,100.0,1,1,100.0,0,0,100.0,0,0,100.0,0,0,100.0,0,0,100.0,4,5,100.0,4,5,100.0,0,0,100.0,1,0,100.0,0,1,100.0,0,0,100.0,0,0,100.0,0,0,100.0,0,0,100.0,0,1,100.0,0,0,100.0,0,0,100.0,0,0,100.0,0,1,100.0,0,1,100.0,0,1,100.0,0,1,100.0,0,1,100.0,0,0,100.0,0,0,100.0,0,0,100.0,0,0,100.0,0,0,100.0,0,0,100.0,0,1,100.0,0,0,100.0,0,1,100.0,0,0,100.0,0,0,100.0,0,0,100.0,0,0,100.0,0,0,100.0,0,0,100.0,0,0,100.0,0,0,100.0,0,0,100.0,0,1,100.0,0,0,100.0,0,0,100.0,0,0,100.0,0,0,100.0,0,1,100.0,0,0,100.0,0,0,100.0,0,1,100.0,0,0,100.0,0,1,100.0,0,0,100.0,0,0,100.0,0,,0.0,0,,0.0,0,,0.0,0,,0.0,0,,0.0,0,,0.0,0,,0.0,1,,0.0,0,,0.0,0,,0.0,0,,0.0,0,,0.0,0,,0.0,0,,0.0,0,,0.0,0,,0.0,0,,0.0,0,,0.0,0,,0.0,0,,0.0,0,,0.0,0,,0.0,0,,0.0,0,1,100.0,0,1,100.0,0,0,100.0,0,1,100.0,0,0,100.0,0,1,100.0,0,0,80.0,1.666666667,5,100.0,3,3,100.0,1,4,100.0,0.0,1,100.0,0,0,100.0,-1,2,100.0,1,5,100.0,999,1,100.0,1,1,100.0,2,2,100.0,-1,1,100.0
Ritual190,0,0,100.0,0,0,100.0,0,0,100.0,1,1,100.0,0,0,100.0,0,1,90.0,0,0,100.0,0,0,90.0,0,0,100.0,0,0,100.0,0,0,100.0,0,0,100.0,0,0,100.0,0,1,100.0,0,1,100.0,1,,0.0,1,1,100.0,0,0,100.0,0,1,100.0,0,0,100.0,1,1,100.0,0,0,100.0,0,0,100.0,0,0,100.0,0,0,100.0,3,5,100.0,3,5,100.0,0,0,100.0,0,0,100.0,0,0,100.0,0,0,100.0,0,0,100.0,0,0,100.0,0,0,100.0,0,0,100.0,0,0,100.0,0,0,100.0,0,0,100.0,0,0,100.0,0,1,100.0,0,0,100.0,0,0,100.0,0,0,100.0,0,0,100.0,0,0,100.0,0,0,100.0,0,0,100.0,0,0,100.0,0,0,100.0,0,1,100.0,0,0,100.0,0,0,100.0,0,0,100.0,0,0,100.0,0,0,100.0,0,0,100.0,0,0,100.0,0,0,100.0,0,0,100.0,0,0,100.0,0,0,100.0,0,0,100.0,0,0,100.0,0,0,100.0,0,0,100.0,0,0,100.0,0,0,100.0,0,0,100.0,0,0,100.0,0,0,100.0,0,0,100.0,0,0,100.0,0,0,100.0,0,0,100.0,0,,0.0,0,,0.0,0,,0.0,0,,0.0,0,,0.0,0,,0.0,0,,0.0,0,,0.0,0,,0.0,0,,0.0,0,,0.0,0,,0.0,0,,0.0,1,,0.0,0,,0.0,0,,0.0,0,,0.0,0,,0.0,0,,0.0,0,,0.0,0,,0.0,0,,0.0,0,,0.0,0,0,100.0,0,0,100.0,0,0,100.0,0,0,100.0,0,0,100.0,0,0,100.0,0,0,100.0,1.0,0,100.0,0,0,100.0,1,4,100.0,0.0,0,100.0,0,0,100.0,-1,5,100.0,0,5,100.0,999,3,100.0,1,2,100.0,2,1,100.0,-1,1,100.0
Ritual191,0,0,100.0,0,0,100.0,0,0,100.0,1,1,100.0,0,0,100.0,0,0,100.0,0,0,100.0,0,1,100.0,0,0,100.0,0,0,100.0,0,0,100.0,0,0,100.0,0,0,100.0,0,1,100.0,0,1,100.0,1,,0.0,1,1,100.0,0,0,100.0,0,0,100.0,0,0,100.0,1,1,100.0,0,0,100.0,0,0,100.0,0,0,100.0,0,0,100.0,3,5,100.0,3,5,100.0,0,0,100.0,1,1,100.0,0,0,100.0,0,0,100.0,0,1,100.0,0,0,100.0,0,0,100.0,0,0,100.0,0,0,100.0,0,0,100.0,0,0,100.0,0,0,100.0,0,1,100.0,0,0,100.0,0,0,100.0,0,0,100.0,0,0,100.0,0,0,100.0,0,0,100.0,0,0,100.0,0,0,100.0,0,0,100.0,0,1,100.0,0,0,100.0,0,0,100.0,0,0,100.0,0,0,100.0,0,0,100.0,0,0,100.0,0,0,100.0,0,0,100.0,0,0,100.0,0,0,100.0,0,0,100.0,0,0,100.0,0,0,100.0,0,0,100.0,0,0,100.0,0,0,100.0,0,0,100.0,0,0,100.0,0,0,100.0,0,1,100.0,0,0,100.0,0,0,100.0,0,0,100.0,0,0,100.0,0,,0.0,0,,0.0,0,,0.0,0,,0.0,0,,0.0,0,,0.0,0,,0.0,0,,0.0,0,,0.0,0,,0.0,0,,0.0,1,,0.0,0,,0.0,0,,0.0,0,,0.0,0,,0.0,0,,0.0,0,,0.0,0,,0.0,0,,0.0,0,,0.0,0,,0.0,0,,0.0,0,0,100.0,0,0,100.0,0,0,100.0,0,0,100.0,0,0,100.0,0,0,100.0,0,1,100.0,1.0,5,100.0,0,3,100.0,1,4,100.0,0.0,1,100.0,0,2,70.0,-1,3,70.0,0,5,100.0,999,3,100.0,1,2,100.0,2,1,100.0,-1,2,100.0
Ritual192,0,0,100.0,0,0,100.0,0,0,100.0,0,1,100.0,0,0,100.0,0,1,100.0,0,0,100.0,0,0,100.0,0,0,100.0,0,0,100.0,0,0,100.0,1,1,100.0,0,1,100.0,0,1,100.0,0,0,100.0,2,,0.0,3,1,100.0,0,0,100.0,1,1,100.0,1,0,100.0,0,1,100.0,1,0,100.0,0,0,100.0,0,0,100.0,1,1,100.0,7,5,100.0,6,5,100.0,0,0,100.0,0,1,100.0,0,0,100.0,0,0,100.0,1,1,100.0,0,0,100.0,0,1,100.0,0,0,100.0,0,0,100.0,0,0,100.0,0,1,100.0,0,0,100.0,0,1,100.0,0,0,100.0,0,0,100.0,0,0,100.0,0,1,50.0,0,0,100.0,0,0,100.0,0,0,100.0,0,0,100.0,0,0,100.0,0,1,100.0,0,0,100.0,0,0,100.0,0,0,100.0,0,0,100.0,0,0,100.0,0,0,100.0,0,0,100.0,0,0,100.0,0,0,100.0,0,0,100.0,0,0,100.0,0,1,100.0,0,0,100.0,0,0,100.0,0,0,100.0,0,0,100.0,0,1,100.0,0,0,100.0,0,0,100.0,0,1,100.0,0,1,100.0,0,0,100.0,0,1,100.0,0,1,100.0,0,,0.0,0,,0.0,0,,0.0,0,,0.0,0,,0.0,0,,0.0,0,,0.0,0,,0.0,0,,0.0,0,,0.0,0,,0.0,0,,0.0,0,,0.0,0,,0.0,0,,0.0,0,,0.0,0,,0.0,0,,0.0,0,,0.0,0,,0.0,0,,0.0,0,,0.0,0,,0.0,0,0,100.0,0,1,100.0,0,1,100.0,0,0,100.0,0,0,100.0,0,1,100.0,0,1,100.0,0.0,2,100.0,0,1,100.0,-1,2,100.0,4.0,5,100.0,5,4,100.0,7,2,100.0,999,5,100.0,999,2,100.0,1,1,100.0,2,2,100.0,-1,2,100.0
Ritual193,0,0,100.0,0,0,100.0,0,0,100.0,0,1,100.0,0,0,100.0,0,0,100.0,0,0,100.0,0,0,100.0,0,0,100.0,0,0,100.0,0,0,100.0,1,1,100.0,0,1,100.0,0,1,100.0,0,0,100.0,2,,0.0,3,1,100.0,0,0,100.0,1,1,100.0,1,0,100.0,0,1,100.0,1,0,100.0,0,0,100.0,0,0,100.0,1,0,100.0,6,5,100.0,6,5,100.0,0,0,100.0,0,0,100.0,0,0,100.0,0,0,100.0,0,1,100.0,0,0,100.0,0,1,100.0,0,0,100.0,0,0,100.0,0,0,100.0,0,1,100.0,1,0,100.0,1,1,100.0,0,1,100.0,0,0,100.0,0,0,100.0,0,0,100.0,0,0,100.0,0,0,100.0,0,0,100.0,0,0,100.0,0,0,100.0,0,1,100.0,0,0,100.0,0,0,100.0,0,0,100.0,0,0,100.0,0,0,100.0,0,0,100.0,0,0,100.0,0,0,100.0,0,0,100.0,0,0,100.0,0,0,100.0,0,1,100.0,0,0,100.0,0,0,100.0,0,0,100.0,0,0,100.0,0,1,100.0,0,0,100.0,0,0,100.0,0,1,100.0,0,0,100.0,0,1,100.0,0,0,100.0,0,0,100.0,0,,0.0,0,,0.0,0,,0.0,0,,0.0,0,,0.0,0,,0.0,1,,0.0,0,,0.0,0,,0.0,0,,0.0,0,,0.0,0,,0.0,0,,0.0,0,,0.0,0,,0.0,0,,0.0,0,,0.0,0,,0.0,0,,0.0,0,,0.0,0,,0.0,0,,0.0,0,,0.0,0,1,100.0,0,1,100.0,0,1,100.0,0,0,100.0,0,1,100.0,0,1,100.0,0,0,100.0,1.666666667,1,100.0,2,2,100.0,7,4,100.0,2.666666667,1,100.0,2,1,100.0,7,2,100.0,4,3,100.0,999,2,100.0,1,1,100.0,2,2,100.0,-1,1,100.0
Ritual194,0,0,100.0,0,0,100.0,0,0,100.0,0,1,100.0,0,1,100.0,0,1,100.0,0,1,100.0,0,0,100.0,0,0,100.0,0,1,100.0,1,0,100.0,0,0,100.0,0,0,100.0,0,1,100.0,0,1,100.0,3,,0.0,3,1,100.0,0,0,100.0,0,1,100.0,1,0,100.0,0,1,100.0,0,0,100.0,0,0,100.0,0,0,100.0,0,0,100.0,7,5,100.0,6,5,100.0,0,0,100.0,0,0,100.0,0,0,100.0,0,1,100.0,0,0,100.0,0,0,100.0,0,0,100.0,0,0,100.0,0,0,100.0,0,0,100.0,0,1,100.0,0,1,100.0,0,1,100.0,1,1,100.0,0,0,100.0,0,0,100.0,0,0,100.0,0,1,100.0,0,0,100.0,0,0,100.0,0,0,100.0,0,1,100.0,0,1,100.0,0,0,100.0,0,1,100.0,0,0,100.0,0,0,100.0,0,0,100.0,0,1,100.0,0,0,100.0,0,0,100.0,0,0,100.0,0,0,100.0,0,0,100.0,0,1,100.0,0,0,100.0,0,0,100.0,0,0,100.0,0,0,100.0,0,1,100.0,0,1,70.0,0,0,100.0,0,1,100.0,0,0,100.0,0,1,100.0,0,0,100.0,0,0,100.0,0,,0.0,0,,0.0,0,,0.0,0,,0.0,0,,0.0,0,,0.0,0,,0.0,0,,0.0,0,,0.0,0,,0.0,0,,0.0,0,,0.0,0,,0.0,1,,0.0,0,,0.0,0,,0.0,0,,0.0,0,,0.0,0,,0.0,0,,0.0,0,,0.0,0,,0.0,0,,0.0,0,1,100.0,0,1,100.0,0,1,100.0,0,0,100.0,0,0,100.0,0,1,100.0,0,1,100.0,1.666666667,0,100.0,3,0,100.0,3,4,100.0,0.0,0,100.0,0,0,100.0,-1,4,100.0,2,5,100.0,999,2,100.0,1,2,100.0,2,1,100.0,-1,2,100.0
Ritual195,0,0,100.0,0,0,100.0,0,0,100.0,0,1,100.0,0,0,100.0,0,1,100.0,1,1,100.0,0,0,100.0,0,0,100.0,0,1,100.0,0,0,100.0,0,0,100.0,0,0,100.0,0,1,100.0,0,1,100.0,4,,0.0,2,3,100.0,0,1,100.0,0,1,100.0,0,0,100.0,1,1,100.0,0,0,100.0,0,0,100.0,0,0,100.0,0,1,100.0,7,5,100.0,7,5,100.0,1,1,100.0,1,1,100.0,1,1,100.0,0,0,100.0,0,0,100.0,0,0,100.0,0,0,100.0,0,1,100.0,0,0,100.0,0,0,100.0,0,0,100.0,0,1,100.0,1,1,100.0,0,1,100.0,0,1,100.0,0,0,100.0,1,0,100.0,0,0,100.0,0,0,100.0,0,0,100.0,1,1,100.0,0,0,100.0,0,1,100.0,0,0,100.0,0,1,100.0,0,0,100.0,0,0,100.0,0,0,100.0,0,0,100.0,0,0,100.0,0,0,100.0,0,0,100.0,0,0,100.0,0,0,100.0,0,1,100.0,0,0,100.0,0,0,100.0,0,0,100.0,1,0,100.0,0,1,100.0,0,0,100.0,1,0,100.0,0,1,100.0,1,0,100.0,0,0,100.0,0,0,100.0,0,1,100.0,0,1,100.0,0,0,100.0,1,1,100.0,1,1,100.0,0,1,100.0,0,0,100.0,1,1,100.0,0,0,100.0,1,0,100.0,0,0,100.0,0,0,100.0,0,0,100.0,0,0,100.0,1,1,100.0,0,1,100.0,0,1,100.0,1,0,100.0,1,0,100.0,0,1,100.0,0,0,100.0,0,0,100.0,0,0,100.0,0,0,100.0,0,1,100.0,0,1,100.0,0,1,100.0,0,0,100.0,0,0,100.0,0,1,50.0,0,1,100.0,2.666666667,0,100.0,3,0,100.0,2,7,100.0,3.666666667,0,100.0,4,0,100.0,2,7,100.0,5,5,100.0,1,2,100.0,1,2,100.0,1,1,100.0,-1,1,100.0
Ritual196,0,0,100.0,0,0,100.0,0,0,100.0,0,1,100.0,0,0,100.0,0,0,100.0,0,1,100.0,0,0,100.0,0,0,100.0,0,0,100.0,0,0,100.0,0,0,100.0,0,0,100.0,0,1,100.0,0,0,100.0,1,,0.0,1,1,100.0,0,0,100.0,0,1,100.0,0,0,100.0,1,1,100.0,0,0,100.0,0,0,100.0,0,0,100.0,0,0,100.0,7,5,100.0,7,5,100.0,0,0,100.0,1,1,100.0,0,0,100.0,0,0,100.0,1,0,100.0,0,0,100.0,0,0,100.0,0,0,100.0,0,0,100.0,0,0,100.0,0,0,70.0,0,1,100.0,0,1,100.0,0,1,100.0,0,1,100.0,0,0,100.0,0,1,100.0,0,1,100.0,0,0,100.0,0,0,100.0,0,0,100.0,0,0,100.0,0,1,100.0,0,0,100.0,0,0,100.0,0,1,100.0,0,1,100.0,0,0,100.0,0,0,100.0,0,0,100.0,0,1,100.0,0,0,100.0,0,0,100.0,1,0,100.0,0,1,100.0,0,0,100.0,0,0,100.0,0,0,100.0,0,0,100.0,0,1,100.0,0,0,100.0,0,1,100.0,0,1,100.0,0,1,100.0,0,1,100.0,0,1,100.0,0,1,100.0,0,,0.0,1,,0.0,0,,0.0,0,,0.0,0,,0.0,0,,0.0,0,,0.0,0,,0.0,0,,0.0,0,,0.0,0,,0.0,0,,0.0,0,,0.0,0,,0.0,0,,0.0,0,,0.0,1,,0.0,1,,0.0,0,,0.0,0,,0.0,0,,0.0,0,,0.0,0,,0.0,0,0,100.0,0,1,100.0,0,1,100.0,0,1,60.0,0,0,60.0,0,1,100.0,0,1,100.0,0.0,5,100.0,0,3,100.0,-1,2,100.0,5.0,4,100.0,5,3,100.0,2,2,100.0,3,5,100.0,999,2,100.0,1,3,100.0,2,1,100.0,-1,1,100.0
Ritual197,0,0,100.0,0,0,100.0,0,1,100.0,0,1,100.0,0,0,100.0,0,1,100.0,0,0,100.0,0,0,100.0,0,0,100.0,0,0,100.0,0,0,100.0,1,1,100.0,0,1,100.0,0,1,100.0,0,0,100.0,2,,0.0,3,1,100.0,0,0,100.0,1,1,100.0,1,0,100.0,1,1,100.0,0,0,100.0,0,0,100.0,0,0,100.0,0,0,100.0,7,5,100.0,6,5,100.0,0,0,100.0,1,1,100.0,0,0,100.0,0,0,100.0,0,1,100.0,`,0,100.0,0,1,100.0,0,0,100.0,0,0,100.0,0,0,100.0,0,0,100.0,0,0,100.0,0,0,100.0,0,1,70.0,0,0,100.0,0,0,70.0,0,1,100.0,0,0,100.0,0,0,100.0,0,0,100.0,0,0,100.0,0,1,100.0,0,1,100.0,0,0,100.0,0,0,100.0,0,0,100.0,0,0,100.0,0,0,100.0,0,0,100.0,0,0,100.0,0,0,100.0,0,0,100.0,0,0,100.0,0,0,100.0,0,1,100.0,0,0,100.0,0,0,100.0,0,0,100.0,0,0,100.0,0,1,100.0,0,1,100.0,0,0,100.0,0,1,100.0,0,0,100.0,0,1,100.0,0,1,100.0,0,0,100.0,0,,0.0,0,,0.0,0,,0.0,1,,0.0,0,,0.0,0,,0.0,1,,0.0,0,,0.0,0,,0.0,0,,0.0,0,,0.0,0,,0.0,0,,0.0,0,,0.0,0,,0.0,0,,0.0,0,,0.0,0,,0.0,0,,0.0,0,,0.0,0,,0.0,0,,0.0,0,,0.0,0,0,100.0,0,1,100.0,0,1,100.0,0,0,100.0,0,0,100.0,0,1,60.0,0,1,100.0,2.333333333,2,100.0,2,1,100.0,5,3,100.0,2.333333333,4,100.0,2,2,100.0,5,2,100.0,3,5,100.0,999,2,100.0,1,2,100.0,2,1,100.0,-1,2,100.0
Ritual198,0,0,100.0,0,0,100.0,0,1,100.0,0,1,100.0,0,1,100.0,0,1,100.0,0,0,100.0,0,0,100.0,0,0,100.0,0,1,100.0,0,0,100.0,1,1,100.0,0,1,100.0,0,1,100.0,0,0,100.0,2,,0.0,3,1,100.0,0,0,100.0,1,1,100.0,1,0,100.0,1,1,100.0,0,0,100.0,0,0,100.0,0,0,100.0,0,0,100.0,7,5,100.0,6,5,100.0,1,0,100.0,0,1,100.0,0,0,100.0,0,1,100.0,0,0,100.0,0,0,100.0,0,1,100.0,0,0,100.0,0,0,100.0,0,0,100.0,0,1,100.0,0,0,100.0,0,1,100.0,0,1,100.0,0,0,100.0,0,0,100.0,0,0,100.0,0,1,100.0,0,0,100.0,0,0,100.0,0,0,100.0,0,1,100.0,0,1,100.0,0,0,100.0,0,0,100.0,0,0,100.0,0,0,100.0,0,0,100.0,0,1,100.0,0,0,100.0,0,0,100.0,0,0,100.0,0,0,100.0,0,0,100.0,0,1,100.0,0,0,100.0,0,0,100.0,0,0,100.0,0,0,100.0,0,1,100.0,0,0,100.0,0,0,100.0,0,1,100.0,0,0,100.0,0,1,100.0,0,0,100.0,0,1,100.0,0,,0.0,0,,0.0,0,,0.0,0,,0.0,0,,0.0,0,,0.0,0,,0.0,0,,0.0,1,,0.0,0,,0.0,0,,0.0,0,,0.0,0,,0.0,0,,0.0,0,,0.0,0,,0.0,0,,0.0,1,,0.0,0,,0.0,0,,0.0,0,,0.0,0,,0.0,0,,0.0,0,0,100.0,0,1,100.0,0,0,100.0,0,0,100.0,0,0,100.0,0,1,100.0,0,1,100.0,1.666666667,0,100.0,2,0,100.0,3,3,60.0,3.0,2,80.0,2,2,50.0,3,2,100.0,2,5,100.0,999,3,80.0,1,2,100.0,2,1,100.0,-1,2,100.0
Ritual199,0,0,100.0,0,0,100.0,0,0,100.0,1,0,100.0,0,1,100.0,1,0,100.0,0,0,100.0,0,0,100.0,0,0,100.0,0,0,100.0,0,0,100.0,0,0,100.0,0,1,100.0,0,1,100.0,0,0,100.0,4,,0.0,999,1,100.0,1,0,100.0,0,0,100.0,0,0,100.0,0,1,100.0,0,0,100.0,0,0,100.0,0,0,100.0,0,1,100.0,7,5,100.0,7,5,100.0,0,0,100.0,0,0,100.0,0,0,100.0,0,0,100.0,0,0,100.0,0,0,100.0,0,0,100.0,0,0,100.0,0,0,100.0,0,0,100.0,0,0,100.0,0,0,100.0,0,1,100.0,0,1,100.0,0,0,100.0,0,0,100.0,0,1,100.0,0,0,100.0,0,0,100.0,0,0,100.0,0,0,100.0,0,1,100.0,0,1,100.0,0,0,100.0,0,0,100.0,0,0,100.0,0,0,100.0,0,0,100.0,0,0,100.0,0,0,100.0,0,0,100.0,0,0,100.0,0,0,100.0,0,0,100.0,1,1,100.0,0,0,100.0,0,0,100.0,0,0,100.0,0,0,100.0,0,1,100.0,0,0,100.0,0,0,100.0,0,1,100.0,1,1,100.0,0,0,100.0,0,0,100.0,0,1,100.0,0,,0.0,0,,0.0,0,,0.0,0,,0.0,0,,0.0,0,,0.0,0,,0.0,1,,0.0,0,,0.0,0,,0.0,0,,0.0,0,,0.0,0,,0.0,0,,0.0,0,,0.0,0,,0.0,0,,0.0,0,,0.0,0,,0.0,0,,0.0,0,,0.0,0,,0.0,0,,0.0,0,0,100.0,0,1,100.0,0,0,100.0,0,0,100.0,0,0,100.0,0,1,100.0,1,1,100.0,0.0,0,100.0,0,0,100.0,-1,3,100.0,4.666666667,0,100.0,5,0,100.0,1,3,100.0,3,5,100.0,999,3,100.0,999,3,100.0,999,1,100.0,-1,1,100.0
Ritual200,0,0,100.0,0,0,100.0,0,0,100.0,0,1,100.0,0,0,100.0,1,1,100.0,0,0,100.0,0,0,100.0,0,0,100.0,1,1,100.0,0,0,100.0,1,1,100.0,0,1,100.0,0,1,100.0,0,0,100.0,3,,0.0,3,3,100.0,0,0,100.0,0,1,100.0,0,0,100.0,0,1,100.0,1,0,100.0,0,0,100.0,0,0,100.0,0,0,100.0,999,5,100.0,6,5,100.0,1,1,100.0,1,1,100.0,0,0,100.0,0,0,100.0,0,0,100.0,1,0,100.0,0,0,100.0,0,1,100.0,0,0,100.0,0,0,100.0,0,0,100.0,0,0,100.0,0,1,100.0,0,0,100.0,0,0,100.0,0,1,100.0,0,0,100.0,0,0,100.0,0,0,100.0,0,0,100.0,0,0,100.0,0,1,100.0,0,1,100.0,0,0,100.0,0,0,100.0,0,0,100.0,0,0,100.0,0,0,100.0,0,0,100.0,0,0,100.0,0,0,100.0,0,0,100.0,0,0,100.0,0,0,100.0,0,1,100.0,0,0,100.0,0,0,100.0,0,0,100.0,0,0,100.0,0,1,100.0,0,0,100.0,0,0,100.0,0,0,100.0,0,0,100.0,0,1,100.0,0,0,100.0,0,0,100.0,0,,0.0,1,,0.0,0,,0.0,1,,0.0,0,,0.0,0,,0.0,0,,0.0,0,,0.0,0,,0.0,0,,0.0,0,,0.0,0,,0.0,0,,0.0,1,,0.0,0,,0.0,0,,0.0,0,,0.0,0,,0.0,0,,0.0,0,,0.0,0,,0.0,0,,0.0,0,,0.0,0,1,100.0,0,1,100.0,1,1,100.0,0,0,100.0,0,0,100.0,0,1,100.0,0,0,100.0,4.0,5,100.0,4,3,100.0,3,4,100.0,1.0,2,100.0,0,3,100.0,7,2,100.0,4,5,100.0,999,2,100.0,1,3,100.0,2,1,60.0,-1,1,80.0
Ritual201,0,0,100.0,0,0,100.0,0,1,100.0,1,1,100.0,0,1,100.0,0,0,100.0,0,0,100.0,0,0,100.0,0,0,100.0,0,0,100.0,0,0,100.0,0,0,100.0,0,1,100.0,0,1,100.0,0,0,100.0,2,,0.0,3,1,100.0,0,0,100.0,0,1,100.0,0,0,100.0,1,1,100.0,0,0,100.0,0,0,100.0,0,0,100.0,0,0,100.0,7,5,100.0,5,5,100.0,0,0,100.0,0,0,100.0,0,0,100.0,0,0,100.0,0,0,60.0,0,0,100.0,0,0,100.0,0,0,100.0,0,0,100.0,0,0,100.0,0,0,100.0,0,1,100.0,0,1,100.0,0,0,100.0,1,1,100.0,0,1,100.0,0,0,100.0,0,0,100.0,0,0,100.0,0,0,100.0,0,0,100.0,0,0,100.0,0,1,100.0,0,0,100.0,0,0,100.0,0,0,100.0,0,0,100.0,0,0,100.0,0,0,100.0,0,0,100.0,0,0,100.0,0,0,100.0,0,0,100.0,0,0,100.0,0,1,100.0,0,0,100.0,0,0,100.0,0,0,100.0,0,0,100.0,0,1,100.0,0,0,100.0,0,0,100.0,0,0,100.0,0,1,100.0,0,1,100.0,0,1,100.0,0,0,100.0,0,,0.0,0,,0.0,0,,0.0,1,,0.0,0,,0.0,0,,0.0,0,,0.0,0,,0.0,1,,0.0,0,,0.0,1,,0.0,0,,0.0,0,,0.0,1,,0.0,0,,0.0,0,,0.0,1,,0.0,0,,0.0,0,,0.0,0,,0.0,0,,0.0,0,,0.0,0,,0.0,0,0,100.0,1,1,100.0,0,0,100.0,0,1,100.0,0,0,100.0,0,1,100.0,0,0,100.0,2.0,5,100.0,3,3,100.0,7,4,100.0,2.333333333,3,100.0,2,3,100.0,2,2,100.0,4,5,100.0,3,2,100.0,1,1,100.0,2,2,100.0,-1,1,100.0
Ritual202,0,0,100.0,0,0,100.0,0,0,100.0,1,1,100.0,0,1,100.0,0,1,100.0,0,0,100.0,0,0,100.0,0,0,100.0,0,0,100.0,0,0,100.0,0,0,100.0,0,1,100.0,0,1,100.0,0,1,100.0,2,,0.0,3,1,100.0,0,0,100.0,0,1,100.0,0,0,100.0,1,1,100.0,0,0,100.0,0,0,100.0,0,0,100.0,0,0,100.0,7,5,100.0,7,5,100.0,0,0,100.0,0,1,100.0,0,1,100.0,0,0,100.0,0,0,100.0,0,0,100.0,0,1,100.0,0,1,100.0,0,0,100.0,0,0,100.0,0,1,100.0,0,1,100.0,0,1,100.0,0,1,100.0,0,1,100.0,0,0,100.0,0,0,100.0,0,1,100.0,0,0,100.0,0,0,100.0,0,0,100.0,0,1,100.0,0,1,100.0,0,0,100.0,0,0,100.0,0,0,100.0,0,1,100.0,0,0,100.0,0,0,100.0,0,0,100.0,0,0,70.0,0,0,100.0,0,0,70.0,0,0,100.0,0,1,100.0,0,0,100.0,0,0,100.0,0,0,100.0,0,0,100.0,0,0,100.0,0,0,100.0,0,0,100.0,0,0,100.0,0,1,100.0,0,1,100.0,0,1,100.0,0,1,100.0,0,1,100.0,0,1,100.0,1,1,100.0,0,0,100.0,0,1,100.0,0,0,100.0,0,1,100.0,0,1,100.0,1,1,100.0,0,0,100.0,1,0,100.0,1,1,100.0,0,0,100.0,1,1,100.0,0,1,100.0,0,1,100.0,1,1,100.0,0,1,100.0,0,1,100.0,0,0,100.0,0,1,100.0,0,0,100.0,0,1,100.0,0,0,100.0,1,1,100.0,0,1,100.0,0,1,100.0,0,0,100.0,0,1,100.0,0,1,100.0,1.666666667,5,100.0,3,3,100.0,7,4,100.0,2.333333333,4,100.0,3,3,100.0,7,2,100.0,4,5,100.0,3,2,100.0,1,2,100.0,2,1,100.0,-1,2,100.0
Ritual203,0,0,100.0,0,0,100.0,0,0,100.0,1,1,100.0,0,1,100.0,0,0,100.0,0,0,100.0,0,0,100.0,0,0,100.0,0,0,100.0,0,0,100.0,0,0,100.0,0,0,100.0,0,1,100.0,0,0,100.0,1,,0.0,3,1,100.0,0,0,100.0,0,1,100.0,0,0,100.0,1,1,100.0,0,0,100.0,0,0,100.0,0,0,100.0,0,0,100.0,6,5,100.0,6,5,100.0,0,0,100.0,0,0,100.0,0,1,100.0,0,0,100.0,0,0,100.0,0,0,100.0,0,0,100.0,0,0,100.0,0,0,100.0,0,0,100.0,0,0,100.0,0,1,100.0,0,1,100.0,1,1,100.0,0,0,100.0,0,1,100.0,0,0,100.0,0,0,100.0,0,0,100.0,0,0,100.0,0,0,100.0,0,1,100.0,0,1,100.0,0,0,100.0,0,1,50.0,0,0,100.0,0,0,100.0,0,0,100.0,0,0,100.0,0,0,100.0,0,0,100.0,0,0,100.0,0,0,100.0,0,0,100.0,0,1,100.0,0,0,100.0,0,0,100.0,0,0,100.0,0,0,100.0,0,0,100.0,0,0,100.0,0,0,100.0,0,0,100.0,0,0,100.0,0,1,100.0,0,0,100.0,0,0,100.0,0,,0.0,0,,0.0,1,,0.0,1,,0.0,0,,0.0,0,,0.0,1,,0.0,0,,0.0,1,,0.0,0,,0.0,0,,0.0,0,,0.0,0,,0.0,1,,0.0,0,,0.0,0,,0.0,1,,0.0,0,,0.0,0,,0.0,0,,0.0,0,,0.0,0,,0.0,0,,0.0,0,1,100.0,1,1,100.0,0,0,100.0,0,0,100.0,0,0,100.0,0,0,50.0,0,0,100.0,2.0,5,100.0,1,3,100.0,7,4,100.0,2.0,3,100.0,3,2,100.0,3,2,100.0,3,5,100.0,3,2,100.0,1,2,100.0,2,1,100.0,-1,2,100.0
Ritual204,0,0,100.0,0,0,100.0,0,0,100.0,1,1,100.0,0,0,80.0,0,1,100.0,0,0,100.0,0,0,80.0,0,1,100.0,0,0,100.0,0,0,100.0,0,0,100.0,0,1,100.0,0,1,100.0,0,1,100.0,1,,0.0,3,1,100.0,0,0,100.0,1,1,100.0,0,0,100.0,0,1,100.0,0,0,100.0,1,0,100.0,0,0,100.0,0,0,100.0,5,5,100.0,4,5,100.0,0,0,100.0,0,0,100.0,0,0,100.0,0,0,100.0,0,0,100.0,0,0,100.0,0,0,100.0,0,0,100.0,0,0,100.0,0,0,100.0,0,0,100.0,0,1,100.0,0,1,100.0,0,1,80.0,0,0,100.0,0,0,100.0,0,0,100.0,0,0,100.0,0,0,100.0,0,0,100.0,0,1,100.0,0,1,100.0,0,1,100.0,0,0,100.0,0,1,100.0,0,0,100.0,0,0,100.0,0,0,100.0,0,0,100.0,0,0,100.0,0,0,100.0,0,0,100.0,0,0,100.0,0,0,100.0,0,0,100.0,0,0,100.0,0,0,100.0,0,0,100.0,0,0,100.0,0,0,100.0,0,0,100.0,0,0,100.0,0,1,100.0,0,0,100.0,0,1,100.0,0,0,100.0,0,0,100.0,0,,0.0,1,,0.0,0,,0.0,0,,0.0,0,,0.0,0,,0.0,0,,0.0,0,,0.0,0,,0.0,0,,0.0,0,,0.0,0,,0.0,0,,0.0,1,,0.0,0,,0.0,0,,0.0,0,,0.0,0,,0.0,0,,0.0,0,,0.0,1,,0.0,0,,0.0,0,,0.0,0,0,100.0,0,1,100.0,0,0,100.0,0,0,100.0,0,0,100.0,0,1,100.0,0,1,100.0,1.666666667,3,100.0,2,2,100.0,7,4,100.0,0.0,1,100.0,0,1,100.0,-1,5,100.0,2,5,100.0,999,2,100.0,1,1,100.0,2,2,100.0,-1,2,100.0
Ritual205,0,0,100.0,0,0,100.0,0,0,100.0,1,1,100.0,0,1,100.0,0,1,100.0,0,0,100.0,0,0,100.0,0,0,100.0,0,1,100.0,0,0,100.0,0,0,100.0,0,0,100.0,0,1,100.0,0,1,100.0,2,,0.0,3,1,100.0,0,0,100.0,0,1,100.0,0,0,100.0,0,1,100.0,1,0,100.0,0,0,100.0,0,0,100.0,0,0,100.0,5,5,100.0,5,5,100.0,1,1,100.0,0,1,100.0,0,0,100.0,0,0,100.0,0,0,100.0,0,0,100.0,0,0,100.0,0,1,100.0,0,0,100.0,0,0,100.0,0,0,100.0,0,1,100.0,0,1,100.0,0,0,100.0,0,1,100.0,0,1,100.0,0,0,100.0,0,0,100.0,0,0,100.0,0,0,100.0,0,0,100.0,0,1,100.0,0,1,100.0,0,0,100.0,0,0,100.0,0,0,100.0,0,0,100.0,0,1,100.0,1,1,100.0,0,0,100.0,0,0,100.0,0,0,100.0,0,0,100.0,0,0,100.0,0,1,100.0,0,0,100.0,0,0,100.0,0,0,100.0,0,0,100.0,0,1,100.0,0,0,100.0,0,0,100.0,0,0,100.0,0,0,100.0,0,1,100.0,0,1,70.0,0,0,70.0,0,,0.0,0,,0.0,0,,0.0,0,,0.0,0,,0.0,0,,0.0,0,,0.0,0,,0.0,1,,0.0,0,,0.0,0,,0.0,0,,0.0,0,,0.0,1,,0.0,0,,0.0,0,,0.0,1,,0.0,0,,0.0,0,,0.0,0,,0.0,0,,0.0,0,,0.0,0,,0.0,1,1,100.0,1,1,100.0,0,1,100.0,0,0,100.0,0,0,100.0,0,1,100.0,0,1,100.0,2.666666667,5,100.0,3,3,100.0,3,4,100.0,3.333333333,2,50.0,1,3,50.0,3,2,100.0,999,5,100.0,3,2,90.0,1,1,100.0,2,2,100.0,-1,1,100.0
Ritual206,0,0,100.0,0,1,100.0,0,0,100.0,1,1,100.0,0,0,100.0,0,0,100.0,0,0,100.0,0,0,100.0,0,0,100.0,0,0,100.0,0,0,100.0,0,0,100.0,0,0,100.0,0,1,100.0,0,1,100.0,2,,0.0,3,1,100.0,0,0,100.0,0,0,100.0,0,0,100.0,1,1,100.0,0,0,100.0,0,0,100.0,0,0,100.0,0,0,100.0,5,5,100.0,5,5,100.0,0,0,100.0,0,0,100.0,0,0,100.0,0,0,100.0,0,0,100.0,0,0,100.0,0,0,100.0,0,0,100.0,1,1,100.0,0,0,100.0,0,0,100.0,0,0,100.0,0,1,100.0,0,0,100.0,0,0,100.0,0,0,100.0,0,0,100.0,0,0,100.0,0,0,100.0,0,0,100.0,0,0,100.0,0,0,100.0,0,1,100.0,0,0,100.0,0,0,100.0,0,0,100.0,0,0,100.0,0,0,100.0,0,0,100.0,0,0,100.0,0,0,100.0,0,0,100.0,0,0,100.0,0,0,100.0,0,0,100.0,0,0,100.0,0,0,100.0,0,0,100.0,0,0,100.0,0,1,100.0,0,0,100.0,0,0,100.0,0,1,100.0,0,0,100.0,0,0,100.0,0,0,100.0,0,0,100.0,0,,0.0,0,,0.0,0,,0.0,1,,0.0,0,,0.0,0,,0.0,0,,0.0,0,,0.0,0,,0.0,0,,0.0,0,,0.0,0,,0.0,0,,0.0,0,,0.0,0,,0.0,0,,0.0,0,,0.0,0,,0.0,0,,0.0,0,,0.0,0,,0.0,0,,0.0,0,,0.0,0,0,100.0,0,1,100.0,0,0,100.0,0,0,100.0,0,0,100.0,0,0,100.0,0,0,100.0,1.666666667,0,100.0,2,0,100.0,7,3,100.0,0.0,0,100.0,0,0,100.0,-1,3,100.0,999,5,100.0,3,2,100.0,1,2,100.0,2,1,100.0,-1,2,100.0
Ritual207,0,0,100.0,0,0,100.0,0,0,100.0,1,1,100.0,0,0,100.0,0,1,100.0,0,0,100.0,0,0,100.0,0,0,100.0,0,0,100.0,0,0,100.0,0,0,100.0,0,0,100.0,0,1,100.0,0,0,100.0,2,,0.0,3,1,100.0,0,0,100.0,0,1,100.0,0,0,100.0,1,1,100.0,0,0,100.0,0,0,100.0,0,0,100.0,0,0,100.0,4,5,100.0,4,5,100.0,0,1,100.0,1,1,100.0,0,0,100.0,0,0,100.0,0,0,100.0,0,0,100.0,0,0,100.0,0,0,100.0,0,0,100.0,0,0,100.0,0,0,100.0,0,0,100.0,0,0,100.0,0,0,100.0,0,1,50.0,0,0,50.0,0,0,100.0,0,0,100.0,0,0,100.0,0,0,100.0,0,0,100.0,0,1,100.0,0,1,100.0,0,0,100.0,0,0,100.0,0,0,100.0,0,0,100.0,0,0,100.0,0,0,100.0,0,0,100.0,0,0,100.0,0,0,100.0,0,0,100.0,0,0,100.0,0,0,100.0,0,0,100.0,0,0,100.0,0,0,100.0,0,0,100.0,0,0,100.0,0,0,100.0,0,0,100.0,0,0,100.0,0,0,100.0,0,0,100.0,0,0,100.0,0,0,100.0,0,,0.0,0,,0.0,0,,0.0,0,,0.0,0,,0.0,0,,0.0,0,,0.0,0,,0.0,0,,0.0,0,,0.0,0,,0.0,0,,0.0,0,,0.0,0,,0.0,0,,0.0,0,,0.0,0,,0.0,0,,0.0,0,,0.0,0,,0.0,0,,0.0,0,,0.0,0,,0.0,0,1,100.0,0,1,100.0,0,1,100.0,0,0,100.0,0,0,100.0,0,1,100.0,0,0,100.0,2.0,0,100.0,2,0,100.0,3,4,100.0,0.0,0,100.0,0,0,100.0,-1,4,100.0,999,5,100.0,999,3,100.0,1,2,100.0,2,1,100.0,-1,2,100.0
Ritual208,0,0,100.0,0,0,100.0,0,0,100.0,1,1,100.0,0,0,100.0,0,1,100.0,0,0,100.0,0,0,100.0,0,0,100.0,0,0,100.0,0,0,100.0,0,0,100.0,0,0,100.0,0,1,100.0,0,0,100.0,2,,0.0,3,1,100.0,0,0,100.0,0,1,100.0,0,0,100.0,0,1,100.0,1,0,100.0,0,0,100.0,0,0,100.0,0,0,100.0,5,5,100.0,5,5,100.0,1,1,100.0,1,1,100.0,0,0,100.0,0,0,100.0,0,0,100.0,0,0,100.0,0,0,100.0,0,1,100.0,1,0,100.0,0,0,100.0,0,0,100.0,0,0,100.0,0,0,100.0,0,0,100.0,0,0,100.0,0,0,100.0,0,0,100.0,0,0,100.0,0,0,100.0,0,0,100.0,0,0,100.0,0,0,100.0,0,1,100.0,0,0,100.0,0,0,100.0,0,0,100.0,0,0,100.0,0,0,100.0,0,0,100.0,0,0,100.0,0,0,100.0,0,0,100.0,0,0,100.0,0,0,100.0,0,0,100.0,0,0,100.0,0,0,100.0,0,0,100.0,0,0,100.0,0,1,100.0,0,0,100.0,0,0,100.0,0,0,100.0,0,0,100.0,0,0,100.0,0,0,100.0,0,0,100.0,0,,0.0,0,,0.0,0,,0.0,1,,0.0,0,,0.0,1,,0.0,0,,0.0,0,,0.0,0,,0.0,0,,0.0,0,,0.0,0,,0.0,0,,0.0,1,,0.0,0,,0.0,0,,0.0,0,,0.0,0,,0.0,0,,0.0,0,,0.0,0,,0.0,0,,0.0,0,,0.0,0,1,100.0,0,1,100.0,0,1,100.0,0,0,100.0,0,0,100.0,0,1,100.0,0,0,100.0,2.333333333,2,100.0,3,2,100.0,7,4,100.0,0.0,0,100.0,0,0,100.0,-1,5,100.0,999,3,100.0,999,2,100.0,1,2,100.0,2,1,100.0,-1,2,100.0
Ritual209,0,0,100.0,0,0,100.0,0,0,100.0,1,1,100.0,0,0,100.0,0,1,100.0,0,0,100.0,0,0,100.0,0,0,100.0,0,1,100.0,0,0,100.0,0,0,100.0,0,1,100.0,0,1,100.0,0,1,80.0,2,,0.0,3,3,100.0,0,0,100.0,0,1,100.0,0,0,100.0,1,1,100.0,0,0,100.0,0,0,100.0,0,0,100.0,0,0,100.0,999,5,100.0,5,5,100.0,0,1,100.0,1,1,100.0,0,0,100.0,0,1,100.0,0,0,100.0,0,0,100.0,0,0,100.0,0,1,100.0,0,0,100.0,0,0,100.0,0,0,100.0,0,0,100.0,0,1,100.0,0,0,100.0,0,0,100.0,0,1,100.0,0,0,100.0,0,1,100.0,0,0,100.0,0,0,100.0,0,1,100.0,0,0,100.0,0,1,100.0,0,0,100.0,0,0,100.0,0,0,100.0,0,0,100.0,0,0,100.0,0,0,100.0,0,0,100.0,0,0,100.0,0,0,100.0,0,0,100.0,0,0,100.0,0,1,100.0,0,0,100.0,0,0,100.0,0,0,100.0,0,0,100.0,0,1,100.0,0,0,100.0,0,0,100.0,0,1,100.0,0,0,100.0,0,0,100.0,0,0,100.0,0,0,100.0,0,,0.0,0,,0.0,0,,0.0,1,,0.0,0,,0.0,1,,0.0,0,,0.0,0,,0.0,1,,0.0,0,,0.0,0,,0.0,0,,0.0,0,,0.0,1,,0.0,0,,0.0,0,,0.0,1,,0.0,0,,0.0,0,,0.0,0,,0.0,0,,0.0,0,,0.0,0,,0.0,0,1,100.0,0,1,100.0,1,1,100.0,0,0,100.0,0,1,100.0,0,0,100.0,0,0,100.0,3.333333333,5,100.0,3,3,100.0,3,4,100.0,1.666666667,1,90.0,0,2,60.0,7,2,100.0,999,5,100.0,999,2,100.0,1,1,100.0,2,2,100.0,-1,1,100.0
Ritual210,0,1,100.0,0,0,100.0,0,1,100.0,0,1,100.0,0,0,100.0,1,1,100.0,0,0,100.0,0,1,100.0,0,0,100.0,0,0,100.0,0,0,100.0,1,1,100.0,0,1,100.0,0,1,100.0,0,1,100.0,3,,0.0,3,3,100.0,0,0,100.0,0,1,100.0,0,0,100.0,0,1,100.0,0,0,100.0,1,0,100.0,0,0,100.0,1,1,100.0,999,5,100.0,6,5,100.0,1,1,100.0,1,1,100.0,1,1,100.0,0,0,100.0,0,0,100.0,0,1,100.0,0,0,100.0,0,1,100.0,0,0,100.0,0,0,100.0,0,1,100.0,0,1,100.0,0,1,100.0,0,0,100.0,0,0,100.0,0,0,100.0,0,0,100.0,0,0,100.0,0,0,100.0,0,0,100.0,0,1,100.0,0,1,100.0,0,1,100.0,0,0,100.0,0,0,100.0,0,0,100.0,0,0,100.0,0,0,100.0,0,0,100.0,0,1,100.0,0,1,100.0,0,1,100.0,0,0,100.0,0,0,100.0,0,1,100.0,0,0,100.0,0,0,100.0,0,0,100.0,0,1,100.0,0,1,100.0,0,1,60.0,0,0,100.0,0,1,100.0,0,0,100.0,0,1,100.0,0,0,100.0,0,1,100.0,0,,0.0,0,,0.0,0,,0.0,0,,0.0,0,,0.0,0,,0.0,1,,0.0,0,,0.0,0,,0.0,0,,0.0,0,,0.0,0,,0.0,0,,0.0,1,,0.0,0,,0.0,0,,0.0,0,,0.0,0,,0.0,0,,0.0,0,,0.0,0,,0.0,0,,0.0,0,,0.0,0,1,100.0,1,1,100.0,1,1,100.0,0,0,100.0,0,1,100.0,0,0,100.0,0,0,100.0,3.666666667,5,100.0,4,4,100.0,7,4,100.0,0.0,1,100.0,0,1,100.0,-1,2,100.0,4,5,100.0,3,2,100.0,1,1,100.0,2,2,100.0,-1,1,100.0
Ritual211,0,,0.0,0,,0.0,0,,0.0,0,,0.0,0,,0.0,0,,0.0,0,,0.0,0,,0.0,0,,0.0,0,,0.0,0,,0.0,1,,0.0,0,,0.0,0,,0.0,0,,0.0,2,,0.0,3,,0.0,0,,0.0,1,,0.0,1,,0.0,0,,0.0,1,,0.0,0,,0.0,0,,0.0,0,,0.0,7,,0.0,6,,0.0,1,,0.0,1,,0.0,1,,0.0,0,,0.0,1,,0.0,0,,0.0,0,,0.0,0,,0.0,0,,0.0,0,,0.0,0,,0.0,0,,0.0,1,,0.0,0,,0.0,0,,0.0,0,,0.0,0,,0.0,0,,0.0,0,,0.0,0,,0.0,0,,0.0,0,,0.0,0,,0.0,0,,0.0,0,,0.0,0,,0.0,0,,0.0,0,,0.0,0,,0.0,0,,0.0,0,,0.0,0,,0.0,0,,0.0,0,,0.0,0,,0.0,0,,0.0,0,,0.0,0,,0.0,0,,0.0,0,,0.0,0,,0.0,0,,0.0,0,,0.0,0,,0.0,0,,0.0,0,,0.0,0,,0.0,0,,0.0,0,,0.0,0,,0.0,0,,0.0,0,,0.0,0,,0.0,1,,0.0,1,,0.0,0,,0.0,1,,0.0,0,,0.0,0,,0.0,0,,0.0,0,,0.0,0,,0.0,0,,0.0,0,,0.0,0,,0.0,0,,0.0,0,,0.0,0,,0.0,1,,0.0,0,,0.0,0,,0.0,1,,0.0,0,,0.0,0,,0.0,0,,0.0,0,,0.0,0,,0.0,1.0,,0.0,0,,0.0,3,,0.0,3.333333333,,0.0,4,,0.0,7,,0.0,4,,0.0,999,,0.0,1,,0.0,2,,0.0,-1,,0.0
Ritual212,0,,0.0,0,,0.0,0,,0.0,0,,0.0,0,,0.0,0,,0.0,1,,0.0,0,,0.0,0,,0.0,0,,0.0,0,,0.0,0,,0.0,0,,0.0,0,,0.0,0,,0.0,4,,0.0,2,,0.0,0,,0.0,0,,0.0,1,,0.0,0,,0.0,0,,0.0,0,,0.0,0,,0.0,0,,0.0,7,,0.0,6,,0.0,0,,0.0,0,,0.0,0,,0.0,0,,0.0,0,,0.0,0,,0.0,0,,0.0,0,,0.0,0,,0.0,0,,0.0,0,,0.0,0,,0.0,1,,0.0,0,,0.0,0,,0.0,0,,0.0,1,,0.0,0,,0.0,0,,0.0,0,,0.0,0,,0.0,0,,0.0,0,,0.0,0,,0.0,0,,0.0,0,,0.0,0,,0.0,0,,0.0,0,,0.0,1,,0.0,0,,0.0,0,,0.0,0,,0.0,0,,0.0,0,,0.0,0,,0.0,0,,0.0,0,,0.0,1,,0.0,0,,0.0,0,,0.0,0,,0.0,0,,0.0,1,,0.0,0,,0.0,0,,0.0,0,,0.0,0,,0.0,0,,0.0,0,,0.0,0,,0.0,0,,0.0,0,,0.0,0,,0.0,0,,0.0,0,,0.0,0,,0.0,0,,0.0,0,,0.0,0,,0.0,0,,0.0,0,,0.0,0,,0.0,0,,0.0,0,,0.0,0,,0.0,0,,0.0,0,,0.0,0,,0.0,0,,0.0,0,,0.0,1,,0.0,0,,0.0,0,,0.0,0,,0.0,0,,0.0,0,,0.0,3.0,,0.0,3,,0.0,7,,0.0,4.0,,0.0,0,,0.0,2,,0.0,4,,0.0,1,,0.0,1,,0.0,2,,0.0,-1,,0.0
Ritual213,1,,0.0,0,,0.0,0,,0.0,0,,0.0,0,,0.0,0,,0.0,0,,0.0,0,,0.0,0,,0.0,0,,0.0,0,,0.0,0,,0.0,0,,0.0,0,,0.0,0,,0.0,2,,0.0,3,,0.0,0,,0.0,0,,0.0,1,,0.0,1,,0.0,0,,0.0,0,,0.0,0,,0.0,0,,0.0,7,,0.0,6,,0.0,1,,0.0,1,,0.0,0,,0.0,0,,0.0,0,,0.0,0,,0.0,0,,0.0,0,,0.0,0,,0.0,0,,0.0,0,,0.0,0,,0.0,0,,0.0,0,,0.0,0,,0.0,0,,0.0,0,,0.0,0,,0.0,0,,0.0,0,,0.0,0,,0.0,0,,0.0,0,,0.0,0,,0.0,0,,0.0,0,,0.0,0,,0.0,0,,0.0,0,,0.0,0,,0.0,0,,0.0,0,,0.0,0,,0.0,0,,0.0,0,,0.0,0,,0.0,0,,0.0,0,,0.0,0,,0.0,0,,0.0,0,,0.0,0,,0.0,0,,0.0,0,,0.0,0,,0.0,0,,0.0,0,,0.0,0,,0.0,0,,0.0,0,,0.0,0,,0.0,0,,0.0,0,,0.0,1,,0.0,0,,0.0,0,,0.0,0,,0.0,0,,0.0,0,,0.0,0,,0.0,0,,0.0,0,,0.0,0,,0.0,0,,0.0,0,,0.0,0,,0.0,0,,0.0,0,,0.0,0,,0.0,0,,0.0,0,,0.0,0,,0.0,0,,0.0,0,,0.0,0,,0.0,0,,0.0,0,,0.0,3.0,,0.0,3,,0.0,2,,0.0,0.0,,0.0,0,,0.0,-1,,0.0,2,,0.0,999,,0.0,1,,0.0,2,,0.0,-1,,0.0
Ritual214,0,0,100.0,0,0,100.0,0,0,100.0,0,1,100.0,0,0,100.0,0,0,100.0,0,0,100.0,0,0,100.0,1,0,100.0,0,0,100.0,0,0,100.0,1,0,100.0,0,0,100.0,0,1,100.0,1,1,100.0,1,,0.0,3,1,100.0,0,0,100.0,1,1,100.0,1,0,100.0,0,1,100.0,0,0,100.0,0,0,100.0,0,0,100.0,0,0,100.0,999,5,100.0,6,5,100.0,1,1,100.0,0,1,100.0,1,1,100.0,0,0,100.0,0,0,100.0,0,0,100.0,0,0,100.0,0,0,100.0,0,0,100.0,0,0,100.0,0,0,100.0,0,0,100.0,0,1,100.0,0,0,100.0,0,0,100.0,0,0,100.0,0,0,100.0,0,0,100.0,0,0,100.0,0,0,100.0,0,0,100.0,0,0,100.0,0,1,100.0,0,0,100.0,0,0,100.0,0,0,100.0,0,0,100.0,0,0,100.0,0,0,100.0,0,0,100.0,0,0,100.0,0,0,100.0,0,0,100.0,0,0,100.0,0,0,100.0,0,0,100.0,0,0,100.0,0,0,100.0,0,0,100.0,0,1,100.0,0,0,100.0,0,0,100.0,0,0,100.0,0,0,100.0,0,0,100.0,0,0,100.0,0,0,100.0,0,,0.0,0,,0.0,0,,0.0,0,,0.0,0,,0.0,0,,0.0,0,,0.0,0,,0.0,0,,0.0,0,,0.0,0,,0.0,0,,0.0,0,,0.0,0,,0.0,0,,0.0,0,,0.0,0,,0.0,0,,0.0,0,,0.0,0,,0.0,0,,0.0,0,,0.0,0,,0.0,0,0,100.0,0,1,100.0,0,0,100.0,0,0,100.0,0,0,100.0,0,0,100.0,0,0,100.0,2.333333333,0,100.0,2,0,100.0,7,1,80.0,0.0,0,100.0,0,0,100.0,-1,1,80.0,999,5,100.0,999,2,100.0,1,2,100.0,2,1,100.0,-1,2,80.0
Ritual215,0,0,100.0,0,0,100.0,0,0,100.0,0,1,100.0,0,0,100.0,0,1,100.0,0,0,100.0,0,0,100.0,1,0,100.0,0,0,100.0,0,0,100.0,1,0,100.0,0,0,100.0,0,1,100.0,1,1,100.0,2,,0.0,3,1,100.0,0,0,100.0,0,1,100.0,0,0,100.0,0,1,100.0,1,0,100.0,0,0,100.0,0,0,100.0,0,0,100.0,999,5,100.0,5,5,100.0,0,0,100.0,1,1,100.0,0,0,100.0,0,0,100.0,0,0,100.0,0,0,100.0,0,0,100.0,0,1,100.0,0,0,100.0,0,0,100.0,0,1,100.0,0,0,100.0,0,1,100.0,0,0,100.0,0,1,100.0,0,1,100.0,0,0,100.0,0,0,100.0,0,0,100.0,0,0,100.0,0,0,100.0,0,0,100.0,0,1,100.0,0,0,60.0,1,1,100.0,0,0,100.0,0,0,100.0,0,0,100.0,0,0,100.0,0,0,100.0,0,0,100.0,0,0,100.0,0,0,100.0,0,0,100.0,0,1,100.0,0,0,100.0,0,0,100.0,0,0,100.0,0,0,100.0,0,1,100.0,0,0,100.0,0,0,100.0,0,1,100.0,0,0,100.0,0,0,100.0,0,0,100.0,0,1,100.0,0,,0.0,0,,0.0,0,,0.0,0,,0.0,0,,0.0,0,,0.0,0,,0.0,1,,0.0,0,,0.0,0,,0.0,0,,0.0,0,,0.0,0,,0.0,1,,0.0,0,,0.0,1,,0.0,0,,0.0,0,,0.0,0,,0.0,0,,0.0,0,,0.0,0,,0.0,0,,0.0,0,1,100.0,0,1,100.0,0,1,100.0,0,1,100.0,0,0,100.0,0,0,100.0,0,0,100.0,3.0,5,100.0,3,4,100.0,7,4,100.0,1.333333333,1,100.0,1,1,100.0,7,2,100.0,999,5,100.0,999,2,100.0,1,2,100.0,2,1,100.0,-1,1,100.0
Ritual216,0,0,100.0,0,0,100.0,0,0,100.0,0,1,100.0,0,0,100.0,0,1,100.0,0,0,100.0,0,0,100.0,1,0,100.0,0,0,100.0,0,0,100.0,1,0,100.0,0,1,100.0,0,1,100.0,1,1,100.0,2,,0.0,3,1,100.0,0,0,100.0,0,1,100.0,0,0,100.0,0,1,100.0,0,0,100.0,1,0,100.0,0,0,100.0,0,1,100.0,999,5,100.0,6,5,100.0,1,1,100.0,1,1,100.0,0,1,100.0,0,0,100.0,0,0,100.0,0,0,100.0,0,0,100.0,0,1,100.0,0,0,100.0,0,0,100.0,0,1,100.0,0,0,100.0,0,0,100.0,0,0,100.0,0,0,100.0,0,0,100.0,0,0,100.0,0,0,100.0,0,0,100.0,0,0,100.0,0,0,100.0,0,0,100.0,0,1,100.0,0,0,100.0,0,0,100.0,0,0,100.0,0,0,100.0,0,0,100.0,0,0,100.0,0,0,100.0,0,0,100.0,0,0,100.0,0,0,100.0,0,0,100.0,0,1,100.0,0,0,100.0,0,0,100.0,0,0,100.0,0,0,100.0,0,1,100.0,0,0,100.0,0,0,100.0,0,1,100.0,0,0,100.0,0,1,100.0,0,0,100.0,0,1,100.0,0,,0.0,0,,0.0,0,,0.0,0,,0.0,0,,0.0,0,,0.0,0,,0.0,1,,0.0,0,,0.0,0,,0.0,0,,0.0,0,,0.0,0,,0.0,0,,0.0,0,,0.0,0,,0.0,0,,0.0,0,,0.0,0,,0.0,0,,0.0,0,,0.0,0,,0.0,0,,0.0,0,1,100.0,1,1,100.0,0,1,100.0,0,0,100.0,0,0,100.0,0,0,100.0,0,1,100.0,4.0,5,100.0,4,4,100.0,7,4,100.0,3.333333333,2,100.0,2,3,100.0,3,2,100.0,999,5,100.0,3,2,100.0,1,2,100.0,2,1,100.0,-1,2,100.0
Ritual217,0,0,100.0,0,0,100.0,0,1,100.0,0,1,100.0,0,0,100.0,0,1,100.0,0,0,100.0,0,0,100.0,0,0,100.0,0,0,100.0,0,0,100.0,1,0,100.0,0,1,100.0,0,1,100.0,1,0,100.0,2,,0.0,3,1,100.0,0,0,100.0,0,1,100.0,0,0,100.0,0,1,100.0,0,0,100.0,1,0,100.0,0,0,100.0,0,0,100.0,999,5,100.0,6,5,100.0,1,1,100.0,0,1,100.0,1,1,100.0,0,1,100.0,0,0,100.0,0,1,100.0,0,0,100.0,0,1,100.0,1,1,100.0,0,0,100.0,0,1,100.0,0,0,100.0,0,1,100.0,0,0,100.0,0,1,100.0,0,0,100.0,0,0,100.0,0,0,100.0,0,0,100.0,0,0,100.0,0,0,100.0,0,0,100.0,0,1,100.0,0,0,100.0,0,0,100.0,0,0,100.0,0,0,100.0,0,0,100.0,0,0,100.0,0,0,100.0,0,0,100.0,0,0,100.0,0,0,100.0,0,0,100.0,0,0,100.0,0,0,100.0,0,0,100.0,0,0,100.0,0,0,100.0,0,1,100.0,0,0,100.0,0,0,100.0,0,0,100.0,0,0,100.0,0,0,100.0,0,0,100.0,0,1,100.0,0,,0.0,0,,0.0,0,,0.0,0,,0.0,0,,0.0,0,,0.0,1,,0.0,0,,0.0,0,,0.0,0,,0.0,0,,0.0,0,,0.0,0,,0.0,1,,0.0,0,,0.0,1,,0.0,0,,0.0,0,,0.0,0,,0.0,0,,0.0,0,,0.0,0,,0.0,0,,0.0,0,1,100.0,0,1,100.0,0,1,100.0,0,0,100.0,0,0,100.0,0,0,80.0,0,1,100.0,3.0,5,100.0,3,4,100.0,7,4,100.0,0.0,0,80.0,0,0,80.0,-1,2,100.0,999,5,100.0,999,3,100.0,1,2,100.0,2,1,100.0,-1,1,100.0
Ritual218,0,1,100.0,0,0,100.0,0,0,100.0,0,1,100.0,0,0,100.0,1,1,100.0,0,0,100.0,0,1,100.0,0,0,100.0,0,0,100.0,0,0,100.0,1,0,100.0,0,1,100.0,0,1,100.0,0,1,100.0,4,,0.0,3,3,100.0,0,0,100.0,0,1,100.0,0,1,100.0,0,0,100.0,0,1,100.0,0,0,100.0,1,1,100.0,1,1,100.0,7,5,100.0,6,5,100.0,0,1,100.0,1,1,100.0,0,1,100.0,0,0,100.0,1,0,100.0,0,1,100.0,0,0,100.0,0,1,100.0,0,0,100.0,0,0,100.0,0,1,100.0,0,0,100.0,0,1,100.0,0,0,90.0,0,0,100.0,0,0,100.0,0,0,100.0,0,0,100.0,0,0,100.0,0,0,100.0,0,1,100.0,0,1,100.0,0,1,100.0,0,0,100.0,0,1,100.0,0,0,100.0,0,0,100.0,0,0,100.0,0,0,100.0,0,0,100.0,0,0,100.0,0,0,100.0,0,0,100.0,0,0,100.0,0,1,100.0,0,1,100.0,0,0,100.0,0,0,100.0,1,0,100.0,0,1,100.0,0,0,100.0,0,0,100.0,0,1,100.0,0,0,100.0,0,1,100.0,0,0,100.0,0,1,100.0,0,1,100.0,0,1,100.0,0,1,100.0,0,0,100.0,0,1,100.0,1,1,100.0,1,1,100.0,0,0,100.0,0,1,100.0,1,0,100.0,0,0,100.0,0,0,100.0,0,0,100.0,1,1,100.0,0,0,100.0,1,1,100.0,0,0,100.0,0,0,100.0,0,1,100.0,0,0,100.0,0,1,100.0,0,1,70.0,0,0,100.0,0,1,100.0,1,1,100.0,0,1,100.0,0,0,100.0,0,0,100.0,1,0,100.0,0,0,100.0,4.666666667,5,100.0,5,4,100.0,7,4,100.0,0.0,3,100.0,0,3,100.0,-1,3,100.0,0,5,100.0,999,2,80.0,1,2,100.0,2,1,100.0,-1,1,100.0
Ritual219,0,1,100.0,0,0,100.0,0,0,100.0,0,1,100.0,0,0,100.0,0,0,100.0,0,1,100.0,0,0,100.0,0,0,100.0,0,0,100.0,0,1,100.0,0,0,100.0,0,0,100.0,0,1,100.0,0,1,100.0,4,,0.0,3,1,70.0,0,0,100.0,0,1,100.0,0,0,100.0,0,1,100.0,0,0,100.0,0,0,100.0,0,0,100.0,0,1,100.0,7,5,100.0,6,5,100.0,0,1,100.0,1,1,100.0,0,0,100.0,0,0,100.0,0,0,100.0,0,0,100.0,0,0,100.0,0,1,100.0,0,0,100.0,0,0,100.0,0,1,100.0,0,0,100.0,0,1,100.0,0,0,100.0,0,0,100.0,0,0,100.0,0,0,100.0,0,0,100.0,0,0,100.0,0,0,100.0,0,0,100.0,0,0,100.0,0,1,100.0,0,0,100.0,0,0,100.0,0,0,100.0,0,1,100.0,0,0,100.0,0,0,100.0,1,1,100.0,0,0,100.0,0,1,100.0,0,0,100.0,0,0,100.0,0,1,100.0,0,0,100.0,0,0,100.0,0,0,100.0,0,0,100.0,0,1,100.0,0,0,100.0,0,0,100.0,0,1,100.0,0,0,100.0,0,1,100.0,0,0,100.0,0,0,100.0,0,,0.0,1,,0.0,0,,0.0,1,,0.0,0,,0.0,0,,0.0,0,,0.0,0,,0.0,0,,0.0,0,,0.0,0,,0.0,0,,0.0,0,,0.0,0,,0.0,0,,0.0,0,,0.0,0,,0.0,0,,0.0,0,,0.0,0,,0.0,0,,0.0,0,,0.0,0,,0.0,0,1,100.0,0,1,100.0,0,1,100.0,0,0,100.0,0,0,100.0,0,1,100.0,0,0,100.0,3.333333333,5,100.0,4,4,100.0,7,4,100.0,3.666666667,1,100.0,1,1,100.0,3,2,100.0,4,5,100.0,999,1,100.0,1,2,100.0,2,1,100.0,-1,2,100.0
Ritual220,0,0,100.0,0,0,100.0,0,0,100.0,0,1,100.0,0,0,100.0,0,0,100.0,1,1,100.0,0,0,100.0,0,0,100.0,0,0,100.0,0,0,100.0,0,0,100.0,0,0,100.0,0,1,100.0,0,0,100.0,4,,0.0,3,2,100.0,0,0,100.0,1,1,100.0,0,0,100.0,0,1,100.0,0,0,100.0,0,0,100.0,0,0,100.0,0,0,100.0,7,5,100.0,6,5,100.0,0,0,100.0,0,0,100.0,0,0,100.0,0,0,100.0,0,0,100.0,0,0,100.0,0,0,100.0,0,0,100.0,0,0,100.0,0,0,100.0,0,0,100.0,0,1,100.0,1,1,100.0,0,0,100.0,0,0,100.0,0,0,100.0,1,1,100.0,0,0,100.0,0,0,100.0,0,0,100.0,0,0,100.0,0,1,100.0,0,1,100.0,0,0,100.0,0,0,100.0,0,0,100.0,0,0,100.0,0,0,100.0,0,1,100.0,0,0,100.0,0,0,100.0,0,0,100.0,0,0,100.0,0,0,100.0,0,1,100.0,0,0,100.0,0,0,100.0,0,0,100.0,0,0,100.0,0,1,100.0,1,0,100.0,0,0,100.0,1,1,100.0,1,1,100.0,0,1,100.0,0,0,100.0,0,1,100.0,0,,0.0,0,,0.0,0,,0.0,0,,0.0,0,,0.0,0,,0.0,1,,0.0,0,,0.0,0,,0.0,0,,0.0,0,,0.0,0,,0.0,0,,0.0,0,,0.0,0,,0.0,1,,0.0,0,,0.0,0,,0.0,0,,0.0,0,,0.0,0,,0.0,0,,0.0,0,,0.0,0,0,100.0,0,1,100.0,0,1,100.0,0,0,100.0,0,0,100.0,0,1,100.0,0,1,100.0,2.0,2,100.0,2,3,100.0,2,2,100.0,4.0,1,100.0,4,2,100.0,2,2,100.0,4,3,100.0,1,2,100.0,1,2,100.0,2,1,100.0,-1,1,100.0
Ritual221,0,0,100.0,0,0,100.0,0,0,100.0,0,1,100.0,0,0,100.0,0,0,100.0,1,1,100.0,0,0,100.0,0,0,100.0,0,0,100.0,0,0,100.0,0,0,100.0,0,0,100.0,0,1,100.0,0,0,100.0,4,,0.0,999,1,100.0,0,0,100.0,0,1,100.0,0,0,100.0,1,1,100.0,0,0,100.0,0,0,100.0,0,0,100.0,0,0,100.0,7,5,100.0,6,5,100.0,1,1,100.0,0,1,100.0,0,0,100.0,0,0,100.0,0,0,100.0,0,1,100.0,0,0,100.0,0,1,100.0,0,0,100.0,0,0,100.0,0,1,100.0,0,0,100.0,1,1,100.0,0,0,100.0,0,0,100.0,0,0,100.0,0,1,100.0,0,0,100.0,0,0,100.0,0,0,100.0,0,0,100.0,0,0,100.0,0,1,100.0,0,0,100.0,0,0,100.0,0,0,100.0,0,1,100.0,0,0,100.0,0,1,100.0,0,0,100.0,1,1,100.0,0,0,100.0,0,0,100.0,0,0,100.0,0,1,100.0,0,0,100.0,0,0,100.0,0,0,100.0,0,1,100.0,1,1,100.0,0,0,100.0,0,0,100.0,0,1,100.0,0,1,100.0,0,1,100.0,0,0,100.0,0,1,100.0,0,0,100.0,0,0,100.0,0,0,100.0,0,0,100.0,0,1,100.0,0,1,100.0,0,1,100.0,0,1,100.0,0,0,100.0,0,0,100.0,0,0,100.0,0,0,100.0,0,0,100.0,0,1,100.0,0,0,100.0,0,1,100.0,1,0,100.0,0,0,100.0,0,1,100.0,0,0,100.0,0,1,100.0,0,0,100.0,0,0,100.0,0,1,100.0,0,1,100.0,0,1,100.0,0,0,100.0,0,0,100.0,0,1,100.0,0,1,100.0,2.0,5,100.0,3,3,100.0,2,4,100.0,5.0,4,60.0,5,3,60.0,2,2,100.0,4,5,100.0,999,3,100.0,1,2,100.0,2,1,100.0,-1,1,100.0
Ritual222,0,0,100.0,0,0,100.0,0,0,100.0,0,1,100.0,0,0,100.0,0,0,100.0,0,1,100.0,0,0,100.0,0,0,100.0,0,0,100.0,0,0,100.0,0,0,100.0,0,0,100.0,0,0,100.0,0,0,100.0,2,,0.0,3,1,100.0,0,0,100.0,1,1,100.0,0,0,100.0,1,1,100.0,0,0,100.0,0,0,100.0,0,0,100.0,0,0,100.0,7,5,100.0,6,5,100.0,0,0,100.0,0,0,100.0,0,0,100.0,0,0,100.0,1,1,100.0,0,0,100.0,0,1,100.0,0,0,100.0,0,0,100.0,0,0,100.0,0,0,100.0,0,1,100.0,0,1,100.0,1,1,100.0,0,0,100.0,0,0,100.0,0,0,100.0,0,0,100.0,0,0,100.0,0,0,100.0,0,0,100.0,0,0,100.0,0,1,100.0,0,0,100.0,0,0,100.0,0,0,100.0,0,0,100.0,0,0,100.0,0,1,100.0,0,0,100.0,0,0,100.0,0,0,100.0,0,0,100.0,0,0,100.0,0,1,100.0,0,0,100.0,0,0,100.0,0,0,100.0,0,0,100.0,0,1,100.0,0,0,100.0,0,0,100.0,0,1,100.0,0,0,100.0,0,1,100.0,0,1,100.0,0,0,100.0,0,,0.0,0,,0.0,0,,0.0,0,,0.0,0,,0.0,0,,0.0,1,,0.0,0,,0.0,0,,0.0,0,,0.0,0,,0.0,0,,0.0,0,,0.0,0,,0.0,0,,0.0,0,,0.0,0,,0.0,0,,0.0,0,,0.0,0,,0.0,0,,0.0,0,,0.0,0,,0.0,0,1,100.0,0,1,100.0,0,1,100.0,0,0,100.0,0,0,100.0,0,1,100.0,0,1,100.0,3.0,5,100.0,4,3,100.0,2,4,100.0,3.333333333,2,100.0,4,2,100.0,2,2,70.0,4,5,100.0,999,2,100.0,1,1,100.0,2,2,100.0,-1,1,100.0
Ritual223,0,0,100.0,0,0,100.0,0,0,100.0,0,1,100.0,0,0,100.0,0,0,100.0,0,1,100.0,0,0,100.0,0,0,100.0,0,0,100.0,0,0,100.0,0,0,100.0,0,0,100.0,0,0,100.0,0,0,100.0,4,,0.0,3,1,100.0,0,0,100.0,0,1,100.0,0,0,100.0,1,1,100.0,0,0,100.0,0,0,100.0,0,0,100.0,0,0,100.0,7,5,100.0,6,5,100.0,1,1,100.0,1,1,100.0,1,0,100.0,0,0,100.0,0,0,100.0,1,1,100.0,0,0,100.0,0,1,100.0,0,0,100.0,0,0,100.0,0,0,100.0,0,1,100.0,1,1,100.0,0,0,100.0,0,0,100.0,0,0,100.0,1,0,100.0,0,0,100.0,0,0,100.0,0,0,100.0,0,0,100.0,0,1,100.0,0,1,100.0,0,0,100.0,0,0,100.0,0,0,100.0,0,0,100.0,0,0,100.0,0,1,100.0,0,0,100.0,0,0,100.0,0,0,100.0,0,0,100.0,0,0,100.0,0,1,100.0,0,0,100.0,0,0,100.0,0,0,100.0,1,1,100.0,1,1,100.0,1,1,100.0,0,1,100.0,0,1,100.0,1,0,100.0,0,1,50.0,0,0,50.0,0,1,100.0,0,,0.0,0,,0.0,0,,0.0,0,,0.0,0,,0.0,0,,0.0,1,,0.0,0,,0.0,0,,0.0,0,,0.0,0,,0.0,0,,0.0,0,,0.0,0,,0.0,0,,0.0,1,,0.0,0,,0.0,0,,0.0,0,,0.0,0,,0.0,0,,0.0,0,,0.0,0,,0.0,0,1,100.0,0,1,100.0,0,1,100.0,0,0,100.0,0,0,100.0,0,1,100.0,0,1,100.0,0.0,5,100.0,0,3,100.0,-1,4,100.0,4.0,1,100.0,5,2,100.0,2,3,80.0,5,5,100.0,999,2,100.0,1,2,100.0,2,1,100.0,-1,2,100.0
Ritual224,0,0,100.0,0,0,100.0,0,1,100.0,0,0,100.0,0,0,100.0,0,1,70.0,0,0,100.0,0,0,100.0,0,0,100.0,0,0,100.0,0,0,100.0,1,1,100.0,0,1,100.0,0,1,100.0,0,0,100.0,3,,0.0,3,3,100.0,0,0,100.0,0,1,100.0,0,0,100.0,0,1,100.0,1,0,100.0,0,0,100.0,0,0,100.0,0,0,100.0,6,5,100.0,6,5,100.0,1,0,100.0,1,1,100.0,0,0,100.0,0,0,100.0,1,1,100.0,0,0,100.0,0,1,100.0,0,1,100.0,0,0,100.0,0,0,100.0,0,0,100.0,0,0,100.0,0,1,100.0,0,0,100.0,0,0,100.0,0,0,100.0,0,0,100.0,0,0,100.0,0,0,100.0,0,0,100.0,0,0,100.0,0,0,100.0,0,1,100.0,0,0,100.0,0,0,100.0,0,0,100.0,0,0,100.0,0,0,100.0,0,0,100.0,0,0,100.0,0,0,100.0,0,0,100.0,0,0,100.0,0,0,100.0,0,0,100.0,0,0,100.0,0,0,100.0,0,0,100.0,0,0,100.0,0,1,100.0,0,0,100.0,0,0,100.0,0,1,100.0,0,0,100.0,0,0,100.0,0,0,100.0,0,0,100.0,0,,0.0,0,,0.0,0,,0.0,0,,0.0,0,,0.0,0,,0.0,1,,0.0,0,,0.0,0,,0.0,0,,0.0,0,,0.0,0,,0.0,0,,0.0,0,,0.0,0,,0.0,0,,0.0,0,,0.0,0,,0.0,0,,0.0,0,,0.0,0,,0.0,0,,0.0,0,,0.0,0,0,100.0,0,1,100.0,0,1,100.0,0,0,100.0,0,0,100.0,0,0,100.0,0,1,100.0,3.333333333,2,100.0,3,3,100.0,7,4,100.0,0.0,1,100.0,0,2,100.0,-1,2,100.0,2,2,100.0,999,2,100.0,1,2,70.0,2,2,100.0,-1,1,100.0
Ritual225,0,0,100.0,0,1,100.0,0,0,100.0,1,1,100.0,0,0,100.0,0,0,100.0,0,0,100.0,0,0,100.0,0,0,100.0,0,0,100.0,0,0,100.0,0,0,100.0,0,0,100.0,0,1,100.0,0,0,100.0,2,,0.0,3,3,80.0,0,0,100.0,0,1,100.0,0,0,100.0,0,1,100.0,0,0,100.0,0,0,100.0,1,0,100.0,0,0,100.0,999,5,100.0,4,5,100.0,0,1,100.0,0,1,100.0,1,1,100.0,0,0,100.0,1,1,100.0,0,1,100.0,0,0,100.0,0,1,100.0,0,0,100.0,0,0,100.0,0,0,100.0,0,0,100.0,0,0,100.0,0,1,100.0,0,0,100.0,0,0,100.0,0,0,100.0,0,0,100.0,0,0,100.0,0,0,100.0,0,0,100.0,0,0,100.0,0,1,100.0,0,0,100.0,0,0,100.0,0,0,100.0,0,0,100.0,0,0,100.0,0,1,100.0,0,0,100.0,0,0,100.0,0,0,100.0,0,0,100.0,0,0,100.0,0,1,100.0,0,0,100.0,0,0,100.0,0,0,100.0,0,0,100.0,0,1,100.0,0,0,100.0,0,0,100.0,0,0,100.0,0,0,100.0,0,1,100.0,0,0,100.0,0,0,100.0,0,,0.0,0,,0.0,0,,0.0,0,,0.0,0,,0.0,0,,0.0,0,,0.0,0,,0.0,0,,0.0,0,,0.0,0,,0.0,0,,0.0,0,,0.0,0,,0.0,0,,0.0,0,,0.0,0,,0.0,0,,0.0,0,,0.0,0,,0.0,0,,0.0,0,,0.0,0,,0.0,0,1,100.0,0,1,100.0,0,1,100.0,0,0,100.0,0,0,100.0,0,0,100.0,0,1,100.0,2.666666667,5,100.0,4,4,100.0,7,7,100.0,0.0,3,100.0,0,2,100.0,-1,7,100.0,999,5,100.0,999,3,100.0,1,2,100.0,2,1,100.0,-1,1,90.0
Ritual226,0,1,100.0,0,0,100.0,0,0,100.0,0,1,100.0,0,0,100.0,0,0,100.0,0,1,100.0,0,0,100.0,0,0,100.0,0,1,100.0,1,1,100.0,0,0,100.0,0,0,100.0,0,1,100.0,0,0,100.0,2,,0.0,3,3,100.0,0,0,100.0,0,1,100.0,1,1,100.0,1,1,100.0,0,0,100.0,0,0,100.0,0,0,100.0,0,1,70.0,7,5,100.0,6,5,100.0,0,0,100.0,0,0,100.0,0,0,100.0,0,0,100.0,0,0,100.0,0,0,100.0,0,0,100.0,0,0,100.0,0,0,100.0,0,0,100.0,0,0,100.0,0,1,100.0,0,1,100.0,0,1,100.0,0,0,100.0,0,0,100.0,0,0,100.0,0,0,100.0,0,0,100.0,0,0,100.0,0,0,100.0,0,0,100.0,0,1,100.0,0,0,100.0,0,0,100.0,0,0,100.0,0,0,100.0,1,0,100.0,0,0,100.0,0,1,100.0,0,1,100.0,0,0,100.0,0,0,100.0,1,1,100.0,0,0,90.0,0,0,100.0,0,0,100.0,0,0,100.0,0,0,100.0,0,0,100.0,0,0,100.0,0,0,100.0,0,0,100.0,0,0,100.0,0,0,100.0,0,0,100.0,0,0,100.0,0,,0.0,0,,0.0,0,,0.0,0,,0.0,0,,0.0,0,,0.0,0,,0.0,0,,0.0,0,,0.0,0,,0.0,0,,0.0,0,,0.0,0,,0.0,0,,0.0,1,,0.0,1,,0.0,0,,0.0,0,,0.0,0,,0.0,0,,0.0,0,,0.0,0,,0.0,0,,0.0,0,1,100.0,0,1,100.0,0,1,100.0,0,0,100.0,0,0,100.0,0,1,100.0,0,0,100.0,1.333333333,5,100.0,2,4,100.0,3,4,100.0,3.333333333,0,100.0,2,0,100.0,5,2,100.0,4,2,100.0,999,1,100.0,1,1,100.0,2,2,100.0,-1,1,100.0
Ritual227,0,0,100.0,0,0,100.0,0,0,100.0,0,0,100.0,0,0,100.0,0,1,100.0,0,0,100.0,0,0,100.0,0,0,100.0,0,0,100.0,0,0,100.0,1,1,100.0,0,1,100.0,0,1,100.0,0,0,100.0,2,,0.0,3,1,100.0,0,0,100.0,0,1,100.0,0,0,100.0,0,1,100.0,0,0,100.0,0,0,100.0,1,0,100.0,0,0,100.0,7,5,100.0,6,5,100.0,0,0,100.0,1,1,100.0,0,0,100.0,0,1,100.0,1,1,100.0,0,0,100.0,0,1,100.0,0,0,100.0,0,0,100.0,0,0,100.0,0,1,100.0,0,1,100.0,1,1,100.0,0,0,100.0,0,0,100.0,0,0,100.0,0,0,100.0,0,0,100.0,0,0,100.0,0,0,100.0,0,0,100.0,0,0,100.0,0,1,100.0,0,0,100.0,0,0,100.0,0,0,100.0,0,0,100.0,0,0,100.0,0,0,100.0,0,0,100.0,0,0,100.0,0,0,100.0,0,0,100.0,0,0,100.0,0,0,100.0,0,0,100.0,0,0,100.0,0,0,100.0,0,0,100.0,0,1,100.0,0,0,100.0,0,0,100.0,0,0,100.0,0,0,100.0,0,1,100.0,0,1,100.0,0,0,100.0,0,,0.0,0,,0.0,0,,0.0,0,,0.0,1,,0.0,0,,0.0,0,,0.0,0,,0.0,0,,0.0,0,,0.0,0,,0.0,0,,0.0,0,,0.0,0,,0.0,0,,0.0,0,,0.0,0,,0.0,0,,0.0,0,,0.0,0,,0.0,0,,0.0,0,,0.0,0,,0.0,0,0,100.0,0,1,100.0,0,0,100.0,0,0,100.0,0,0,100.0,0,0,100.0,0,1,100.0,0.0,2,100.0,0,3,100.0,-1,2,100.0,3.0,4,100.0,3,3,100.0,3,2,100.0,2,5,100.0,999,2,100.0,1,2,100.0,2,2,100.0,-1,1,100.0
Ritual228,0,0,100.0,0,0,100.0,0,0,100.0,0,1,100.0,0,0,100.0,0,1,100.0,0,0,100.0,0,0,100.0,0,0,100.0,0,1,100.0,0,0,100.0,0,0,100.0,0,1,100.0,0,1,100.0,0,0,100.0,2,,0.0,3,1,100.0,0,0,100.0,0,1,100.0,0,0,100.0,0,0,100.0,0,1,100.0,0,0,100.0,1,0,100.0,0,0,100.0,999,5,100.0,5,5,100.0,0,1,100.0,1,1,100.0,0,1,100.0,0,1,100.0,0,0,100.0,0,0,100.0,0,0,100.0,0,1,100.0,0,1,100.0,0,1,100.0,0,1,100.0,0,0,100.0,0,1,100.0,0,0,100.0,0,0,100.0,0,0,100.0,0,0,100.0,0,0,100.0,0,0,100.0,0,0,100.0,0,0,100.0,0,0,100.0,0,1,100.0,0,0,100.0,0,0,100.0,0,0,100.0,0,0,100.0,0,0,100.0,0,0,100.0,0,0,100.0,0,0,100.0,0,0,100.0,0,0,100.0,0,0,100.0,0,0,100.0,0,0,100.0,0,0,100.0,0,0,100.0,0,0,100.0,0,1,100.0,0,0,100.0,0,0,100.0,0,1,100.0,0,0,100.0,0,0,100.0,0,0,100.0,0,0,100.0,0,,0.0,0,,0.0,1,,0.0,1,,0.0,1,,0.0,0,,0.0,0,,0.0,0,,0.0,0,,0.0,0,,0.0,0,,0.0,0,,0.0,0,,0.0,0,,0.0,0,,0.0,0,,0.0,0,,0.0,0,,0.0,0,,0.0,0,,0.0,0,,0.0,0,,0.0,0,,0.0,0,1,100.0,0,1,100.0,0,1,100.0,0,0,100.0,0,0,100.0,0,0,100.0,0,0,100.0,2.666666667,5,100.0,4,4,100.0,7,4,100.0,0.0,0,100.0,0,0,100.0,-1,2,100.0,3,5,100.0,999,1,100.0,1,1,100.0,2,2,100.0,-1,1,100.0
Ritual229,0,1,100.0,0,0,100.0,0,0,100.0,1,1,100.0,0,0,100.0,1,1,100.0,0,0,100.0,0,0,100.0,0,0,100.0,0,0,100.0,0,0,100.0,0,0,100.0,0,0,100.0,0,1,100.0,0,0,100.0,2,,0.0,3,1,100.0,0,0,100.0,0,1,100.0,0,0,100.0,0,1,100.0,1,0,100.0,0,0,100.0,0,0,100.0,0,1,100.0,999,5,100.0,5,5,100.0,0,0,100.0,1,0,100.0,0,0,100.0,0,0,100.0,0,0,100.0,0,0,100.0,0,0,100.0,0,0,100.0,0,0,100.0,0,0,100.0,0,0,100.0,0,0,100.0,0,1,100.0,0,0,100.0,0,0,100.0,0,0,100.0,0,0,100.0,0,0,100.0,0,0,100.0,0,0,100.0,0,0,100.0,0,0,100.0,0,0,100.0,0,0,100.0,0,0,100.0,0,0,100.0,0,0,100.0,0,0,100.0,0,0,100.0,0,0,100.0,0,0,100.0,0,0,100.0,0,0,100.0,0,0,100.0,0,1,100.0,0,0,100.0,0,0,100.0,0,0,100.0,0,0,100.0,0,0,100.0,0,0,100.0,0,0,100.0,0,0,100.0,0,0,100.0,0,0,100.0,0,0,100.0,0,0,100.0,0,,0.0,0,,0.0,0,,0.0,0,,0.0,0,,0.0,0,,0.0,0,,0.0,0,,0.0,1,,0.0,0,,0.0,0,,0.0,0,,0.0,0,,0.0,0,,0.0,0,,0.0,0,,0.0,1,,0.0,0,,0.0,0,,0.0,0,,0.0,0,,0.0,0,,0.0,0,,0.0,0,1,100.0,0,1,100.0,0,1,100.0,0,0,100.0,0,0,100.0,0,0,100.0,0,1,100.0,1.666666667,5,100.0,2,3,100.0,7,4,100.0,2.0,2,100.0,2,3,100.0,3,2,100.0,2,5,100.0,999,1,100.0,1,2,70.0,2,1,70.0,-1,2,100.0
Ritual230,1,1,100.0,0,0,100.0,0,1,100.0,0,1,100.0,0,0,100.0,0,0,100.0,0,0,100.0,0,0,100.0,0,0,100.0,0,0,70.0,0,0,100.0,0,0,100.0,0,0,100.0,0,1,100.0,0,0,100.0,1,,0.0,3,3,100.0,0,0,100.0,0,1,100.0,1,0,100.0,1,1,100.0,0,0,100.0,0,0,100.0,0,0,100.0,0,0,100.0,7,5,100.0,6,5,100.0,0,0,100.0,0,0,100.0,0,0,100.0,0,0,100.0,0,1,100.0,0,0,100.0,0,0,100.0,0,0,100.0,0,1,100.0,0,0,100.0,0,1,100.0,0,0,100.0,0,0,100.0,0,0,100.0,0,0,100.0,0,0,100.0,0,0,100.0,0,0,100.0,0,0,100.0,0,0,100.0,0,0,100.0,0,0,100.0,0,1,100.0,0,0,100.0,0,0,100.0,0,0,100.0,0,1,100.0,0,0,100.0,0,0,100.0,0,0,100.0,0,0,100.0,0,0,100.0,0,1,100.0,0,0,100.0,0,1,100.0,0,0,100.0,0,0,100.0,0,1,100.0,0,0,100.0,0,0,100.0,0,0,100.0,0,0,100.0,0,1,100.0,0,0,100.0,0,1,100.0,0,1,100.0,0,1,100.0,0,,0.0,0,,0.0,0,,0.0,0,,0.0,0,,0.0,0,,0.0,0,,0.0,0,,0.0,0,,0.0,0,,0.0,0,,0.0,0,,0.0,0,,0.0,0,,0.0,1,,0.0,0,,0.0,0,,0.0,0,,0.0,0,,0.0,0,,0.0,0,,0.0,0,,0.0,0,,0.0,0,0,100.0,0,1,100.0,0,1,100.0,0,0,100.0,0,1,100.0,0,1,100.0,0,1,100.0,0.0,5,100.0,0,3,100.0,-1,4,100.0,0.0,4,70.0,0,2,80.0,-1,2,100.0,0,5,100.0,1,1,100.0,1,2,100.0,2,1,100.0,-1,3,100.0
Ritual231a,0,0,100.0,0,0,100.0,0,0,100.0,0,1,100.0,0,1,100.0,1,1,100.0,0,1,100.0,0,0,100.0,0,1,100.0,0,1,100.0,0,0,100.0,0,0,100.0,0,1,100.0,0,1,100.0,0,1,100.0,2,,0.0,3,3,100.0,0,0,100.0,0,1,100.0,0,1,100.0,1,1,80.0,0,0,100.0,0,0,100.0,0,0,100.0,0,1,80.0,5,5,100.0,5,5,100.0,1,1,100.0,0,1,100.0,1,1,100.0,0,0,100.0,0,1,100.0,0,1,100.0,0,0,100.0,0,1,100.0,0,0,100.0,0,0,100.0,0,1,100.0,0,0,100.0,0,0,100.0,0,0,100.0,0,0,100.0,0,0,100.0,0,0,100.0,0,0,100.0,0,0,100.0,0,0,100.0,0,0,100.0,1,1,100.0,0,1,100.0,0,0,100.0,0,0,100.0,0,0,100.0,0,0,100.0,0,0,100.0,0,0,100.0,0,0,100.0,0,0,100.0,0,0,100.0,0,0,100.0,0,0,100.0,0,1,100.0,0,0,100.0,0,0,100.0,0,0,100.0,0,0,100.0,1,1,100.0,0,0,100.0,0,0,100.0,0,1,100.0,0,0,100.0,0,1,100.0,0,0,100.0,0,0,100.0,0,1,100.0,0,1,100.0,0,0,100.0,0,0,100.0,0,1,100.0,0,0,100.0,0,1,100.0,0,1,100.0,0,0,100.0,0,0,100.0,0,0,100.0,0,0,100.0,0,1,100.0,0,1,100.0,0,1,100.0,0,1,100.0,0,0,100.0,0,1,100.0,0,1,100.0,0,0,100.0,0,0,100.0,0,0,100.0,0,1,60.0,0,0,100.0,0,1,100.0,0,1,100.0,0,0,100.0,0,0,100.0,0,0,100.0,0,1,100.0,3.333333333,5,100.0,3,3,100.0,7,2,100.0,2.333333333,4,100.0,1,3,100.0,2,2,100.0,2,5,100.0,2,2,100.0,1,3,100.0,2,1,100.0,-1,3,100.0
Ritual231b,0,0,100.0,0,0,100.0,0,0,100.0,0,1,100.0,0,1,100.0,1,1,100.0,0,1,100.0,0,1,100.0,0,1,100.0,0,1,100.0,0,0,100.0,0,1,100.0,0,1,100.0,0,1,100.0,0,1,100.0,2,,0.0,3,3,100.0,0,0,100.0,0,1,100.0,0,0,100.0,1,1,100.0,0,0,100.0,0,0,100.0,0,0,100.0,0,1,100.0,5,5,100.0,5,5,100.0,1,1,100.0,0,1,100.0,1,1,100.0,0,0,100.0,0,0,100.0,0,1,100.0,0,0,100.0,0,1,100.0,0,0,100.0,0,0,100.0,0,0,100.0,0,0,100.0,0,1,100.0,0,1,100.0,0,1,100.0,0,0,100.0,0,0,100.0,0,0,100.0,0,1,100.0,0,0,100.0,0,1,100.0,1,1,100.0,0,1,100.0,0,0,100.0,0,1,100.0,0,0,100.0,0,0,100.0,0,0,100.0,0,1,100.0,0,0,100.0,0,0,100.0,0,0,100.0,0,0,100.0,0,0,100.0,0,1,100.0,0,1,100.0,0,0,100.0,0,0,100.0,0,1,100.0,1,1,100.0,0,0,100.0,0,1,100.0,0,1,100.0,0,0,100.0,0,1,100.0,0,0,100.0,0,0,100.0,0,1,100.0,0,1,100.0,0,1,100.0,0,0,100.0,0,1,100.0,0,0,100.0,0,1,100.0,0,1,100.0,0,1,100.0,0,0,100.0,0,0,100.0,0,0,100.0,0,1,100.0,0,1,100.0,0,0,70.0,0,1,100.0,0,0,100.0,0,1,100.0,0,1,100.0,0,0,100.0,0,1,100.0,0,0,100.0,0,1,100.0,0,0,100.0,0,1,100.0,0,1,100.0,0,0,100.0,0,1,100.0,0,1,100.0,0,0,100.0,3.333333333,5,100.0,3,4,100.0,7,4,100.0,2.333333333,3,100.0,1,3,100.0,2,2,70.0,2,5,100.0,2,2,100.0,1,2,100.0,2,1,100.0,-1,3,100.0
Ritual232,0,,0.0,0,,0.0,0,,0.0,1,,0.0,0,,0.0,0,,0.0,0,,0.0,0,,0.0,0,,0.0,0,,0.0,0,,0.0,0,,0.0,0,,0.0,0,,0.0,0,,0.0,2,,0.0,3,,0.0,0,,0.0,0,,0.0,0,,0.0,1,,0.0,0,,0.0,0,,0.0,0,,0.0,0,,0.0,999,,0.0,5,,0.0,0,,0.0,0,,0.0,0,,0.0,0,,0.0,0,,0.0,0,,0.0,0,,0.0,0,,0.0,0,,0.0,0,,0.0,0,,0.0,0,,0.0,0,,0.0,0,,0.0,0,,0.0,0,,0.0,0,,0.0,0,,0.0,0,,0.0,0,,0.0,0,,0.0,1,,0.0,0,,0.0,0,,0.0,0,,0.0,0,,0.0,0,,0.0,0,,0.0,0,,0.0,0,,0.0,0,,0.0,0,,0.0,0,,0.0,0,,0.0,0,,0.0,0,,0.0,0,,0.0,0,,0.0,0,,0.0,0,,0.0,0,,0.0,0,,0.0,0,,0.0,0,,0.0,0,,0.0,0,,0.0,0,,0.0,0,,0.0,0,,0.0,0,,0.0,0,,0.0,0,,0.0,0,,0.0,0,,0.0,0,,0.0,0,,0.0,0,,0.0,1,,0.0,0,,0.0,0,,0.0,0,,0.0,0,,0.0,0,,0.0,0,,0.0,0,,0.0,0,,0.0,0,,0.0,0,,0.0,0,,0.0,0,,0.0,0,,0.0,0,,0.0,0,,0.0,0,,0.0,0,,0.0,0,,0.0,0,,0.0,1.0,,0.0,2,,0.0,7,,0.0,2.666666667,,0.0,2,,0.0,3,,0.0,2,,0.0,2,,0.0,1,,0.0,2,,0.0,-1,,0.0
Ritual233,0,0,100.0,0,0,100.0,0,0,100.0,1,1,100.0,0,0,100.0,1,1,100.0,0,0,100.0,0,0,100.0,0,0,100.0,0,0,100.0,0,0,100.0,0,0,100.0,0,0,100.0,0,1,100.0,0,0,100.0,1,,0.0,999,1,100.0,0,0,100.0,0,0,100.0,0,0,100.0,1,1,100.0,0,0,100.0,0,0,100.0,0,0,100.0,0,0,100.0,3,5,100.0,3,5,100.0,0,0,100.0,0,0,100.0,0,0,100.0,0,0,100.0,0,0,100.0,0,0,100.0,0,0,100.0,0,0,100.0,0,0,100.0,0,0,100.0,0,0,100.0,0,0,100.0,0,1,100.0,0,1,100.0,0,0,100.0,0,0,100.0,0,0,100.0,0,0,100.0,0,0,100.0,0,0,100.0,0,0,100.0,0,0,100.0,0,1,100.0,0,0,100.0,0,0,100.0,0,0,100.0,0,0,100.0,0,0,100.0,0,0,100.0,0,0,100.0,0,0,100.0,0,0,100.0,0,0,100.0,0,0,100.0,0,0,100.0,0,0,100.0,0,0,100.0,0,0,100.0,0,0,100.0,0,0,100.0,0,0,100.0,0,0,100.0,0,0,100.0,0,0,100.0,0,0,100.0,0,0,100.0,0,0,100.0,0,,0.0,1,,0.0,0,,0.0,0,,0.0,0,,0.0,0,,0.0,0,,0.0,0,,0.0,0,,0.0,0,,0.0,0,,0.0,0,,0.0,0,,0.0,0,,0.0,0,,0.0,0,,0.0,0,,0.0,0,,0.0,0,,0.0,0,,0.0,0,,0.0,0,,0.0,0,,0.0,0,1,100.0,1,1,100.0,0,1,100.0,0,0,100.0,0,0,100.0,0,0,100.0,0,0,100.0,1.333333333,3,100.0,1,2,100.0,2,4,90.0,0.0,1,100.0,0,2,90.0,-1,5,90.0,3,5,100.0,999,2,100.0,1,1,100.0,2,1,100.0,-1,1,100.0
Ritual234,0,0,100.0,0,0,100.0,0,0,100.0,1,1,100.0,0,0,100.0,1,1,100.0,0,0,100.0,0,0,100.0,0,0,100.0,0,0,100.0,0,0,100.0,0,0,100.0,0,0,100.0,0,1,100.0,0,0,100.0,1,,0.0,999,1,100.0,0,0,100.0,0,1,100.0,0,0,100.0,1,1,100.0,0,0,100.0,0,0,100.0,0,0,100.0,0,0,100.0,3,5,100.0,3,5,100.0,0,0,100.0,0,0,100.0,0,0,100.0,0,0,100.0,0,0,100.0,0,0,100.0,0,0,100.0,0,1,90.0,0,1,100.0,0,0,100.0,0,0,100.0,0,0,100.0,0,1,100.0,0,0,100.0,0,0,100.0,0,1,100.0,0,0,100.0,0,0,100.0,0,0,100.0,0,0,100.0,0,0,100.0,0,1,100.0,0,1,100.0,0,0,100.0,0,0,100.0,0,0,100.0,0,0,100.0,0,0,100.0,0,0,100.0,0,0,100.0,0,0,100.0,0,0,100.0,0,0,100.0,0,0,100.0,0,0,100.0,0,0,100.0,0,0,100.0,0,0,100.0,0,0,100.0,0,0,100.0,0,0,100.0,0,0,100.0,0,0,100.0,0,0,100.0,0,0,100.0,0,0,100.0,0,0,100.0,0,0,100.0,1,1,100.0,0,0,100.0,0,0,100.0,0,1,100.0,0,0,100.0,0,1,100.0,0,1,100.0,0,1,100.0,0,0,100.0,0,0,100.0,0,0,100.0,0,0,100.0,0,1,100.0,0,1,100.0,0,0,100.0,0,0,100.0,0,0,100.0,0,1,100.0,0,0,100.0,0,1,100.0,0,0,100.0,0,0,100.0,0,1,100.0,1,1,100.0,0,0,100.0,0,0,100.0,0,1,100.0,0,0,100.0,0,1,100.0,1.333333333,2,100.0,1,3,100.0,7,4,100.0,0.0,1,100.0,0,2,100.0,-1,5,100.0,3,3,100.0,999,2,100.0,1,1,100.0,2,1,100.0,-1,2,100.0
Ritual235,0,0,100.0,0,0,100.0,0,0,100.0,1,1,100.0,0,0,100.0,0,1,100.0,0,0,100.0,0,0,100.0,0,0,100.0,0,0,100.0,0,0,100.0,0,0,100.0,0,0,100.0,0,1,100.0,0,1,100.0,2,,0.0,999,1,100.0,0,0,100.0,0,1,100.0,0,0,100.0,1,1,100.0,0,0,100.0,0,0,100.0,0,0,100.0,0,0,100.0,5,5,100.0,5,5,100.0,0,1,100.0,1,1,100.0,0,0,100.0,0,1,100.0,0,0,100.0,0,0,100.0,0,0,100.0,0,1,100.0,0,0,100.0,0,0,100.0,0,0,100.0,0,0,100.0,0,1,100.0,0,1,100.0,0,1,100.0,0,1,100.0,0,0,100.0,0,0,100.0,0,0,100.0,0,0,100.0,0,1,100.0,0,1,100.0,0,1,100.0,0,0,100.0,1,1,100.0,0,0,100.0,0,0,100.0,0,0,100.0,0,0,100.0,0,0,100.0,0,0,100.0,0,0,100.0,0,0,100.0,0,0,100.0,0,1,100.0,0,0,100.0,0,0,100.0,0,0,100.0,0,0,100.0,0,0,100.0,0,0,100.0,0,0,100.0,0,1,100.0,0,0,100.0,0,0,100.0,0,0,100.0,0,0,100.0,0,1,100.0,0,1,100.0,0,0,100.0,0,0,100.0,0,1,100.0,0,0,100.0,0,1,100.0,0,1,100.0,0,0,100.0,0,0,100.0,0,1,100.0,0,0,100.0,0,0,100.0,0,1,100.0,0,1,100.0,0,0,100.0,0,0,100.0,0,0,100.0,0,1,100.0,1,0,100.0,0,1,100.0,0,1,100.0,0,0,100.0,0,1,100.0,1,1,100.0,0,1,100.0,0,1,100.0,0,0,100.0,0,0,100.0,0,1,100.0,1.666666667,3,100.0,3,3,100.0,7,4,100.0,0.0,1,100.0,0,1,100.0,-1,2,100.0,3,5,100.0,999,1,100.0,1,1,100.0,2,1,100.0,-1,1,100.0
Ritual236,0,0,100.0,0,1,100.0,0,0,100.0,1,1,100.0,0,0,100.0,0,0,100.0,0,0,100.0,0,0,100.0,0,0,100.0,0,0,100.0,0,0,100.0,0,0,100.0,0,0,100.0,0,0,100.0,0,1,100.0,2,,0.0,3,3,100.0,0,0,100.0,0,1,100.0,0,0,100.0,0,0,100.0,1,0,100.0,0,0,100.0,0,0,100.0,0,1,100.0,5,5,100.0,5,5,100.0,1,1,100.0,1,1,100.0,1,0,100.0,0,1,100.0,0,0,100.0,0,1,100.0,0,0,100.0,0,1,100.0,0,1,100.0,0,0,100.0,0,1,100.0,0,1,100.0,0,1,100.0,1,1,100.0,0,1,100.0,0,1,100.0,0,0,100.0,0,0,100.0,0,0,100.0,0,0,100.0,0,0,100.0,0,1,100.0,0,1,100.0,0,0,100.0,0,1,100.0,0,0,100.0,0,0,100.0,0,0,100.0,0,0,100.0,0,0,100.0,0,0,100.0,0,0,100.0,0,0,100.0,0,0,100.0,0,1,100.0,0,0,100.0,0,0,100.0,0,0,100.0,0,0,100.0,0,1,100.0,1,0,100.0,0,0,100.0,0,1,100.0,0,0,100.0,0,1,100.0,0,0,100.0,0,0,100.0,0,1,100.0,0,1,100.0,0,0,100.0,0,0,100.0,0,1,100.0,0,0,100.0,1,1,100.0,0,1,100.0,0,0,100.0,0,0,100.0,0,1,100.0,0,0,100.0,0,0,100.0,0,1,100.0,0,1,100.0,0,1,100.0,0,1,100.0,1,1,100.0,0,1,100.0,1,1,100.0,0,0,100.0,0,1,100.0,0,0,100.0,0,1,100.0,0,1,100.0,1,1,100.0,0,0,100.0,0,0,100.0,0,1,100.0,0,0,100.0,3.0,5,100.0,4,3,100.0,6,4,100.0,0.0,2,100.0,0,3,100.0,-1,2,100.0,4,5,100.0,999,2,100.0,1,3,100.0,2,2,100.0,-1,1,100.0
Ritual237,0,0,100.0,0,0,100.0,0,0,100.0,1,1,100.0,0,0,100.0,0,1,100.0,0,0,100.0,0,0,100.0,0,0,100.0,0,0,100.0,0,0,100.0,0,0,100.0,0,0,100.0,0,1,100.0,0,1,100.0,2,,0.0,3,1,100.0,0,0,100.0,0,0,100.0,0,1,100.0,1,1,100.0,0,0,100.0,0,0,100.0,0,0,100.0,0,1,100.0,5,5,100.0,5,5,100.0,1,1,100.0,1,1,100.0,1,0,100.0,0,1,100.0,0,0,100.0,0,0,100.0,0,0,100.0,0,1,100.0,1,1,100.0,0,0,100.0,0,1,100.0,0,1,90.0,0,1,100.0,0,1,100.0,0,1,100.0,1,1,100.0,0,0,100.0,0,0,100.0,0,0,100.0,0,0,100.0,0,0,100.0,0,0,70.0,0,1,100.0,0,0,100.0,0,1,100.0,0,0,100.0,0,0,100.0,0,0,100.0,0,0,100.0,0,0,100.0,0,0,100.0,0,0,100.0,0,0,100.0,0,0,100.0,0,1,100.0,0,0,100.0,0,0,100.0,0,0,100.0,0,0,100.0,0,1,100.0,0,0,100.0,0,0,100.0,0,1,100.0,0,0,100.0,0,1,100.0,0,0,100.0,0,1,100.0,0,1,100.0,1,1,100.0,0,1,100.0,0,0,100.0,0,1,100.0,0,0,100.0,0,1,100.0,0,1,100.0,0,0,100.0,0,0,100.0,0,0,100.0,0,0,100.0,0,0,100.0,0,1,100.0,0,1,100.0,0,1,100.0,0,0,100.0,1,1,100.0,0,1,100.0,0,0,100.0,0,1,100.0,0,1,100.0,0,1,100.0,0,1,100.0,0,1,100.0,0,1,100.0,0,1,100.0,0,0,100.0,0,1,100.0,0,1,100.0,2.666666667,3,100.0,4,2,100.0,7,4,100.0,0.0,1,100.0,0,0,100.0,-1,2,100.0,4,5,100.0,999,2,100.0,1,3,100.0,2,1,100.0,-1,2,100.0
Ritual238,0,0,100.0,0,0,100.0,0,0,100.0,1,1,100.0,0,0,100.0,0,1,100.0,0,0,100.0,0,0,100.0,0,0,100.0,0,0,100.0,0,0,100.0,0,0,100.0,0,0,100.0,0,1,100.0,0,0,100.0,2,,0.0,3,1,100.0,0,0,100.0,0,1,100.0,0,0,100.0,0,1,100.0,1,0,100.0,0,0,100.0,0,0,100.0,0,0,100.0,5,5,100.0,5,5,100.0,0,1,100.0,0,1,100.0,0,0,100.0,0,0,100.0,0,0,100.0,0,0,100.0,0,0,100.0,0,1,100.0,0,1,100.0,0,0,100.0,0,1,100.0,0,1,100.0,1,1,100.0,0,0,100.0,0,0,100.0,1,0,100.0,0,0,100.0,0,0,100.0,0,0,100.0,0,0,100.0,0,0,100.0,0,1,100.0,0,1,100.0,0,0,100.0,0,1,100.0,0,0,100.0,0,0,100.0,0,0,100.0,0,0,100.0,0,0,100.0,0,0,100.0,0,0,100.0,0,0,100.0,0,0,100.0,0,1,100.0,0,0,100.0,0,0,100.0,0,0,100.0,0,1,100.0,0,1,100.0,0,0,100.0,0,0,100.0,0,1,60.0,0,0,100.0,0,0,100.0,0,1,100.0,0,0,100.0,0,,0.0,0,,0.0,0,,0.0,0,,0.0,0,,0.0,0,,0.0,0,,0.0,0,,0.0,0,,0.0,0,,0.0,0,,0.0,0,,0.0,0,,0.0,0,,0.0,0,,0.0,0,,0.0,0,,0.0,0,,0.0,0,,0.0,0,,0.0,0,,0.0,0,,0.0,0,,0.0,1,1,100.0,0,1,100.0,0,1,100.0,0,1,70.0,0,0,100.0,0,0,100.0,0,1,100.0,2.666666667,5,70.0,3,3,70.0,3,4,100.0,0.0,2,70.0,0,2,70.0,-1,2,100.0,3,5,100.0,3,2,100.0,1,2,100.0,2,1,100.0,-1,1,100.0
Ritual239,0,0,100.0,0,0,100.0,0,0,100.0,1,1,100.0,0,0,100.0,0,1,100.0,0,0,100.0,0,0,100.0,0,0,100.0,0,1,100.0,0,0,100.0,0,1,90.0,0,1,100.0,0,1,100.0,0,0,100.0,4,,0.0,3,1,100.0,0,0,100.0,0,1,100.0,0,0,100.0,0,1,100.0,0,0,100.0,0,0,100.0,1,0,100.0,0,0,100.0,7,5,100.0,7,5,100.0,1,1,100.0,1,1,100.0,0,0,100.0,0,1,100.0,1,0,100.0,0,1,100.0,0,0,100.0,0,1,100.0,0,1,100.0,0,0,100.0,0,1,100.0,0,1,100.0,0,1,100.0,0,1,100.0,0,1,100.0,1,1,100.0,0,0,100.0,0,1,100.0,0,1,100.0,0,0,100.0,0,0,100.0,0,1,100.0,0,1,100.0,0,0,100.0,0,1,100.0,0,0,100.0,0,1,100.0,1,0,100.0,0,0,100.0,0,0,100.0,0,0,100.0,0,0,100.0,0,1,100.0,0,0,100.0,0,1,100.0,0,1,100.0,0,0,100.0,0,0,100.0,0,1,100.0,0,1,100.0,0,0,100.0,0,0,100.0,0,1,100.0,0,1,70.0,0,1,100.0,0,1,100.0,0,1,100.0,0,1,100.0,1,1,100.0,0,0,100.0,0,0,100.0,0,1,100.0,0,0,100.0,1,1,100.0,0,1,100.0,0,1,60.0,1,1,100.0,0,0,100.0,0,0,100.0,0,0,100.0,0,1,100.0,0,1,100.0,0,0,80.0,1,1,100.0,0,0,100.0,0,1,100.0,0,0,100.0,0,1,100.0,0,1,100.0,0,1,100.0,0,1,100.0,1,1,100.0,0,1,100.0,0,1,100.0,0,0,100.0,0,1,60.0,0,1,100.0,3.0,5,100.0,3,4,100.0,7,4,100.0,5.0,5,100.0,4,2,100.0,7,2,100.0,5,5,100.0,2,2,90.0,1,2,100.0,2,1,100.0,-1,1,100.0
Ritual240,0,0,100.0,0,0,100.0,0,0,100.0,1,1,100.0,0,0,100.0,0,1,100.0,0,0,100.0,0,0,100.0,0,0,100.0,0,0,100.0,0,0,100.0,0,0,100.0,0,0,100.0,0,1,100.0,0,0,100.0,1,,0.0,999,1,100.0,0,0,100.0,0,1,100.0,0,0,100.0,1,1,100.0,0,0,100.0,0,0,100.0,0,0,100.0,0,0,100.0,5,5,100.0,3,5,100.0,0,0,100.0,0,0,100.0,0,1,100.0,0,1,100.0,0,0,100.0,0,0,100.0,0,0,100.0,0,1,100.0,0,0,100.0,0,0,100.0,0,1,100.0,0,1,100.0,0,1,70.0,0,1,100.0,0,1,100.0,0,1,100.0,0,0,100.0,0,0,100.0,0,1,100.0,0,0,100.0,0,0,100.0,0,0,100.0,0,1,100.0,0,0,100.0,0,1,100.0,0,0,100.0,0,0,100.0,0,0,100.0,0,0,100.0,0,0,100.0,0,0,100.0,0,0,100.0,0,0,100.0,0,0,100.0,0,1,100.0,0,0,100.0,0,0,100.0,0,0,100.0,0,0,100.0,0,1,100.0,0,0,100.0,0,0,100.0,0,1,100.0,0,0,100.0,0,0,100.0,0,0,100.0,0,0,100.0,0,0,100.0,0,1,100.0,0,0,100.0,0,0,100.0,0,1,100.0,0,0,100.0,0,1,100.0,0,1,100.0,0,0,100.0,0,0,100.0,0,0,100.0,0,0,100.0,0,0,100.0,0,1,100.0,0,0,100.0,0,0,100.0,0,0,100.0,0,1,100.0,0,1,100.0,0,0,100.0,0,1,100.0,0,1,100.0,0,0,100.0,0,1,100.0,0,1,100.0,0,1,100.0,0,1,100.0,0,0,100.0,0,0,100.0,0,1,100.0,2.0,5,100.0,2,4,100.0,7,4,100.0,0.0,0,100.0,0,0,100.0,-1,2,100.0,2,5,100.0,999,2,100.0,1,1,100.0,2,2,100.0,-1,1,100.0
Ritual241,0,,0.0,0,,0.0,0,,0.0,0,,0.0,0,,0.0,0,,0.0,0,,0.0,0,,0.0,0,,0.0,0,,0.0,0,,0.0,0,,0.0,0,,0.0,0,,0.0,0,,0.0,2,,0.0,3,,0.0,0,,0.0,0,,0.0,0,,0.0,1,,0.0,0,,0.0,0,,0.0,0,,0.0,0,,0.0,999,,0.0,5,,0.0,0,,0.0,0,,0.0,0,,0.0,0,,0.0,0,,0.0,0,,0.0,0,,0.0,0,,0.0,0,,0.0,0,,0.0,0,,0.0,0,,0.0,0,,0.0,0,,0.0,0,,0.0,0,,0.0,0,,0.0,0,,0.0,0,,0.0,0,,0.0,0,,0.0,0,,0.0,0,,0.0,0,,0.0,0,,0.0,0,,0.0,0,,0.0,0,,0.0,0,,0.0,0,,0.0,0,,0.0,0,,0.0,0,,0.0,0,,0.0,0,,0.0,0,,0.0,0,,0.0,0,,0.0,0,,0.0,0,,0.0,0,,0.0,0,,0.0,0,,0.0,0,,0.0,0,,0.0,0,,0.0,0,,0.0,0,,0.0,0,,0.0,0,,0.0,0,,0.0,0,,0.0,0,,0.0,0,,0.0,0,,0.0,1,,0.0,0,,0.0,0,,0.0,0,,0.0,0,,0.0,0,,0.0,0,,0.0,0,,0.0,0,,0.0,1,,0.0,0,,0.0,0,,0.0,0,,0.0,0,,0.0,0,,0.0,0,,0.0,0,,0.0,0,,0.0,0,,0.0,0,,0.0,0,,0.0,0,,0.0,2.0,,0.0,2,,0.0,7,,0.0,2.0,,0.0,1,,0.0,7,,0.0,999,,0.0,3,,0.0,1,,0.0,2,,0.0,-1,,0.0
Ritual242,0,,0.0,0,,0.0,0,,0.0,1,,0.0,0,,0.0,0,,0.0,0,,0.0,0,,0.0,0,,0.0,0,,0.0,0,,0.0,0,,0.0,0,,0.0,0,,0.0,0,,0.0,4,,0.0,1,,0.0,1,,0.0,0,,0.0,0,,0.0,0,,0.0,0,,0.0,0,,0.0,0,,0.0,0,,0.0,5,,0.0,5,,0.0,0,,0.0,0,,0.0,0,,0.0,0,,0.0,0,,0.0,0,,0.0,0,,0.0,0,,0.0,0,,0.0,0,,0.0,0,,0.0,0,,0.0,1,,0.0,0,,0.0,0,,0.0,0,,0.0,0,,0.0,0,,0.0,0,,0.0,0,,0.0,0,,0.0,0,,0.0,0,,0.0,0,,0.0,0,,0.0,0,,0.0,0,,0.0,0,,0.0,0,,0.0,0,,0.0,0,,0.0,0,,0.0,0,,0.0,0,,0.0,0,,0.0,0,,0.0,0,,0.0,0,,0.0,1,,0.0,0,,0.0,0,,0.0,0,,0.0,0,,0.0,0,,0.0,0,,0.0,0,,0.0,0,,0.0,0,,0.0,0,,0.0,0,,0.0,0,,0.0,0,,0.0,0,,0.0,0,,0.0,0,,0.0,0,,0.0,0,,0.0,0,,0.0,0,,0.0,0,,0.0,0,,0.0,0,,0.0,0,,0.0,0,,0.0,0,,0.0,0,,0.0,0,,0.0,0,,0.0,0,,0.0,0,,0.0,0,,0.0,0,,0.0,0,,0.0,0,,0.0,0,,0.0,0,,0.0,0,,0.0,0.0,,0.0,0,,0.0,-1,,0.0,4.0,,0.0,5,,0.0,2,,0.0,5,,0.0,999,,0.0,1,,0.0,3,,0.0,999,,0.0
Ritual243,0,,0.0,0,,0.0,0,,0.0,1,,0.0,0,,0.0,0,,0.0,0,,0.0,0,,0.0,0,,0.0,0,,0.0,0,,0.0,0,,0.0,0,,0.0,0,,0.0,0,,0.0,2,,0.0,1,,0.0,0,,0.0,0,,0.0,0,,0.0,1,,0.0,0,,0.0,0,,0.0,0,,0.0,0,,0.0,999,,0.0,5,,0.0,0,,0.0,1,,0.0,0,,0.0,0,,0.0,0,,0.0,0,,0.0,0,,0.0,0,,0.0,0,,0.0,0,,0.0,0,,0.0,0,,0.0,0,,0.0,0,,0.0,0,,0.0,0,,0.0,0,,0.0,0,,0.0,0,,0.0,0,,0.0,0,,0.0,0,,0.0,0,,0.0,0,,0.0,0,,0.0,0,,0.0,0,,0.0,0,,0.0,0,,0.0,0,,0.0,0,,0.0,0,,0.0,0,,0.0,0,,0.0,0,,0.0,0,,0.0,0,,0.0,0,,0.0,0,,0.0,0,,0.0,0,,0.0,0,,0.0,0,,0.0,0,,0.0,0,,0.0,0,,0.0,0,,0.0,0,,0.0,0,,0.0,0,,0.0,1,,0.0,0,,0.0,1,,0.0,0,,0.0,0,,0.0,0,,0.0,0,,0.0,0,,0.0,0,,0.0,0,,0.0,0,,0.0,0,,0.0,0,,0.0,0,,0.0,0,,0.0,0,,0.0,0,,0.0,0,,0.0,0,,0.0,0,,0.0,0,,0.0,0,,0.0,0,,0.0,0,,0.0,0,,0.0,0,,0.0,0,,0.0,3.0,,0.0,3,,0.0,-1,,0.0,0.0,,0.0,0,,0.0,-1,,0.0,999,,0.0,999,,0.0,1,,0.0,2,,0.0,-1,,0.0
Ritual244,0,,0.0,0,,0.0,0,,0.0,1,,0.0,0,,0.0,0,,0.0,0,,0.0,0,,0.0,0,,0.0,0,,0.0,0,,0.0,0,,0.0,0,,0.0,0,,0.0,0,,0.0,2,,0.0,1,,0.0,0,,0.0,0,,0.0,0,,0.0,1,,0.0,0,,0.0,0,,0.0,0,,0.0,0,,0.0,999,,0.0,5,,0.0,1,,0.0,0,,0.0,0,,0.0,0,,0.0,0,,0.0,0,,0.0,0,,0.0,0,,0.0,1,,0.0,0,,0.0,0,,0.0,0,,0.0,0,,0.0,0,,0.0,0,,0.0,0,,0.0,0,,0.0,0,,0.0,0,,0.0,0,,0.0,0,,0.0,0,,0.0,0,,0.0,0,,0.0,0,,0.0,0,,0.0,0,,0.0,0,,0.0,0,,0.0,0,,0.0,0,,0.0,0,,0.0,0,,0.0,0,,0.0,0,,0.0,0,,0.0,0,,0.0,0,,0.0,0,,0.0,0,,0.0,0,,0.0,0,,0.0,0,,0.0,0,,0.0,0,,0.0,0,,0.0,0,,0.0,0,,0.0,0,,0.0,0,,0.0,0,,0.0,0,,0.0,0,,0.0,1,,0.0,0,,0.0,0,,0.0,0,,0.0,0,,0.0,0,,0.0,0,,0.0,0,,0.0,0,,0.0,0,,0.0,0,,0.0,0,,0.0,0,,0.0,0,,0.0,0,,0.0,0,,0.0,0,,0.0,0,,0.0,1,,0.0,0,,0.0,0,,0.0,0,,0.0,0,,0.0,0,,0.0,2.333333333,,0.0,3,,0.0,7,,0.0,0.0,,0.0,0,,0.0,-1,,0.0,999,,0.0,999,,0.0,1,,0.0,2,,0.0,-1,,0.0
Ritual245,0,,0.0,0,,0.0,0,,0.0,0,,0.0,0,,0.0,0,,0.0,0,,0.0,0,,0.0,0,,0.0,0,,0.0,0,,0.0,0,,0.0,0,,0.0,0,,0.0,0,,0.0,2,,0.0,3,,0.0,0,,0.0,0,,0.0,0,,0.0,0,,0.0,1,,0.0,0,,0.0,0,,0.0,0,,0.0,999,,0.0,2,,0.0,0,,0.0,0,,0.0,0,,0.0,0,,0.0,0,,0.0,0,,0.0,0,,0.0,0,,0.0,0,,0.0,0,,0.0,0,,0.0,0,,0.0,0,,0.0,0,,0.0,0,,0.0,0,,0.0,0,,0.0,0,,0.0,0,,0.0,0,,0.0,0,,0.0,0,,0.0,0,,0.0,0,,0.0,0,,0.0,0,,0.0,0,,0.0,0,,0.0,0,,0.0,0,,0.0,0,,0.0,0,,0.0,0,,0.0,0,,0.0,0,,0.0,0,,0.0,1,,0.0,0,,0.0,0,,0.0,0,,0.0,0,,0.0,0,,0.0,0,,0.0,0,,0.0,0,,0.0,0,,0.0,0,,0.0,0,,0.0,0,,0.0,0,,0.0,0,,0.0,0,,0.0,0,,0.0,0,,0.0,0,,0.0,0,,0.0,0,,0.0,0,,0.0,0,,0.0,0,,0.0,0,,0.0,0,,0.0,0,,0.0,0,,0.0,0,,0.0,0,,0.0,0,,0.0,0,,0.0,0,,0.0,0,,0.0,0,,0.0,0,,0.0,0,,0.0,0,,0.0,0,,0.0,0,,0.0,0,,0.0,2.666666667,,0.0,3,,0.0,3,,0.0,2.333333333,,0.0,1,,0.0,1,,0.0,999,,0.0,999,,0.0,1,,0.0,2,,0.0,-1,,0.0
Ritual246,0,0,100.0,0,0,100.0,0,0,100.0,0,1,100.0,0,0,100.0,0,1,100.0,1,1,100.0,0,0,100.0,0,0,100.0,0,0,100.0,0,0,100.0,0,0,100.0,0,0,100.0,0,1,100.0,0,0,100.0,4,,0.0,3,1,100.0,0,0,100.0,1,1,100.0,0,0,100.0,1,1,100.0,0,0,100.0,0,0,100.0,0,0,100.0,0,0,100.0,7,5,100.0,6,5,100.0,0,0,100.0,0,0,100.0,0,0,100.0,0,0,100.0,0,0,100.0,0,0,100.0,0,0,100.0,0,0,100.0,0,0,100.0,0,0,100.0,0,0,100.0,0,1,100.0,1,1,100.0,1,1,100.0,0,0,100.0,0,0,100.0,0,0,100.0,0,0,100.0,0,0,100.0,0,0,100.0,0,0,100.0,0,0,100.0,0,1,100.0,0,0,100.0,0,0,100.0,0,0,100.0,0,0,100.0,0,0,100.0,0,0,100.0,0,0,100.0,0,0,100.0,0,0,100.0,0,0,100.0,0,0,100.0,1,1,100.0,0,0,100.0,0,0,100.0,0,0,100.0,1,1,100.0,0,1,100.0,0,0,100.0,0,0,100.0,0,1,100.0,0,1,90.0,0,1,100.0,0,0,100.0,0,1,90.0,0,,0.0,0,,0.0,0,,0.0,0,,0.0,0,,0.0,0,,0.0,1,,0.0,0,,0.0,0,,0.0,0,,0.0,0,,0.0,0,,0.0,0,,0.0,0,,0.0,0,,0.0,1,,0.0,0,,0.0,0,,0.0,0,,0.0,0,,0.0,0,,0.0,0,,0.0,0,,0.0,0,1,100.0,0,1,100.0,0,1,100.0,0,0,100.0,0,0,100.0,0,0,100.0,0,1,100.0,1.333333333,5,100.0,2,4,100.0,2,4,100.0,2.333333333,3,100.0,2,2,100.0,2,2,100.0,3,5,100.0,999,3,100.0,1,2,100.0,2,1,100.0,-1,1,100.0
Ritual247,0,0,100.0,0,0,100.0,0,1,100.0,0,1,100.0,0,0,100.0,0,1,100.0,0,0,100.0,0,0,100.0,0,0,100.0,0,0,100.0,0,1,100.0,1,1,100.0,0,1,100.0,0,1,100.0,0,0,100.0,3,,0.0,3,1,100.0,0,0,100.0,0,1,100.0,0,0,100.0,0,1,100.0,0,0,100.0,0,0,100.0,0,0,100.0,0,0,100.0,7,5,100.0,6,5,100.0,0,0,100.0,0,0,100.0,0,0,100.0,0,0,100.0,0,0,100.0,0,0,100.0,0,1,100.0,0,0,100.0,0,1,100.0,0,0,100.0,0,1,100.0,0,0,100.0,1,1,100.0,0,1,100.0,0,0,100.0,0,0,100.0,0,0,100.0,0,0,100.0,0,0,100.0,0,0,100.0,0,0,100.0,0,1,100.0,0,1,100.0,0,0,100.0,0,1,100.0,0,0,100.0,0,0,100.0,0,0,100.0,0,0,100.0,0,0,100.0,0,0,100.0,0,0,100.0,0,0,100.0,0,0,100.0,0,1,100.0,0,0,100.0,0,0,100.0,0,0,100.0,0,0,100.0,0,0,100.0,0,0,100.0,0,0,100.0,0,1,100.0,0,1,100.0,0,1,100.0,0,0,100.0,0,1,100.0,0,,0.0,0,,0.0,0,,0.0,0,,0.0,0,,0.0,0,,0.0,0,,0.0,0,,0.0,0,,0.0,0,,0.0,0,,0.0,0,,0.0,0,,0.0,0,,0.0,0,,0.0,0,,0.0,0,,0.0,0,,0.0,0,,0.0,0,,0.0,0,,0.0,0,,0.0,0,,0.0,0,0,100.0,0,1,100.0,0,0,100.0,0,0,100.0,0,0,100.0,0,1,100.0,0,1,100.0,2.0,0,100.0,2,0,100.0,7,3,100.0,0.0,5,100.0,0,4,100.0,-1,2,100.0,1,5,100.0,999,2,100.0,1,3,100.0,2,2,100.0,-1,3,100.0
Ritual248,0,0,100.0,0,1,100.0,0,0,100.0,1,1,100.0,0,0,100.0,0,0,100.0,0,0,100.0,0,1,100.0,0,0,100.0,0,0,100.0,0,0,100.0,0,0,100.0,0,0,100.0,0,1,100.0,0,0,100.0,2,,0.0,1,1,100.0,0,0,100.0,0,1,100.0,0,0,100.0,1,1,100.0,0,0,100.0,0,0,100.0,0,0,100.0,0,0,100.0,4,5,100.0,4,5,100.0,0,0,100.0,0,0,100.0,0,0,100.0,0,0,100.0,0,0,100.0,0,0,100.0,0,0,100.0,0,0,100.0,0,0,100.0,0,0,100.0,0,0,100.0,0,0,100.0,0,1,100.0,0,0,100.0,0,1,100.0,0,1,100.0,0,0,100.0,0,0,100.0,0,0,100.0,0,0,100.0,0,0,100.0,0,0,100.0,0,1,100.0,0,0,100.0,0,1,100.0,0,0,100.0,0,0,100.0,0,0,100.0,0,0,100.0,0,0,100.0,0,0,100.0,0,0,100.0,0,0,100.0,0,0,100.0,0,1,100.0,0,0,100.0,0,0,100.0,0,0,100.0,0,0,100.0,0,0,100.0,0,0,100.0,0,0,100.0,0,0,100.0,0,0,100.0,0,0,100.0,0,0,100.0,0,0,100.0,0,,0.0,0,,0.0,0,,0.0,0,,0.0,0,,0.0,0,,0.0,0,,0.0,0,,0.0,0,,0.0,0,,0.0,0,,0.0,0,,0.0,0,,0.0,1,,0.0,0,,0.0,0,,0.0,0,,0.0,0,,0.0,0,,0.0,0,,0.0,0,,0.0,0,,0.0,0,,0.0,0,1,100.0,0,1,100.0,0,1,100.0,0,1,100.0,0,0,100.0,0,0,100.0,0,0,100.0,1.333333333,2,100.0,1,3,100.0,1,4,100.0,0.0,0,100.0,0,0,100.0,-1,5,100.0,1,5,100.0,999,1,100.0,1,1,100.0,2,2,100.0,-1,1,100.0
Ritual249,0,0,100.0,0,0,100.0,0,0,100.0,0,1,100.0,0,0,100.0,0,1,100.0,0,1,100.0,0,0,100.0,0,0,100.0,0,0,100.0,1,1,100.0,0,0,100.0,0,0,100.0,0,1,100.0,0,0,100.0,2,,0.0,3,3,100.0,0,0,100.0,0,1,100.0,1,0,100.0,0,1,100.0,0,0,100.0,0,0,100.0,0,0,100.0,0,0,100.0,7,5,100.0,6,5,100.0,0,0,100.0,0,0,100.0,0,0,100.0,0,0,100.0,0,0,100.0,0,0,100.0,0,0,100.0,0,1,100.0,0,0,100.0,0,0,100.0,0,1,100.0,0,1,100.0,1,1,100.0,1,1,100.0,0,0,100.0,0,1,100.0,0,0,100.0,0,0,100.0,0,0,100.0,0,0,100.0,0,0,100.0,0,0,100.0,0,1,100.0,0,0,100.0,0,1,100.0,0,0,100.0,0,0,100.0,0,0,100.0,0,0,100.0,0,0,100.0,0,0,100.0,0,0,100.0,0,0,100.0,0,0,100.0,0,1,100.0,0,0,100.0,0,0,100.0,0,0,100.0,0,0,100.0,0,0,100.0,0,0,100.0,0,0,100.0,0,1,100.0,0,0,100.0,0,0,100.0,0,0,100.0,0,0,100.0,0,0,100.0,0,0,100.0,0,0,100.0,0,0,100.0,0,1,100.0,0,0,100.0,0,1,100.0,0,1,100.0,0,0,100.0,0,0,100.0,0,1,100.0,0,0,100.0,0,0,100.0,0,1,100.0,0,1,100.0,0,1,100.0,0,0,100.0,0,0,100.0,0,1,100.0,0,1,100.0,0,0,100.0,0,1,100.0,0,0,100.0,0,1,100.0,0,1,100.0,0,1,100.0,0,0,100.0,0,0,100.0,0,1,100.0,0,0,100.0,1.333333333,3,60.0,2,3,100.0,3,4,100.0,0.0,0,100.0,0,0,100.0,-1,2,100.0,1,5,100.0,999,2,100.0,1,2,100.0,2,2,100.0,-1,1,100.0
Ritual250,0,0,100.0,0,0,100.0,0,0,100.0,1,1,100.0,0,1,100.0,0,1,100.0,0,0,100.0,0,0,100.0,0,0,100.0,0,0,100.0,0,0,100.0,0,0,100.0,0,1,100.0,0,1,100.0,0,0,100.0,4,,0.0,3,1,100.0,0,0,100.0,0,1,100.0,0,0,100.0,0,1,100.0,1,0,100.0,0,0,100.0,0,0,100.0,0,0,100.0,5,5,100.0,5,5,100.0,1,1,100.0,1,1,100.0,0,0,100.0,0,0,100.0,0,1,100.0,0,1,100.0,0,0,100.0,0,1,100.0,0,0,100.0,0,0,100.0,0,0,60.0,0,1,100.0,0,1,100.0,0,1,100.0,1,1,100.0,0,0,100.0,0,0,100.0,0,0,100.0,0,0,100.0,0,0,100.0,0,0,100.0,0,1,100.0,0,1,100.0,0,0,100.0,0,1,100.0,0,0,100.0,0,0,100.0,0,0,100.0,0,0,100.0,0,0,100.0,0,0,100.0,0,0,100.0,0,0,100.0,0,0,100.0,0,1,100.0,0,0,100.0,1,1,100.0,0,1,100.0,0,0,100.0,0,1,100.0,0,1,100.0,0,0,100.0,0,1,100.0,0,0,100.0,0,1,100.0,0,1,100.0,0,1,100.0,0,,0.0,0,,0.0,0,,0.0,0,,0.0,1,,0.0,0,,0.0,1,,0.0,0,,0.0,0,,0.0,0,,0.0,0,,0.0,0,,0.0,0,,0.0,0,,0.0,0,,0.0,0,,0.0,0,,0.0,0,,0.0,0,,0.0,0,,0.0,0,,0.0,0,,0.0,0,,0.0,0,0,100.0,0,1,100.0,0,1,100.0,0,0,100.0,0,0,100.0,0,0,100.0,0,1,100.0,2.333333333,5,100.0,3,4,100.0,3,4,100.0,3.0,3,100.0,2,3,100.0,2,2,100.0,999,5,100.0,999,3,100.0,1,3,70.0,2,2,70.0,-1,1,100.0
Ritual251,0,,0.0,0,,0.0,0,,0.0,1,,0.0,0,,0.0,0,,0.0,0,,0.0,0,,0.0,0,,0.0,0,,0.0,0,,0.0,0,,0.0,0,,0.0,0,,0.0,0,,0.0,1,,0.0,2,,0.0,0,,0.0,0,,0.0,0,,0.0,1,,0.0,0,,0.0,0,,0.0,0,,0.0,0,,0.0,999,,0.0,2,,0.0,0,,0.0,0,,0.0,0,,0.0,0,,0.0,0,,0.0,0,,0.0,0,,0.0,0,,0.0,0,,0.0,0,,0.0,0,,0.0,0,,0.0,0,,0.0,0,,0.0,0,,0.0,0,,0.0,0,,0.0,0,,0.0,0,,0.0,0,,0.0,0,,0.0,0,,0.0,0,,0.0,0,,0.0,1,,0.0,0,,0.0,0,,0.0,0,,0.0,0,,0.0,0,,0.0,0,,0.0,0,,0.0,0,,0.0,0,,0.0,0,,0.0,0,,0.0,0,,0.0,0,,0.0,0,,0.0,0,,0.0,0,,0.0,0,,0.0,0,,0.0,0,,0.0,0,,0.0,0,,0.0,0,,0.0,0,,0.0,0,,0.0,0,,0.0,0,,0.0,0,,0.0,0,,0.0,0,,0.0,0,,0.0,0,,0.0,0,,0.0,0,,0.0,0,,0.0,0,,0.0,1,,0.0,0,,0.0,0,,0.0,0,,0.0,0,,0.0,0,,0.0,0,,0.0,0,,0.0,0,,0.0,0,,0.0,0,,0.0,0,,0.0,0,,0.0,0,,0.0,0,,0.0,0,,0.0,0,,0.0,1.0,,0.0,1,,0.0,7,,0.0,0.0,,0.0,0,,0.0,-1,,0.0,999,,0.0,3,,0.0,1,,0.0,2,,0.0,-1,,0.0
Ritual252,0,0,100.0,0,0,100.0,0,0,100.0,1,1,100.0,0,0,100.0,0,1,100.0,0,0,100.0,0,0,100.0,0,0,100.0,0,1,100.0,0,0,100.0,0,0,100.0,0,0,100.0,0,1,100.0,0,0,100.0,1,,0.0,3,3,100.0,0,0,100.0,0,1,100.0,0,0,100.0,1,1,100.0,0,0,100.0,0,0,100.0,0,0,100.0,0,0,100.0,999,5,100.0,3,5,100.0,0,0,100.0,0,0,100.0,0,0,100.0,0,0,100.0,0,0,100.0,0,0,100.0,0,0,100.0,0,0,100.0,0,0,100.0,0,0,100.0,0,0,100.0,0,0,100.0,0,1,100.0,0,0,100.0,0,0,100.0,0,0,100.0,0,0,100.0,0,0,100.0,0,0,100.0,0,0,100.0,0,0,100.0,0,0,100.0,0,1,100.0,0,0,100.0,0,0,100.0,0,0,100.0,0,0,100.0,0,0,100.0,0,0,100.0,0,0,100.0,0,0,100.0,0,0,100.0,0,0,100.0,0,0,100.0,0,0,100.0,0,0,100.0,0,0,100.0,0,0,100.0,0,0,100.0,0,0,100.0,0,0,100.0,0,0,100.0,0,0,100.0,0,0,100.0,0,0,100.0,0,0,100.0,0,0,100.0,0,,0.0,0,,0.0,1,,0.0,0,,0.0,0,,0.0,0,,0.0,0,,0.0,0,,0.0,0,,0.0,0,,0.0,0,,0.0,0,,0.0,0,,0.0,1,,0.0,0,,0.0,0,,0.0,0,,0.0,0,,0.0,0,,0.0,0,,0.0,0,,0.0,0,,0.0,0,,0.0,0,1,100.0,0,1,100.0,0,1,100.0,0,0,100.0,0,0,100.0,0,0,100.0,0,1,100.0,1.0,3,70.0,1,4,70.0,7,7,100.0,0.0,0,100.0,0,0,100.0,-1,7,100.0,999,5,100.0,3,2,70.0,1,1,100.0,2,2,100.0,-1,1,100.0
Ritual253,0,0,100.0,0,0,100.0,0,0,100.0,1,1,100.0,0,1,100.0,0,1,100.0,0,0,100.0,0,0,100.0,0,0,100.0,0,0,100.0,0,0,100.0,0,0,100.0,0,1,100.0,0,1,100.0,0,1,100.0,4,,0.0,3,1,100.0,0,0,100.0,0,0,100.0,0,0,100.0,1,1,100.0,0,0,100.0,0,0,100.0,0,0,100.0,0,0,100.0,6,5,100.0,6,5,100.0,0,0,100.0,1,1,100.0,0,0,100.0,0,0,100.0,0,0,100.0,0,0,100.0,0,0,100.0,0,0,90.0,0,0,100.0,0,0,100.0,0,0,100.0,0,1,100.0,0,1,100.0,0,1,100.0,0,1,100.0,0,1,100.0,0,0,100.0,0,0,100.0,0,0,100.0,0,0,100.0,0,0,100.0,0,1,100.0,0,1,100.0,0,0,100.0,0,0,100.0,0,1,100.0,0,1,100.0,0,0,100.0,0,0,100.0,0,0,100.0,0,1,100.0,0,0,100.0,0,1,100.0,0,0,100.0,0,1,100.0,0,1,100.0,0,0,100.0,0,1,100.0,0,0,100.0,0,1,100.0,0,0,100.0,0,0,100.0,0,1,100.0,1,1,100.0,0,1,100.0,0,1,100.0,0,1,100.0,0,1,100.0,0,1,100.0,0,0,100.0,0,0,100.0,0,0,100.0,0,1,100.0,1,1,100.0,0,1,100.0,0,0,100.0,0,0,100.0,0,0,100.0,0,0,100.0,0,1,100.0,0,1,100.0,0,0,100.0,0,0,100.0,0,0,100.0,0,1,100.0,0,1,100.0,0,0,100.0,0,1,100.0,0,0,80.0,0,0,100.0,0,0,100.0,0,1,100.0,0,1,100.0,0,0,100.0,0,0,100.0,0,1,100.0,0,1,100.0,1.666666667,5,100.0,3,4,100.0,7,2,100.0,0.0,5,100.0,0,5,100.0,-1,2,100.0,3,5,100.0,2,3,100.0,1,2,100.0,2,1,100.0,-1,1,100.0
Ritual254,0,0,100.0,0,0,100.0,0,0,100.0,1,1,100.0,0,1,100.0,0,0,100.0,0,0,100.0,0,0,100.0,0,1,100.0,0,0,100.0,0,0,100.0,0,0,100.0,0,1,70.0,0,1,100.0,0,0,100.0,4,,0.0,3,3,100.0,0,0,100.0,0,1,100.0,0,0,100.0,0,0,100.0,0,1,100.0,0,0,100.0,1,0,100.0,0,0,100.0,999,5,100.0,6,5,100.0,0,0,100.0,1,1,100.0,0,0,100.0,0,1,70.0,0,0,100.0,0,0,100.0,0,0,100.0,0,1,100.0,0,0,100.0,0,0,100.0,0,0,100.0,0,1,100.0,0,1,100.0,0,1,100.0,0,1,100.0,0,0,100.0,0,1,100.0,0,0,100.0,0,0,100.0,0,0,100.0,0,1,100.0,0,1,100.0,0,1,100.0,0,0,100.0,0,1,100.0,0,0,100.0,0,0,100.0,0,0,100.0,0,0,100.0,0,0,100.0,0,0,100.0,0,0,100.0,0,0,100.0,0,0,100.0,0,1,100.0,0,0,100.0,0,0,100.0,0,0,100.0,0,0,100.0,0,1,100.0,0,0,100.0,0,0,100.0,0,1,100.0,0,1,60.0,0,1,100.0,0,0,100.0,0,0,100.0,0,,0.0,1,,0.0,0,,0.0,1,,0.0,0,,0.0,0,,0.0,0,,0.0,0,,0.0,0,,0.0,0,,0.0,0,,0.0,0,,0.0,0,,0.0,0,,0.0,0,,0.0,0,,0.0,0,,0.0,0,,0.0,0,,0.0,0,,0.0,0,,0.0,0,,0.0,0,,0.0,0,1,100.0,0,1,100.0,0,0,100.0,0,0,100.0,0,0,100.0,0,1,100.0,0,1,100.0,2.333333333,5,100.0,4,4,100.0,7,4,100.0,0.0,3,100.0,0,3,100.0,-1,3,100.0,3,5,100.0,999,2,100.0,1,1,100.0,2,2,100.0,-1,2,100.0
Ritual255,0,0,100.0,0,0,100.0,0,0,100.0,0,1,100.0,0,1,100.0,0,1,100.0,1,1,100.0,0,0,100.0,0,0,100.0,0,0,100.0,0,0,100.0,0,0,100.0,0,0,100.0,0,1,100.0,0,0,100.0,3,,0.0,3,2,100.0,0,0,100.0,0,1,100.0,0,1,100.0,0,1,100.0,1,0,100.0,0,0,100.0,0,0,100.0,0,0,100.0,7,5,100.0,6,5,100.0,0,1,100.0,0,1,100.0,0,0,100.0,0,1,100.0,1,1,100.0,0,1,100.0,0,0,100.0,0,1,100.0,0,0,100.0,0,0,100.0,0,0,100.0,1,1,100.0,0,1,100.0,0,0,60.0,0,0,100.0,0,0,100.0,0,0,100.0,0,0,100.0,0,0,100.0,0,0,100.0,1,1,100.0,0,1,100.0,0,1,100.0,0,0,100.0,0,1,100.0,0,0,100.0,0,0,100.0,0,0,100.0,0,0,100.0,0,0,100.0,0,0,100.0,0,0,100.0,0,0,100.0,0,0,100.0,0,1,100.0,0,0,100.0,0,0,100.0,0,0,100.0,0,0,100.0,0,1,100.0,0,0,100.0,0,0,100.0,1,1,100.0,0,0,100.0,0,0,100.0,0,0,100.0,0,1,100.0,0,,0.0,0,,0.0,1,,0.0,0,,0.0,0,,0.0,0,,0.0,0,,0.0,0,,0.0,0,,0.0,0,,0.0,0,,0.0,0,,0.0,0,,0.0,0,,0.0,0,,0.0,1,,0.0,0,,0.0,0,,0.0,0,,0.0,0,,0.0,0,,0.0,0,,0.0,0,,0.0,0,1,100.0,0,1,100.0,1,1,100.0,0,1,100.0,0,1,100.0,0,0,100.0,0,0,100.0,3.666666667,5,100.0,4,4,100.0,7,4,100.0,2.0,3,100.0,3,3,100.0,7,2,100.0,4,5,100.0,999,2,100.0,1,2,100.0,2,1,100.0,-1,1,100.0
Ritual256a,0,1,100.0,0,0,100.0,0,0,100.0,0,1,100.0,0,0,100.0,0,0,100.0,1,1,100.0,0,0,100.0,0,0,100.0,0,0,100.0,0,0,100.0,0,0,100.0,0,0,100.0,0,1,100.0,0,0,100.0,2,,0.0,1,1,100.0,0,0,100.0,0,1,100.0,0,0,100.0,0,1,100.0,0,0,100.0,1,0,100.0,0,0,100.0,0,0,100.0,7,5,100.0,6,5,100.0,1,1,100.0,1,1,100.0,0,0,100.0,0,0,100.0,0,0,100.0,0,1,100.0,0,0,100.0,0,1,100.0,0,1,100.0,0,0,100.0,0,0,100.0,0,0,100.0,0,1,100.0,0,0,100.0,0,0,100.0,0,0,100.0,0,0,100.0,0,0,100.0,1,0,100.0,0,0,100.0,0,1,100.0,0,1,100.0,0,1,100.0,0,0,100.0,0,1,100.0,0,0,100.0,0,0,100.0,0,0,100.0,0,0,100.0,0,0,100.0,0,1,100.0,0,0,100.0,0,0,100.0,0,1,100.0,0,1,100.0,0,0,100.0,0,0,100.0,0,0,100.0,0,1,100.0,0,1,100.0,0,0,100.0,0,0,100.0,0,1,100.0,0,1,100.0,0,1,100.0,0,0,100.0,0,0,100.0,0,,0.0,0,,0.0,0,,0.0,1,,0.0,0,,0.0,0,,0.0,0,,0.0,0,,0.0,0,,0.0,0,,0.0,0,,0.0,0,,0.0,0,,0.0,0,,0.0,0,,0.0,0,,0.0,0,,0.0,0,,0.0,0,,0.0,0,,0.0,0,,0.0,0,,0.0,0,,0.0,0,1,100.0,0,1,100.0,0,1,100.0,0,0,100.0,0,0,100.0,0,1,100.0,0,1,100.0,5.0,5,100.0,4,4,100.0,2,4,100.0,4.0,4,100.0,4,4,100.0,2,4,100.0,4,5,100.0,999,3,100.0,1,1,100.0,2,2,100.0,-1,1,100.0
Ritual256b,0,,0.0,0,,0.0,0,,0.0,0,,0.0,0,,0.0,0,,0.0,1,,0.0,0,,0.0,0,,0.0,0,,0.0,0,,0.0,0,,0.0,0,,0.0,0,,0.0,0,,0.0,2,,0.0,1,,0.0,0,,0.0,0,,0.0,0,,0.0,0,,0.0,0,,0.0,1,,0.0,0,,0.0,0,,0.0,7,,0.0,6,,0.0,1,,0.0,1,,0.0,0,,0.0,0,,0.0,0,,0.0,0,,0.0,0,,0.0,0,,0.0,0,,0.0,0,,0.0,0,,0.0,0,,0.0,0,,0.0,0,,0.0,0,,0.0,0,,0.0,0,,0.0,0,,0.0,1,,0.0,0,,0.0,0,,0.0,0,,0.0,0,,0.0,0,,0.0,0,,0.0,0,,0.0,0,,0.0,0,,0.0,0,,0.0,0,,0.0,0,,0.0,0,,0.0,0,,0.0,0,,0.0,0,,0.0,0,,0.0,0,,0.0,0,,0.0,0,,0.0,0,,0.0,0,,0.0,0,,0.0,0,,0.0,0,,0.0,0,,0.0,0,,0.0,0,,0.0,0,,0.0,0,,0.0,0,,0.0,1,,0.0,0,,0.0,0,,0.0,0,,0.0,0,,0.0,0,,0.0,0,,0.0,0,,0.0,0,,0.0,0,,0.0,0,,0.0,0,,0.0,0,,0.0,0,,0.0,0,,0.0,0,,0.0,0,,0.0,0,,0.0,0,,0.0,0,,0.0,0,,0.0,0,,0.0,0,,0.0,0,,0.0,0,,0.0,0,,0.0,0,,0.0,5.0,,0.0,4,,0.0,2,,0.0,4.0,,0.0,4,,0.0,2,,0.0,4,,0.0,999,,0.0,1,,0.0,2,,0.0,-1,,0.0
Ritual257,0,0,100.0,0,0,100.0,0,0,100.0,1,1,100.0,0,0,100.0,0,0,100.0,0,0,100.0,0,0,100.0,0,0,100.0,0,0,100.0,0,0,100.0,0,0,100.0,0,0,100.0,0,1,100.0,0,0,100.0,1,,0.0,1,1,100.0,0,0,100.0,0,0,100.0,0,0,100.0,1,1,100.0,0,0,100.0,0,0,100.0,0,0,100.0,0,0,100.0,999,5,100.0,6,5,100.0,0,0,100.0,0,0,100.0,0,0,100.0,0,0,100.0,0,1,100.0,0,0,100.0,0,0,100.0,0,0,100.0,0,0,100.0,0,0,100.0,0,0,100.0,0,0,100.0,0,1,100.0,0,0,100.0,0,0,100.0,0,0,100.0,0,0,100.0,0,0,100.0,0,0,100.0,0,0,100.0,0,0,100.0,0,0,100.0,0,0,100.0,0,0,100.0,0,0,100.0,0,0,100.0,0,0,100.0,0,0,100.0,0,0,100.0,0,0,100.0,0,0,100.0,0,0,100.0,0,0,100.0,0,0,100.0,0,0,100.0,0,0,100.0,0,0,100.0,0,0,100.0,0,0,100.0,0,1,100.0,0,0,100.0,0,0,100.0,0,0,100.0,0,0,100.0,0,0,100.0,0,0,100.0,0,0,100.0,0,,0.0,0,,0.0,0,,0.0,0,,0.0,0,,0.0,1,,0.0,1,,0.0,0,,0.0,0,,0.0,0,,0.0,0,,0.0,0,,0.0,0,,0.0,1,,0.0,0,,0.0,0,,0.0,0,,0.0,1,,0.0,0,,0.0,0,,0.0,0,,0.0,0,,0.0,0,,0.0,0,1,100.0,0,1,100.0,0,0,100.0,0,0,100.0,0,0,100.0,0,0,100.0,0,0,100.0,2.333333333,0,100.0,3,0,100.0,1,3,100.0,0.0,0,100.0,0,0,100.0,-1,3,100.0,999,5,100.0,999,3,100.0,1,2,100.0,2,1,100.0,-1,2,100.0
Ritual258,0,1,100.0,0,0,100.0,0,0,100.0,0,1,100.0,0,0,100.0,0,0,100.0,1,1,100.0,0,0,100.0,0,0,100.0,0,0,100.0,0,0,100.0,0,0,100.0,0,0,100.0,0,1,100.0,0,0,100.0,3,,0.0,1,1,100.0,0,0,100.0,0,1,100.0,0,0,100.0,0,1,100.0,0,0,100.0,1,0,100.0,0,0,100.0,0,0,100.0,7,5,100.0,6,5,100.0,0,1,100.0,0,0,100.0,0,0,100.0,0,1,100.0,0,0,100.0,0,0,100.0,0,0,100.0,0,1,100.0,1,1,100.0,1,0,100.0,1,1,100.0,1,1,100.0,1,1,100.0,0,0,100.0,0,0,100.0,0,0,100.0,0,0,100.0,0,0,100.0,0,0,100.0,0,0,100.0,0,0,100.0,0,1,100.0,0,1,100.0,0,0,100.0,0,0,100.0,0,0,100.0,0,0,100.0,0,0,100.0,0,0,100.0,0,0,100.0,0,1,100.0,0,0,100.0,0,0,100.0,0,1,100.0,0,0,100.0,0,0,100.0,0,0,100.0,0,0,100.0,0,0,100.0,0,1,100.0,0,0,100.0,0,0,100.0,0,1,100.0,0,0,100.0,0,1,100.0,0,0,100.0,0,0,100.0,0,0,100.0,0,0,100.0,0,0,100.0,0,0,100.0,0,1,100.0,0,0,100.0,1,1,100.0,0,0,100.0,0,0,100.0,0,0,100.0,0,0,100.0,0,0,100.0,0,0,100.0,0,0,100.0,0,0,100.0,0,0,100.0,0,0,100.0,0,0,100.0,0,1,100.0,0,0,100.0,0,0,100.0,0,0,100.0,0,0,100.0,0,1,100.0,0,1,100.0,0,1,100.0,0,0,100.0,0,0,100.0,0,1,100.0,0,0,100.0,3.666666667,3,100.0,4,2,100.0,2,4,100.0,3.333333333,1,100.0,1,0,100.0,2,5,100.0,4,5,100.0,999,3,100.0,1,2,100.0,2,1,100.0,-1,1,100.0
Ritual259a,0,,0.0,0,,0.0,0,,0.0,0,,0.0,0,,0.0,0,,0.0,1,,0.0,0,,0.0,0,,0.0,0,,0.0,0,,0.0,0,,0.0,0,,0.0,0,,0.0,0,,0.0,3,,0.0,3,,0.0,0,,0.0,0,,0.0,0,,0.0,0,,0.0,0,,0.0,1,,0.0,0,,0.0,0,,0.0,7,,0.0,6,,0.0,0,,0.0,0,,0.0,0,,0.0,0,,0.0,1,,0.0,0,,0.0,0,,0.0,0,,0.0,1,,0.0,0,,0.0,0,,0.0,0,,0.0,0,,0.0,0,,0.0,1,,0.0,0,,0.0,0,,0.0,0,,0.0,0,,0.0,0,,0.0,0,,0.0,0,,0.0,0,,0.0,0,,0.0,0,,0.0,0,,0.0,0,,0.0,0,,0.0,0,,0.0,0,,0.0,0,,0.0,0,,0.0,0,,0.0,0,,0.0,0,,0.0,0,,0.0,0,,0.0,0,,0.0,0,,0.0,0,,0.0,0,,0.0,0,,0.0,0,,0.0,0,,0.0,0,,0.0,0,,0.0,0,,0.0,0,,0.0,0,,0.0,0,,0.0,0,,0.0,0,,0.0,0,,0.0,0,,0.0,0,,0.0,1,,0.0,0,,0.0,0,,0.0,0,,0.0,0,,0.0,0,,0.0,0,,0.0,0,,0.0,0,,0.0,0,,0.0,0,,0.0,0,,0.0,0,,0.0,0,,0.0,0,,0.0,0,,0.0,0,,0.0,0,,0.0,0,,0.0,0,,0.0,0,,0.0,0,,0.0,3.666666667,,0.0,4,,0.0,7,,0.0,0.0,,0.0,0,,0.0,-1,,0.0,3,,0.0,999,,0.0,1,,0.0,2,,0.0,-1,,0.0
Ritual259b,0,,0.0,0,,0.0,0,,0.0,0,,0.0,0,,0.0,0,,0.0,1,,0.0,0,,0.0,0,,0.0,0,,0.0,0,,0.0,0,,0.0,0,,0.0,0,,0.0,0,,0.0,3,,0.0,3,,0.0,0,,0.0,0,,0.0,0,,0.0,0,,0.0,0,,0.0,1,,0.0,0,,0.0,0,,0.0,7,,0.0,6,,0.0,0,,0.0,0,,0.0,0,,0.0,0,,0.0,1,,0.0,0,,0.0,0,,0.0,0,,0.0,1,,0.0,0,,0.0,0,,0.0,0,,0.0,0,,0.0,0,,0.0,1,,0.0,0,,0.0,0,,0.0,0,,0.0,0,,0.0,0,,0.0,0,,0.0,0,,0.0,0,,0.0,0,,0.0,0,,0.0,0,,0.0,0,,0.0,0,,0.0,0,,0.0,0,,0.0,0,,0.0,0,,0.0,0,,0.0,0,,0.0,0,,0.0,0,,0.0,0,,0.0,0,,0.0,0,,0.0,0,,0.0,0,,0.0,0,,0.0,0,,0.0,0,,0.0,0,,0.0,0,,0.0,0,,0.0,0,,0.0,0,,0.0,0,,0.0,0,,0.0,0,,0.0,0,,0.0,0,,0.0,0,,0.0,1,,0.0,0,,0.0,0,,0.0,0,,0.0,0,,0.0,0,,0.0,0,,0.0,0,,0.0,0,,0.0,0,,0.0,0,,0.0,0,,0.0,0,,0.0,0,,0.0,0,,0.0,0,,0.0,0,,0.0,0,,0.0,0,,0.0,0,,0.0,0,,0.0,0,,0.0,3.666666667,,0.0,4,,0.0,7,,0.0,0.0,,0.0,0,,0.0,-1,,0.0,3,,0.0,999,,0.0,1,,0.0,2,,0.0,-1,,0.0
Ritual260a,0,0,100.0,0,0,100.0,0,0,100.0,0,1,100.0,0,0,100.0,0,0,100.0,1,1,100.0,0,0,100.0,0,0,100.0,0,0,100.0,0,1,100.0,0,0,100.0,0,0,100.0,0,1,100.0,0,0,100.0,4,,0.0,1,1,100.0,0,0,100.0,0,1,100.0,0,0,100.0,1,1,100.0,0,0,100.0,0,0,100.0,0,0,100.0,0,0,100.0,7,5,100.0,7,5,100.0,0,0,100.0,0,0,100.0,0,0,100.0,0,0,100.0,0,0,100.0,0,0,100.0,0,0,100.0,0,0,100.0,0,0,100.0,0,0,100.0,0,0,100.0,1,1,100.0,1,1,100.0,0,0,100.0,0,0,100.0,0,0,100.0,0,0,100.0,0,0,100.0,0,0,100.0,0,0,100.0,0,0,100.0,0,1,100.0,0,1,100.0,0,0,100.0,0,0,100.0,0,0,100.0,0,1,100.0,0,0,100.0,0,0,100.0,0,0,100.0,0,1,100.0,0,0,100.0,0,0,100.0,1,1,100.0,0,1,100.0,0,0,100.0,0,0,100.0,0,0,100.0,0,0,100.0,0,1,100.0,0,0,100.0,0,1,100.0,0,1,100.0,0,1,100.0,0,1,100.0,0,0,100.0,0,1,100.0,0,,0.0,0,,0.0,0,,0.0,0,,0.0,0,,0.0,0,,0.0,0,,0.0,0,,0.0,1,,0.0,0,,0.0,0,,0.0,0,,0.0,0,,0.0,0,,0.0,0,,0.0,0,,0.0,0,,0.0,0,,0.0,0,,0.0,0,,0.0,0,,0.0,0,,0.0,0,,0.0,0,1,100.0,0,1,100.0,0,1,100.0,0,0,100.0,0,0,100.0,0,1,100.0,0,0,100.0,1.333333333,2,100.0,1,3,100.0,2,2,100.0,5.0,4,100.0,4,3,100.0,2,2,100.0,2,5,100.0,999,2,100.0,1,2,60.0,2,1,60.0,-1,2,60.0
Ritual260b,0,0,100.0,0,0,100.0,0,0,100.0,0,1,100.0,0,0,100.0,0,0,100.0,1,1,100.0,0,0,100.0,0,0,100.0,0,0,100.0,0,1,100.0,0,0,100.0,0,0,100.0,0,1,100.0,0,0,100.0,4,,0.0,1,1,100.0,0,0,100.0,0,1,100.0,0,1,100.0,1,1,100.0,0,0,100.0,0,0,100.0,0,0,100.0,0,0,100.0,7,5,100.0,7,5,100.0,0,0,100.0,0,1,100.0,0,0,100.0,0,0,100.0,0,0,100.0,0,0,100.0,0,0,100.0,0,1,100.0,0,0,100.0,0,0,100.0,0,1,100.0,1,1,100.0,1,1,100.0,0,0,100.0,0,0,100.0,0,0,100.0,0,1,80.0,0,0,100.0,0,0,100.0,0,0,100.0,0,0,100.0,0,1,100.0,0,1,100.0,0,0,100.0,0,0,100.0,0,0,100.0,0,1,100.0,0,0,100.0,0,1,100.0,0,0,100.0,0,1,100.0,0,0,100.0,0,0,100.0,1,1,100.0,0,1,100.0,0,0,100.0,0,0,100.0,0,0,100.0,0,0,100.0,0,1,100.0,0,0,100.0,0,1,100.0,0,1,100.0,0,1,100.0,0,1,100.0,0,1,100.0,0,1,100.0,0,1,100.0,0,0,100.0,0,0,100.0,0,0,100.0,0,1,100.0,0,0,100.0,0,1,100.0,0,1,100.0,1,0,100.0,0,0,100.0,0,1,100.0,0,0,100.0,0,1,100.0,0,1,100.0,0,0,100.0,0,1,100.0,0,1,100.0,0,0,100.0,0,1,100.0,0,0,100.0,0,0,100.0,0,1,100.0,0,0,100.0,0,1,100.0,0,1,100.0,0,1,100.0,0,0,100.0,0,0,100.0,0,1,100.0,0,1,100.0,1.333333333,5,100.0,1,3,100.0,2,2,100.0,5.0,4,100.0,4,3,100.0,2,2,100.0,2,5,100.0,999,2,100.0,1,3,100.0,2,1,100.0,-1,2,100.0
Ritual261,0,0,100.0,0,0,100.0,0,0,100.0,0,1,100.0,0,0,100.0,0,1,100.0,1,1,100.0,0,0,100.0,0,0,100.0,0,1,100.0,0,0,100.0,0,0,100.0,0,0,100.0,0,1,100.0,0,0,100.0,2,,0.0,999,1,100.0,0,0,100.0,0,0,100.0,0,1,100.0,1,1,100.0,0,0,100.0,0,0,100.0,0,0,100.0,0,0,100.0,7,3,100.0,7,3,100.0,0,0,100.0,1,0,100.0,0,0,100.0,0,0,100.0,0,0,100.0,0,0,100.0,0,0,100.0,0,0,100.0,0,0,100.0,0,0,100.0,0,1,100.0,0,0,100.0,0,1,100.0,0,0,100.0,0,0,100.0,0,0,100.0,0,0,100.0,0,0,100.0,0,0,100.0,0,0,100.0,0,0,100.0,0,0,100.0,0,1,100.0,0,0,100.0,0,0,100.0,0,0,100.0,0,0,100.0,0,0,100.0,0,0,100.0,0,0,100.0,0,0,100.0,0,0,100.0,0,0,100.0,0,0,100.0,0,0,100.0,0,0,100.0,0,0,100.0,0,0,100.0,0,0,100.0,0,0,100.0,0,0,100.0,0,0,100.0,0,0,100.0,0,0,100.0,0,1,70.0,0,0,100.0,0,0,100.0,0,,0.0,1,,0.0,1,,0.0,0,,0.0,0,,0.0,0,,0.0,1,,0.0,0,,0.0,0,,0.0,0,,0.0,0,,0.0,0,,0.0,0,,0.0,1,,0.0,0,,0.0,0,,0.0,0,,0.0,0,,0.0,0,,0.0,0,,0.0,0,,0.0,0,,0.0,0,,0.0,0,0,100.0,0,1,100.0,0,0,100.0,0,0,100.0,0,0,100.0,0,1,100.0,0,0,100.0,1.666666667,0,100.0,2,1,100.0,2,4,100.0,3.0,0,100.0,3,0,100.0,2,4,100.0,3,1,100.0,999,2,100.0,1,3,100.0,2,1,100.0,-1,2,100.0
Ritual262,0,0,100.0,0,0,100.0,0,0,100.0,0,1,100.0,0,0,100.0,1,1,100.0,0,0,100.0,0,0,100.0,0,0,100.0,0,1,100.0,0,0,100.0,0,0,100.0,0,0,100.0,0,1,100.0,0,0,100.0,2,,0.0,1,1,100.0,0,0,100.0,0,1,100.0,0,0,100.0,1,1,100.0,0,0,100.0,0,0,100.0,0,0,100.0,0,0,100.0,999,5,100.0,2,5,100.0,0,1,100.0,1,1,100.0,0,0,100.0,0,0,100.0,0,0,100.0,0,0,100.0,0,0,100.0,0,1,100.0,0,0,100.0,0,0,100.0,0,0,100.0,0,0,100.0,0,1,100.0,0,0,100.0,0,0,100.0,0,0,100.0,0,0,100.0,0,0,100.0,0,0,100.0,0,0,100.0,0,0,100.0,0,0,100.0,0,1,100.0,0,0,100.0,0,0,100.0,0,0,100.0,0,0,100.0,0,0,100.0,0,0,100.0,0,0,100.0,0,0,100.0,0,0,100.0,0,0,100.0,0,0,100.0,0,0,100.0,0,0,100.0,0,0,100.0,0,0,100.0,0,0,100.0,0,0,100.0,0,0,100.0,0,0,100.0,1,0,100.0,0,0,100.0,0,0,100.0,0,0,100.0,0,0,100.0,0,,0.0,0,,0.0,1,,0.0,0,,0.0,0,,0.0,0,,0.0,1,,0.0,0,,0.0,0,,0.0,0,,0.0,0,,0.0,0,,0.0,0,,0.0,0,,0.0,1,,0.0,0,,0.0,0,,0.0,0,,0.0,0,,0.0,0,,0.0,0,,0.0,0,,0.0,0,,0.0,0,0,100.0,0,1,100.0,0,0,100.0,0,0,100.0,0,0,100.0,0,0,100.0,0,1,100.0,1.333333333,2,100.0,2,2,100.0,2,4,100.0,0.0,0,100.0,0,0,100.0,-1,5,100.0,4,3,100.0,3,2,100.0,1,1,80.0,2,1,100.0,-1,2,100.0
Ritual263,0,0,100.0,0,0,100.0,0,0,100.0,0,1,100.0,0,0,100.0,1,1,100.0,0,0,100.0,0,0,100.0,0,0,100.0,0,1,100.0,0,0,100.0,0,1,100.0,0,1,100.0,0,1,100.0,0,1,100.0,2,,0.0,3,1,100.0,0,0,100.0,0,1,100.0,0,0,100.0,1,1,100.0,0,0,100.0,0,0,100.0,0,0,100.0,0,0,100.0,2,3,100.0,2,4,100.0,0,0,100.0,1,1,100.0,0,0,100.0,0,0,100.0,0,0,100.0,0,0,100.0,0,0,100.0,0,1,100.0,0,0,100.0,0,0,100.0,0,0,100.0,0,0,100.0,0,1,100.0,0,0,100.0,0,1,100.0,0,0,100.0,0,0,100.0,0,0,100.0,0,0,100.0,0,0,100.0,0,0,100.0,0,0,100.0,0,1,100.0,0,0,100.0,0,0,100.0,0,0,100.0,0,0,100.0,0,0,100.0,0,0,100.0,0,0,100.0,0,0,100.0,0,0,100.0,0,0,100.0,0,0,100.0,0,0,100.0,0,0,100.0,0,0,100.0,0,0,100.0,0,0,100.0,0,1,100.0,0,0,100.0,0,0,100.0,0,1,100.0,0,0,100.0,0,1,100.0,0,0,100.0,0,1,100.0,0,,0.0,0,,0.0,1,,0.0,0,,0.0,0,,0.0,0,,0.0,0,,0.0,0,,0.0,0,,0.0,0,,0.0,0,,0.0,0,,0.0,0,,0.0,0,,0.0,0,,0.0,0,,0.0,0,,0.0,0,,0.0,0,,0.0,0,,0.0,0,,0.0,0,,0.0,0,,0.0,0,1,100.0,0,1,100.0,0,1,100.0,0,0,100.0,0,0,100.0,0,1,100.0,0,1,100.0,1.333333333,3,100.0,2,2,100.0,3,4,100.0,2.0,1,100.0,1,0,100.0,2,2,100.0,2,3,100.0,1,1,90.0,1,2,70.0,2,1,70.0,-1,2,60.0
Ritual264,0,0,100.0,0,0,100.0,0,0,100.0,0,1,100.0,0,0,100.0,1,1,100.0,0,0,100.0,0,0,100.0,0,0,100.0,0,1,100.0,0,0,100.0,0,0,100.0,0,0,100.0,0,1,100.0,0,0,100.0,2,,0.0,1,1,100.0,0,1,100.0,0,0,100.0,0,0,100.0,1,1,100.0,0,0,100.0,0,0,100.0,0,0,100.0,0,0,100.0,2,5,100.0,2,5,80.0,0,0,100.0,0,0,100.0,0,0,100.0,0,0,100.0,0,0,100.0,0,0,100.0,0,0,100.0,0,0,100.0,0,0,100.0,0,0,100.0,0,0,100.0,0,0,100.0,0,1,100.0,0,0,100.0,0,0,100.0,0,0,100.0,0,1,100.0,0,0,100.0,0,0,100.0,0,0,100.0,0,0,100.0,0,0,100.0,0,1,100.0,0,0,100.0,0,0,100.0,0,0,100.0,0,0,100.0,0,0,100.0,0,0,100.0,0,0,100.0,0,0,100.0,0,0,100.0,0,0,100.0,0,0,100.0,0,0,100.0,0,0,100.0,0,0,100.0,0,0,100.0,0,0,100.0,0,0,100.0,0,0,100.0,0,0,100.0,0,1,100.0,0,0,100.0,0,0,70.0,0,0,100.0,0,0,100.0,0,,0.0,0,,0.0,0,,0.0,0,,0.0,0,,0.0,0,,0.0,0,,0.0,0,,0.0,0,,0.0,0,,0.0,0,,0.0,0,,0.0,0,,0.0,1,,0.0,0,,0.0,0,,0.0,0,,0.0,0,,0.0,0,,0.0,0,,0.0,0,,0.0,0,,0.0,0,,0.0,0,0,100.0,0,1,100.0,0,0,100.0,0,0,100.0,0,0,100.0,0,1,100.0,0,1,100.0,1.0,0,100.0,2,0,100.0,2,4,100.0,1.0,0,100.0,1,0,100.0,2,4,100.0,2,0,100.0,999,3,100.0,1,1,100.0,2,1,100.0,-1,3,100.0
Ritual265,0,,0.0,0,,0.0,0,,0.0,0,,0.0,0,,0.0,0,,0.0,0,,0.0,0,,0.0,0,,0.0,0,,0.0,0,,0.0,1,,0.0,0,,0.0,0,,0.0,0,,0.0,2,,0.0,3,,0.0,0,,0.0,0,,0.0,0,,0.0,1,,0.0,0,,0.0,0,,0.0,0,,0.0,0,,0.0,7,,0.0,6,,0.0,0,,0.0,0,,0.0,0,,0.0,0,,0.0,0,,0.0,0,,0.0,0,,0.0,0,,0.0,1,,0.0,1,,0.0,0,,0.0,0,,0.0,0,,0.0,0,,0.0,1,,0.0,0,,0.0,0,,0.0,0,,0.0,0,,0.0,0,,0.0,0,,0.0,0,,0.0,0,,0.0,0,,0.0,0,,0.0,0,,0.0,0,,0.0,0,,0.0,0,,0.0,0,,0.0,0,,0.0,0,,0.0,0,,0.0,0,,0.0,0,,0.0,0,,0.0,0,,0.0,0,,0.0,0,,0.0,0,,0.0,0,,0.0,0,,0.0,0,,0.0,0,,0.0,0,,0.0,0,,0.0,0,,0.0,0,,0.0,0,,0.0,1,,0.0,0,,0.0,0,,0.0,0,,0.0,0,,0.0,1,,0.0,0,,0.0,0,,0.0,0,,0.0,0,,0.0,0,,0.0,1,,0.0,0,,0.0,0,,0.0,0,,0.0,0,,0.0,0,,0.0,0,,0.0,0,,0.0,0,,0.0,0,,0.0,0,,0.0,1,,0.0,0,,0.0,0,,0.0,0,,0.0,0,,0.0,0,,0.0,2.333333333,,0.0,3,,0.0,5,,0.0,2.333333333,,0.0,3,,0.0,5,,0.0,2,,0.0,999,,0.0,1,,0.0,2,,0.0,-1,,0.0
Ritual266,0,0,100.0,0,0,100.0,0,0,100.0,1,1,100.0,0,0,100.0,1,1,100.0,0,0,100.0,0,0,100.0,0,0,100.0,0,1,100.0,0,0,100.0,0,0,100.0,0,0,100.0,0,1,100.0,0,0,100.0,1,,0.0,3,1,100.0,0,0,100.0,0,1,100.0,0,0,100.0,1,1,100.0,0,0,100.0,0,0,100.0,0,0,100.0,0,0,100.0,2,5,100.0,2,5,100.0,0,0,100.0,0,0,100.0,0,0,100.0,0,0,100.0,0,0,100.0,0,0,100.0,0,0,100.0,0,0,100.0,0,0,100.0,0,0,100.0,0,0,100.0,0,0,100.0,0,1,100.0,0,1,100.0,0,0,100.0,0,0,100.0,0,1,100.0,0,0,100.0,0,0,100.0,0,0,100.0,0,0,100.0,0,0,100.0,0,1,100.0,0,0,100.0,0,0,100.0,0,0,100.0,0,0,100.0,0,0,100.0,0,0,100.0,0,0,100.0,0,0,100.0,0,0,100.0,0,0,100.0,0,0,100.0,0,0,100.0,0,0,100.0,0,0,100.0,0,0,100.0,0,0,100.0,0,0,100.0,0,0,100.0,0,0,100.0,0,0,100.0,0,0,100.0,0,1,100.0,0,0,100.0,0,1,100.0,0,,0.0,0,,0.0,0,,0.0,0,,0.0,0,,0.0,0,,0.0,1,,0.0,0,,0.0,0,,0.0,0,,0.0,0,,0.0,0,,0.0,0,,0.0,1,,0.0,1,,0.0,0,,0.0,0,,0.0,0,,0.0,0,,0.0,0,,0.0,0,,0.0,0,,0.0,0,,0.0,0,0,100.0,0,1,100.0,0,1,100.0,0,0,100.0,0,0,100.0,0,1,100.0,0,1,100.0,1.333333333,0,100.0,2,0,100.0,3,4,100.0,0.0,0,100.0,0,0,100.0,-1,4,100.0,3,1,100.0,999,2,100.0,1,1,100.0,2,1,100.0,-1,1,100.0
Ritual267,0,0,100.0,0,0,100.0,0,0,100.0,0,1,100.0,0,0,100.0,1,1,100.0,0,0,100.0,0,0,100.0,0,0,100.0,0,1,100.0,0,0,100.0,0,0,100.0,0,0,100.0,0,1,100.0,0,0,100.0,2,,0.0,3,3,100.0,0,0,100.0,0,1,100.0,0,0,100.0,1,1,100.0,0,0,100.0,0,0,100.0,0,0,100.0,0,0,100.0,999,5,100.0,5,5,100.0,0,1,100.0,1,1,100.0,0,1,100.0,0,0,100.0,0,1,100.0,0,1,100.0,0,0,100.0,0,1,100.0,1,1,100.0,0,0,100.0,0,1,100.0,0,0,100.0,0,1,100.0,0,1,100.0,0,0,100.0,0,0,100.0,0,0,100.0,0,1,100.0,0,0,100.0,0,0,100.0,0,1,100.0,0,1,100.0,0,1,100.0,0,0,100.0,0,0,100.0,0,0,100.0,0,0,100.0,0,0,100.0,0,0,100.0,0,0,100.0,0,0,100.0,0,0,100.0,0,0,100.0,0,0,100.0,0,0,100.0,0,0,100.0,0,0,100.0,0,0,100.0,0,0,100.0,0,1,100.0,0,0,100.0,0,0,100.0,0,0,100.0,0,0,100.0,0,0,100.0,0,0,100.0,0,0,100.0,0,,0.0,0,,0.0,1,,0.0,0,,0.0,0,,0.0,0,,0.0,0,,0.0,0,,0.0,0,,0.0,0,,0.0,0,,0.0,0,,0.0,0,,0.0,1,,0.0,0,,0.0,0,,0.0,0,,0.0,0,,0.0,0,,0.0,0,,0.0,0,,0.0,0,,0.0,0,,0.0,0,1,100.0,0,1,100.0,0,1,100.0,0,0,100.0,0,1,100.0,0,0,100.0,0,0,100.0,1.333333333,5,100.0,2,4,100.0,7,4,100.0,0.0,2,70.0,0,3,70.0,-1,2,80.0,2,5,100.0,999,3,100.0,1,2,100.0,2,1,100.0,-1,1,100.0
Ritual268,0,0,100.0,0,0,100.0,0,0,100.0,0,1,100.0,0,0,100.0,1,1,100.0,0,0,100.0,0,0,100.0,0,0,100.0,0,1,100.0,0,0,100.0,0,0,100.0,0,0,100.0,0,1,100.0,0,0,100.0,2,,0.0,3,1,100.0,0,0,100.0,0,0,100.0,0,1,100.0,1,1,100.0,0,0,100.0,0,0,100.0,0,0,100.0,0,0,100.0,4,5,100.0,4,5,100.0,0,0,100.0,0,0,100.0,0,1,100.0,0,0,100.0,0,1,100.0,0,0,100.0,0,0,100.0,0,0,100.0,0,0,100.0,0,1,100.0,0,1,100.0,0,0,100.0,0,0,60.0,0,0,100.0,0,1,60.0,0,0,100.0,0,0,100.0,0,0,100.0,0,0,100.0,0,0,100.0,0,0,100.0,0,0,100.0,0,0,100.0,0,0,100.0,0,0,100.0,0,0,100.0,0,0,100.0,0,0,100.0,0,0,100.0,0,0,100.0,0,0,100.0,0,0,100.0,0,0,100.0,0,0,100.0,0,0,100.0,0,0,100.0,0,0,100.0,0,0,100.0,0,0,100.0,0,0,100.0,0,0,100.0,0,0,100.0,0,0,100.0,0,0,100.0,0,0,100.0,0,0,100.0,0,0,100.0,0,0,100.0,0,1,100.0,0,0,100.0,0,0,100.0,0,1,100.0,0,0,100.0,0,1,100.0,0,1,100.0,0,0,100.0,0,0,100.0,0,1,100.0,0,0,100.0,0,0,100.0,0,1,100.0,0,0,100.0,0,0,100.0,0,0,100.0,0,1,100.0,0,1,100.0,0,0,100.0,0,1,100.0,0,0,100.0,0,0,100.0,0,0,100.0,0,1,100.0,0,1,60.0,0,0,100.0,0,0,100.0,0,0,100.0,0,0,100.0,1.0,0,100.0,1,0,100.0,2,4,100.0,0.0,0,100.0,0,0,100.0,-1,2,100.0,2,3,100.0,999,2,100.0,1,1,100.0,2,2,100.0,-1,1,100.0
Ritual269,0,0,100.0,0,0,100.0,0,0,100.0,0,1,100.0,0,0,100.0,0,1,100.0,0,0,100.0,0,0,100.0,0,0,100.0,1,1,100.0,0,0,100.0,0,0,100.0,0,0,100.0,0,1,100.0,0,0,100.0,2,,0.0,3,1,100.0,0,0,100.0,0,0,100.0,0,1,100.0,0,1,100.0,1,0,100.0,0,0,100.0,0,0,100.0,0,0,100.0,5,5,100.0,5,5,100.0,0,0,100.0,0,0,100.0,0,1,100.0,0,1,100.0,0,0,100.0,0,0,100.0,0,0,100.0,0,0,100.0,0,0,100.0,0,0,100.0,0,0,100.0,0,0,100.0,0,1,100.0,0,0,100.0,0,1,100.0,0,0,100.0,0,0,100.0,0,1,100.0,0,0,100.0,0,0,100.0,0,0,100.0,0,0,100.0,0,1,100.0,0,0,100.0,0,1,100.0,0,0,100.0,0,0,100.0,0,0,100.0,0,0,100.0,0,0,100.0,0,0,100.0,0,0,100.0,0,0,100.0,0,0,100.0,0,0,100.0,0,0,100.0,0,0,100.0,0,0,100.0,0,0,100.0,0,0,100.0,0,0,100.0,0,0,100.0,0,0,100.0,0,0,100.0,0,0,100.0,0,0,100.0,0,0,100.0,0,,0.0,1,,0.0,0,,0.0,0,,0.0,0,,0.0,0,,0.0,0,,0.0,0,,0.0,0,,0.0,0,,0.0,0,,0.0,0,,0.0,0,,0.0,1,,0.0,1,,0.0,0,,0.0,0,,0.0,0,,0.0,0,,0.0,0,,0.0,0,,0.0,0,,0.0,0,,0.0,0,0,100.0,1,1,100.0,0,0,100.0,0,0,100.0,0,0,100.0,0,0,100.0,0,1,100.0,1.333333333,0,100.0,2,0,100.0,3,4,100.0,0.0,0,100.0,0,0,100.0,-1,4,100.0,3,2,100.0,999,1,100.0,1,1,100.0,2,1,100.0,-1,1,100.0
Ritual270,0,0,100.0,0,0,100.0,0,0,100.0,1,1,100.0,0,0,100.0,0,1,100.0,0,0,100.0,0,0,100.0,0,0,100.0,0,1,100.0,0,0,100.0,0,0,100.0,0,0,100.0,0,1,100.0,0,0,100.0,2,,0.0,3,1,100.0,0,0,100.0,0,0,100.0,0,1,100.0,0,0,100.0,1,0,100.0,0,0,100.0,0,0,100.0,0,1,100.0,5,5,100.0,5,5,100.0,0,0,100.0,0,0,100.0,0,0,100.0,0,0,100.0,0,0,100.0,0,0,100.0,0,0,100.0,0,0,100.0,0,0,100.0,0,0,100.0,0,0,100.0,0,0,100.0,0,1,100.0,0,0,100.0,0,0,100.0,0,0,100.0,0,0,100.0,0,0,100.0,0,0,100.0,0,0,100.0,0,1,100.0,0,0,100.0,0,1,100.0,0,0,100.0,0,0,100.0,0,0,100.0,0,0,100.0,0,0,100.0,0,0,100.0,0,0,100.0,0,0,100.0,0,0,100.0,0,0,100.0,0,0,100.0,0,0,100.0,0,0,100.0,0,0,100.0,0,0,100.0,0,0,100.0,0,0,100.0,0,0,100.0,0,0,100.0,0,0,100.0,0,0,100.0,0,0,100.0,0,0,100.0,0,0,100.0,0,,0.0,0,,0.0,0,,0.0,1,,0.0,0,,0.0,0,,0.0,0,,0.0,0,,0.0,0,,0.0,0,,0.0,0,,0.0,1,,0.0,0,,0.0,1,,0.0,0,,0.0,0,,0.0,0,,0.0,0,,0.0,0,,0.0,0,,0.0,0,,0.0,0,,0.0,0,,0.0,0,1,100.0,0,1,100.0,0,1,100.0,0,0,100.0,0,1,100.0,0,0,100.0,0,0,100.0,1.333333333,3,100.0,3,2,100.0,2,4,100.0,0.0,1,100.0,0,0,100.0,-1,5,100.0,1,5,100.0,999,2,100.0,1,2,100.0,2,1,100.0,-1,2,100.0
Ritual271,0,0,100.0,0,0,100.0,0,0,100.0,0,1,100.0,0,0,100.0,0,1,100.0,0,0,100.0,0,0,100.0,0,0,100.0,1,1,100.0,0,0,100.0,0,0,100.0,0,1,100.0,0,1,100.0,0,0,100.0,3,,0.0,3,1,100.0,0,0,100.0,0,1,100.0,0,0,100.0,1,1,100.0,0,0,100.0,0,0,100.0,0,0,100.0,0,0,100.0,5,5,100.0,5,5,100.0,0,0,100.0,0,0,100.0,0,0,100.0,0,0,100.0,0,0,100.0,0,0,100.0,0,0,100.0,0,0,100.0,0,1,100.0,0,0,100.0,0,1,100.0,0,0,100.0,0,1,100.0,0,0,100.0,0,0,100.0,0,0,100.0,0,0,100.0,0,0,100.0,0,0,100.0,0,0,100.0,0,0,100.0,0,0,100.0,0,1,100.0,0,0,100.0,0,0,100.0,0,0,100.0,0,0,100.0,0,0,100.0,0,0,100.0,0,0,100.0,0,0,100.0,0,0,100.0,0,0,100.0,0,0,100.0,0,0,100.0,0,0,100.0,0,0,100.0,0,0,100.0,0,0,100.0,0,1,100.0,0,0,100.0,0,0,100.0,0,1,100.0,0,0,100.0,0,0,100.0,0,0,100.0,0,0,100.0,0,,0.0,0,,0.0,0,,0.0,0,,0.0,0,,0.0,0,,0.0,0,,0.0,0,,0.0,0,,0.0,0,,0.0,0,,0.0,0,,0.0,0,,0.0,0,,0.0,1,,0.0,0,,0.0,0,,0.0,0,,0.0,0,,0.0,0,,0.0,0,,0.0,0,,0.0,0,,0.0,0,0,100.0,0,0,100.0,0,0,100.0,0,0,100.0,0,0,100.0,0,0,100.0,0,1,100.0,1.333333333,2,80.0,3,3,80.0,3,4,100.0,3.0,1,80.0,1,0,100.0,1,5,100.0,2,3,100.0,999,2,100.0,1,2,100.0,2,1,100.0,-1,2,70.0
Ritual272,0,0,100.0,0,0,100.0,0,0,100.0,0,1,100.0,0,0,100.0,0,1,100.0,0,0,100.0,0,0,100.0,0,0,100.0,0,1,100.0,0,0,100.0,0,0,100.0,0,0,100.0,0,1,100.0,0,1,100.0,1,,0.0,3,1,100.0,0,0,100.0,0,1,100.0,0,0,100.0,1,1,100.0,0,0,100.0,0,0,100.0,0,0,100.0,0,0,100.0,5,5,100.0,5,5,100.0,0,0,100.0,1,1,100.0,0,0,100.0,0,0,100.0,0,0,100.0,0,0,100.0,0,0,100.0,0,1,100.0,1,1,100.0,0,0,100.0,0,1,100.0,0,0,100.0,0,1,90.0,0,0,100.0,0,0,100.0,0,0,100.0,0,0,100.0,0,0,100.0,0,0,100.0,0,0,100.0,0,1,100.0,0,0,100.0,0,1,100.0,0,0,100.0,0,0,100.0,0,0,100.0,0,0,100.0,0,0,100.0,0,0,100.0,0,0,100.0,0,0,100.0,0,0,100.0,0,0,100.0,0,0,100.0,0,0,100.0,0,0,100.0,0,0,100.0,0,0,100.0,0,0,100.0,0,0,100.0,0,0,100.0,0,0,100.0,0,1,100.0,0,0,100.0,0,0,100.0,0,0,100.0,0,0,100.0,0,,0.0,0,,0.0,0,,0.0,0,,0.0,0,,0.0,0,,0.0,1,,0.0,0,,0.0,0,,0.0,0,,0.0,0,,0.0,0,,0.0,0,,0.0,0,,0.0,0,,0.0,0,,0.0,0,,0.0,0,,0.0,0,,0.0,0,,0.0,0,,0.0,0,,0.0,0,,0.0,0,1,100.0,0,1,100.0,0,0,100.0,0,0,100.0,0,0,100.0,0,0,100.0,0,0,100.0,1.666666667,0,100.0,2,0,100.0,7,4,100.0,0.0,0,100.0,0,0,100.0,-1,4,100.0,2,3,100.0,999,2,100.0,1,2,100.0,2,1,100.0,-1,1,100.0
Ritual273,0,0,100.0,0,0,100.0,0,0,100.0,0,1,100.0,1,1,100.0,0,1,100.0,0,0,100.0,0,0,100.0,0,0,100.0,0,0,100.0,0,0,100.0,0,0,100.0,0,1,100.0,0,1,100.0,0,1,100.0,1,,0.0,999,1,100.0,1,0,100.0,0,0,100.0,0,0,100.0,0,1,100.0,0,0,100.0,0,0,100.0,0,0,100.0,0,0,100.0,999,5,100.0,3,5,100.0,0,0,100.0,0,0,100.0,0,0,100.0,0,0,100.0,0,0,100.0,0,0,100.0,0,0,100.0,0,0,100.0,0,0,100.0,0,0,100.0,0,0,100.0,0,1,100.0,0,1,100.0,0,0,100.0,1,1,100.0,0,0,100.0,0,0,100.0,0,0,100.0,0,0,100.0,0,0,100.0,0,0,100.0,0,1,100.0,0,0,100.0,0,0,100.0,0,1,100.0,0,0,100.0,0,0,100.0,0,0,100.0,0,0,100.0,0,0,100.0,0,0,100.0,0,0,100.0,0,0,100.0,0,0,100.0,0,0,100.0,0,0,100.0,0,0,100.0,0,0,100.0,0,0,100.0,0,0,100.0,0,0,100.0,0,0,100.0,0,0,100.0,0,0,100.0,0,1,100.0,0,0,100.0,0,0,100.0,0,,0.0,0,,0.0,0,,0.0,0,,0.0,0,,0.0,0,,0.0,0,,0.0,0,,0.0,0,,0.0,0,,0.0,0,,0.0,0,,0.0,0,,0.0,0,,0.0,0,,0.0,0,,0.0,0,,0.0,0,,0.0,0,,0.0,0,,0.0,0,,0.0,0,,0.0,0,,0.0,0,0,100.0,0,1,100.0,0,0,100.0,0,0,100.0,0,0,100.0,0,0,100.0,0,1,100.0,1.0,0,100.0,1,0,100.0,2,1,100.0,0.0,0,100.0,0,0,100.0,-1,1,100.0,3,5,100.0,999,3,100.0,1,1,100.0,2,2,100.0,-1,1,100.0
Ritual274,0,0,100.0,0,1,100.0,0,0,100.0,0,1,100.0,0,0,100.0,0,0,100.0,0,0,100.0,0,0,100.0,0,0,100.0,0,1,100.0,0,0,100.0,0,0,100.0,0,0,100.0,0,1,100.0,1,1,100.0,3,,0.0,3,1,100.0,0,0,100.0,0,0,60.0,0,1,60.0,1,1,100.0,0,0,100.0,0,0,100.0,0,0,100.0,0,0,100.0,999,5,100.0,4,5,100.0,0,0,100.0,1,0,100.0,0,1,100.0,0,1,100.0,0,0,100.0,0,0,100.0,0,0,100.0,0,0,100.0,0,0,100.0,0,0,100.0,0,1,100.0,0,1,100.0,0,1,100.0,0,0,100.0,1,1,100.0,0,0,100.0,0,1,100.0,0,0,100.0,0,0,100.0,0,0,100.0,1,1,100.0,0,0,100.0,0,1,100.0,0,0,100.0,0,0,100.0,0,0,100.0,0,0,100.0,0,0,100.0,0,0,100.0,0,0,100.0,0,0,100.0,0,0,100.0,0,0,100.0,0,0,100.0,0,0,100.0,0,0,100.0,0,0,100.0,0,0,100.0,0,0,100.0,0,0,100.0,0,0,100.0,0,0,100.0,0,1,100.0,0,0,100.0,0,0,100.0,0,0,100.0,0,0,100.0,0,,0.0,1,,0.0,0,,0.0,0,,0.0,0,,0.0,0,,0.0,0,,0.0,0,,0.0,0,,0.0,0,,0.0,0,,0.0,0,,0.0,0,,0.0,1,,0.0,0,,0.0,0,,0.0,0,,0.0,0,,0.0,0,,0.0,0,,0.0,0,,0.0,0,,0.0,0,,0.0,0,1,100.0,1,1,100.0,0,1,100.0,0,0,100.0,0,1,100.0,0,0,100.0,0,0,100.0,1.0,5,100.0,1,3,100.0,7,4,100.0,0.0,0,100.0,0,0,100.0,-1,3,100.0,2,5,100.0,999,1,100.0,1,1,100.0,2,1,100.0,-1,1,100.0
Ritual275,0,0,100.0,0,0,100.0,0,0,100.0,1,1,100.0,0,0,100.0,0,1,100.0,0,0,100.0,0,0,100.0,0,0,100.0,0,0,100.0,0,0,100.0,0,0,100.0,0,1,100.0,0,1,100.0,0,1,100.0,3,,0.0,3,3,100.0,0,0,100.0,0,1,100.0,0,0,100.0,0,1,100.0,0,0,100.0,0,0,100.0,1,0,100.0,0,0,100.0,5,5,100.0,5,5,100.0,0,0,100.0,0,0,100.0,0,0,100.0,0,0,100.0,0,0,100.0,0,0,100.0,0,0,100.0,0,0,100.0,0,0,100.0,0,0,100.0,0,0,100.0,0,0,100.0,1,1,100.0,0,0,100.0,0,0,100.0,0,0,100.0,0,0,100.0,0,0,100.0,0,0,100.0,0,0,100.0,0,0,100.0,0,0,100.0,0,0,100.0,0,0,100.0,0,0,100.0,0,0,100.0,0,0,100.0,0,0,100.0,0,0,100.0,0,0,100.0,0,0,100.0,0,0,100.0,0,0,100.0,0,0,100.0,0,0,100.0,0,0,100.0,0,0,100.0,0,0,100.0,0,0,100.0,0,0,100.0,0,0,100.0,0,0,100.0,0,0,80.0,0,0,100.0,0,0,100.0,0,0,100.0,0,0,100.0,0,,0.0,0,,0.0,0,,0.0,0,,0.0,0,,0.0,0,,0.0,0,,0.0,0,,0.0,0,,0.0,0,,0.0,1,,0.0,0,,0.0,0,,0.0,1,,0.0,0,,0.0,0,,0.0,0,,0.0,0,,0.0,0,,0.0,0,,0.0,0,,0.0,0,,0.0,0,,0.0,0,0,60.0,0,1,100.0,0,1,100.0,0,0,100.0,0,0,100.0,0,0,100.0,0,0,100.0,2.333333333,0,100.0,3,0,100.0,7,2,70.0,0.0,0,100.0,0,0,100.0,-1,2,70.0,1,3,100.0,3,2,100.0,1,1,100.0,2,2,100.0,-1,1,100.0
Ritual276,0,0,100.0,0,0,100.0,0,0,100.0,1,1,100.0,0,1,100.0,0,1,100.0,0,0,100.0,0,0,100.0,0,0,100.0,0,0,100.0,0,0,100.0,0,0,100.0,0,1,100.0,0,1,100.0,0,1,100.0,2,,0.0,3,3,100.0,0,0,100.0,0,1,100.0,0,0,100.0,1,1,100.0,0,0,100.0,0,0,100.0,0,0,100.0,0,0,100.0,5,5,100.0,5,5,100.0,0,0,100.0,0,0,100.0,0,0,100.0,0,0,100.0,0,0,100.0,0,0,100.0,0,0,100.0,0,0,100.0,0,0,100.0,0,0,100.0,0,0,100.0,0,0,100.0,0,0,80.0,0,0,100.0,1,1,100.0,0,0,100.0,0,0,100.0,0,0,100.0,0,0,100.0,0,0,100.0,0,0,100.0,0,1,100.0,0,1,100.0,0,0,100.0,0,0,100.0,0,0,100.0,0,0,100.0,0,0,100.0,0,0,100.0,0,0,100.0,0,0,100.0,0,0,100.0,0,0,100.0,0,0,100.0,0,0,100.0,0,0,100.0,0,0,100.0,0,0,100.0,0,0,100.0,0,0,100.0,0,0,100.0,0,0,100.0,0,0,100.0,0,0,100.0,0,0,100.0,0,0,100.0,0,0,100.0,0,,0.0,0,,0.0,1,,0.0,1,,0.0,0,,0.0,0,,0.0,0,,0.0,0,,0.0,0,,0.0,0,,0.0,0,,0.0,1,,0.0,0,,0.0,1,,0.0,0,,0.0,0,,0.0,0,,0.0,0,,0.0,0,,0.0,0,,0.0,0,,0.0,0,,0.0,0,,0.0,0,0,100.0,1,1,100.0,0,1,100.0,0,0,100.0,0,0,100.0,0,0,100.0,0,0,100.0,2.333333333,5,100.0,3,3,100.0,7,4,100.0,0.0,1,100.0,0,2,100.0,-1,2,100.0,3,5,100.0,3,2,100.0,1,2,100.0,2,1,100.0,-1,1,100.0
Ritual277,0,0,100.0,0,0,100.0,0,0,100.0,1,1,100.0,0,0,100.0,0,1,100.0,0,0,100.0,0,0,100.0,0,0,100.0,0,0,100.0,0,0,100.0,0,0,100.0,0,0,100.0,0,1,100.0,0,0,100.0,4,,0.0,3,1,100.0,0,0,100.0,0,0,100.0,0,1,100.0,1,1,100.0,0,0,100.0,0,0,100.0,0,0,100.0,0,0,100.0,6,5,100.0,6,5,100.0,0,0,100.0,1,1,100.0,0,0,100.0,0,0,100.0,0,0,100.0,0,0,100.0,0,0,100.0,0,1,100.0,1,1,100.0,0,0,100.0,0,1,100.0,0,0,100.0,0,1,100.0,0,0,100.0,0,0,100.0,0,0,100.0,0,1,100.0,0,0,100.0,0,0,100.0,0,0,100.0,0,0,100.0,0,1,100.0,0,1,100.0,0,0,100.0,0,0,100.0,0,0,100.0,0,0,100.0,0,0,100.0,0,0,100.0,0,0,100.0,0,0,100.0,0,0,100.0,0,0,100.0,0,0,100.0,0,1,100.0,0,0,100.0,0,0,100.0,0,0,100.0,1,1,100.0,0,1,100.0,0,0,100.0,0,1,100.0,0,1,100.0,0,0,100.0,0,1,100.0,0,0,100.0,0,1,100.0,0,,0.0,0,,0.0,0,,0.0,0,,0.0,0,,0.0,0,,0.0,0,,0.0,0,,0.0,0,,0.0,0,,0.0,0,,0.0,0,,0.0,0,,0.0,0,,0.0,0,,0.0,0,,0.0,0,,0.0,0,,0.0,0,,0.0,0,,0.0,0,,0.0,0,,0.0,0,,0.0,0,0,100.0,1,1,100.0,0,1,100.0,0,0,100.0,0,1,100.0,0,0,100.0,0,1,100.0,3.0,5,100.0,2,3,100.0,2,4,100.0,2.333333333,1,100.0,4,2,100.0,2,2,100.0,2,5,100.0,999,1,100.0,1,3,100.0,2,1,100.0,-1,2,100.0
Ritual278,0,0,100.0,0,0,100.0,0,0,100.0,1,1,100.0,0,0,100.0,0,1,100.0,0,0,100.0,0,0,100.0,0,0,100.0,0,0,100.0,0,0,100.0,0,0,100.0,0,0,100.0,0,1,100.0,0,0,100.0,2,,0.0,1,1,100.0,0,0,100.0,0,0,100.0,0,1,100.0,1,1,100.0,0,0,100.0,0,0,100.0,0,0,100.0,0,1,100.0,6,5,100.0,6,5,100.0,0,0,100.0,0,0,100.0,0,0,100.0,0,0,100.0,0,1,100.0,0,0,100.0,0,0,100.0,0,0,100.0,0,0,100.0,0,0,100.0,0,1,100.0,0,0,100.0,0,1,100.0,0,1,100.0,0,1,100.0,0,0,100.0,0,0,100.0,0,1,100.0,0,0,100.0,0,0,100.0,0,0,100.0,0,1,100.0,0,1,100.0,0,0,100.0,0,0,100.0,0,0,100.0,0,0,100.0,0,1,100.0,0,0,100.0,0,1,100.0,0,1,100.0,0,1,100.0,0,0,100.0,0,0,100.0,0,1,100.0,0,0,100.0,0,0,100.0,0,0,100.0,0,0,100.0,0,1,100.0,0,0,100.0,0,0,100.0,0,1,100.0,0,0,100.0,0,1,100.0,0,0,100.0,0,0,100.0,0,,0.0,0,,0.0,0,,0.0,0,,0.0,0,,0.0,0,,0.0,0,,0.0,0,,0.0,0,,0.0,0,,0.0,0,,0.0,0,,0.0,0,,0.0,0,,0.0,0,,0.0,0,,0.0,0,,0.0,0,,0.0,0,,0.0,0,,0.0,0,,0.0,0,,0.0,0,,0.0,0,0,100.0,0,1,100.0,0,1,100.0,0,0,100.0,0,0,100.0,0,0,100.0,0,1,100.0,1.333333333,5,100.0,1,3,100.0,2,4,100.0,4.0,3,100.0,3,2,100.0,2,2,100.0,4,5,100.0,999,2,100.0,1,2,90.0,2,1,100.0,-1,1,100.0
Ritual279,0,0,100.0,0,0,100.0,0,0,100.0,1,1,100.0,0,0,100.0,0,1,100.0,0,0,100.0,0,0,100.0,0,0,100.0,0,0,100.0,0,0,100.0,0,0,100.0,0,0,100.0,0,1,100.0,0,0,100.0,2,,0.0,999,1,100.0,0,0,100.0,0,0,100.0,0,0,100.0,0,1,100.0,0,0,100.0,0,0,100.0,0,0,100.0,0,0,100.0,7,5,100.0,5,5,100.0,0,0,100.0,0,0,100.0,0,1,100.0,0,0,100.0,0,0,100.0,0,0,100.0,0,0,100.0,0,0,100.0,0,0,100.0,0,0,100.0,0,1,100.0,0,0,100.0,0,1,100.0,0,0,100.0,0,1,100.0,0,1,100.0,0,0,100.0,0,0,100.0,0,0,100.0,0,0,100.0,0,0,100.0,0,1,100.0,0,0,100.0,0,0,100.0,0,0,100.0,0,0,100.0,1,0,100.0,0,0,100.0,0,0,100.0,0,1,100.0,0,0,100.0,0,1,100.0,0,0,100.0,0,0,100.0,0,1,100.0,0,0,100.0,0,0,100.0,0,0,100.0,0,0,100.0,0,0,100.0,0,0,100.0,0,0,100.0,0,0,100.0,0,0,100.0,0,1,100.0,0,0,100.0,0,0,100.0,0,,0.0,0,,0.0,1,,0.0,0,,0.0,0,,0.0,0,,0.0,0,,0.0,0,,0.0,0,,0.0,0,,0.0,0,,0.0,0,,0.0,0,,0.0,0,,0.0,0,,0.0,0,,0.0,0,,0.0,0,,0.0,0,,0.0,0,,0.0,0,,0.0,0,,0.0,0,,0.0,0,0,100.0,0,1,100.0,0,0,100.0,0,0,100.0,0,0,100.0,0,0,100.0,0,1,100.0,1.333333333,0,100.0,2,0,100.0,7,4,100.0,4.0,0,100.0,3,0,100.0,2,4,100.0,4,5,100.0,1,3,100.0,1,2,100.0,2,1,100.0,-1,2,100.0
Ritual280,0,0,100.0,0,0,100.0,0,0,100.0,0,1,100.0,0,0,100.0,0,0,100.0,1,1,100.0,0,0,100.0,0,0,100.0,0,0,100.0,0,0,100.0,0,0,100.0,0,0,100.0,0,0,100.0,0,0,100.0,1,,0.0,3,1,100.0,0,0,100.0,1,1,100.0,0,0,100.0,1,0,100.0,0,0,100.0,0,0,100.0,0,0,100.0,0,0,100.0,7,5,100.0,6,5,100.0,0,0,100.0,1,0,100.0,0,0,100.0,0,0,100.0,0,0,100.0,0,0,100.0,0,0,100.0,0,0,100.0,0,0,100.0,0,0,100.0,0,0,100.0,1,1,100.0,0,1,100.0,0,0,100.0,1,0,100.0,0,0,100.0,0,0,100.0,0,0,100.0,0,0,100.0,0,0,100.0,0,0,100.0,0,0,100.0,0,1,100.0,0,0,100.0,0,0,100.0,0,0,100.0,0,0,100.0,0,0,100.0,0,0,100.0,0,0,100.0,0,0,100.0,0,0,100.0,0,0,100.0,0,0,100.0,0,0,100.0,0,0,100.0,0,0,100.0,0,0,100.0,0,0,100.0,0,0,100.0,0,0,100.0,0,0,100.0,0,1,100.0,0,0,100.0,0,0,100.0,0,0,100.0,0,0,100.0,0,,0.0,1,,0.0,0,,0.0,0,,0.0,0,,0.0,0,,0.0,1,,0.0,0,,0.0,0,,0.0,0,,0.0,0,,0.0,0,,0.0,0,,0.0,1,,0.0,0,,0.0,0,,0.0,0,,0.0,0,,0.0,0,,0.0,0,,0.0,0,,0.0,0,,0.0,0,,0.0,0,1,100.0,1,1,100.0,0,1,100.0,0,0,100.0,0,0,100.0,0,0,100.0,0,0,100.0,2.0,2,100.0,3,3,100.0,2,4,100.0,0.0,1,100.0,0,2,100.0,-1,2,100.0,3,2,100.0,999,3,100.0,1,2,100.0,2,1,100.0,-1,2,100.0
Ritual281,0,0,60.0,0,0,100.0,0,0,100.0,0,1,100.0,0,0,100.0,0,1,100.0,0,0,100.0,0,0,100.0,0,0,100.0,0,1,100.0,0,0,100.0,0,0,100.0,0,0,100.0,0,1,100.0,0,0,100.0,2,,0.0,3,1,100.0,0,0,100.0,0,1,100.0,0,0,100.0,0,1,100.0,0,0,100.0,0,0,100.0,1,0,100.0,0,1,100.0,5,5,100.0,5,5,100.0,0,1,100.0,0,1,100.0,0,1,100.0,1,0,100.0,0,0,100.0,0,0,100.0,0,0,100.0,0,1,100.0,0,0,100.0,0,0,100.0,0,1,100.0,0,1,100.0,0,1,100.0,0,1,100.0,0,1,100.0,0,0,100.0,0,0,100.0,0,1,100.0,0,0,100.0,0,0,100.0,0,0,100.0,0,1,100.0,0,1,100.0,0,0,100.0,0,1,100.0,0,0,100.0,0,0,100.0,0,0,100.0,0,0,100.0,0,0,100.0,0,0,100.0,0,0,100.0,0,0,100.0,0,0,100.0,0,1,100.0,0,0,100.0,0,0,100.0,0,0,100.0,0,0,100.0,0,0,100.0,0,0,100.0,0,0,100.0,0,1,100.0,0,0,100.0,0,1,100.0,0,0,100.0,0,0,100.0,0,1,100.0,0,1,100.0,0,1,100.0,1,0,100.0,0,1,100.0,0,0,100.0,1,1,100.0,0,1,100.0,0,0,100.0,0,0,100.0,0,0,100.0,0,0,100.0,0,0,100.0,1,1,100.0,0,1,100.0,0,0,100.0,0,0,100.0,0,0,100.0,0,1,100.0,0,0,100.0,0,0,100.0,0,0,100.0,0,0,100.0,0,1,100.0,0,1,100.0,0,1,100.0,0,0,100.0,0,1,100.0,0,1,100.0,0,1,100.0,1.666666667,0,100.0,1,0,100.0,3,4,100.0,0.0,0,100.0,0,0,100.0,-1,4,100.0,999,3,100.0,999,2,100.0,1,1,100.0,2,1,100.0,-1,1,100.0
Ritual282,0,0,100.0,0,0,100.0,0,0,100.0,1,1,100.0,0,1,100.0,0,1,100.0,0,0,100.0,0,0,100.0,0,0,100.0,0,1,100.0,0,0,100.0,0,0,100.0,0,1,100.0,0,1,100.0,0,1,100.0,2,,0.0,3,1,100.0,0,0,100.0,0,1,100.0,0,0,100.0,0,1,100.0,0,0,100.0,0,0,100.0,0,0,100.0,0,0,100.0,999,5,100.0,4,5,100.0,0,1,100.0,1,1,100.0,0,1,100.0,0,0,100.0,0,0,100.0,0,0,100.0,0,0,100.0,0,1,100.0,0,0,100.0,0,0,100.0,0,0,100.0,0,0,100.0,0,1,100.0,0,0,100.0,0,0,100.0,0,0,100.0,0,1,100.0,0,0,100.0,0,0,100.0,0,0,100.0,0,1,100.0,0,0,100.0,0,1,100.0,0,0,100.0,0,0,100.0,0,0,100.0,0,0,100.0,0,0,100.0,0,0,100.0,0,0,100.0,0,0,100.0,0,0,100.0,0,0,100.0,0,0,100.0,0,0,100.0,0,0,100.0,0,0,100.0,0,0,100.0,0,0,100.0,0,1,100.0,0,0,100.0,0,1,100.0,0,0,100.0,0,0,100.0,0,0,100.0,0,0,100.0,0,0,100.0,0,,0.0,0,,0.0,0,,0.0,0,,0.0,0,,0.0,0,,0.0,0,,0.0,0,,0.0,0,,0.0,0,,0.0,0,,0.0,0,,0.0,0,,0.0,0,,0.0,0,,0.0,0,,0.0,0,,0.0,0,,0.0,0,,0.0,0,,0.0,0,,0.0,0,,0.0,0,,0.0,0,0,100.0,0,1,100.0,0,0,100.0,0,0,100.0,0,1,100.0,0,0,100.0,0,1,100.0,1.333333333,0,100.0,1,0,100.0,7,4,100.0,0.0,0,100.0,0,0,100.0,-1,5,100.0,999,5,100.0,999,1,100.0,1,1,100.0,2,1,100.0,-1,1,100.0
Ritual283,0,0,100.0,0,0,100.0,0,0,100.0,1,1,100.0,0,1,100.0,0,1,100.0,0,0,100.0,0,0,100.0,1,0,100.0,0,1,100.0,0,0,100.0,0,0,100.0,0,1,100.0,0,1,100.0,0,1,100.0,2,,0.0,3,1,100.0,0,0,100.0,0,1,100.0,0,0,100.0,0,1,100.0,1,0,100.0,0,0,100.0,0,0,100.0,0,0,100.0,5,5,100.0,5,5,100.0,0,1,100.0,0,1,100.0,0,1,100.0,0,0,100.0,1,1,100.0,1,1,100.0,0,0,100.0,0,1,100.0,1,1,100.0,0,0,100.0,0,0,100.0,0,0,100.0,0,1,100.0,0,1,100.0,0,0,100.0,0,0,100.0,0,1,100.0,0,0,100.0,0,0,100.0,0,0,100.0,0,1,100.0,0,0,100.0,0,1,100.0,0,0,100.0,0,0,100.0,0,0,100.0,0,0,100.0,0,0,100.0,0,0,100.0,0,0,100.0,0,0,100.0,0,0,100.0,0,0,100.0,0,0,100.0,0,1,100.0,0,0,100.0,0,0,100.0,0,0,100.0,0,1,100.0,0,1,100.0,0,0,100.0,0,1,100.0,0,0,100.0,0,0,100.0,0,1,100.0,0,0,100.0,0,0,100.0,0,,0.0,0,,0.0,0,,0.0,0,,0.0,0,,0.0,0,,0.0,0,,0.0,0,,0.0,1,,0.0,0,,0.0,0,,0.0,0,,0.0,0,,0.0,0,,0.0,0,,0.0,0,,0.0,1,,0.0,0,,0.0,0,,0.0,0,,0.0,0,,0.0,0,,0.0,0,,0.0,0,1,100.0,0,1,100.0,0,0,100.0,0,0,100.0,0,1,100.0,0,0,100.0,0,1,100.0,1.666666667,5,100.0,3,3,100.0,7,4,100.0,2.333333333,2,100.0,2,2,60.0,3,2,100.0,3,5,100.0,3,1,100.0,1,1,100.0,2,1,100.0,-1,1,100.0
Ritual284,0,,0.0,0,,0.0,0,,0.0,1,,0.0,0,,0.0,0,,0.0,0,,0.0,0,,0.0,0,,0.0,0,,0.0,0,,0.0,0,,0.0,0,,0.0,0,,0.0,0,,0.0,2,,0.0,3,,0.0,0,,0.0,0,,0.0,0,,0.0,0,,0.0,1,,0.0,0,,0.0,0,,0.0,0,,0.0,5,,0.0,5,,0.0,1,,0.0,0,,0.0,0,,0.0,0,,0.0,0,,0.0,1,,0.0,0,,0.0,0,,0.0,0,,0.0,1,,0.0,0,,0.0,0,,0.0,0,,0.0,0,,0.0,0,,0.0,0,,0.0,0,,0.0,0,,0.0,0,,0.0,0,,0.0,1,,0.0,0,,0.0,0,,0.0,0,,0.0,0,,0.0,0,,0.0,0,,0.0,0,,0.0,0,,0.0,0,,0.0,0,,0.0,0,,0.0,0,,0.0,0,,0.0,0,,0.0,0,,0.0,0,,0.0,0,,0.0,0,,0.0,0,,0.0,0,,0.0,0,,0.0,0,,0.0,0,,0.0,0,,0.0,0,,0.0,0,,0.0,0,,0.0,0,,0.0,0,,0.0,0,,0.0,1,,0.0,0,,0.0,0,,0.0,0,,0.0,1,,0.0,0,,0.0,0,,0.0,0,,0.0,0,,0.0,1,,0.0,0,,0.0,0,,0.0,1,,0.0,0,,0.0,0,,0.0,0,,0.0,0,,0.0,0,,0.0,0,,0.0,0,,0.0,1,,0.0,0,,0.0,0,,0.0,0,,0.0,0,,0.0,0,,0.0,2.333333333,,0.0,3,,0.0,7,,0.0,3.333333333,,0.0,4,,0.0,7,,0.0,4,,0.0,3,,0.0,1,,0.0,2,,0.0,-1,,0.0
Ritual285,0,,0.0,0,,0.0,0,,0.0,1,,0.0,0,,0.0,0,,0.0,0,,0.0,0,,0.0,1,,0.0,0,,0.0,0,,0.0,0,,0.0,0,,0.0,0,,0.0,0,,0.0,1,,0.0,3,,0.0,0,,0.0,0,,0.0,0,,0.0,1,,0.0,1,,0.0,0,,0.0,1,,0.0,0,,0.0,3,,0.0,4,,0.0,0,,0.0,0,,0.0,0,,0.0,0,,0.0,0,,0.0,0,,0.0,0,,0.0,0,,0.0,0,,0.0,0,,0.0,0,,0.0,0,,0.0,0,,0.0,0,,0.0,1,,0.0,0,,0.0,0,,0.0,0,,0.0,0,,0.0,0,,0.0,0,,0.0,0,,0.0,0,,0.0,0,,0.0,0,,0.0,0,,0.0,0,,0.0,0,,0.0,0,,0.0,0,,0.0,0,,0.0,0,,0.0,0,,0.0,0,,0.0,0,,0.0,0,,0.0,0,,0.0,0,,0.0,0,,0.0,0,,0.0,0,,0.0,0,,0.0,0,,0.0,0,,0.0,0,,0.0,0,,0.0,0,,0.0,0,,0.0,0,,0.0,0,,0.0,0,,0.0,0,,0.0,0,,0.0,0,,0.0,0,,0.0,1,,0.0,0,,0.0,0,,0.0,0,,0.0,0,,0.0,0,,0.0,0,,0.0,0,,0.0,1,,0.0,0,,0.0,0,,0.0,0,,0.0,0,,0.0,0,,0.0,0,,0.0,0,,0.0,0,,0.0,0,,0.0,0,,0.0,0,,0.0,0,,0.0,0,,0.0,2.666666667,,0.0,2,,0.0,7,,0.0,2.0,,0.0,2,,0.0,4,,0.0,1,,0.0,3,,0.0,1,,0.0,2,,0.0,-1,,0.0
Ritual286,0,11,100.0,0,1,100.0,0,0,100.0,0,1,100.0,0,1,100.0,0,0,100.0,0,1,100.0,0,0,100.0,0,0,100.0,0,0,100.0,1,1,100.0,0,0,100.0,0,0,100.0,0,1,100.0,0,0,100.0,2,,0.0,3,1,100.0,0,0,100.0,1,1,100.0,1,0,100.0,1,1,100.0,0,0,100.0,0,0,100.0,0,0,100.0,0,0,100.0,7,5,100.0,6,5,100.0,0,0,100.0,1,0,100.0,0,0,100.0,0,0,100.0,0,0,100.0,0,0,100.0,0,0,100.0,0,0,100.0,0,0,100.0,0,0,100.0,0,1,100.0,0,1,100.0,0,1,100.0,0,0,100.0,1,1,100.0,0,0,100.0,0,1,50.0,0,0,50.0,0,0,100.0,0,0,100.0,1,1,100.0,0,1,100.0,0,1,100.0,0,0,100.0,0,0,100.0,0,0,100.0,0,0,100.0,0,0,100.0,0,0,100.0,0,0,100.0,0,0,100.0,0,0,100.0,0,0,100.0,0,0,100.0,0,0,100.0,0,0,100.0,0,0,100.0,0,0,100.0,0,0,100.0,0,0,100.0,0,0,100.0,0,0,100.0,0,1,100.0,0,0,100.0,0,1,100.0,0,0,100.0,0,0,100.0,0,0,100.0,0,1,100.0,0,0,100.0,0,0,100.0,0,1,100.0,0,0,100.0,0,1,100.0,0,1,100.0,0,0,100.0,0,0,100.0,0,1,80.0,0,0,100.0,0,0,100.0,1,1,100.0,0,1,100.0,1,1,100.0,0,0,100.0,1,0,100.0,0,1,100.0,0,0,100.0,0,1,50.0,0,0,70.0,0,0,90.0,0,1,100.0,0,1,100.0,0,1,100.0,0,0,100.0,0,1,100.0,0,0,100.0,0,1,100.0,1.333333333,3,100.0,1,3,50.0,7,4,100.0,0.0,1,100.0,0,1,100.0,-1,2,100.0,2,5,100.0,999,2,100.0,1,2,100.0,2,1,100.0,-1,1,100.0
Ritual287,0,0,100.0,0,0,100.0,0,0,100.0,0,1,100.0,0,1,100.0,0,1,100.0,0,0,100.0,0,0,100.0,0,0,100.0,0,1,100.0,0,0,100.0,1,1,100.0,0,1,100.0,0,1,100.0,0,0,100.0,4,,0.0,3,1,100.0,0,0,100.0,1,1,100.0,1,0,100.0,1,1,100.0,0,0,100.0,0,0,100.0,0,0,100.0,0,0,100.0,7,5,100.0,6,5,100.0,0,1,100.0,0,1,100.0,1,1,100.0,1,1,100.0,0,0,100.0,0,0,100.0,1,1,100.0,0,1,100.0,1,1,100.0,1,1,100.0,0,1,100.0,0,1,100.0,1,1,100.0,0,1,100.0,0,1,100.0,0,1,100.0,0,1,100.0,0,0,100.0,0,0,100.0,0,0,100.0,0,1,100.0,0,1,100.0,0,1,100.0,0,0,100.0,0,1,100.0,0,0,100.0,0,0,100.0,0,0,100.0,0,0,100.0,0,0,100.0,0,0,100.0,0,0,100.0,0,0,100.0,0,0,100.0,0,1,100.0,0,0,100.0,0,0,100.0,0,0,100.0,0,0,100.0,0,1,100.0,0,0,100.0,0,0,100.0,0,1,100.0,0,0,100.0,0,1,100.0,0,1,100.0,0,0,100.0,0,1,100.0,0,1,100.0,0,1,100.0,0,0,100.0,0,1,100.0,0,0,100.0,0,1,100.0,1,1,100.0,1,1,100.0,0,0,100.0,0,1,100.0,0,0,100.0,0,0,100.0,0,1,100.0,0,1,100.0,0,1,100.0,1,1,100.0,1,1,100.0,0,1,100.0,0,1,100.0,0,1,100.0,0,1,100.0,0,1,100.0,0,1,100.0,0,1,100.0,0,1,100.0,0,1,100.0,0,1,100.0,0,1,100.0,0,1,100.0,0.0,0,100.0,0,0,100.0,-1,0,100.0,3.333333333,0,100.0,4,0,100.0,7,0,100.0,4,5,100.0,999,2,70.0,1,1,100.0,2,2,100.0,-1,1,100.0
Ritual288,0,0,100.0,0,0,100.0,0,0,100.0,0,1,100.0,0,0,100.0,0,1,100.0,0,0,100.0,0,0,100.0,0,0,100.0,0,0,100.0,0,0,100.0,1,1,100.0,0,1,100.0,0,1,100.0,0,0,100.0,4,,0.0,3,1,100.0,0,0,100.0,1,1,100.0,1,0,100.0,1,1,100.0,0,0,100.0,0,0,100.0,0,0,100.0,0,1,100.0,7,5,100.0,6,5,100.0,1,1,100.0,0,1,100.0,1,1,100.0,1,0,100.0,0,0,100.0,0,1,100.0,0,0,100.0,0,1,100.0,1,0,100.0,1,1,100.0,0,0,100.0,0,1,100.0,0,1,100.0,0,0,100.0,0,1,100.0,0,0,100.0,0,0,100.0,0,0,100.0,0,0,100.0,0,0,100.0,0,1,100.0,0,0,100.0,0,1,100.0,0,0,100.0,0,0,100.0,0,0,100.0,0,0,100.0,0,0,100.0,0,0,100.0,0,0,100.0,0,0,100.0,0,0,100.0,0,0,100.0,0,0,100.0,0,1,100.0,0,0,100.0,0,0,100.0,0,0,100.0,0,0,100.0,1,1,100.0,0,0,100.0,0,0,100.0,0,1,100.0,0,0,100.0,0,1,100.0,0,1,100.0,0,0,100.0,0,,0.0,0,,0.0,1,,0.0,0,,0.0,0,,0.0,0,,0.0,0,,0.0,0,,0.0,1,,0.0,0,,0.0,0,,0.0,1,,0.0,0,,0.0,0,,0.0,0,,0.0,0,,0.0,0,,0.0,0,,0.0,0,,0.0,0,,0.0,0,,0.0,0,,0.0,0,,0.0,0,1,100.0,0,1,100.0,0,1,100.0,0,0,100.0,0,1,100.0,0,0,100.0,0,1,100.0,4.0,5,100.0,4,4,100.0,7,4,100.0,2.333333333,4,100.0,1,4,100.0,7,4,100.0,4,5,100.0,999,2,100.0,1,2,100.0,2,1,100.0,-1,2,100.0
Ritual289,0,,0.0,0,,0.0,0,,0.0,0,,0.0,0,,0.0,0,,0.0,0,,0.0,0,,0.0,0,,0.0,0,,0.0,0,,0.0,1,,0.0,0,,0.0,0,,0.0,0,,0.0,2,,0.0,3,,0.0,0,,0.0,1,,0.0,1,,0.0,1,,0.0,0,,0.0,0,,0.0,0,,0.0,0,,0.0,7,,0.0,6,,0.0,1,,0.0,0,,0.0,0,,0.0,0,,0.0,0,,0.0,0,,0.0,0,,0.0,0,,0.0,0,,0.0,0,,0.0,0,,0.0,0,,0.0,1,,0.0,0,,0.0,0,,0.0,0,,0.0,0,,0.0,0,,0.0,0,,0.0,0,,0.0,0,,0.0,0,,0.0,0,,0.0,0,,0.0,0,,0.0,0,,0.0,0,,0.0,0,,0.0,0,,0.0,0,,0.0,0,,0.0,0,,0.0,0,,0.0,0,,0.0,0,,0.0,0,,0.0,0,,0.0,0,,0.0,0,,0.0,0,,0.0,0,,0.0,0,,0.0,0,,0.0,0,,0.0,0,,0.0,0,,0.0,0,,0.0,0,,0.0,0,,0.0,1,,0.0,0,,0.0,0,,0.0,0,,0.0,0,,0.0,1,,0.0,0,,0.0,0,,0.0,0,,0.0,0,,0.0,0,,0.0,0,,0.0,0,,0.0,0,,0.0,0,,0.0,1,,0.0,0,,0.0,0,,0.0,0,,0.0,0,,0.0,0,,0.0,0,,0.0,0,,0.0,0,,0.0,0,,0.0,0,,0.0,0,,0.0,0,,0.0,2.666666667,,0.0,2,,0.0,7,,0.0,2.666666667,,0.0,1,,0.0,1,,0.0,3,,0.0,999,,0.0,1,,0.0,2,,0.0,-1,,0.0
Ritual290,0,,0.0,0,,0.0,0,,0.0,1,,0.0,0,,0.0,0,,0.0,0,,0.0,0,,0.0,0,,0.0,0,,0.0,0,,0.0,1,,0.0,0,,0.0,0,,0.0,0,,0.0,1,,0.0,3,,0.0,0,,0.0,0,,0.0,0,,0.0,1,,0.0,0,,0.0,0,,0.0,0,,0.0,0,,0.0,999,,0.0,6,,0.0,0,,0.0,0,,0.0,0,,0.0,0,,0.0,1,,0.0,0,,0.0,0,,0.0,0,,0.0,0,,0.0,0,,0.0,0,,0.0,0,,0.0,0,,0.0,0,,0.0,0,,0.0,0,,0.0,0,,0.0,0,,0.0,0,,0.0,0,,0.0,0,,0.0,0,,0.0,0,,0.0,0,,0.0,0,,0.0,0,,0.0,0,,0.0,0,,0.0,0,,0.0,0,,0.0,0,,0.0,0,,0.0,0,,0.0,0,,0.0,0,,0.0,0,,0.0,0,,0.0,0,,0.0,0,,0.0,0,,0.0,0,,0.0,0,,0.0,0,,0.0,0,,0.0,0,,0.0,0,,0.0,0,,0.0,0,,0.0,0,,0.0,0,,0.0,0,,0.0,0,,0.0,0,,0.0,0,,0.0,0,,0.0,1,,0.0,0,,0.0,0,,0.0,0,,0.0,0,,0.0,0,,0.0,0,,0.0,0,,0.0,0,,0.0,1,,0.0,0,,0.0,0,,0.0,0,,0.0,0,,0.0,0,,0.0,0,,0.0,0,,0.0,0,,0.0,0,,0.0,0,,0.0,0,,0.0,0,,0.0,1.666666667,,0.0,1,,0.0,1,,0.0,1.666666667,,0.0,1,,0.0,1,,0.0,999,,0.0,999,,0.0,1,,0.0,2,,0.0,-1,,0.0
Ritual291,0,,0.0,0,,0.0,0,,0.0,1,,0.0,0,,0.0,0,,0.0,0,,0.0,0,,0.0,0,,0.0,0,,0.0,0,,0.0,0,,0.0,0,,0.0,0,,0.0,0,,0.0,2,,0.0,3,,0.0,0,,0.0,0,,0.0,0,,0.0,0,,0.0,1,,0.0,0,,0.0,0,,0.0,0,,0.0,5,,0.0,5,,0.0,0,,0.0,0,,0.0,0,,0.0,0,,0.0,0,,0.0,0,,0.0,0,,0.0,0,,0.0,0,,0.0,0,,0.0,0,,0.0,0,,0.0,0,,0.0,0,,0.0,0,,0.0,0,,0.0,0,,0.0,0,,0.0,0,,0.0,0,,0.0,0,,0.0,0,,0.0,0,,0.0,0,,0.0,0,,0.0,0,,0.0,0,,0.0,0,,0.0,0,,0.0,0,,0.0,0,,0.0,0,,0.0,0,,0.0,0,,0.0,0,,0.0,0,,0.0,0,,0.0,0,,0.0,0,,0.0,0,,0.0,0,,0.0,0,,0.0,0,,0.0,0,,0.0,0,,0.0,0,,0.0,0,,0.0,0,,0.0,0,,0.0,0,,0.0,0,,0.0,0,,0.0,1,,0.0,0,,0.0,0,,0.0,0,,0.0,0,,0.0,0,,0.0,0,,0.0,0,,0.0,0,,0.0,0,,0.0,0,,0.0,0,,0.0,0,,0.0,0,,0.0,0,,0.0,0,,0.0,0,,0.0,0,,0.0,1,,0.0,0,,0.0,0,,0.0,0,,0.0,0,,0.0,0,,0.0,0,,0.0,2.666666667,,0.0,4,,0.0,7,,0.0,0.0,,0.0,0,,0.0,-1,,0.0,3,,0.0,999,,0.0,1,,0.0,2,,0.0,-1,,0.0
Ritual292,0,,0.0,0,,0.0,0,,0.0,1,,0.0,0,,0.0,0,,0.0,0,,0.0,0,,0.0,0,,0.0,0,,0.0,0,,0.0,0,,0.0,0,,0.0,0,,0.0,0,,0.0,3,,0.0,3,,0.0,0,,0.0,0,,0.0,0,,0.0,0,,0.0,1,,0.0,0,,0.0,0,,0.0,0,,0.0,4,,0.0,4,,0.0,1,,0.0,1,,0.0,1,,0.0,0,,0.0,0,,0.0,0,,0.0,0,,0.0,0,,0.0,0,,0.0,0,,0.0,0,,0.0,0,,0.0,0,,0.0,0,,0.0,0,,0.0,0,,0.0,0,,0.0,0,,0.0,0,,0.0,0,,0.0,0,,0.0,0,,0.0,0,,0.0,0,,0.0,1,,0.0,0,,0.0,0,,0.0,0,,0.0,0,,0.0,0,,0.0,0,,0.0,0,,0.0,0,,0.0,0,,0.0,0,,0.0,0,,0.0,0,,0.0,0,,0.0,0,,0.0,0,,0.0,0,,0.0,0,,0.0,0,,0.0,0,,0.0,0,,0.0,0,,0.0,0,,0.0,0,,0.0,0,,0.0,0,,0.0,0,,0.0,0,,0.0,0,,0.0,0,,0.0,0,,0.0,0,,0.0,0,,0.0,0,,0.0,0,,0.0,0,,0.0,1,,0.0,0,,0.0,0,,0.0,0,,0.0,0,,0.0,0,,0.0,0,,0.0,0,,0.0,0,,0.0,0,,0.0,0,,0.0,1,,0.0,0,,0.0,0,,0.0,0,,0.0,0,,0.0,0,,0.0,3.0,,0.0,2,,0.0,-1,,0.0,0.0,,0.0,0,,0.0,-1,,0.0,2,,0.0,999,,0.0,1,,0.0,2,,0.0,-1,,0.0
Ritual293,0,0,100.0,0,0,100.0,0,0,100.0,1,1,100.0,0,1,100.0,1,0,100.0,0,0,100.0,0,0,100.0,0,0,100.0,0,0,100.0,0,0,100.0,0,0,100.0,0,1,100.0,0,1,100.0,0,0,100.0,2,,0.0,3,1,100.0,0,0,100.0,0,1,100.0,0,0,100.0,0,1,100.0,0,0,100.0,0,0,100.0,0,0,100.0,0,0,100.0,4,5,100.0,4,5,100.0,0,0,100.0,1,0,100.0,0,0,100.0,0,1,100.0,0,0,100.0,0,0,100.0,0,0,100.0,0,1,100.0,0,0,100.0,0,0,100.0,0,0,100.0,0,0,100.0,0,1,100.0,0,0,100.0,0,0,100.0,0,0,100.0,0,0,100.0,0,0,100.0,0,0,100.0,0,0,100.0,0,0,100.0,0,0,100.0,0,1,100.0,0,0,100.0,0,0,100.0,0,0,100.0,0,0,100.0,0,0,100.0,0,0,100.0,0,0,100.0,0,0,100.0,0,0,100.0,0,0,100.0,0,0,100.0,0,0,100.0,0,0,100.0,0,0,100.0,0,0,100.0,0,0,100.0,0,1,100.0,0,0,100.0,0,0,100.0,0,0,100.0,0,0,100.0,0,1,100.0,0,0,100.0,0,0,100.0,0,,0.0,0,,0.0,0,,0.0,0,,0.0,0,,0.0,0,,0.0,0,,0.0,0,,0.0,0,,0.0,0,,0.0,0,,0.0,0,,0.0,0,,0.0,0,,0.0,0,,0.0,0,,0.0,0,,0.0,0,,0.0,0,,0.0,0,,0.0,0,,0.0,0,,0.0,1,,0.0,0,0,100.0,0,1,100.0,0,1,100.0,0,0,100.0,0,0,100.0,0,1,100.0,0,1,100.0,0.0,0,100.0,0,0,100.0,-1,7,100.0,2.666666667,0,100.0,2,0,100.0,2,7,100.0,1,1,60.0,999,2,70.0,1,2,100.0,2,1,100.0,-1,1,100.0
Ritual294,0,0,100.0,0,0,100.0,0,0,100.0,1,1,100.0,1,1,100.0,0,1,100.0,0,0,100.0,0,0,100.0,0,0,100.0,0,0,100.0,0,0,100.0,0,0,100.0,0,1,100.0,0,1,100.0,0,0,100.0,2,,0.0,3,1,100.0,0,0,100.0,0,0,100.0,0,1,100.0,0,1,100.0,1,0,100.0,0,0,100.0,0,0,100.0,0,0,100.0,5,5,100.0,5,5,100.0,1,1,100.0,1,1,100.0,0,1,100.0,0,0,100.0,1,0,100.0,0,1,100.0,0,0,100.0,0,1,100.0,1,1,100.0,0,0,100.0,0,1,100.0,0,1,100.0,0,1,100.0,0,1,100.0,0,0,100.0,0,0,100.0,0,0,100.0,0,0,100.0,0,0,100.0,0,0,100.0,0,0,100.0,0,1,100.0,0,1,100.0,0,0,100.0,0,1,100.0,1,0,100.0,0,0,100.0,0,0,100.0,0,0,100.0,0,0,100.0,0,0,100.0,0,0,100.0,0,0,100.0,0,0,100.0,0,1,100.0,0,0,100.0,0,0,100.0,0,0,100.0,0,0,100.0,0,1,100.0,0,0,100.0,0,0,100.0,0,1,100.0,0,1,100.0,1,1,100.0,0,0,100.0,0,1,100.0,0,1,100.0,1,0,80.0,0,0,100.0,0,0,100.0,0,1,100.0,0,0,100.0,0,1,100.0,0,0,100.0,0,0,100.0,0,0,100.0,0,0,100.0,0,1,100.0,0,0,100.0,1,1,100.0,0,0,100.0,0,0,100.0,0,0,100.0,0,0,100.0,0,1,100.0,0,0,100.0,0,0,100.0,0,0,100.0,0,0,100.0,0,1,100.0,1,1,100.0,1,1,100.0,0,0,100.0,0,0,100.0,0,0,100.0,0,1,100.0,3.0,2,100.0,3,3,100.0,3,4,100.0,2.0,3,100.0,2,2,100.0,3,7,100.0,999,5,100.0,1,1,100.0,1,2,100.0,2,1,100.0,-1,1,100.0
Ritual295,0,0,100.0,0,0,100.0,0,0,100.0,0,1,100.0,0,0,100.0,0,1,100.0,0,0,100.0,0,0,100.0,0,0,100.0,1,1,100.0,0,0,100.0,0,0,100.0,0,0,50.0,0,1,100.0,0,0,100.0,1,,0.0,3,3,100.0,0,0,100.0,0,1,100.0,0,0,100.0,1,1,100.0,1,0,100.0,0,0,100.0,0,0,100.0,0,0,100.0,5,5,100.0,2,5,100.0,0,0,100.0,0,1,100.0,0,0,100.0,0,1,100.0,0,0,100.0,0,0,100.0,0,0,100.0,0,1,100.0,0,0,100.0,0,0,100.0,0,0,100.0,0,0,100.0,0,1,100.0,0,0,100.0,0,0,100.0,0,0,100.0,0,0,100.0,0,0,100.0,0,0,100.0,0,0,100.0,0,0,100.0,0,0,100.0,0,1,100.0,0,0,100.0,0,1,100.0,0,0,100.0,0,0,100.0,0,0,100.0,0,0,100.0,0,0,100.0,0,0,100.0,0,0,100.0,0,0,100.0,0,0,100.0,0,0,100.0,0,0,100.0,0,0,100.0,0,0,100.0,0,0,100.0,0,0,100.0,0,0,100.0,0,0,100.0,0,0,100.0,0,0,100.0,0,0,100.0,0,0,100.0,0,0,100.0,0,0,100.0,0,1,100.0,0,1,100.0,0,0,100.0,0,1,100.0,0,0,100.0,0,0,100.0,0,1,100.0,0,0,100.0,0,0,100.0,0,1,100.0,0,0,100.0,0,0,100.0,1,1,100.0,0,1,100.0,0,0,100.0,0,0,100.0,0,1,100.0,0,1,100.0,0,0,100.0,0,0,100.0,0,0,100.0,0,1,70.0,0,1,100.0,0,1,100.0,0,1,100.0,0,0,100.0,0,0,100.0,0,0,100.0,0,1,100.0,1.0,0,100.0,1,0,100.0,7,4,100.0,0.0,0,100.0,0,0,100.0,-1,0,100.0,1,1,100.0,999,2,100.0,1,1,100.0,2,2,100.0,-1,1,100.0
Ritual296,0,0,100.0,0,0,100.0,0,0,100.0,0,1,100.0,0,0,100.0,0,1,100.0,0,0,100.0,0,0,100.0,0,0,100.0,0,0,100.0,0,0,100.0,1,1,100.0,0,1,100.0,0,1,100.0,0,0,100.0,2,,0.0,3,1,100.0,0,0,100.0,0,1,100.0,1,0,100.0,1,1,100.0,0,0,100.0,0,0,100.0,0,0,100.0,0,0,100.0,7,5,100.0,6,5,100.0,0,0,100.0,0,0,100.0,0,1,100.0,0,0,100.0,0,1,100.0,0,0,100.0,0,1,100.0,0,1,100.0,1,1,100.0,0,0,100.0,0,1,100.0,0,1,100.0,0,1,100.0,0,1,100.0,0,0,100.0,0,0,100.0,0,1,100.0,0,0,100.0,0,0,100.0,0,0,100.0,0,0,100.0,0,0,100.0,0,1,100.0,0,0,100.0,0,0,100.0,0,0,100.0,0,0,100.0,0,0,100.0,0,0,100.0,0,0,100.0,0,0,100.0,0,0,100.0,0,0,100.0,0,0,100.0,0,0,100.0,0,0,100.0,0,0,100.0,0,0,100.0,0,0,100.0,0,1,100.0,0,0,100.0,0,0,100.0,0,1,100.0,0,1,100.0,0,1,100.0,0,0,100.0,0,0,100.0,0,,0.0,0,,0.0,0,,0.0,0,,0.0,0,,0.0,0,,0.0,0,,0.0,0,,0.0,0,,0.0,0,,0.0,0,,0.0,0,,0.0,0,,0.0,1,,0.0,0,,0.0,0,,0.0,0,,0.0,0,,0.0,0,,0.0,0,,0.0,0,,0.0,0,,0.0,0,,0.0,0,0,100.0,0,1,100.0,0,1,100.0,0,0,100.0,0,0,100.0,0,1,100.0,0,1,100.0,1.666666667,0,100.0,1,0,100.0,7,3,100.0,3.0,0,100.0,3,0,100.0,7,2,100.0,999,3,100.0,999,2,100.0,1,2,100.0,2,1,100.0,-1,1,100.0
Ritual297,0,0,100.0,0,0,100.0,0,0,100.0,0,1,100.0,0,1,100.0,0,0,100.0,0,0,100.0,0,0,100.0,0,0,100.0,0,0,100.0,0,0,100.0,1,1,100.0,0,1,100.0,0,1,100.0,0,1,100.0,2,,0.0,3,1,100.0,0,0,100.0,0,1,100.0,1,0,100.0,1,1,100.0,0,0,100.0,0,0,100.0,0,0,100.0,0,0,100.0,7,5,100.0,6,5,100.0,0,0,100.0,0,0,100.0,0,0,100.0,0,0,100.0,0,1,100.0,0,0,100.0,0,1,100.0,0,0,100.0,0,0,100.0,0,0,100.0,0,0,100.0,0,0,100.0,0,1,100.0,0,0,100.0,0,0,100.0,0,0,100.0,0,0,100.0,0,1,100.0,0,0,100.0,0,0,100.0,0,0,100.0,0,1,100.0,0,0,100.0,0,0,100.0,0,0,100.0,0,0,100.0,0,0,100.0,0,0,100.0,0,0,100.0,0,0,100.0,0,0,100.0,0,0,100.0,0,0,100.0,0,0,100.0,0,0,100.0,0,0,100.0,0,0,100.0,0,0,100.0,0,0,100.0,0,1,100.0,0,0,100.0,0,0,100.0,0,1,100.0,0,0,100.0,0,1,100.0,0,0,100.0,0,0,100.0,0,0,100.0,0,1,100.0,0,1,100.0,0,0,100.0,0,1,100.0,0,0,100.0,0,0,100.0,0,0,100.0,0,0,100.0,0,0,100.0,0,1,100.0,0,0,100.0,0,0,100.0,1,1,100.0,0,1,100.0,0,1,100.0,0,0,100.0,0,1,100.0,0,1,100.0,0,0,100.0,0,1,100.0,0,0,100.0,0,1,100.0,0,0,100.0,1,1,100.0,0,0,100.0,0,0,100.0,0,0,100.0,0,1,100.0,0,1,100.0,3.0,0,100.0,3,0,100.0,7,2,100.0,1.666666667,0,100.0,1,0,100.0,7,2,100.0,2,5,100.0,999,2,100.0,1,1,100.0,2,2,100.0,-1,2,100.0
Ritual298,0,0,100.0,0,0,100.0,0,0,100.0,1,1,100.0,0,0,100.0,0,1,100.0,0,0,100.0,0,0,100.0,0,0,100.0,0,0,100.0,0,0,100.0,0,1,100.0,0,1,100.0,0,1,100.0,0,0,100.0,2,,0.0,3,1,100.0,0,0,100.0,0,1,100.0,0,0,100.0,1,1,100.0,0,0,100.0,0,0,100.0,0,0,100.0,0,0,100.0,999,5,100.0,3,5,100.0,0,0,100.0,0,0,100.0,0,0,100.0,0,0,100.0,0,0,100.0,0,0,100.0,0,0,100.0,0,0,100.0,0,0,100.0,0,0,100.0,0,0,100.0,0,0,100.0,0,1,100.0,0,0,100.0,0,0,100.0,0,0,100.0,0,0,100.0,0,0,100.0,0,0,100.0,0,0,100.0,0,0,100.0,0,1,100.0,0,1,100.0,0,0,100.0,0,1,100.0,0,0,100.0,0,0,100.0,0,0,100.0,0,0,100.0,0,0,100.0,0,0,100.0,0,0,100.0,0,0,100.0,0,0,100.0,0,0,100.0,0,0,100.0,0,0,100.0,0,0,100.0,0,0,100.0,0,0,100.0,0,0,100.0,0,0,100.0,0,0,100.0,0,0,100.0,0,0,100.0,0,0,100.0,0,0,100.0,0,,0.0,0,,0.0,0,,0.0,0,,0.0,0,,0.0,0,,0.0,0,,0.0,0,,0.0,0,,0.0,0,,0.0,0,,0.0,0,,0.0,0,,0.0,1,,0.0,0,,0.0,0,,0.0,0,,0.0,0,,0.0,0,,0.0,0,,0.0,0,,0.0,0,,0.0,0,,0.0,0,1,100.0,0,1,100.0,0,0,100.0,0,1,100.0,0,0,100.0,0,0,100.0,0,1,100.0,1.0,0,100.0,1,0,100.0,7,4,100.0,0.0,0,100.0,0,0,100.0,-1,4,100.0,999,3,100.0,3,2,100.0,1,2,100.0,2,2,100.0,-1,1,100.0
Ritual299,0,0,100.0,0,0,100.0,0,0,100.0,0,1,100.0,0,0,100.0,0,1,100.0,0,0,100.0,0,0,100.0,0,0,100.0,1,0,100.0,0,0,100.0,0,0,100.0,1,1,100.0,0,1,100.0,0,0,100.0,4,,0.0,3,1,60.0,0,0,100.0,0,1,100.0,0,0,100.0,0,1,100.0,1,0,100.0,1,0,100.0,0,0,100.0,0,1,100.0,6,5,100.0,6,5,100.0,0,0,100.0,0,0,100.0,0,0,100.0,0,0,100.0,0,1,100.0,0,1,100.0,0,0,100.0,0,1,100.0,1,0,100.0,0,0,100.0,0,0,100.0,0,0,100.0,0,1,100.0,0,0,100.0,0,0,100.0,0,0,100.0,0,0,100.0,0,0,100.0,0,0,100.0,0,0,100.0,0,0,100.0,0,0,100.0,0,1,100.0,0,0,100.0,0,0,100.0,0,0,100.0,0,0,100.0,0,0,100.0,0,0,100.0,0,0,100.0,0,0,100.0,0,0,100.0,0,0,100.0,0,0,100.0,0,0,100.0,0,0,100.0,0,0,100.0,0,0,100.0,0,0,100.0,0,1,80.0,0,0,100.0,0,0,100.0,0,1,100.0,0,0,100.0,0,1,100.0,0,0,100.0,0,0,100.0,0,,0.0,0,,0.0,1,,0.0,0,,0.0,0,,0.0,0,,0.0,0,,0.0,0,,0.0,0,,0.0,0,,0.0,0,,0.0,0,,0.0,0,,0.0,1,,0.0,1,,0.0,0,,0.0,0,,0.0,0,,0.0,0,,0.0,0,,0.0,0,,0.0,0,,0.0,1,,0.0,0,1,100.0,0,1,100.0,0,1,100.0,0,0,100.0,0,0,100.0,0,1,100.0,0,0,100.0,1.666666667,5,100.0,2,3,100.0,7,4,100.0,1.666666667,2,100.0,2,3,60.0,7,2,100.0,999,5,100.0,999,2,100.0,1,1,100.0,2,2,100.0,-1,1,100.0
Ritual300,0,0,100.0,0,0,100.0,0,1,100.0,0,1,100.0,0,0,100.0,0,1,100.0,0,0,100.0,0,0,100.0,0,1,100.0,0,0,100.0,0,0,100.0,1,1,100.0,0,1,100.0,0,1,100.0,0,0,100.0,2,,0.0,3,1,100.0,0,0,100.0,1,1,100.0,0,0,100.0,0,1,100.0,0,0,100.0,0,0,100.0,0,0,100.0,0,1,100.0,7,5,100.0,6,5,100.0,1,0,100.0,1,1,100.0,0,0,100.0,0,0,100.0,0,1,100.0,0,0,100.0,0,1,100.0,0,0,100.0,0,1,100.0,0,0,100.0,0,1,100.0,0,0,100.0,0,1,100.0,0,1,100.0,0,0,100.0,0,0,100.0,0,0,100.0,0,0,100.0,0,0,100.0,0,0,100.0,0,0,100.0,0,1,100.0,0,1,100.0,0,0,100.0,0,1,100.0,0,0,100.0,0,0,100.0,0,0,100.0,0,0,100.0,0,0,100.0,0,0,100.0,0,0,100.0,0,0,100.0,0,0,100.0,0,1,100.0,0,0,100.0,0,0,100.0,0,0,100.0,0,0,100.0,0,1,100.0,0,0,100.0,0,0,100.0,0,1,100.0,0,0,100.0,0,1,100.0,0,0,100.0,0,0,100.0,0,0,100.0,0,0,100.0,0,0,100.0,0,0,100.0,0,1,100.0,0,0,100.0,0,1,100.0,0,1,100.0,0,0,100.0,0,0,100.0,0,1,100.0,0,0,100.0,0,0,100.0,0,1,100.0,0,0,100.0,0,0,100.0,0,1,100.0,0,0,100.0,0,1,100.0,0,1,100.0,0,1,100.0,0,1,100.0,0,1,100.0,0,0,100.0,0,1,100.0,0,0,100.0,0,0,100.0,0,0,100.0,0,0,100.0,0,0,100.0,1.0,1,100.0,1,2,50.0,3,4,100.0,3.0,3,100.0,3,2,50.0,3,2,100.0,3,1,100.0,999,3,100.0,1,1,100.0,2,1,100.0,-1,1,100.0
Ritual301,0,0,100.0,0,0,100.0,0,0,100.0,0,1,100.0,0,0,80.0,0,1,80.0,0,1,100.0,0,0,100.0,0,1,100.0,0,1,100.0,1,1,100.0,0,0,100.0,0,0,100.0,0,1,100.0,0,0,100.0,4,,0.0,3,1,90.0,0,0,100.0,1,0,90.0,1,1,100.0,0,0,100.0,0,0,100.0,0,0,100.0,0,0,100.0,0,1,100.0,7,5,100.0,6,5,100.0,0,0,100.0,1,1,100.0,0,0,100.0,0,0,100.0,0,0,100.0,0,0,100.0,0,0,100.0,0,0,100.0,0,0,100.0,0,0,100.0,0,0,100.0,0,1,100.0,0,1,100.0,0,1,100.0,0,0,100.0,0,1,100.0,0,0,100.0,0,0,100.0,0,0,100.0,0,0,100.0,0,0,100.0,0,1,100.0,0,1,100.0,0,0,100.0,0,0,100.0,0,0,100.0,0,0,100.0,0,0,100.0,0,0,100.0,0,0,100.0,0,0,100.0,0,0,100.0,0,0,100.0,0,0,100.0,0,1,100.0,0,0,100.0,0,0,100.0,0,0,100.0,0,0,100.0,0,1,100.0,0,0,100.0,0,0,100.0,0,1,100.0,0,0,100.0,0,1,100.0,0,0,100.0,0,0,100.0,0,,0.0,1,,0.0,0,,0.0,0,,0.0,0,,0.0,0,,0.0,0,,0.0,0,,0.0,0,,0.0,0,,0.0,0,,0.0,0,,0.0,0,,0.0,0,,0.0,0,,0.0,0,,0.0,0,,0.0,0,,0.0,0,,0.0,0,,0.0,0,,0.0,0,,0.0,0,,0.0,0,1,100.0,0,1,100.0,0,1,100.0,0,0,100.0,0,1,100.0,0,1,100.0,0,0,100.0,2.0,5,100.0,2,4,90.0,3,4,100.0,0.0,2,90.0,0,3,70.0,-1,2,100.0,2,5,100.0,999,1,100.0,1,1,100.0,2,2,100.0,-1,1,70.0
Ritual302,0,0,100.0,0,0,100.0,0,0,100.0,0,1,100.0,0,0,100.0,0,1,100.0,1,1,100.0,0,0,100.0,0,1,100.0,0,0,100.0,0,0,100.0,0,0,100.0,0,0,100.0,0,1,100.0,0,1,100.0,3,,0.0,3,1,100.0,0,0,100.0,0,1,100.0,0,0,100.0,1,1,100.0,0,0,100.0,0,0,100.0,0,0,100.0,0,0,100.0,7,5,100.0,6,5,100.0,0,1,100.0,1,1,100.0,0,0,100.0,0,0,100.0,0,0,100.0,0,0,100.0,0,0,100.0,0,1,100.0,0,0,100.0,0,0,100.0,0,1,100.0,0,1,100.0,0,1,100.0,0,1,100.0,0,0,100.0,0,1,100.0,0,1,100.0,0,0,60.0,0,0,100.0,0,0,100.0,0,1,100.0,0,1,100.0,0,1,100.0,1,0,100.0,0,1,100.0,0,0,100.0,0,0,100.0,0,0,100.0,0,0,100.0,0,1,100.0,0,0,100.0,0,0,100.0,0,0,100.0,0,0,100.0,0,1,100.0,0,1,100.0,0,1,100.0,0,1,80.0,0,0,100.0,0,1,100.0,0,0,100.0,0,0,100.0,0,1,100.0,0,1,100.0,0,1,100.0,0,1,100.0,0,1,100.0,0,1,100.0,0,1,100.0,0,1,100.0,1,0,100.0,0,1,100.0,0,0,100.0,0,1,100.0,0,0,100.0,0,0,100.0,0,0,100.0,0,0,100.0,1,1,100.0,0,0,100.0,1,1,100.0,0,0,100.0,0,1,100.0,0,0,100.0,0,1,100.0,1,1,100.0,0,0,100.0,0,1,100.0,0,0,100.0,0,1,100.0,0,1,100.0,0,1,100.0,0,1,100.0,0,1,100.0,0,1,100.0,0,1,100.0,0,1,60.0,3.666666667,5,100.0,4,3,70.0,2,2,60.0,4.0,4,60.0,4,3,60.0,2,1,50.0,5,5,100.0,999,2,100.0,1,1,100.0,2,2,100.0,-1,2,100.0
Ritual303,0,0,100.0,0,0,100.0,0,0,100.0,1,1,100.0,0,1,100.0,0,0,100.0,0,0,100.0,0,0,100.0,0,1,100.0,0,0,100.0,0,0,100.0,0,0,100.0,0,1,100.0,0,1,100.0,0,0,100.0,4,,0.0,3,1,100.0,0,0,100.0,0,1,100.0,0,0,100.0,0,0,70.0,1,0,100.0,0,0,100.0,0,0,100.0,0,0,100.0,999,5,100.0,4,5,100.0,1,1,100.0,1,1,100.0,0,1,100.0,1,1,100.0,0,0,100.0,0,0,100.0,0,0,100.0,0,1,100.0,1,0,100.0,0,0,100.0,1,1,100.0,0,1,100.0,0,1,100.0,0,0,100.0,1,1,100.0,0,1,100.0,0,0,100.0,0,1,100.0,0,0,100.0,0,0,100.0,0,0,100.0,0,1,100.0,0,1,100.0,0,0,100.0,0,0,100.0,0,0,100.0,0,0,100.0,0,0,100.0,0,0,100.0,0,0,100.0,0,0,100.0,0,0,100.0,0,0,100.0,0,0,100.0,0,0,100.0,0,0,100.0,0,0,100.0,0,0,100.0,1,0,100.0,0,1,100.0,0,0,100.0,0,0,100.0,0,1,100.0,0,0,100.0,0,1,100.0,0,0,100.0,0,0,100.0,0,,0.0,0,,0.0,1,,0.0,0,,0.0,0,,0.0,0,,0.0,1,,0.0,1,,0.0,0,,0.0,0,,0.0,0,,0.0,0,,0.0,0,,0.0,0,,0.0,0,,0.0,0,,0.0,0,,0.0,0,,0.0,0,,0.0,0,,0.0,0,,0.0,0,,0.0,0,,0.0,0,0,100.0,0,1,100.0,0,1,100.0,0,0,100.0,0,0,100.0,1,0,100.0,0,1,100.0,3.333333333,2,100.0,3,3,100.0,7,4,100.0,0.0,1,100.0,0,0,70.0,-1,5,100.0,999,5,100.0,999,1,100.0,1,1,100.0,2,2,100.0,-1,1,100.0
Ritual304,0,0,100.0,0,0,100.0,0,0,100.0,1,1,100.0,0,0,100.0,0,0,100.0,0,0,100.0,0,0,100.0,0,1,100.0,0,0,100.0,0,0,100.0,0,0,100.0,0,0,100.0,0,1,100.0,0,0,100.0,1,,0.0,1,1,100.0,0,0,100.0,0,0,100.0,0,1,100.0,1,1,100.0,0,0,100.0,0,0,100.0,0,0,100.0,0,0,100.0,999,5,100.0,4,5,100.0,0,0,100.0,0,0,100.0,0,0,100.0,0,0,100.0,0,0,100.0,0,0,100.0,0,0,100.0,0,0,100.0,0,0,100.0,0,0,100.0,0,0,100.0,0,0,100.0,0,1,100.0,0,0,100.0,0,0,100.0,0,0,100.0,0,0,100.0,0,0,100.0,0,0,100.0,0,0,100.0,0,0,100.0,0,0,100.0,0,1,100.0,0,0,100.0,0,0,100.0,0,0,100.0,0,0,100.0,0,0,100.0,0,0,100.0,0,0,100.0,0,0,100.0,0,0,100.0,0,0,100.0,0,0,100.0,0,0,100.0,0,0,100.0,0,0,100.0,0,0,100.0,0,0,100.0,0,0,100.0,0,0,100.0,0,0,100.0,0,0,100.0,0,0,100.0,0,0,100.0,0,0,100.0,0,0,100.0,0,,0.0,0,,0.0,0,,0.0,0,,0.0,0,,0.0,0,,0.0,0,,0.0,0,,0.0,0,,0.0,0,,0.0,0,,0.0,0,,0.0,0,,0.0,0,,0.0,0,,0.0,0,,0.0,0,,0.0,0,,0.0,0,,0.0,0,,0.0,0,,0.0,0,,0.0,0,,0.0,0,0,100.0,0,1,100.0,0,0,100.0,0,0,100.0,0,0,100.0,0,0,100.0,0,0,100.0,1.0,0,100.0,1,0,100.0,3,4,100.0,0.0,0,100.0,0,0,100.0,-1,5,100.0,999,5,100.0,999,1,100.0,1,1,100.0,2,2,100.0,-1,1,100.0
Ritual305,0,0,100.0,0,1,100.0,0,0,100.0,1,1,100.0,0,0,100.0,0,1,100.0,0,0,100.0,0,0,100.0,0,0,100.0,0,0,100.0,0,0,100.0,0,0,100.0,0,1,100.0,0,1,100.0,0,1,100.0,1,,0.0,1,1,100.0,1,0,100.0,0,0,100.0,0,0,100.0,0,1,100.0,0,0,100.0,0,0,100.0,0,0,100.0,0,0,100.0,999,5,100.0,2,5,100.0,0,0,100.0,1,1,100.0,0,0,100.0,0,0,100.0,0,0,100.0,0,0,100.0,0,0,100.0,0,0,100.0,0,0,100.0,0,0,100.0,0,0,100.0,0,0,100.0,0,1,100.0,0,0,100.0,0,0,100.0,0,0,100.0,0,0,100.0,0,0,100.0,0,0,100.0,0,0,100.0,0,0,100.0,0,0,100.0,0,1,100.0,0,0,100.0,0,1,100.0,0,0,100.0,0,0,100.0,0,0,100.0,0,0,100.0,0,0,100.0,0,0,100.0,0,0,100.0,0,0,100.0,0,0,100.0,0,1,100.0,0,0,100.0,0,0,100.0,0,0,100.0,0,0,100.0,0,0,100.0,0,0,100.0,0,0,100.0,0,0,100.0,0,0,100.0,0,1,100.0,0,0,100.0,0,0,100.0,0,,0.0,0,,0.0,0,,0.0,0,,0.0,0,,0.0,0,,0.0,0,,0.0,0,,0.0,0,,0.0,0,,0.0,0,,0.0,0,,0.0,0,,0.0,0,,0.0,0,,0.0,0,,0.0,0,,0.0,0,,0.0,0,,0.0,0,,0.0,0,,0.0,0,,0.0,0,,0.0,0,0,100.0,0,1,100.0,0,0,100.0,0,0,100.0,0,1,100.0,0,0,100.0,0,0,100.0,1.0,2,50.0,0,2,70.0,1,2,50.0,0.0,1,100.0,0,1,80.0,-1,2,70.0,999,5,100.0,3,2,100.0,1,1,100.0,2,2,100.0,-1,2,70.0
Ritual306,0,0,100.0,0,0,100.0,0,0,100.0,1,1,100.0,0,0,100.0,0,1,100.0,0,0,100.0,0,0,100.0,0,0,100.0,0,0,100.0,0,1,100.0,0,0,100.0,0,1,100.0,0,1,100.0,0,1,100.0,1,,0.0,3,1,100.0,0,0,100.0,1,1,100.0,1,0,100.0,1,1,100.0,1,0,100.0,0,0,100.0,0,0,100.0,0,0,100.0,6,5,100.0,4,5,100.0,0,0,100.0,0,0,100.0,0,0,100.0,0,0,100.0,0,0,100.0,0,0,100.0,0,0,100.0,0,0,100.0,0,0,100.0,0,0,100.0,0,0,100.0,0,1,100.0,0,0,80.0,0,1,100.0,0,1,100.0,0,1,100.0,0,0,100.0,0,0,100.0,0,0,100.0,0,0,100.0,0,0,100.0,0,0,100.0,0,1,100.0,0,0,100.0,0,1,100.0,0,0,100.0,0,0,100.0,0,0,100.0,0,0,100.0,0,0,100.0,0,0,100.0,0,0,100.0,0,0,100.0,0,0,100.0,0,1,100.0,0,0,100.0,0,0,100.0,0,0,100.0,0,0,100.0,0,0,100.0,0,0,100.0,0,0,100.0,0,0,100.0,0,0,100.0,0,0,100.0,0,0,100.0,0,0,100.0,0,,0.0,0,,0.0,0,,0.0,0,,0.0,0,,0.0,0,,0.0,0,,0.0,0,,0.0,0,,0.0,0,,0.0,0,,0.0,0,,0.0,0,,0.0,0,,0.0,0,,0.0,0,,0.0,0,,0.0,0,,0.0,0,,0.0,0,,0.0,0,,0.0,0,,0.0,0,,0.0,0,0,100.0,0,1,100.0,0,0,100.0,0,1,100.0,0,0,100.0,0,0,100.0,0,0,100.0,1.333333333,3,100.0,1,2,100.0,7,2,100.0,0.0,1,100.0,0,1,50.0,-1,2,100.0,999,5,100.0,3,3,100.0,1,1,100.0,2,2,100.0,-1,1,100.0
Ritual307,0,1,100.0,0,0,100.0,0,0,100.0,0,1,100.0,0,0,100.0,0,0,100.0,0,1,100.0,0,0,100.0,0,0,100.0,0,0,100.0,1,1,100.0,0,0,100.0,0,0,100.0,0,1,70.0,0,0,100.0,2,,0.0,3,1,100.0,0,0,100.0,0,1,100.0,1,0,100.0,1,1,100.0,0,0,100.0,0,0,100.0,0,0,100.0,0,0,100.0,7,5,100.0,6,5,100.0,0,0,100.0,0,0,100.0,0,0,100.0,0,0,100.0,0,0,100.0,0,0,100.0,0,0,100.0,0,0,100.0,0,0,100.0,0,0,100.0,0,0,100.0,0,0,100.0,0,0,100.0,0,0,100.0,0,0,100.0,0,0,100.0,0,0,100.0,0,0,100.0,0,0,100.0,0,0,100.0,0,0,100.0,0,0,100.0,0,0,70.0,0,0,100.0,0,0,100.0,0,0,100.0,0,0,100.0,0,0,100.0,0,0,100.0,0,0,100.0,0,0,100.0,0,0,100.0,0,0,100.0,0,0,100.0,0,0,100.0,0,0,100.0,0,0,100.0,0,0,100.0,0,0,100.0,0,0,100.0,0,0,100.0,0,0,100.0,0,0,100.0,0,0,100.0,0,0,100.0,0,0,100.0,0,0,100.0,0,,0.0,0,,0.0,0,,0.0,0,,0.0,0,,0.0,0,,0.0,0,,0.0,0,,0.0,0,,0.0,0,,0.0,0,,0.0,0,,0.0,0,,0.0,0,,0.0,0,,0.0,0,,0.0,0,,0.0,0,,0.0,0,,0.0,0,,0.0,0,,0.0,0,,0.0,0,,0.0,0,1,100.0,1,1,100.0,0,1,100.0,0,0,100.0,0,0,100.0,0,0,100.0,0,0,100.0,3.333333333,3,100.0,3,3,100.0,7,4,100.0,0.0,1,100.0,0,1,100.0,-1,2,100.0,2,1,100.0,999,999,100.0,1,1,100.0,2,2,100.0,-1,1,100.0
Ritual308,0,0,100.0,0,0,100.0,0,0,100.0,0,1,100.0,0,0,100.0,0,0,100.0,0,1,100.0,0,0,100.0,0,0,100.0,0,0,100.0,1,0,100.0,0,0,100.0,0,0,100.0,0,0,100.0,0,0,100.0,2,,0.0,3,1,100.0,0,0,100.0,0,1,100.0,1,0,100.0,1,1,100.0,0,0,100.0,0,0,100.0,0,0,100.0,0,0,100.0,7,5,100.0,6,5,100.0,0,0,100.0,0,0,100.0,0,0,100.0,0,0,100.0,0,0,100.0,0,0,100.0,0,0,100.0,0,0,100.0,0,0,100.0,0,0,100.0,0,0,100.0,1,1,100.0,0,1,100.0,0,0,100.0,0,0,100.0,0,0,100.0,0,0,100.0,0,0,100.0,0,0,100.0,0,0,100.0,0,0,100.0,0,0,100.0,0,0,100.0,0,0,100.0,0,0,100.0,0,0,100.0,0,0,100.0,0,0,100.0,0,0,100.0,0,0,100.0,0,0,100.0,0,0,100.0,0,0,100.0,0,0,100.0,0,0,100.0,0,0,100.0,0,0,100.0,0,0,100.0,0,0,100.0,0,0,100.0,0,0,100.0,0,0,100.0,0,0,100.0,0,0,100.0,0,0,100.0,0,0,100.0,0,0,100.0,0,,0.0,0,,0.0,0,,0.0,0,,0.0,0,,0.0,0,,0.0,0,,0.0,0,,0.0,0,,0.0,0,,0.0,0,,0.0,0,,0.0,0,,0.0,0,,0.0,0,,0.0,0,,0.0,0,,0.0,0,,0.0,0,,0.0,0,,0.0,0,,0.0,0,,0.0,0,,0.0,0,1,100.0,1,1,100.0,0,0,100.0,0,0,100.0,0,0,100.0,0,0,100.0,0,0,100.0,2.666666667,0,100.0,3,0,100.0,7,2,100.0,0.0,0,100.0,0,0,100.0,-1,2,100.0,2,1,100.0,999,3,100.0,1,2,100.0,2,1,100.0,-1,1,100.0
Ritual309,0,0,100.0,0,0,100.0,0,0,100.0,0,1,100.0,0,1,100.0,0,0,100.0,1,1,100.0,0,0,100.0,0,0,100.0,0,0,100.0,0,0,100.0,0,0,100.0,0,0,100.0,0,1,100.0,0,0,100.0,4,,0.0,2,2,100.0,1,0,100.0,1,1,100.0,1,0,100.0,0,1,100.0,0,0,100.0,0,0,100.0,0,0,100.0,0,0,100.0,6,5,100.0,6,5,100.0,0,0,100.0,0,0,100.0,0,0,100.0,0,0,100.0,0,0,100.0,0,0,100.0,0,0,100.0,0,0,100.0,0,0,100.0,0,0,100.0,0,0,100.0,0,0,100.0,0,1,100.0,0,0,100.0,0,0,100.0,0,0,100.0,0,1,100.0,0,1,100.0,0,0,100.0,0,0,100.0,0,0,100.0,0,0,100.0,0,1,100.0,0,0,100.0,0,0,100.0,0,0,100.0,0,0,100.0,0,0,100.0,0,0,100.0,0,0,100.0,0,0,100.0,0,0,100.0,0,0,100.0,0,0,100.0,0,1,100.0,0,0,100.0,0,0,100.0,0,0,100.0,1,0,100.0,0,1,100.0,0,1,100.0,0,1,100.0,0,1,100.0,1,1,100.0,0,1,100.0,0,1,100.0,0,1,100.0,0,,0.0,0,,0.0,0,,0.0,1,,0.0,0,,0.0,0,,0.0,0,,0.0,0,,0.0,0,,0.0,0,,0.0,0,,0.0,0,,0.0,0,,0.0,0,,0.0,0,,0.0,0,,0.0,1,,0.0,0,,0.0,0,,0.0,0,,0.0,0,,0.0,0,,0.0,0,,0.0,0,1,100.0,0,1,100.0,0,0,100.0,0,0,100.0,0,0,100.0,0,1,100.0,0,1,100.0,1.666666667,2,100.0,2,3,100.0,2,2,100.0,4.333333333,4,100.0,5,3,100.0,2,2,100.0,4,5,100.0,999,2,100.0,1,2,100.0,2,1,100.0,-1,3,100.0
Ritual310,1,1,100.0,0,0,100.0,0,0,100.0,0,1,100.0,0,0,100.0,0,0,100.0,0,0,100.0,0,0,100.0,0,0,100.0,0,0,100.0,0,0,100.0,0,0,100.0,0,0,100.0,0,1,100.0,0,0,100.0,2,,0.0,3,1,100.0,0,0,100.0,0,1,100.0,0,0,100.0,0,1,100.0,1,0,100.0,0,0,100.0,0,0,100.0,0,0,100.0,7,5,100.0,6,5,100.0,1,0,100.0,0,0,100.0,0,1,100.0,0,1,100.0,0,1,100.0,0,0,100.0,0,0,100.0,0,1,100.0,0,1,100.0,0,0,100.0,0,1,100.0,0,0,100.0,0,0,100.0,0,0,100.0,0,0,100.0,0,0,100.0,0,0,100.0,0,0,100.0,0,0,100.0,0,0,100.0,0,0,100.0,0,1,100.0,0,1,100.0,0,0,100.0,0,1,100.0,0,0,100.0,0,0,100.0,0,0,100.0,0,0,100.0,0,0,100.0,0,0,100.0,0,0,100.0,0,0,100.0,0,0,100.0,0,1,100.0,0,0,100.0,0,0,100.0,0,0,100.0,0,0,100.0,0,1,100.0,0,0,100.0,0,0,100.0,0,1,100.0,0,1,100.0,0,1,100.0,0,0,100.0,0,1,100.0,1,,0.0,0,,0.0,0,,0.0,0,,0.0,0,,0.0,1,,0.0,0,,0.0,0,,0.0,0,,0.0,0,,0.0,0,,0.0,0,,0.0,0,,0.0,0,,0.0,0,,0.0,0,,0.0,0,,0.0,0,,0.0,0,,0.0,0,,0.0,0,,0.0,0,,0.0,0,,0.0,0,0,100.0,0,1,100.0,0,1,100.0,0,0,100.0,0,0,100.0,0,1,100.0,0,1,100.0,3.666666667,5,100.0,2,4,100.0,3,4,100.0,3.333333333,4,100.0,4,4,100.0,7,4,100.0,3,5,100.0,999,3,100.0,1,3,100.0,2,2,100.0,-1,1,100.0
Ritual311,0,0,100.0,0,0,100.0,0,0,100.0,0,1,100.0,0,0,100.0,0,0,100.0,0,0,100.0,0,0,100.0,0,0,100.0,0,0,100.0,0,0,100.0,1,1,100.0,0,1,100.0,0,1,100.0,0,0,100.0,1,,0.0,3,1,100.0,0,0,100.0,1,1,100.0,1,0,100.0,1,1,100.0,0,0,100.0,0,0,100.0,0,0,100.0,0,1,100.0,6,5,100.0,6,5,100.0,0,0,100.0,0,1,100.0,0,0,100.0,0,0,100.0,1,1,100.0,0,0,100.0,0,1,100.0,0,1,100.0,0,0,100.0,0,0,100.0,0,1,100.0,0,1,100.0,0,1,100.0,0,0,100.0,0,0,100.0,0,0,100.0,0,0,100.0,0,0,100.0,0,0,100.0,0,0,100.0,0,0,100.0,0,0,100.0,0,1,100.0,0,0,100.0,0,0,100.0,0,0,80.0,1,1,100.0,0,0,100.0,0,1,100.0,0,0,100.0,0,1,100.0,0,0,100.0,0,1,100.0,0,0,100.0,0,1,100.0,0,0,100.0,0,0,100.0,0,0,100.0,0,0,100.0,0,1,100.0,0,0,100.0,0,0,100.0,0,0,100.0,0,1,100.0,0,1,100.0,0,1,100.0,0,0,100.0,0,,0.0,0,,0.0,0,,0.0,0,,0.0,0,,0.0,0,,0.0,1,,0.0,0,,0.0,0,,0.0,0,,0.0,0,,0.0,0,,0.0,0,,0.0,0,,0.0,0,,0.0,0,,0.0,0,,0.0,0,,0.0,0,,0.0,0,,0.0,0,,0.0,0,,0.0,0,,0.0,0,1,100.0,0,1,100.0,0,1,100.0,0,0,100.0,0,0,100.0,0,0,100.0,0,1,100.0,1.666666667,5,100.0,0,3,100.0,1,2,100.0,4.666666667,4,100.0,3,3,100.0,7,2,100.0,4,5,100.0,999,2,100.0,1,1,90.0,2,2,90.0,-1,2,100.0
Ritual312,0,1,100.0,0,0,100.0,0,0,100.0,1,1,100.0,0,0,100.0,0,0,100.0,0,0,100.0,0,0,100.0,0,0,100.0,0,0,100.0,0,0,100.0,0,0,100.0,0,0,100.0,0,1,100.0,0,0,100.0,2,,0.0,999,1,100.0,0,0,100.0,0,1,100.0,0,0,100.0,1,1,100.0,0,0,100.0,0,0,100.0,0,0,100.0,0,0,100.0,6,5,100.0,6,5,100.0,0,1,100.0,0,1,100.0,0,0,100.0,0,0,100.0,0,1,100.0,0,0,100.0,0,0,100.0,0,1,100.0,0,0,100.0,0,0,100.0,0,0,100.0,0,0,100.0,0,1,100.0,0,0,100.0,0,0,100.0,0,0,100.0,0,0,100.0,0,0,100.0,0,0,100.0,0,0,100.0,0,0,100.0,0,0,100.0,0,1,100.0,0,0,100.0,0,0,100.0,0,0,100.0,0,0,100.0,0,0,100.0,0,0,100.0,0,0,100.0,0,0,100.0,0,0,100.0,0,0,100.0,0,0,100.0,0,0,100.0,0,0,100.0,0,0,100.0,0,0,100.0,0,0,100.0,0,1,100.0,0,0,100.0,0,0,100.0,0,0,100.0,0,0,100.0,0,0,100.0,0,0,100.0,0,0,100.0,1,,0.0,0,,0.0,0,,0.0,0,,0.0,0,,0.0,0,,0.0,0,,0.0,0,,0.0,0,,0.0,0,,0.0,0,,0.0,0,,0.0,0,,0.0,1,,0.0,0,,0.0,0,,0.0,0,,0.0,0,,0.0,0,,0.0,0,,0.0,1,,0.0,0,,0.0,0,,0.0,0,0,100.0,0,1,100.0,0,0,100.0,0,0,100.0,0,0,100.0,0,0,100.0,0,0,100.0,3.0,0,100.0,3,0,100.0,7,3,100.0,2.0,0,100.0,1,0,100.0,7,3,100.0,3,5,100.0,999,3,100.0,1,2,100.0,2,1,100.0,-1,2,100.0
Ritual313,0,0,100.0,0,0,100.0,0,0,100.0,0,1,100.0,0,0,100.0,0,1,100.0,0,0,100.0,0,0,100.0,0,0,100.0,0,0,100.0,0,0,100.0,0,0,100.0,0,1,100.0,0,1,100.0,0,1,100.0,3,,0.0,3,1,100.0,0,0,100.0,0,1,100.0,0,1,100.0,0,0,100.0,0,1,100.0,0,1,100.0,1,0,100.0,1,1,100.0,6,5,100.0,6,5,100.0,1,1,100.0,1,1,100.0,0,0,100.0,0,0,100.0,1,0,100.0,1,1,100.0,0,0,100.0,0,1,100.0,0,0,100.0,0,0,100.0,0,0,100.0,0,0,100.0,0,1,100.0,0,0,100.0,0,0,100.0,0,0,100.0,0,0,100.0,0,0,100.0,0,0,100.0,0,0,100.0,0,0,100.0,0,0,100.0,0,1,100.0,0,0,100.0,0,0,100.0,0,0,100.0,0,0,100.0,0,0,100.0,0,0,100.0,0,0,100.0,0,0,100.0,0,0,100.0,0,0,100.0,0,0,100.0,0,1,100.0,0,0,100.0,0,0,100.0,0,0,100.0,0,0,100.0,1,1,100.0,0,0,100.0,0,0,100.0,0,1,100.0,0,0,100.0,0,1,100.0,0,1,100.0,0,1,100.0,0,,0.0,0,,0.0,1,,0.0,1,,0.0,0,,0.0,0,,0.0,0,,0.0,0,,0.0,0,,0.0,0,,0.0,0,,0.0,0,,0.0,0,,0.0,0,,0.0,0,,0.0,0,,0.0,0,,0.0,0,,0.0,0,,0.0,0,,0.0,0,,0.0,0,,0.0,0,,0.0,0,1,100.0,0,1,100.0,1,1,100.0,0,0,80.0,0,1,80.0,0,1,100.0,0,0,100.0,4.333333333,5,100.0,5,4,100.0,7,4,100.0,0.0,3,100.0,0,3,100.0,-1,2,100.0,5,5,100.0,999,2,100.0,1,2,100.0,2,1,80.0,-1,1,100.0
Ritual314,0,0,100.0,0,0,100.0,0,0,100.0,0,1,100.0,0,0,100.0,0,0,100.0,0,0,100.0,0,0,100.0,0,0,100.0,0,0,100.0,0,0,100.0,0,0,100.0,0,0,100.0,0,0,100.0,0,1,100.0,3,,0.0,3,1,100.0,0,0,100.0,0,0,100.0,0,1,100.0,0,1,100.0,1,0,100.0,0,0,100.0,0,0,100.0,1,0,100.0,6,5,100.0,6,5,100.0,1,1,100.0,1,1,100.0,0,0,100.0,0,0,100.0,0,0,100.0,0,0,100.0,0,0,100.0,0,1,100.0,1,0,100.0,0,0,100.0,0,1,100.0,0,0,100.0,0,1,100.0,0,1,100.0,0,0,100.0,0,0,100.0,0,0,100.0,0,0,100.0,0,0,100.0,0,0,100.0,0,0,100.0,0,0,100.0,0,1,100.0,0,0,100.0,0,0,100.0,0,0,100.0,0,0,100.0,0,0,100.0,0,0,100.0,0,0,100.0,0,0,100.0,0,0,100.0,0,0,100.0,0,0,100.0,0,0,100.0,0,0,100.0,0,0,100.0,0,0,100.0,0,0,100.0,0,1,100.0,0,0,100.0,0,0,100.0,0,0,100.0,0,0,100.0,0,0,100.0,0,0,100.0,0,0,100.0,0,,0.0,0,,0.0,0,,0.0,0,,0.0,0,,0.0,0,,0.0,0,,0.0,0,,0.0,1,,0.0,0,,0.0,0,,0.0,0,,0.0,0,,0.0,0,,0.0,0,,0.0,0,,0.0,0,,0.0,0,,0.0,0,,0.0,0,,0.0,0,,0.0,0,,0.0,0,,0.0,0,1,100.0,0,1,100.0,0,1,100.0,0,0,100.0,0,0,100.0,0,0,100.0,0,0,100.0,2.666666667,3,90.0,2,2,90.0,7,4,100.0,0.0,1,100.0,0,0,100.0,-1,2,100.0,999,5,100.0,999,2,100.0,1,2,100.0,2,1,100.0,-1,2,80.0
Ritual315,0,1,100.0,0,0,100.0,0,0,100.0,0,1,100.0,1,1,100.0,0,0,100.0,0,0,100.0,0,0,100.0,0,0,100.0,0,0,100.0,0,0,100.0,0,0,100.0,0,1,100.0,0,1,100.0,0,0,100.0,2,,0.0,3,1,100.0,0,0,100.0,0,0,100.0,0,0,70.0,0,1,100.0,0,0,100.0,0,0,100.0,0,0,100.0,0,0,100.0,6,5,100.0,6,5,100.0,1,1,100.0,1,1,100.0,0,0,100.0,0,1,100.0,0,0,100.0,0,0,100.0,0,0,100.0,0,1,100.0,0,0,100.0,0,0,100.0,0,1,100.0,0,1,100.0,0,1,100.0,0,1,100.0,0,0,100.0,0,1,100.0,0,0,100.0,1,1,100.0,0,1,100.0,0,0,100.0,0,0,100.0,0,1,100.0,0,1,100.0,0,0,100.0,0,0,100.0,0,0,100.0,0,0,100.0,0,0,100.0,0,0,100.0,0,0,100.0,0,0,100.0,0,0,100.0,0,0,100.0,0,0,100.0,0,1,100.0,0,0,100.0,0,0,100.0,0,0,100.0,0,0,100.0,0,1,100.0,0,0,100.0,0,0,100.0,0,1,100.0,0,0,100.0,0,1,100.0,0,0,100.0,0,0,100.0,0,,0.0,0,,0.0,0,,0.0,0,,0.0,0,,0.0,0,,0.0,0,,0.0,1,,0.0,1,,0.0,0,,0.0,0,,0.0,0,,0.0,1,,0.0,0,,0.0,0,,0.0,0,,0.0,0,,0.0,0,,0.0,0,,0.0,0,,0.0,0,,0.0,0,,0.0,0,,0.0,0,0,100.0,0,1,100.0,0,1,100.0,0,0,100.0,0,0,100.0,0,1,100.0,0,1,100.0,3.0,5,100.0,3,4,100.0,2,4,100.0,2.666666667,3,100.0,2,2,100.0,2,2,100.0,3,5,100.0,999,3,100.0,1,3,100.0,2,2,100.0,-1,1,100.0
Ritual316,0,1,100.0,0,0,100.0,0,0,100.0,1,1,100.0,0,1,100.0,0,0,100.0,0,0,100.0,0,0,100.0,0,1,100.0,0,0,100.0,0,0,100.0,0,0,100.0,0,1,100.0,0,1,100.0,0,0,100.0,2,,0.0,3,1,100.0,0,0,100.0,1,1,100.0,0,0,100.0,1,1,100.0,0,0,100.0,0,0,100.0,0,0,100.0,0,0,100.0,6,5,100.0,6,5,100.0,1,1,100.0,1,1,100.0,0,1,100.0,0,0,100.0,0,0,100.0,0,0,100.0,0,0,100.0,0,1,100.0,0,1,100.0,0,0,100.0,0,1,100.0,0,0,100.0,0,1,100.0,0,1,100.0,0,0,100.0,0,0,100.0,0,0,100.0,0,0,100.0,0,0,100.0,0,0,100.0,0,0,100.0,1,1,100.0,1,1,100.0,0,0,100.0,0,0,100.0,0,0,100.0,0,0,100.0,0,0,100.0,0,1,100.0,0,0,100.0,0,0,100.0,0,0,100.0,0,0,100.0,0,0,100.0,0,1,100.0,0,0,100.0,0,0,100.0,0,0,100.0,0,0,100.0,0,1,100.0,0,0,100.0,0,0,100.0,0,1,100.0,0,0,100.0,0,1,100.0,0,0,100.0,0,0,100.0,0,1,100.0,0,1,100.0,0,0,100.0,0,0,100.0,0,0,100.0,0,0,100.0,0,1,100.0,0,1,100.0,0,1,100.0,0,0,100.0,0,0,100.0,1,1,100.0,1,1,100.0,0,1,100.0,0,0,100.0,0,1,100.0,0,0,100.0,0,0,100.0,0,1,100.0,0,0,100.0,0,1,100.0,0,0,100.0,0,1,100.0,0,1,100.0,0,1,100.0,0,1,100.0,0,0,100.0,0,0,100.0,0,0,100.0,0,0,100.0,3.333333333,5,100.0,3,3,100.0,7,4,100.0,0.0,2,100.0,0,1,100.0,-1,7,100.0,4,5,100.0,2,2,100.0,1,3,60.0,2,1,100.0,-1,1,100.0
Ritual317,0,0,100.0,0,0,100.0,0,0,100.0,1,1,100.0,0,1,100.0,0,0,100.0,0,0,100.0,0,0,100.0,0,0,100.0,0,0,100.0,0,0,100.0,0,0,100.0,0,1,100.0,0,1,100.0,0,0,100.0,3,,0.0,3,1,100.0,0,0,100.0,1,0,100.0,0,1,100.0,1,1,100.0,0,0,100.0,0,0,100.0,0,0,100.0,0,0,100.0,6,5,100.0,6,5,100.0,0,1,100.0,1,1,100.0,0,0,100.0,0,1,100.0,0,0,100.0,0,0,100.0,0,0,100.0,0,1,100.0,1,1,100.0,0,0,100.0,0,1,100.0,0,0,100.0,0,1,100.0,0,1,100.0,0,0,100.0,0,0,100.0,0,0,100.0,0,0,100.0,0,0,100.0,0,0,100.0,0,0,100.0,0,1,100.0,1,1,100.0,0,0,100.0,0,0,100.0,0,0,100.0,0,0,100.0,0,0,100.0,0,0,100.0,0,0,100.0,0,0,100.0,0,0,100.0,0,0,100.0,0,0,100.0,0,1,100.0,0,0,100.0,0,0,100.0,0,1,100.0,0,0,100.0,0,1,100.0,1,0,100.0,0,0,100.0,0,1,100.0,0,1,100.0,0,1,100.0,0,0,100.0,0,1,100.0,0,1,100.0,1,1,100.0,0,0,100.0,0,0,100.0,0,1,100.0,0,0,100.0,0,1,100.0,0,1,100.0,0,0,100.0,0,0,100.0,0,0,100.0,0,0,100.0,1,1,100.0,0,1,100.0,0,0,100.0,0,0,100.0,0,0,100.0,1,1,100.0,0,1,100.0,0,0,100.0,0,1,100.0,0,1,70.0,0,0,100.0,0,0,100.0,0,1,100.0,0,0,100.0,0,0,100.0,0,0,100.0,0,0,100.0,0,0,100.0,2.333333333,3,100.0,2,4,100.0,2,4,100.0,2.333333333,2,100.0,4,2,100.0,2,2,100.0,4,5,100.0,2,1,100.0,1,2,100.0,2,1,100.0,-1,1,100.0
Ritual318,0,0,100.0,0,0,100.0,0,0,100.0,1,1,100.0,0,0,100.0,0,1,100.0,0,0,100.0,0,0,100.0,1,1,100.0,0,1,100.0,0,0,100.0,0,0,100.0,0,1,100.0,0,1,100.0,1,1,100.0,3,,0.0,3,1,100.0,0,0,100.0,0,1,100.0,0,0,100.0,1,1,100.0,0,0,100.0,0,0,100.0,0,0,100.0,0,0,100.0,999,5,100.0,6,5,100.0,1,1,100.0,1,1,100.0,1,1,100.0,1,0,100.0,0,1,100.0,0,1,100.0,0,0,100.0,0,1,100.0,0,0,100.0,0,0,100.0,0,0,100.0,0,0,100.0,0,1,100.0,0,0,100.0,0,0,100.0,0,0,100.0,0,1,100.0,0,0,100.0,0,0,100.0,0,0,100.0,1,1,100.0,0,1,100.0,0,1,100.0,0,0,100.0,0,0,100.0,0,0,100.0,0,0,100.0,0,0,100.0,0,0,100.0,0,0,100.0,0,0,100.0,0,0,100.0,0,0,100.0,0,0,100.0,0,1,100.0,0,0,100.0,0,0,100.0,0,0,100.0,0,0,100.0,0,1,100.0,0,0,100.0,0,0,100.0,0,1,100.0,0,0,100.0,0,1,100.0,0,0,100.0,0,0,100.0,0,1,100.0,0,0,100.0,0,0,100.0,0,0,100.0,0,1,100.0,0,0,100.0,0,1,100.0,0,0,100.0,1,1,100.0,0,0,100.0,0,0,100.0,0,0,100.0,0,0,100.0,1,1,100.0,0,1,100.0,0,0,100.0,0,0,100.0,0,0,100.0,0,1,100.0,0,0,100.0,0,0,100.0,0,0,100.0,0,0,100.0,0,1,100.0,1,1,100.0,1,1,100.0,0,0,100.0,0,1,100.0,0,1,100.0,0,1,100.0,3.0,3,100.0,4,4,100.0,7,4,100.0,1.333333333,2,100.0,0,2,100.0,1,2,100.0,999,5,100.0,3,2,100.0,1,2,100.0,2,1,100.0,-1,2,100.0
Ritual319,0,0,100.0,0,0,100.0,0,1,100.0,0,0,100.0,0,1,100.0,0,1,100.0,0,0,100.0,0,0,100.0,0,1,100.0,0,0,100.0,0,0,100.0,1,1,100.0,0,1,100.0,0,1,100.0,0,1,100.0,2,,0.0,3,1,100.0,0,0,100.0,1,1,100.0,1,0,100.0,1,1,100.0,0,0,100.0,0,0,100.0,0,0,100.0,0,1,100.0,999,5,100.0,6,5,100.0,0,0,100.0,0,1,100.0,0,0,100.0,0,0,100.0,0,1,100.0,0,0,100.0,0,1,100.0,0,0,100.0,0,0,100.0,0,0,100.0,0,1,100.0,0,1,100.0,0,1,100.0,0,1,100.0,0,1,100.0,0,0,100.0,0,1,100.0,0,0,100.0,0,0,100.0,0,0,100.0,0,0,100.0,0,1,100.0,0,1,100.0,0,0,100.0,0,0,100.0,0,0,100.0,0,0,100.0,0,0,100.0,0,0,100.0,0,0,100.0,0,0,100.0,0,0,100.0,0,0,100.0,0,0,100.0,0,1,100.0,0,0,100.0,0,0,100.0,0,0,100.0,0,0,100.0,0,1,100.0,0,0,100.0,0,0,100.0,0,1,100.0,0,1,100.0,0,1,100.0,0,0,100.0,0,1,100.0,0,0,100.0,0,1,100.0,0,0,100.0,0,0,100.0,0,1,100.0,0,0,100.0,0,1,100.0,0,1,100.0,0,1,100.0,0,0,100.0,0,1,100.0,0,0,100.0,0,0,100.0,1,1,100.0,0,1,100.0,0,0,100.0,0,0,100.0,0,1,100.0,0,1,100.0,1,1,100.0,0,1,100.0,0,1,100.0,0,1,100.0,0,0,100.0,1,1,100.0,0,1,100.0,0,0,100.0,0,0,100.0,0,1,100.0,0,1,100.0,1.666666667,5,100.0,2,3,100.0,7,2,80.0,3.0,4,100.0,4,3,100.0,3,2,100.0,2,5,100.0,999,2,100.0,1,3,100.0,2,1,100.0,-1,2,100.0
Ritual320,0,0,100.0,0,0,100.0,0,0,100.0,1,1,100.0,0,0,100.0,0,1,100.0,0,0,100.0,0,0,100.0,0,0,100.0,0,0,100.0,0,0,100.0,0,1,100.0,0,1,100.0,0,1,100.0,0,0,100.0,4,,0.0,3,1,100.0,0,0,100.0,1,1,100.0,1,0,100.0,1,1,100.0,0,0,100.0,0,0,100.0,0,0,100.0,0,1,100.0,999,5,100.0,6,5,100.0,0,1,100.0,1,1,100.0,1,0,100.0,0,1,100.0,1,1,100.0,1,0,100.0,1,1,100.0,0,1,100.0,1,0,100.0,0,0,100.0,0,1,100.0,0,0,100.0,0,1,100.0,0,0,100.0,0,1,100.0,0,1,100.0,0,0,100.0,0,0,100.0,0,0,100.0,0,0,100.0,0,0,100.0,0,1,100.0,0,1,100.0,0,0,100.0,0,0,100.0,0,0,100.0,0,0,100.0,0,0,100.0,0,0,100.0,0,0,100.0,0,0,100.0,0,0,100.0,0,0,100.0,0,0,100.0,0,1,100.0,0,0,100.0,0,0,100.0,0,0,100.0,0,0,100.0,0,1,100.0,0,0,100.0,0,0,100.0,0,0,100.0,0,0,100.0,0,1,100.0,0,0,100.0,0,0,100.0,1,1,100.0,0,0,100.0,0,0,100.0,0,0,100.0,0,1,100.0,0,1,100.0,0,1,100.0,0,0,100.0,1,1,100.0,0,0,100.0,0,1,100.0,0,0,100.0,0,0,100.0,0,1,100.0,0,1,100.0,0,0,100.0,1,0,100.0,1,0,100.0,0,1,100.0,1,0,100.0,0,1,100.0,0,0,100.0,0,0,100.0,0,1,100.0,0,1,100.0,1,1,100.0,0,0,100.0,0,0,100.0,0,1,100.0,0,1,100.0,3.666666667,5,100.0,3,4,100.0,7,4,100.0,3.0,3,100.0,3,3,100.0,6,2,100.0,999,5,100.0,999,3,100.0,1,3,100.0,2,1,100.0,-1,2,100.0
Ritual321,0,,0.0,0,,0.0,0,,0.0,1,,0.0,0,,0.0,0,,0.0,0,,0.0,0,,0.0,0,,0.0,0,,0.0,0,,0.0,0,,0.0,0,,0.0,0,,0.0,0,,0.0,3,,0.0,3,,0.0,0,,0.0,0,,0.0,0,,0.0,0,,0.0,0,,0.0,0,,0.0,0,,0.0,0,,0.0,999,,0.0,5,,0.0,0,,0.0,1,,0.0,0,,0.0,0,,0.0,0,,0.0,0,,0.0,0,,0.0,0,,0.0,0,,0.0,0,,0.0,0,,0.0,0,,0.0,0,,0.0,0,,0.0,0,,0.0,0,,0.0,0,,0.0,0,,0.0,0,,0.0,0,,0.0,1,,0.0,0,,0.0,0,,0.0,0,,0.0,0,,0.0,0,,0.0,0,,0.0,0,,0.0,0,,0.0,0,,0.0,0,,0.0,0,,0.0,0,,0.0,0,,0.0,0,,0.0,0,,0.0,0,,0.0,0,,0.0,0,,0.0,0,,0.0,1,,0.0,0,,0.0,0,,0.0,0,,0.0,0,,0.0,0,,0.0,0,,0.0,0,,0.0,1,,0.0,0,,0.0,0,,0.0,0,,0.0,0,,0.0,0,,0.0,0,,0.0,1,,0.0,0,,0.0,0,,0.0,0,,0.0,0,,0.0,0,,0.0,0,,0.0,0,,0.0,1,,0.0,0,,0.0,0,,0.0,0,,0.0,0,,0.0,0,,0.0,0,,0.0,0,,0.0,0,,0.0,0,,0.0,0,,0.0,0,,0.0,0,,0.0,0,,0.0,2.0,,0.0,3,,0.0,7,,0.0,2.666666667,,0.0,2,,0.0,7,,0.0,999,,0.0,999,,0.0,1,,0.0,2,,0.0,-1,,0.0
Ritual322,0,0,100.0,0,0,100.0,0,0,100.0,1,1,100.0,0,0,100.0,0,1,100.0,0,0,100.0,0,0,100.0,0,1,100.0,0,0,100.0,0,0,100.0,0,0,100.0,0,1,80.0,0,1,100.0,0,0,100.0,3,,0.0,3,1,100.0,0,0,100.0,0,1,100.0,0,0,100.0,0,1,100.0,1,0,100.0,0,0,100.0,0,0,100.0,0,0,100.0,5,5,100.0,5,5,100.0,0,0,100.0,0,1,100.0,0,0,100.0,0,0,100.0,0,0,100.0,0,0,100.0,0,0,100.0,0,0,100.0,0,0,100.0,0,0,100.0,0,1,100.0,0,0,100.0,0,1,100.0,0,0,60.0,0,1,60.0,0,0,100.0,0,1,100.0,0,1,100.0,0,0,100.0,0,0,100.0,0,0,100.0,0,1,100.0,0,1,100.0,0,0,100.0,0,0,100.0,0,0,100.0,0,1,100.0,0,0,100.0,0,0,100.0,0,0,100.0,0,0,100.0,0,0,100.0,0,0,100.0,0,0,100.0,0,1,100.0,0,0,100.0,0,0,100.0,0,0,100.0,0,0,100.0,0,1,100.0,0,0,100.0,0,0,100.0,0,1,100.0,0,1,100.0,0,1,100.0,0,0,100.0,0,1,100.0,0,,0.0,0,,0.0,0,,0.0,0,,0.0,0,,0.0,0,,0.0,0,,0.0,0,,0.0,0,,0.0,0,,0.0,0,,0.0,0,,0.0,0,,0.0,1,,0.0,0,,0.0,0,,0.0,1,,0.0,0,,0.0,0,,0.0,1,,0.0,0,,0.0,0,,0.0,0,,0.0,0,1,100.0,1,1,100.0,0,1,100.0,0,0,100.0,0,0,100.0,0,1,100.0,0,0,100.0,2.333333333,5,100.0,2,4,80.0,7,4,100.0,2.0,5,80.0,1,5,50.0,7,2,60.0,999,5,100.0,3,2,100.0,1,1,100.0,2,2,100.0,-1,1,100.0
Ritual323a,0,0,100.0,0,0,100.0,0,0,100.0,0,1,100.0,0,1,100.0,0,0,100.0,0,0,100.0,0,0,100.0,0,0,100.0,0,0,100.0,1,1,100.0,0,0,100.0,0,1,80.0,0,1,100.0,0,0,100.0,2,,0.0,3,1,100.0,0,0,100.0,1,1,100.0,0,0,100.0,1,1,100.0,0,0,100.0,0,0,100.0,0,0,100.0,0,0,100.0,7,5,100.0,6,5,100.0,0,1,100.0,0,1,100.0,1,1,100.0,0,0,100.0,0,0,100.0,0,0,100.0,0,0,100.0,0,1,100.0,1,1,100.0,1,1,100.0,0,1,100.0,0,1,100.0,1,1,100.0,0,0,100.0,0,1,100.0,0,0,100.0,0,0,100.0,0,0,100.0,0,0,100.0,0,0,100.0,0,1,100.0,0,0,100.0,0,1,100.0,0,0,100.0,0,0,100.0,0,0,100.0,0,0,100.0,0,0,100.0,0,0,100.0,0,0,100.0,0,0,100.0,0,0,100.0,0,0,100.0,0,0,100.0,0,1,100.0,0,0,100.0,0,0,100.0,0,0,100.0,0,0,100.0,0,1,100.0,0,0,100.0,0,0,100.0,0,1,100.0,0,0,100.0,0,1,100.0,0,0,100.0,0,0,100.0,0,,0.0,0,,0.0,0,,0.0,0,,0.0,0,,0.0,0,,0.0,0,,0.0,0,,0.0,0,,0.0,0,,0.0,1,,0.0,0,,0.0,0,,0.0,0,,0.0,0,,0.0,0,,0.0,1,,0.0,1,,0.0,0,,0.0,0,,0.0,0,,0.0,0,,0.0,0,,0.0,0,1,100.0,0,1,100.0,0,1,100.0,0,0,100.0,0,1,100.0,0,0,100.0,0,1,100.0,2.333333333,5,100.0,2,4,100.0,7,4,100.0,2.333333333,3,100.0,1,2,100.0,7,2,100.0,4,5,100.0,999,2,100.0,1,1,100.0,2,2,100.0,-1,1,100.0
Ritual323b,0,0,100.0,0,0,100.0,0,0,100.0,0,1,100.0,0,0,100.0,0,0,100.0,0,1,100.0,0,0,100.0,0,0,100.0,0,0,100.0,1,1,100.0,0,0,100.0,0,0,100.0,0,1,100.0,0,0,100.0,2,,0.0,3,1,100.0,0,0,100.0,1,0,100.0,0,0,100.0,1,1,100.0,0,0,100.0,0,0,100.0,0,0,100.0,0,0,100.0,7,5,100.0,6,5,100.0,0,0,100.0,0,0,100.0,1,1,100.0,0,0,100.0,0,0,100.0,0,0,100.0,0,0,100.0,0,1,100.0,1,1,100.0,1,0,100.0,0,0,100.0,0,1,100.0,1,1,100.0,0,0,100.0,0,1,100.0,0,0,100.0,0,0,100.0,0,0,100.0,0,0,100.0,0,0,100.0,0,0,100.0,0,0,100.0,0,1,100.0,0,0,100.0,0,0,100.0,0,0,100.0,0,0,100.0,0,0,100.0,0,0,100.0,0,1,100.0,0,0,100.0,0,0,100.0,0,0,100.0,0,0,100.0,0,1,100.0,0,0,100.0,0,0,100.0,0,0,100.0,0,0,100.0,0,0,100.0,0,0,100.0,0,0,100.0,0,0,100.0,0,0,100.0,0,1,100.0,0,0,100.0,0,0,100.0,0,,0.0,0,,0.0,0,,0.0,0,,0.0,0,,0.0,0,,0.0,0,,0.0,0,,0.0,0,,0.0,0,,0.0,1,,0.0,0,,0.0,0,,0.0,0,,0.0,0,,0.0,0,,0.0,1,,0.0,1,,0.0,0,,0.0,0,,0.0,0,,0.0,0,,0.0,0,,0.0,0,1,100.0,0,1,100.0,0,0,100.0,0,0,100.0,0,0,100.0,0,0,100.0,0,0,100.0,2.333333333,5,100.0,2,3,100.0,7,4,100.0,2.333333333,1,100.0,1,0,100.0,7,2,100.0,4,5,100.0,999,3,100.0,1,1,100.0,2,2,100.0,-1,2,100.0
Ritual324,0,1,100.0,0,0,100.0,0,0,100.0,1,1,100.0,0,0,100.0,0,1,100.0,0,0,100.0,0,0,100.0,0,0,100.0,0,0,100.0,0,0,100.0,0,0,100.0,0,0,100.0,0,1,100.0,0,1,100.0,3,,0.0,3,1,100.0,0,0,100.0,0,1,100.0,0,0,100.0,0,1,100.0,1,0,100.0,0,0,100.0,0,0,100.0,0,0,100.0,6,5,100.0,6,5,100.0,0,1,100.0,0,1,100.0,0,0,100.0,0,0,100.0,0,0,100.0,0,0,100.0,0,0,100.0,0,1,100.0,0,0,100.0,0,0,100.0,0,1,100.0,0,0,100.0,0,1,100.0,0,1,100.0,0,0,100.0,0,1,100.0,0,0,100.0,0,0,100.0,0,0,100.0,0,0,100.0,1,1,100.0,0,1,100.0,0,1,100.0,0,0,100.0,0,1,100.0,0,0,100.0,0,0,100.0,0,0,100.0,0,1,100.0,0,0,100.0,0,0,100.0,0,0,100.0,0,0,100.0,0,0,100.0,0,1,100.0,0,0,100.0,0,0,100.0,0,0,100.0,0,0,100.0,0,1,100.0,0,0,100.0,0,0,100.0,0,1,100.0,0,1,100.0,0,1,100.0,0,1,100.0,0,1,100.0,0,1,100.0,0,1,100.0,1,0,100.0,1,0,100.0,0,1,100.0,1,0,100.0,1,1,100.0,0,1,100.0,0,1,100.0,0,0,100.0,0,0,100.0,0,0,100.0,0,0,100.0,1,1,100.0,0,1,100.0,0,1,100.0,0,1,100.0,0,1,100.0,0,1,100.0,1,0,100.0,0,1,100.0,0,0,100.0,0,1,100.0,0,1,100.0,0,1,100.0,0,1,100.0,0,1,100.0,0,1,100.0,0,0,100.0,0,0,100.0,2.333333333,3,100.0,3,2,100.0,3,4,100.0,0.0,1,100.0,0,0,100.0,-1,2,100.0,999,5,100.0,3,2,100.0,1,2,100.0,2,1,100.0,-1,1,100.0
Ritual325,0,,0.0,0,,0.0,0,,0.0,1,,0.0,0,,0.0,0,,0.0,0,,0.0,0,,0.0,0,,0.0,0,,0.0,0,,0.0,0,,0.0,0,,0.0,0,,0.0,0,,0.0,3,,0.0,3,,0.0,0,,0.0,0,,0.0,0,,0.0,0,,0.0,1,,0.0,0,,0.0,0,,0.0,0,,0.0,6,,0.0,5,,0.0,0,,0.0,0,,0.0,0,,0.0,0,,0.0,0,,0.0,0,,0.0,0,,0.0,0,,0.0,0,,0.0,0,,0.0,0,,0.0,0,,0.0,0,,0.0,0,,0.0,0,,0.0,0,,0.0,0,,0.0,0,,0.0,0,,0.0,0,,0.0,1,,0.0,0,,0.0,0,,0.0,0,,0.0,0,,0.0,0,,0.0,0,,0.0,0,,0.0,0,,0.0,0,,0.0,0,,0.0,0,,0.0,0,,0.0,0,,0.0,0,,0.0,0,,0.0,0,,0.0,0,,0.0,0,,0.0,0,,0.0,0,,0.0,0,,0.0,0,,0.0,0,,0.0,0,,0.0,0,,0.0,0,,0.0,0,,0.0,0,,0.0,0,,0.0,0,,0.0,0,,0.0,1,,0.0,1,,0.0,0,,0.0,0,,0.0,0,,0.0,0,,0.0,0,,0.0,0,,0.0,1,,0.0,0,,0.0,0,,0.0,0,,0.0,1,,0.0,0,,0.0,1,,0.0,0,,0.0,0,,0.0,0,,0.0,0,,0.0,0,,0.0,0,,0.0,0,,0.0,0,,0.0,0,,0.0,0,,0.0,2.666666667,,0.0,3,,0.0,3,,0.0,1.0,,0.0,0,,0.0,3,,0.0,999,,0.0,999,,0.0,1,,0.0,2,,0.0,-1,,0.0
Ritual326,0,0,100.0,0,0,100.0,0,0,100.0,1,1,100.0,0,0,100.0,0,1,100.0,0,0,100.0,0,0,100.0,0,0,100.0,0,0,100.0,0,0,100.0,0,0,100.0,0,0,100.0,0,1,100.0,0,1,100.0,2,,0.0,3,1,100.0,0,0,100.0,0,1,100.0,0,0,100.0,0,1,100.0,0,0,100.0,0,0,100.0,1,0,100.0,0,0,100.0,5,5,100.0,5,5,100.0,1,0,100.0,0,0,100.0,0,0,100.0,0,0,100.0,0,0,100.0,0,0,100.0,0,0,100.0,0,0,100.0,0,0,100.0,0,0,100.0,0,0,100.0,0,0,100.0,0,1,100.0,0,0,100.0,0,0,100.0,0,0,100.0,0,1,100.0,0,0,100.0,0,0,100.0,0,0,100.0,0,0,100.0,0,1,100.0,0,1,100.0,0,0,100.0,0,0,100.0,0,0,100.0,0,0,100.0,0,0,100.0,0,0,100.0,0,0,100.0,0,0,100.0,0,0,100.0,0,0,100.0,0,0,100.0,0,1,100.0,0,0,100.0,0,0,100.0,0,0,100.0,0,0,100.0,0,1,100.0,0,0,100.0,0,0,100.0,0,1,100.0,0,0,100.0,0,1,100.0,0,1,100.0,0,0,100.0,0,,0.0,0,,0.0,0,,0.0,1,,0.0,0,,0.0,0,,0.0,0,,0.0,0,,0.0,1,,0.0,0,,0.0,0,,0.0,1,,0.0,0,,0.0,0,,0.0,0,,0.0,0,,0.0,0,,0.0,0,,0.0,0,,0.0,0,,0.0,0,,0.0,0,,0.0,0,,0.0,0,1,100.0,0,1,100.0,0,0,100.0,0,0,100.0,0,0,100.0,0,1,100.0,0,1,100.0,2.0,3,100.0,3,4,100.0,7,4,100.0,1.666666667,2,70.0,0,2,70.0,7,2,100.0,999,5,100.0,3,2,100.0,1,2,100.0,2,1,100.0,-1,1,100.0
Ritual327,0,0,100.0,0,0,100.0,0,0,100.0,1,1,100.0,0,0,100.0,0,1,100.0,0,0,100.0,0,0,100.0,1,1,100.0,0,0,100.0,0,0,100.0,0,0,100.0,0,0,100.0,0,1,100.0,0,0,100.0,2,,0.0,3,1,100.0,0,0,100.0,0,1,100.0,0,0,100.0,0,1,100.0,0,0,100.0,1,0,100.0,0,0,100.0,0,0,100.0,999,5,100.0,5,5,100.0,0,0,100.0,0,1,100.0,0,1,100.0,0,0,100.0,0,0,100.0,0,0,100.0,0,0,100.0,0,1,100.0,0,1,100.0,1,0,100.0,0,0,100.0,0,0,100.0,0,1,100.0,0,0,100.0,0,0,100.0,0,0,100.0,0,0,100.0,0,0,100.0,0,0,100.0,0,0,100.0,0,0,100.0,0,0,100.0,0,1,100.0,0,0,100.0,0,0,100.0,0,0,100.0,0,0,100.0,0,0,100.0,0,0,100.0,0,0,100.0,0,0,100.0,0,0,100.0,0,0,100.0,0,0,100.0,0,0,100.0,0,0,100.0,0,0,100.0,0,0,100.0,0,0,100.0,0,0,100.0,0,0,100.0,0,0,100.0,0,0,100.0,0,0,100.0,0,1,100.0,0,0,100.0,0,0,100.0,0,,0.0,0,,0.0,0,,0.0,1,,0.0,0,,0.0,0,,0.0,0,,0.0,0,,0.0,1,,0.0,0,,0.0,0,,0.0,1,,0.0,0,,0.0,0,,0.0,0,,0.0,0,,0.0,0,,0.0,0,,0.0,0,,0.0,0,,0.0,0,,0.0,0,,0.0,0,,0.0,0,0,100.0,0,1,100.0,0,0,100.0,0,0,100.0,0,0,100.0,0,0,100.0,0,1,100.0,2.0,3,100.0,2,2,100.0,7,2,90.0,1.333333333,1,100.0,1,1,100.0,7,2,100.0,999,5,100.0,999,1,80.0,1,3,100.0,2,1,100.0,-1,2,100.0
Ritual328,0,0,100.0,0,0,100.0,0,1,100.0,0,1,100.0,0,0,100.0,0,0,100.0,0,0,100.0,0,0,100.0,0,0,100.0,0,0,100.0,0,0,100.0,0,0,100.0,0,0,100.0,0,1,100.0,0,1,100.0,1,,0.0,3,1,100.0,0,0,100.0,0,1,100.0,0,0,100.0,1,1,100.0,0,0,100.0,0,0,100.0,0,0,100.0,0,0,100.0,999,5,100.0,5,5,100.0,0,0,100.0,0,0,100.0,0,1,100.0,0,0,100.0,0,0,100.0,0,0,100.0,0,0,100.0,0,0,100.0,0,0,100.0,0,0,100.0,0,0,100.0,0,1,100.0,1,1,100.0,0,0,100.0,1,0,100.0,0,0,100.0,0,1,100.0,0,0,100.0,0,0,100.0,0,0,100.0,0,0,100.0,0,0,100.0,0,1,100.0,0,0,100.0,0,0,100.0,0,0,100.0,0,0,100.0,0,0,100.0,0,0,100.0,0,0,100.0,0,0,100.0,0,0,100.0,0,0,100.0,0,0,100.0,0,1,100.0,0,0,100.0,0,0,100.0,0,0,100.0,0,0,100.0,0,0,100.0,0,0,100.0,0,0,100.0,0,0,100.0,0,0,100.0,0,1,100.0,0,0,100.0,0,0,100.0,0,,0.0,0,,0.0,0,,0.0,1,,0.0,0,,0.0,0,,0.0,0,,0.0,0,,0.0,0,,0.0,0,,0.0,0,,0.0,1,,0.0,0,,0.0,1,,0.0,0,,0.0,0,,0.0,0,,0.0,0,,0.0,0,,0.0,0,,0.0,0,,0.0,0,,0.0,0,,0.0,0,1,100.0,0,1,100.0,0,0,50.0,0,0,100.0,0,0,100.0,0,1,100.0,0,1,100.0,2.0,3,100.0,1,2,100.0,1,4,100.0,0.0,1,100.0,0,0,100.0,-1,5,100.0,999,5,100.0,3,1,100.0,1,1,100.0,2,2,100.0,-1,1,100.0
Ritual329,0,0,100.0,0,0,100.0,0,0,100.0,0,1,100.0,0,1,100.0,0,0,100.0,0,0,100.0,0,0,100.0,0,0,100.0,0,0,100.0,0,0,100.0,0,0,100.0,0,1,100.0,0,1,100.0,0,1,100.0,1,,0.0,3,1,100.0,0,0,100.0,0,0,100.0,0,0,100.0,0,1,100.0,0,0,100.0,0,0,100.0,0,0,100.0,0,0,100.0,999,5,100.0,5,5,100.0,0,0,100.0,0,1,100.0,0,0,100.0,0,0,100.0,0,1,100.0,0,0,100.0,0,0,100.0,0,0,100.0,0,0,100.0,0,0,100.0,0,0,100.0,0,0,100.0,0,1,100.0,0,0,100.0,0,1,100.0,0,1,100.0,0,1,100.0,0,0,100.0,0,0,100.0,0,0,100.0,0,0,100.0,0,0,100.0,0,1,100.0,0,0,100.0,0,0,100.0,0,0,100.0,0,0,100.0,0,0,100.0,0,0,100.0,0,0,100.0,0,0,100.0,0,0,100.0,0,0,100.0,0,0,100.0,0,1,100.0,0,0,100.0,0,0,100.0,0,0,100.0,0,0,100.0,0,0,100.0,0,0,100.0,0,0,100.0,0,0,100.0,0,0,100.0,0,1,100.0,0,0,100.0,0,0,100.0,0,,0.0,0,,0.0,0,,0.0,1,,0.0,0,,0.0,0,,0.0,0,,0.0,0,,0.0,0,,0.0,0,,0.0,0,,0.0,1,,0.0,0,,0.0,1,,0.0,0,,0.0,0,,0.0,0,,0.0,0,,0.0,0,,0.0,0,,0.0,0,,0.0,1,,0.0,0,,0.0,0,0,100.0,0,0,100.0,0,1,100.0,0,0,100.0,0,0,100.0,0,0,100.0,0,1,100.0,1.0,0,100.0,1,0,100.0,7,7,100.0,0.0,0,100.0,0,0,100.0,-1,7,100.0,999,5,100.0,3,3,100.0,1,2,100.0,2,1,100.0,-1,1,100.0
Ritual330,0,0,100.0,0,0,100.0,0,0,100.0,1,1,100.0,0,0,100.0,0,1,100.0,0,0,100.0,0,0,100.0,0,0,100.0,0,0,100.0,0,0,100.0,0,0,100.0,0,0,100.0,0,1,100.0,0,0,100.0,1,,0.0,3,1,100.0,0,0,100.0,0,1,100.0,0,0,100.0,1,1,100.0,0,0,100.0,0,0,100.0,0,0,100.0,0,0,100.0,5,5,100.0,5,5,100.0,0,0,100.0,0,0,100.0,0,0,100.0,0,0,100.0,0,0,100.0,0,0,100.0,0,0,100.0,0,0,100.0,0,0,100.0,0,0,100.0,0,0,100.0,0,0,100.0,0,1,100.0,0,0,100.0,0,0,100.0,0,0,100.0,0,1,100.0,0,0,100.0,0,0,100.0,0,0,100.0,0,0,100.0,0,0,100.0,0,1,100.0,0,0,100.0,0,0,100.0,0,0,100.0,0,0,100.0,0,0,100.0,0,0,100.0,0,0,100.0,0,0,100.0,0,0,100.0,0,0,100.0,0,0,100.0,0,0,100.0,0,0,100.0,0,0,100.0,0,0,100.0,0,0,100.0,0,1,100.0,0,0,100.0,0,0,100.0,0,1,100.0,0,0,100.0,0,0,100.0,0,0,100.0,0,0,100.0,0,,0.0,0,,0.0,0,,0.0,1,,0.0,0,,0.0,0,,0.0,0,,0.0,0,,0.0,0,,0.0,0,,0.0,0,,0.0,1,,0.0,0,,0.0,1,,0.0,0,,0.0,0,,0.0,0,,0.0,0,,0.0,0,,0.0,0,,0.0,0,,0.0,0,,0.0,0,,0.0,0,1,100.0,0,1,100.0,0,1,100.0,0,0,100.0,0,0,100.0,0,1,100.0,0,1,100.0,1.333333333,5,100.0,2,4,100.0,7,4,100.0,2.333333333,1,50.0,0,1,50.0,-1,2,100.0,2,5,100.0,3,2,100.0,1,1,100.0,2,2,100.0,-1,1,100.0
Ritual331,0,0,100.0,0,0,100.0,0,0,100.0,1,1,100.0,0,0,100.0,0,1,100.0,0,0,100.0,0,0,100.0,0,0,100.0,0,0,100.0,0,0,100.0,0,0,100.0,0,0,100.0,0,1,100.0,0,1,100.0,1,,0.0,3,1,100.0,0,0,100.0,0,1,100.0,0,0,100.0,0,1,100.0,0,0,100.0,0,0,100.0,0,0,100.0,0,0,100.0,999,5,100.0,5,5,100.0,0,0,100.0,0,0,100.0,0,0,100.0,0,0,100.0,0,1,100.0,0,0,100.0,0,0,100.0,0,0,100.0,0,0,100.0,0,0,100.0,0,0,100.0,0,0,100.0,0,1,100.0,0,0,100.0,0,0,70.0,0,0,100.0,0,1,100.0,0,0,100.0,0,0,100.0,0,0,100.0,0,0,100.0,0,1,100.0,0,1,100.0,0,0,100.0,0,0,100.0,0,0,100.0,0,0,100.0,0,0,100.0,0,0,100.0,0,0,100.0,0,0,100.0,0,0,100.0,0,0,100.0,0,0,100.0,0,0,100.0,0,0,100.0,0,0,100.0,0,0,100.0,0,0,100.0,0,0,100.0,0,0,100.0,0,0,100.0,0,1,100.0,0,0,100.0,0,1,100.0,0,0,100.0,0,0,100.0,0,,0.0,0,,0.0,0,,0.0,1,,0.0,0,,0.0,0,,0.0,0,,0.0,0,,0.0,0,,0.0,0,,0.0,0,,0.0,1,,0.0,0,,0.0,0,,0.0,0,,0.0,0,,0.0,0,,0.0,0,,0.0,0,,0.0,0,,0.0,0,,0.0,0,,0.0,0,,0.0,0,0,100.0,0,1,100.0,0,1,100.0,0,0,100.0,0,0,100.0,0,1,100.0,0,1,100.0,1.333333333,0,100.0,1,0,100.0,7,1,90.0,0.0,0,100.0,0,0,100.0,-1,2,90.0,999,5,100.0,3,2,100.0,1,2,100.0,2,1,100.0,-1,2,100.0
Ritual332,0,0,100.0,0,0,100.0,0,0,100.0,1,1,100.0,0,0,100.0,0,1,100.0,0,0,100.0,0,0,100.0,0,0,100.0,0,0,100.0,0,0,100.0,0,0,100.0,0,0,100.0,0,1,100.0,0,1,100.0,1,,0.0,3,999,100.0,0,0,100.0,1,0,100.0,1,0,100.0,1,1,100.0,1,0,100.0,1,0,100.0,1,0,100.0,0,0,100.0,2,999,100.0,1,999,100.0,0,0,100.0,0,0,100.0,0,0,100.0,0,0,100.0,0,0,100.0,0,0,100.0,0,0,100.0,0,0,100.0,0,0,100.0,0,0,100.0,0,0,100.0,0,0,100.0,0,0,100.0,0,0,100.0,0,0,100.0,0,0,100.0,0,0,100.0,0,0,100.0,0,0,100.0,0,0,100.0,0,0,100.0,0,1,100.0,0,0,100.0,0,0,100.0,0,0,100.0,0,0,100.0,0,0,100.0,0,0,100.0,0,0,100.0,0,0,100.0,0,0,100.0,0,0,100.0,0,0,100.0,0,0,100.0,0,0,100.0,0,0,100.0,0,0,100.0,0,0,100.0,0,0,100.0,0,0,100.0,0,0,100.0,0,0,100.0,0,0,100.0,0,0,100.0,0,1,100.0,0,0,100.0,0,0,100.0,0,,0.0,0,,0.0,0,,0.0,1,,0.0,0,,0.0,0,,0.0,0,,0.0,0,,0.0,0,,0.0,0,,0.0,0,,0.0,1,,0.0,0,,0.0,1,,0.0,0,,0.0,0,,0.0,0,,0.0,0,,0.0,0,,0.0,0,,0.0,0,,0.0,0,,0.0,0,,0.0,0,0,100.0,0,1,100.0,0,0,100.0,0,0,100.0,0,0,100.0,0,0,100.0,0,0,100.0,1.0,0,100.0,1,0,100.0,7,0,100.0,0.0,0,100.0,0,0,100.0,-1,0,100.0,999,5,100.0,3,3,90.0,1,2,100.0,2,1,100.0,-1,2,70.0
Ritual333,0,0,100.0,0,0,100.0,0,1,100.0,0,0,100.0,0,1,100.0,0,1,100.0,0,0,100.0,0,0,100.0,0,0,100.0,0,0,100.0,0,0,100.0,1,1,100.0,0,1,100.0,0,1,100.0,0,0,100.0,2,,0.0,3,1,100.0,0,0,100.0,1,1,100.0,0,0,100.0,0,1,100.0,0,0,100.0,0,0,100.0,0,0,100.0,0,1,100.0,7,5,100.0,6,5,100.0,0,0,100.0,1,1,100.0,0,0,100.0,0,0,100.0,0,1,100.0,0,0,100.0,0,1,100.0,0,1,100.0,0,0,100.0,0,0,100.0,0,1,100.0,0,0,100.0,0,1,100.0,0,1,100.0,0,0,100.0,0,0,100.0,0,0,100.0,0,1,100.0,0,0,100.0,0,0,100.0,0,1,100.0,0,0,100.0,0,1,100.0,0,0,100.0,0,0,100.0,0,0,100.0,0,0,100.0,0,0,100.0,0,0,100.0,0,0,100.0,0,0,100.0,0,0,100.0,0,0,100.0,0,0,100.0,0,1,100.0,0,0,100.0,0,0,100.0,0,0,100.0,0,0,100.0,0,1,100.0,0,0,100.0,0,0,100.0,0,1,100.0,0,1,100.0,0,1,100.0,0,0,100.0,0,1,70.0,0,,0.0,0,,0.0,0,,0.0,0,,0.0,0,,0.0,0,,0.0,0,,0.0,0,,0.0,0,,0.0,0,,0.0,0,,0.0,0,,0.0,0,,0.0,0,,0.0,0,,0.0,0,,0.0,0,,0.0,0,,0.0,0,,0.0,0,,0.0,0,,0.0,0,,0.0,0,,0.0,0,0,100.0,0,1,100.0,0,0,100.0,0,0,100.0,0,1,100.0,0,0,100.0,0,1,100.0,0.0,5,100.0,0,4,100.0,-1,2,100.0,3.666666667,3,100.0,4,2,100.0,3,1,100.0,1,5,100.0,999,2,100.0,1,2,100.0,2,1,100.0,-1,2,100.0
Ritual334,0,0,100.0,0,0,100.0,0,0,100.0,0,1,100.0,0,0,100.0,0,0,100.0,1,1,100.0,0,0,100.0,0,0,100.0,0,0,100.0,0,0,100.0,0,0,100.0,0,0,100.0,0,1,100.0,0,0,100.0,4,,0.0,3,2,100.0,1,0,100.0,1,1,100.0,0,0,100.0,1,1,100.0,0,0,100.0,0,0,100.0,0,0,100.0,0,0,100.0,6,5,100.0,6,5,100.0,0,0,100.0,0,0,100.0,0,0,100.0,0,0,100.0,0,0,100.0,0,0,100.0,0,0,100.0,0,1,100.0,0,0,100.0,0,0,100.0,0,1,100.0,1,1,100.0,0,1,100.0,0,1,100.0,0,0,100.0,0,1,100.0,0,1,100.0,0,0,100.0,0,0,100.0,0,0,100.0,0,0,100.0,0,1,100.0,0,1,100.0,0,0,100.0,0,1,80.0,0,0,100.0,0,0,100.0,0,0,100.0,0,0,100.0,0,0,100.0,0,0,100.0,0,0,100.0,0,0,100.0,0,1,100.0,0,1,100.0,0,0,100.0,0,0,100.0,0,0,100.0,1,1,100.0,0,1,100.0,1,1,100.0,0,0,100.0,1,1,100.0,1,1,100.0,0,1,100.0,0,0,100.0,0,1,100.0,0,,0.0,0,,0.0,0,,0.0,0,,0.0,0,,0.0,0,,0.0,0,,0.0,1,,0.0,0,,0.0,0,,0.0,0,,0.0,0,,0.0,0,,0.0,0,,0.0,0,,0.0,0,,0.0,0,,0.0,0,,0.0,0,,0.0,0,,0.0,0,,0.0,0,,0.0,0,,0.0,0,1,100.0,0,1,100.0,0,1,100.0,0,0,100.0,0,1,100.0,0,1,100.0,0,1,100.0,0.0,5,100.0,0,4,100.0,-1,2,100.0,4.0,4,100.0,5,3,100.0,2,2,100.0,4,5,100.0,999,2,100.0,1,2,100.0,2,1,100.0,-1,1,100.0
Ritual335,0,0,100.0,0,0,100.0,0,0,100.0,1,1,100.0,0,0,100.0,0,1,100.0,0,0,100.0,0,0,100.0,0,0,100.0,0,0,100.0,0,0,100.0,0,0,100.0,0,0,100.0,0,1,100.0,0,1,100.0,3,,0.0,1,1,100.0,0,0,100.0,0,1,100.0,0,1,100.0,0,1,100.0,1,0,100.0,0,0,100.0,0,0,100.0,0,1,100.0,999,5,100.0,5,5,100.0,0,1,100.0,1,1,100.0,0,1,100.0,1,1,100.0,1,0,100.0,0,1,100.0,0,0,100.0,0,1,100.0,1,1,100.0,0,0,100.0,0,1,100.0,0,1,100.0,0,1,100.0,0,1,100.0,1,1,100.0,0,1,100.0,0,0,100.0,0,1,100.0,1,0,100.0,0,0,100.0,1,0,100.0,0,0,100.0,0,1,100.0,1,0,100.0,0,1,100.0,0,0,100.0,0,0,100.0,0,0,100.0,0,0,100.0,0,0,100.0,0,0,100.0,0,0,100.0,0,0,100.0,0,0,100.0,0,1,100.0,0,1,100.0,0,0,100.0,0,0,100.0,0,0,100.0,0,1,100.0,0,0,100.0,0,0,100.0,0,1,100.0,0,0,100.0,0,0,100.0,0,0,100.0,0,0,100.0,0,,0.0,1,,0.0,0,,0.0,0,,0.0,0,,0.0,1,,0.0,1,,0.0,1,,0.0,0,,0.0,0,,0.0,0,,0.0,0,,0.0,0,,0.0,0,,0.0,0,,0.0,0,,0.0,0,,0.0,0,,0.0,0,,0.0,0,,0.0,0,,0.0,1,,0.0,0,,0.0,0,1,100.0,0,1,100.0,1,1,100.0,0,0,100.0,0,0,100.0,0,0,100.0,0,1,100.0,4.0,5,100.0,4,4,100.0,7,4,100.0,1.666666667,3,100.0,1,3,100.0,7,3,100.0,4,5,100.0,3,2,100.0,1,2,100.0,1,1,100.0,-1,1,100.0
Ritual336,0,0,100.0,0,0,100.0,0,0,100.0,0,1,100.0,0,0,100.0,0,1,100.0,0,0,100.0,0,0,100.0,0,0,100.0,0,0,100.0,0,0,100.0,0,0,100.0,0,1,100.0,0,1,100.0,0,1,100.0,3,,0.0,3,1,100.0,0,0,100.0,0,1,100.0,0,0,100.0,0,1,100.0,0,0,100.0,0,0,100.0,1,0,100.0,1,0,100.0,999,5,100.0,5,5,100.0,1,1,100.0,1,1,100.0,0,1,100.0,1,1,100.0,0,0,100.0,0,1,100.0,0,0,100.0,0,1,100.0,0,0,100.0,0,0,100.0,0,0,100.0,0,1,100.0,1,1,100.0,0,1,100.0,0,1,100.0,0,0,100.0,0,0,100.0,0,0,100.0,1,0,60.0,0,0,100.0,0,1,100.0,0,0,100.0,0,1,100.0,1,0,100.0,0,1,100.0,0,0,100.0,0,0,100.0,0,0,100.0,0,0,100.0,0,0,100.0,0,0,100.0,0,0,100.0,0,0,100.0,0,0,100.0,0,1,100.0,0,1,100.0,0,0,100.0,0,0,100.0,0,1,100.0,1,1,100.0,0,0,100.0,0,0,100.0,0,1,100.0,0,0,100.0,0,0,100.0,0,0,100.0,0,0,100.0,0,,0.0,0,,0.0,0,,0.0,0,,0.0,0,,0.0,1,,0.0,0,,0.0,0,,0.0,0,,0.0,0,,0.0,0,,0.0,0,,0.0,0,,0.0,0,,0.0,0,,0.0,0,,0.0,0,,0.0,0,,0.0,0,,0.0,1,,0.0,0,,0.0,0,,0.0,0,,0.0,0,1,100.0,1,1,100.0,1,1,100.0,0,0,100.0,0,1,100.0,0,0,100.0,0,1,100.0,4.333333333,5,100.0,4,4,70.0,7,4,100.0,2.0,3,70.0,1,3,60.0,3,3,60.0,999,5,100.0,999,3,70.0,1,2,100.0,2,1,100.0,-1,2,100.0
Ritual337,0,0,100.0,0,0,100.0,0,0,100.0,0,1,100.0,0,0,100.0,0,0,100.0,1,1,100.0,0,0,100.0,0,0,100.0,0,0,100.0,0,0,100.0,0,0,100.0,0,0,100.0,0,0,100.0,0,1,100.0,3,,0.0,1,1,100.0,0,0,100.0,0,1,100.0,0,0,100.0,1,1,100.0,0,0,100.0,0,0,100.0,0,0,100.0,0,0,100.0,7,5,100.0,6,5,100.0,0,1,100.0,0,1,100.0,0,1,100.0,1,1,100.0,1,0,100.0,0,0,100.0,0,0,100.0,0,1,100.0,1,0,100.0,0,0,100.0,0,0,100.0,0,0,100.0,0,1,100.0,0,0,100.0,1,1,100.0,1,1,100.0,0,0,100.0,0,0,100.0,1,1,100.0,0,0,100.0,1,0,100.0,0,1,100.0,0,1,100.0,1,0,100.0,0,1,100.0,0,0,100.0,0,0,100.0,0,0,100.0,1,1,100.0,0,0,100.0,0,0,100.0,0,0,100.0,0,0,100.0,0,0,100.0,0,1,100.0,1,1,100.0,0,0,100.0,0,0,100.0,0,1,100.0,0,1,100.0,0,0,100.0,0,0,100.0,0,1,100.0,0,1,100.0,0,1,100.0,0,0,100.0,0,1,100.0,0,,0.0,1,,0.0,0,,0.0,0,,0.0,0,,0.0,1,,0.0,1,,0.0,1,,0.0,0,,0.0,0,,0.0,0,,0.0,0,,0.0,0,,0.0,0,,0.0,0,,0.0,0,,0.0,0,,0.0,0,,0.0,0,,0.0,0,,0.0,0,,0.0,1,,0.0,0,,0.0,0,1,100.0,0,1,100.0,0,1,100.0,0,0,100.0,0,0,100.0,0,0,100.0,0,1,100.0,4.0,5,100.0,4,4,100.0,1,4,100.0,4.333333333,3,100.0,4,3,100.0,2,2,100.0,5,5,100.0,1,3,100.0,3,2,50.0,1,1,50.0,-1,2,100.0
Ritual338a,0,,0.0,0,,0.0,0,,0.0,0,,0.0,0,,0.0,0,,0.0,1,,0.0,0,,0.0,0,,0.0,0,,0.0,0,,0.0,0,,0.0,0,,0.0,0,,0.0,0,,0.0,4,,0.0,1,,0.0,0,,0.0,0,,0.0,0,,0.0,0,,0.0,1,,0.0,0,,0.0,0,,0.0,0,,0.0,7,,0.0,5,,0.0,0,,0.0,1,,0.0,0,,0.0,1,,0.0,0,,0.0,0,,0.0,0,,0.0,0,,0.0,0,,0.0,0,,0.0,0,,0.0,1,,0.0,1,,0.0,0,,0.0,0,,0.0,0,,0.0,0,,0.0,0,,0.0,1,,0.0,0,,0.0,1,,0.0,0,,0.0,0,,0.0,1,,0.0,0,,0.0,0,,0.0,0,,0.0,0,,0.0,1,,0.0,0,,0.0,0,,0.0,0,,0.0,0,,0.0,0,,0.0,0,,0.0,1,,0.0,0,,0.0,0,,0.0,0,,0.0,0,,0.0,1,,0.0,0,,0.0,0,,0.0,0,,0.0,0,,0.0,0,,0.0,0,,0.0,0,,0.0,1,,0.0,0,,0.0,0,,0.0,0,,0.0,1,,0.0,1,,0.0,1,,0.0,0,,0.0,0,,0.0,0,,0.0,0,,0.0,0,,0.0,0,,0.0,0,,0.0,0,,0.0,0,,0.0,0,,0.0,0,,0.0,0,,0.0,0,,0.0,1,,0.0,0,,0.0,0,,0.0,0,,0.0,0,,0.0,0,,0.0,0,,0.0,0,,0.0,0,,0.0,4.333333333,,0.0,2,,0.0,2,,0.0,4.0,,0.0,4,,0.0,2,,0.0,5,,0.0,1,,0.0,1,,0.0,1,,0.0,-1,,0.0
Ritual338b,0,,0.0,0,,0.0,0,,0.0,0,,0.0,0,,0.0,0,,0.0,1,,0.0,0,,0.0,0,,0.0,0,,0.0,0,,0.0,0,,0.0,0,,0.0,0,,0.0,0,,0.0,4,,0.0,1,,0.0,0,,0.0,0,,0.0,0,,0.0,0,,0.0,1,,0.0,0,,0.0,0,,0.0,0,,0.0,7,,0.0,5,,0.0,0,,0.0,1,,0.0,0,,0.0,1,,0.0,0,,0.0,0,,0.0,0,,0.0,0,,0.0,0,,0.0,0,,0.0,0,,0.0,1,,0.0,1,,0.0,0,,0.0,0,,0.0,0,,0.0,0,,0.0,0,,0.0,1,,0.0,0,,0.0,1,,0.0,0,,0.0,0,,0.0,1,,0.0,0,,0.0,0,,0.0,0,,0.0,0,,0.0,1,,0.0,0,,0.0,0,,0.0,0,,0.0,0,,0.0,0,,0.0,0,,0.0,1,,0.0,0,,0.0,0,,0.0,0,,0.0,0,,0.0,1,,0.0,0,,0.0,0,,0.0,0,,0.0,0,,0.0,0,,0.0,0,,0.0,0,,0.0,1,,0.0,0,,0.0,0,,0.0,0,,0.0,1,,0.0,1,,0.0,1,,0.0,0,,0.0,0,,0.0,0,,0.0,0,,0.0,0,,0.0,0,,0.0,0,,0.0,0,,0.0,0,,0.0,0,,0.0,0,,0.0,0,,0.0,0,,0.0,1,,0.0,0,,0.0,0,,0.0,0,,0.0,0,,0.0,0,,0.0,0,,0.0,0,,0.0,0,,0.0,4.333333333,,0.0,2,,0.0,2,,0.0,4.0,,0.0,4,,0.0,2,,0.0,5,,0.0,1,,0.0,1,,0.0,1,,0.0,-1,,0.0
Ritual339,0,,0.0,0,,0.0,0,,0.0,0,,0.0,0,,0.0,0,,0.0,0,,0.0,0,,0.0,0,,0.0,0,,0.0,0,,0.0,1,,0.0,0,,0.0,0,,0.0,0,,0.0,4,,0.0,3,,0.0,0,,0.0,0,,0.0,0,,0.0,0,,0.0,1,,0.0,0,,0.0,0,,0.0,0,,0.0,999,,0.0,6,,0.0,1,,0.0,1,,0.0,0,,0.0,0,,0.0,1,,0.0,1,,0.0,0,,0.0,0,,0.0,0,,0.0,0,,0.0,0,,0.0,0,,0.0,0,,0.0,0,,0.0,0,,0.0,0,,0.0,0,,0.0,0,,0.0,0,,0.0,0,,0.0,0,,0.0,0,,0.0,0,,0.0,1,,0.0,0,,0.0,0,,0.0,0,,0.0,0,,0.0,0,,0.0,0,,0.0,0,,0.0,0,,0.0,0,,0.0,0,,0.0,0,,0.0,0,,0.0,0,,0.0,0,,0.0,1,,0.0,0,,0.0,0,,0.0,0,,0.0,0,,0.0,0,,0.0,0,,0.0,0,,0.0,0,,0.0,1,,0.0,0,,0.0,0,,0.0,0,,0.0,0,,0.0,0,,0.0,0,,0.0,0,,0.0,0,,0.0,0,,0.0,0,,0.0,0,,0.0,0,,0.0,0,,0.0,0,,0.0,0,,0.0,0,,0.0,0,,0.0,1,,0.0,0,,0.0,0,,0.0,0,,0.0,0,,0.0,0,,0.0,0,,0.0,0,,0.0,0,,0.0,0,,0.0,0,,0.0,0,,0.0,5.0,,0.0,5,,0.0,7,,0.0,2.666666667,,0.0,2,,0.0,7,,0.0,999,,0.0,999,,0.0,1,,0.0,2,,0.0,-1,,0.0
Ritual340,0,0,100.0,0,0,100.0,0,1,100.0,0,1,100.0,0,0,100.0,0,1,100.0,0,0,100.0,0,0,100.0,0,0,100.0,0,0,100.0,0,0,100.0,1,1,100.0,0,1,100.0,0,1,100.0,0,1,100.0,3,,0.0,3,3,100.0,0,0,100.0,0,1,100.0,0,0,100.0,0,1,100.0,1,0,100.0,0,0,100.0,0,0,100.0,0,0,100.0,999,5,100.0,6,5,100.0,1,1,100.0,0,1,100.0,1,0,100.0,0,1,100.0,1,1,100.0,0,1,100.0,0,0,100.0,0,1,100.0,0,0,100.0,0,0,100.0,0,0,100.0,0,0,100.0,0,1,100.0,0,0,100.0,0,1,100.0,0,0,100.0,0,0,100.0,0,0,100.0,0,0,100.0,0,0,100.0,0,1,100.0,0,0,100.0,0,1,100.0,0,0,100.0,0,1,100.0,0,0,100.0,0,0,100.0,0,0,100.0,0,0,100.0,0,0,100.0,0,0,100.0,0,0,100.0,0,0,100.0,0,0,100.0,0,1,100.0,0,0,100.0,0,0,100.0,0,0,100.0,0,0,100.0,0,1,100.0,0,0,100.0,0,0,100.0,0,0,100.0,0,0,100.0,0,1,100.0,0,0,100.0,0,1,100.0,0,,0.0,0,,0.0,0,,0.0,0,,0.0,0,,0.0,0,,0.0,0,,0.0,1,,0.0,0,,0.0,0,,0.0,0,,0.0,0,,0.0,0,,0.0,0,,0.0,0,,0.0,0,,0.0,0,,0.0,0,,0.0,1,,0.0,0,,0.0,0,,0.0,1,,0.0,0,,0.0,0,1,100.0,0,1,100.0,0,1,100.0,0,0,100.0,0,1,100.0,0,0,100.0,0,0,100.0,4.0,5,100.0,4,4,60.0,7,4,100.0,0.0,3,60.0,0,2,60.0,-1,2,100.0,999,5,100.0,999,3,100.0,1,2,100.0,2,1,100.0,-1,1,100.0
Ritual341,0,0,100.0,0,0,100.0,0,0,100.0,1,1,100.0,0,0,100.0,0,1,100.0,0,0,100.0,0,0,100.0,0,1,100.0,0,0,100.0,0,0,100.0,0,0,100.0,0,0,100.0,0,1,100.0,0,0,100.0,2,,0.0,3,,0.0,0,,0.0,1,,0.0,0,,0.0,1,,0.0,0,,0.0,0,,0.0,0,,0.0,0,,0.0,6,5,100.0,4,5,100.0,0,0,100.0,1,1,100.0,0,0,100.0,0,0,100.0,0,1,100.0,0,0,100.0,0,0,100.0,0,1,100.0,0,0,100.0,0,0,100.0,0,0,100.0,0,1,100.0,0,1,100.0,0,1,100.0,1,1,100.0,0,0,100.0,0,0,100.0,0,1,100.0,0,0,100.0,0,0,100.0,0,0,100.0,0,0,100.0,0,1,100.0,0,0,100.0,0,1,100.0,0,0,100.0,0,0,100.0,0,0,100.0,0,1,100.0,0,0,100.0,0,0,100.0,0,0,100.0,0,0,100.0,0,0,100.0,0,1,100.0,0,0,100.0,0,0,100.0,0,0,100.0,0,0,100.0,0,1,100.0,0,0,100.0,0,0,100.0,0,1,100.0,0,0,100.0,0,1,100.0,0,1,100.0,0,1,100.0,0,1,100.0,0,1,100.0,0,0,100.0,0,0,100.0,0,1,100.0,0,1,100.0,0,1,100.0,0,1,100.0,0,1,100.0,0,0,100.0,0,1,100.0,0,0,100.0,0,0,100.0,0,1,100.0,0,0,100.0,0,0,100.0,1,1,100.0,0,1,100.0,0,1,100.0,0,0,100.0,0,1,100.0,0,0,60.0,0,1,80.0,0,1,100.0,1,1,100.0,0,0,100.0,0,0,100.0,0,0,100.0,0,0,100.0,0,1,100.0,0.0,3,100.0,0,2,100.0,-1,4,100.0,2.0,4,100.0,_,3,100.0,2,2,100.0,2,3,70.0,3,2,100.0,1,2,100.0,2,1,100.0,-1,2,100.0
Ritual342,0,0,100.0,0,0,100.0,0,0,100.0,1,1,100.0,0,0,100.0,0,1,100.0,0,0,100.0,0,1,100.0,0,0,100.0,0,0,100.0,0,0,100.0,0,0,100.0,0,0,100.0,0,1,100.0,0,1,100.0,2,,0.0,3,1,100.0,0,0,100.0,1,1,100.0,0,0,100.0,1,1,100.0,0,0,100.0,0,0,100.0,0,0,100.0,0,0,100.0,6,5,100.0,6,5,100.0,0,0,100.0,1,0,100.0,0,0,100.0,0,0,100.0,0,0,100.0,0,0,100.0,0,0,100.0,0,0,100.0,0,0,100.0,0,0,100.0,0,0,100.0,0,1,100.0,0,1,100.0,0,0,100.0,1,1,100.0,0,0,100.0,0,0,100.0,0,0,100.0,0,0,100.0,0,0,100.0,0,0,100.0,0,1,100.0,0,1,100.0,0,0,100.0,0,1,100.0,0,0,100.0,0,0,100.0,0,0,100.0,0,0,100.0,0,0,100.0,0,0,100.0,0,0,100.0,0,0,100.0,0,0,100.0,0,0,100.0,0,0,100.0,0,0,100.0,0,0,100.0,0,0,100.0,0,0,100.0,0,0,100.0,0,0,100.0,0,1,100.0,0,0,100.0,0,1,100.0,0,0,100.0,0,0,100.0,0,,0.0,0,,0.0,0,,0.0,0,,0.0,0,,0.0,0,,0.0,0,,0.0,0,,0.0,1,,0.0,0,,0.0,0,,0.0,0,,0.0,0,,0.0,0,,0.0,0,,0.0,0,,0.0,1,,0.0,0,,0.0,0,,0.0,0,,0.0,0,,0.0,0,,0.0,0,,0.0,0,1,100.0,0,1,100.0,0,1,100.0,0,1,100.0,0,0,100.0,0,0,100.0,0,1,100.0,1.666666667,3,100.0,1,2,100.0,7,4,100.0,1.666666667,1,100.0,1,2,100.0,7,4,100.0,2,5,100.0,3,3,100.0,1,2,100.0,2,1,100.0,-1,1,100.0
Ritual343,0,0,100.0,0,0,100.0,0,0,100.0,1,1,100.0,0,1,100.0,0,0,100.0,0,0,100.0,0,0,100.0,0,0,100.0,0,0,100.0,0,1,100.0,0,0,100.0,0,1,100.0,0,1,100.0,0,0,100.0,2,,0.0,3,1,100.0,0,0,100.0,1,1,100.0,0,0,100.0,1,1,100.0,0,0,100.0,0,0,100.0,0,0,100.0,0,0,100.0,7,5,100.0,6,5,100.0,0,0,100.0,1,1,100.0,0,0,100.0,0,0,100.0,0,0,100.0,0,0,100.0,0,0,100.0,0,0,100.0,0,0,100.0,0,0,100.0,0,0,100.0,0,0,100.0,0,1,100.0,0,0,100.0,1,0,100.0,0,0,100.0,0,0,100.0,0,0,100.0,0,0,100.0,0,0,100.0,0,1,100.0,0,0,100.0,0,1,100.0,0,0,100.0,0,0,100.0,0,0,100.0,0,0,100.0,0,0,100.0,0,0,100.0,0,0,100.0,0,0,100.0,0,0,100.0,0,0,100.0,0,0,100.0,0,1,100.0,0,0,100.0,0,0,100.0,0,0,100.0,0,0,100.0,0,0,100.0,0,0,100.0,0,0,100.0,0,0,100.0,0,0,100.0,0,1,70.0,0,0,100.0,0,0,100.0,0,0,100.0,0,1,100.0,0,0,100.0,0,0,100.0,0,0,100.0,0,0,100.0,0,1,100.0,0,0,100.0,0,0,100.0,0,0,100.0,0,1,100.0,0,0,100.0,0,0,100.0,0,1,100.0,0,0,100.0,0,0,100.0,0,0,100.0,0,1,100.0,0,1,100.0,0,0,100.0,1,0,100.0,0,0,100.0,0,0,100.0,0,0,100.0,0,1,100.0,0,1,100.0,0,0,100.0,0,0,100.0,0,0,100.0,0,0,100.0,1.333333333,3,100.0,2,2,100.0,6,4,100.0,0.0,0,100.0,0,0,100.0,-1,2,100.0,1,1,100.0,3,2,100.0,1,1,100.0,2,2,100.0,-1,1,100.0
Ritual344,0,0,100.0,0,0,100.0,0,0,100.0,1,1,100.0,0,0,100.0,0,1,100.0,0,0,100.0,0,0,100.0,0,1,100.0,0,0,100.0,0,1,100.0,0,0,100.0,0,0,100.0,0,1,100.0,0,1,100.0,2,,0.0,3,1,100.0,0,0,100.0,1,1,100.0,0,0,100.0,1,1,100.0,0,0,100.0,0,0,100.0,0,0,100.0,0,0,100.0,7,5,100.0,6,5,100.0,0,0,100.0,0,0,100.0,0,0,100.0,0,0,100.0,0,0,100.0,0,0,100.0,0,0,100.0,0,0,100.0,0,0,100.0,0,0,100.0,0,0,100.0,0,1,100.0,1,1,100.0,0,0,100.0,0,0,100.0,0,0,100.0,0,0,100.0,0,0,100.0,0,0,100.0,0,0,100.0,0,0,100.0,0,0,100.0,0,1,100.0,0,0,100.0,0,0,100.0,0,0,100.0,0,0,100.0,0,0,100.0,0,0,100.0,0,0,100.0,0,0,100.0,0,0,100.0,0,0,100.0,0,0,100.0,0,1,100.0,0,0,100.0,0,0,100.0,0,0,100.0,0,0,100.0,0,1,100.0,0,0,100.0,0,0,100.0,0,1,100.0,0,0,100.0,0,1,100.0,0,0,100.0,0,0,100.0,0,,0.0,1,,0.0,0,,0.0,0,,0.0,0,,0.0,0,,0.0,0,,0.0,0,,0.0,0,,0.0,0,,0.0,1,,0.0,0,,0.0,0,,0.0,0,,0.0,0,,0.0,0,,0.0,1,,0.0,0,,0.0,0,,0.0,0,,0.0,0,,0.0,0,,0.0,0,,0.0,0,1,100.0,1,1,100.0,0,1,100.0,0,0,100.0,0,0,100.0,0,0,100.0,0,0,100.0,2.0,0,100.0,2,0,100.0,3,4,90.0,0.0,0,100.0,0,0,100.0,-1,5,90.0,3,5,100.0,999,2,100.0,1,2,100.0,2,1,100.0,-1,2,100.0
Ritual345,0,0,100.0,0,0,100.0,0,0,100.0,0,1,100.0,0,0,100.0,0,1,100.0,0,0,100.0,0,0,100.0,0,0,100.0,0,0,100.0,0,0,100.0,1,1,100.0,0,1,100.0,0,0,100.0,0,0,100.0,2,,0.0,3,1,100.0,0,0,100.0,1,1,100.0,1,0,100.0,1,1,100.0,0,0,100.0,0,0,100.0,0,0,100.0,0,0,100.0,7,5,100.0,6,5,100.0,1,0,100.0,1,0,100.0,0,1,100.0,1,1,100.0,1,1,100.0,0,0,100.0,0,1,100.0,0,0,80.0,0,0,80.0,1,0,100.0,0,1,100.0,0,0,100.0,0,1,100.0,0,0,100.0,0,0,100.0,0,0,100.0,0,0,100.0,0,0,100.0,0,0,100.0,0,0,100.0,0,0,100.0,0,0,100.0,0,0,80.0,0,0,100.0,0,0,80.0,0,0,100.0,0,0,100.0,0,0,100.0,0,0,100.0,0,0,100.0,0,0,100.0,0,0,100.0,0,0,100.0,0,0,100.0,0,1,100.0,0,0,100.0,0,0,100.0,0,0,100.0,0,0,100.0,0,0,100.0,0,0,100.0,0,0,100.0,0,1,100.0,0,1,100.0,0,1,100.0,0,0,100.0,0,1,100.0,0,,0.0,0,,0.0,0,,0.0,0,,0.0,0,,0.0,1,,0.0,0,,0.0,0,,0.0,1,,0.0,0,,0.0,0,,0.0,0,,0.0,0,,0.0,0,,0.0,0,,0.0,1,,0.0,1,,0.0,1,,0.0,0,,0.0,0,,0.0,0,,0.0,0,,0.0,0,,0.0,0,0,100.0,0,1,100.0,0,0,100.0,0,0,100.0,0,0,100.0,0,1,100.0,0,1,100.0,2.0,0,100.0,1,0,100.0,3,3,100.0,2.333333333,5,100.0,3,4,100.0,3,2,100.0,3,5,100.0,999,2,100.0,1,3,100.0,2,2,100.0,-1,3,100.0
Ritual346,0,0,100.0,0,0,100.0,0,0,100.0,1,1,100.0,0,0,100.0,0,1,100.0,1,1,100.0,0,0,100.0,0,0,100.0,0,0,100.0,0,0,100.0,0,0,100.0,0,1,100.0,0,1,100.0,0,1,100.0,2,,0.0,999,1,100.0,0,0,100.0,0,1,100.0,0,0,100.0,1,1,100.0,0,0,100.0,0,0,100.0,0,0,100.0,0,0,100.0,7,5,100.0,6,5,100.0,1,1,100.0,0,1,100.0,0,0,100.0,0,1,100.0,0,0,100.0,0,1,100.0,0,0,100.0,0,1,100.0,0,1,100.0,0,0,100.0,0,1,100.0,0,0,100.0,0,1,100.0,0,1,100.0,0,0,100.0,0,1,100.0,0,0,100.0,0,0,100.0,0,0,100.0,0,0,100.0,1,1,100.0,0,1,100.0,0,1,100.0,0,0,100.0,0,0,100.0,0,0,100.0,0,0,100.0,0,0,100.0,0,0,100.0,0,0,100.0,0,0,100.0,0,0,100.0,0,0,100.0,0,0,100.0,0,1,100.0,0,0,100.0,0,0,100.0,0,0,100.0,0,0,100.0,0,1,100.0,0,0,100.0,0,0,100.0,0,1,100.0,0,0,100.0,0,1,100.0,0,0,100.0,0,0,100.0,0,,0.0,0,,0.0,0,,0.0,0,,0.0,0,,0.0,1,,0.0,1,,0.0,1,,0.0,1,,0.0,0,,0.0,0,,0.0,0,,0.0,0,,0.0,1,,0.0,0,,0.0,0,,0.0,0,,0.0,1,,0.0,0,,0.0,0,,0.0,0,,0.0,0,,0.0,0,,0.0,0,1,100.0,1,1,100.0,0,1,100.0,0,1,100.0,0,1,100.0,0,0,100.0,0,0,100.0,2.0,5,100.0,2,4,100.0,2,4,100.0,3.333333333,3,100.0,3,2,100.0,2,2,100.0,4,5,100.0,2,1,100.0,1,2,100.0,2,1,100.0,-1,1,100.0
Ritual347,0,0,100.0,0,0,100.0,0,0,100.0,1,1,100.0,0,0,100.0,0,1,100.0,0,1,100.0,0,0,100.0,0,0,100.0,0,0,100.0,0,0,100.0,0,0,100.0,0,1,100.0,0,1,100.0,0,0,100.0,1,,0.0,3,1,100.0,0,0,100.0,1,1,100.0,0,0,100.0,1,1,100.0,0,0,100.0,0,0,100.0,0,0,100.0,0,0,100.0,999,5,100.0,6,5,100.0,0,0,100.0,0,0,100.0,0,1,100.0,0,0,100.0,0,0,100.0,0,0,100.0,0,0,100.0,0,0,100.0,0,0,100.0,0,0,100.0,0,0,100.0,0,1,100.0,0,1,100.0,0,1,100.0,1,1,100.0,0,0,100.0,0,0,100.0,0,0,100.0,0,0,100.0,0,0,100.0,0,0,100.0,0,1,100.0,0,1,100.0,0,0,100.0,0,0,100.0,0,0,100.0,0,0,100.0,0,0,100.0,0,0,100.0,0,0,100.0,0,0,100.0,0,0,100.0,0,0,100.0,0,0,100.0,0,1,100.0,0,0,100.0,0,0,100.0,0,0,100.0,0,0,100.0,0,1,100.0,0,0,100.0,0,0,100.0,0,0,50.0,0,0,100.0,0,1,100.0,0,0,100.0,0,0,100.0,0,,0.0,0,,0.0,1,,0.0,0,,0.0,0,,0.0,0,,0.0,0,,0.0,0,,0.0,1,,0.0,0,,0.0,0,,0.0,0,,0.0,0,,0.0,1,,0.0,0,,0.0,0,,0.0,1,,0.0,0,,0.0,0,,0.0,0,,0.0,1,,0.0,0,,0.0,0,,0.0,0,1,100.0,0,1,100.0,0,1,100.0,0,0,100.0,0,0,100.0,0,0,100.0,0,1,100.0,0.0,0,100.0,0,0,100.0,-1,4,100.0,3.0,0,100.0,2,0,100.0,7,4,100.0,3,5,100.0,999,2,100.0,1,1,100.0,2,2,100.0,-1,2,90.0
Ritual348,0,0,100.0,0,0,100.0,0,0,100.0,1,1,100.0,0,1,100.0,0,1,100.0,0,0,100.0,0,0,100.0,0,0,100.0,0,0,100.0,0,0,100.0,0,0,100.0,0,1,100.0,0,1,100.0,0,1,100.0,1,,0.0,3,1,100.0,0,0,100.0,1,1,100.0,1,0,100.0,0,1,100.0,0,0,100.0,0,0,100.0,0,0,100.0,0,0,100.0,999,5,100.0,6,5,100.0,0,0,100.0,0,1,100.0,0,0,100.0,0,0,100.0,0,1,100.0,0,0,100.0,0,0,100.0,0,0,100.0,0,0,100.0,0,0,100.0,0,0,100.0,0,0,100.0,0,1,100.0,0,0,100.0,0,0,100.0,0,0,100.0,0,0,100.0,0,0,100.0,0,0,100.0,0,0,100.0,0,0,100.0,0,1,100.0,0,1,100.0,0,0,100.0,0,0,100.0,0,0,100.0,0,0,100.0,0,0,100.0,0,0,100.0,0,0,100.0,0,0,100.0,0,0,100.0,0,0,100.0,0,0,100.0,0,0,100.0,0,0,100.0,0,0,100.0,0,0,100.0,0,0,100.0,0,1,100.0,0,0,100.0,0,0,100.0,0,0,100.0,0,0,100.0,0,1,100.0,0,0,100.0,0,0,100.0,0,,0.0,0,,0.0,1,,0.0,1,,0.0,0,,0.0,0,,0.0,0,,0.0,0,,0.0,0,,0.0,0,,0.0,0,,0.0,0,,0.0,0,,0.0,1,,0.0,0,,0.0,0,,0.0,0,,0.0,0,,0.0,0,,0.0,0,,0.0,0,,0.0,0,,0.0,0,,0.0,0,0,100.0,0,1,100.0,0,0,100.0,0,0,100.0,0,0,100.0,0,1,100.0,0,1,100.0,1.666666667,0,100.0,3,0,100.0,7,3,100.0,1.666666667,0,100.0,0,0,100.0,7,3,100.0,3,5,100.0,999,2,60.0,1,1,100.0,2,1,100.0,-1,2,70.0
Ritual349,0,0,100.0,0,0,100.0,0,0,100.0,0,1,100.0,1,1,100.0,0,0,100.0,0,0,100.0,0,0,100.0,0,0,100.0,0,0,100.0,0,0,100.0,0,0,100.0,0,1,100.0,0,1,100.0,0,0,100.0,1,,0.0,3,1,100.0,0,0,100.0,1,1,100.0,0,0,100.0,1,1,100.0,0,0,100.0,0,0,100.0,0,0,100.0,0,0,100.0,999,5,100.0,6,5,100.0,0,0,100.0,0,0,100.0,0,0,100.0,0,0,100.0,0,0,100.0,0,0,100.0,0,0,100.0,0,0,100.0,0,0,100.0,0,0,100.0,0,0,100.0,0,1,100.0,0,1,100.0,0,1,100.0,1,1,100.0,0,0,100.0,0,0,100.0,0,1,100.0,0,0,100.0,0,0,100.0,0,0,100.0,0,1,100.0,0,1,100.0,0,0,100.0,0,0,100.0,0,0,100.0,0,0,100.0,0,0,100.0,0,0,100.0,0,0,100.0,0,0,100.0,0,0,100.0,0,0,100.0,0,0,100.0,0,1,100.0,0,0,100.0,0,0,100.0,0,0,100.0,0,0,100.0,0,1,100.0,0,0,100.0,0,0,100.0,0,1,100.0,0,0,100.0,0,1,100.0,0,1,100.0,0,0,100.0,0,,0.0,0,,0.0,0,,0.0,0,,0.0,0,,0.0,0,,0.0,1,,0.0,0,,0.0,1,,0.0,0,,0.0,0,,0.0,0,,0.0,0,,0.0,0,,0.0,0,,0.0,0,,0.0,0,,0.0,0,,0.0,0,,0.0,0,,0.0,0,,0.0,0,,0.0,0,,0.0,0,0,100.0,0,1,100.0,0,0,100.0,0,0,100.0,0,0,100.0,0,1,100.0,0,1,100.0,2.333333333,3,100.0,3,2,100.0,2,2,100.0,2.0,1,100.0,1,1,100.0,7,2,100.0,3,3,100.0,999,2,100.0,1,2,100.0,2,1,100.0,-1,2,100.0
Ritual350,0,0,100.0,0,0,100.0,0,0,100.0,0,1,100.0,1,1,100.0,0,0,100.0,0,0,100.0,0,0,100.0,0,0,100.0,0,0,100.0,0,0,100.0,0,0,100.0,0,0,100.0,0,1,100.0,0,0,100.0,1,,0.0,999,1,100.0,0,0,100.0,0,1,100.0,0,0,100.0,1,1,100.0,0,0,100.0,0,0,100.0,0,0,100.0,0,0,100.0,999,5,100.0,6,5,100.0,0,0,100.0,0,1,100.0,0,0,100.0,0,0,100.0,0,0,100.0,0,0,100.0,0,0,100.0,0,0,100.0,0,0,100.0,0,0,100.0,0,0,100.0,0,1,100.0,0,1,100.0,0,0,100.0,0,1,100.0,0,0,100.0,0,0,100.0,0,0,100.0,0,0,100.0,0,0,100.0,0,0,100.0,0,1,100.0,0,1,100.0,0,0,100.0,0,1,100.0,0,0,100.0,0,0,100.0,0,0,100.0,0,0,100.0,0,0,100.0,0,0,100.0,0,0,100.0,0,0,100.0,0,0,100.0,0,1,100.0,0,0,100.0,0,0,100.0,0,0,100.0,0,0,100.0,0,1,100.0,0,0,100.0,0,0,100.0,0,1,100.0,0,1,100.0,0,1,100.0,0,0,100.0,0,1,100.0,0,,0.0,0,,0.0,0,,0.0,0,,0.0,0,,0.0,0,,0.0,0,,0.0,0,,0.0,1,,0.0,0,,0.0,1,,0.0,0,,0.0,0,,0.0,1,,0.0,1,,0.0,0,,0.0,0,,0.0,0,,0.0,0,,0.0,0,,0.0,0,,0.0,0,,0.0,0,,0.0,0,0,100.0,0,1,100.0,0,0,100.0,0,0,60.0,0,0,100.0,0,1,100.0,0,1,100.0,2.0,5,100.0,3,3,100.0,7,4,100.0,2.0,2,100.0,1,2,100.0,7,2,100.0,2,5,100.0,3,3,100.0,1,2,100.0,2,1,100.0,-1,2,100.0
Ritual351,0,0,100.0,0,0,100.0,0,0,100.0,1,1,100.0,0,1,100.0,0,1,100.0,0,0,100.0,0,0,100.0,0,0,100.0,0,0,100.0,0,0,100.0,0,0,100.0,0,1,100.0,0,1,100.0,0,1,100.0,2,,0.0,2,1,100.0,0,0,100.0,0,1,100.0,0,0,100.0,1,1,100.0,0,0,100.0,0,0,100.0,0,0,100.0,0,0,100.0,999,5,100.0,6,5,100.0,1,0,100.0,0,0,100.0,0,0,100.0,0,0,100.0,0,0,100.0,0,0,100.0,0,0,100.0,0,0,100.0,0,0,100.0,0,0,100.0,0,0,100.0,0,1,100.0,0,1,100.0,0,1,100.0,0,0,100.0,0,0,100.0,0,0,100.0,1,1,100.0,0,0,100.0,0,0,100.0,0,0,100.0,0,1,100.0,0,1,100.0,0,0,100.0,0,0,100.0,0,0,100.0,0,0,50.0,0,0,100.0,0,0,100.0,0,0,100.0,0,0,100.0,0,0,100.0,0,0,100.0,0,0,100.0,0,1,100.0,0,0,100.0,0,0,100.0,0,0,100.0,0,0,100.0,0,0,100.0,0,0,100.0,0,0,100.0,0,1,100.0,0,0,100.0,0,1,100.0,0,0,100.0,0,0,100.0,0,,0.0,0,,0.0,0,,0.0,0,,0.0,0,,0.0,0,,0.0,1,,0.0,0,,0.0,0,,0.0,0,,0.0,0,,0.0,0,,0.0,0,,0.0,0,,0.0,0,,0.0,0,,0.0,1,,0.0,0,,0.0,0,,0.0,0,,0.0,0,,0.0,0,,0.0,0,,0.0,0,1,100.0,1,1,100.0,0,1,100.0,0,0,100.0,0,0,100.0,0,1,100.0,0,0,100.0,1.333333333,2,100.0,2,3,100.0,2,2,100.0,2.0,3,100.0,2,3,100.0,7,2,100.0,2,5,100.0,999,2,100.0,1,2,100.0,2,1,100.0,-1,2,100.0
Ritual352,0,0,100.0,0,0,100.0,0,0,100.0,1,1,100.0,1,1,100.0,0,1,100.0,0,0,100.0,0,0,100.0,0,1,100.0,0,0,100.0,0,0,100.0,0,0,100.0,0,1,100.0,0,1,100.0,0,1,100.0,2,,0.0,3,1,100.0,1,0,100.0,0,1,100.0,0,0,100.0,0,1,100.0,0,0,100.0,0,0,100.0,0,0,100.0,0,0,100.0,999,5,100.0,5,5,100.0,0,0,100.0,0,0,100.0,0,0,100.0,0,0,100.0,0,1,100.0,0,0,100.0,0,0,100.0,0,0,100.0,0,0,100.0,0,0,100.0,0,0,100.0,0,0,100.0,0,1,100.0,0,1,100.0,0,0,100.0,0,0,100.0,0,0,100.0,0,1,100.0,0,0,100.0,0,0,100.0,0,0,100.0,0,1,100.0,0,1,100.0,0,0,100.0,0,0,100.0,0,0,100.0,0,0,100.0,0,0,100.0,0,0,100.0,0,0,100.0,0,0,100.0,0,0,100.0,0,0,100.0,0,0,100.0,0,1,100.0,0,0,100.0,0,0,100.0,0,0,100.0,0,0,100.0,0,0,100.0,0,0,100.0,0,0,100.0,0,1,100.0,0,0,100.0,0,1,100.0,0,0,100.0,0,1,100.0,0,,0.0,0,,0.0,0,,0.0,0,,0.0,0,,0.0,0,,0.0,0,,0.0,0,,0.0,1,,0.0,0,,0.0,0,,0.0,0,,0.0,0,,0.0,0,,0.0,0,,0.0,0,,0.0,0,,0.0,0,,0.0,0,,0.0,0,,0.0,0,,0.0,0,,0.0,0,,0.0,0,1,100.0,0,1,100.0,0,1,100.0,0,0,100.0,0,0,100.0,0,1,100.0,1,1,100.0,1.333333333,2,100.0,1,3,100.0,3,2,100.0,2.0,1,80.0,1,2,80.0,1,2,100.0,999,5,100.0,3,2,100.0,1,2,100.0,2,1,100.0,-1,2,100.0
Ritual353,0,0,100.0,0,0,100.0,0,0,100.0,1,1,100.0,0,1,100.0,0,1,100.0,0,0,100.0,0,0,100.0,0,0,100.0,0,0,100.0,0,1,100.0,0,0,100.0,0,1,100.0,0,1,100.0,0,1,100.0,2,,0.0,3,1,100.0,0,0,100.0,0,0,100.0,0,1,100.0,1,1,100.0,0,0,100.0,0,0,100.0,0,0,100.0,0,0,100.0,6,5,100.0,6,5,100.0,1,0,100.0,1,1,100.0,1,1,100.0,0,1,100.0,0,0,100.0,1,0,100.0,0,0,100.0,0,1,100.0,0,0,100.0,0,0,100.0,1,1,100.0,0,0,100.0,0,1,100.0,0,1,100.0,0,0,100.0,0,0,100.0,0,0,100.0,0,0,100.0,0,0,100.0,0,0,100.0,0,0,100.0,0,1,100.0,0,1,100.0,0,0,100.0,0,0,100.0,0,0,100.0,0,0,100.0,0,0,100.0,0,0,100.0,0,0,100.0,0,0,100.0,0,0,100.0,0,0,100.0,0,0,100.0,1,1,100.0,0,0,100.0,0,0,100.0,0,0,100.0,0,0,100.0,0,1,100.0,0,0,100.0,0,0,100.0,0,0,100.0,0,0,100.0,0,1,100.0,0,0,100.0,0,0,100.0,0,,0.0,0,,0.0,0,,0.0,0,,0.0,0,,0.0,0,,0.0,0,,0.0,0,,0.0,1,,0.0,0,,0.0,0,,0.0,1,,0.0,0,,0.0,0,,0.0,0,,0.0,0,,0.0,0,,0.0,0,,0.0,0,,0.0,0,,0.0,0,,0.0,0,,0.0,0,,0.0,0,0,100.0,0,1,100.0,0,0,80.0,0,0,100.0,0,0,100.0,0,1,80.0,0,0,80.0,1.666666667,5,100.0,1,3,100.0,2,4,100.0,3.333333333,4,100.0,3,3,100.0,7,5,100.0,4,5,100.0,999,3,100.0,1,2,100.0,2,1,100.0,-1,1,100.0
Ritual354,0,0,100.0,0,0,100.0,0,0,100.0,1,1,100.0,0,1,100.0,0,1,100.0,0,0,100.0,0,0,100.0,0,0,100.0,0,0,100.0,0,1,100.0,0,0,100.0,0,1,100.0,0,1,100.0,0,1,100.0,2,,0.0,2,999,100.0,0,0,100.0,0,1,100.0,0,0,100.0,1,1,100.0,0,0,100.0,0,0,100.0,0,0,100.0,0,0,100.0,999,5,100.0,6,5,100.0,0,0,100.0,0,1,100.0,0,1,100.0,0,1,100.0,0,0,100.0,0,0,100.0,0,0,100.0,0,0,100.0,0,0,100.0,0,0,100.0,0,1,100.0,0,0,100.0,0,1,70.0,0,0,100.0,1,0,100.0,0,0,100.0,0,0,100.0,0,0,100.0,0,0,100.0,0,0,100.0,0,0,100.0,0,1,100.0,0,1,100.0,0,0,100.0,0,0,100.0,0,0,100.0,0,0,100.0,0,0,100.0,0,0,100.0,0,0,100.0,0,0,100.0,0,0,100.0,0,0,100.0,0,0,100.0,0,1,100.0,0,0,100.0,0,0,100.0,0,0,100.0,0,0,100.0,0,0,100.0,0,0,100.0,0,0,100.0,0,0,100.0,0,0,100.0,0,1,100.0,0,0,100.0,0,0,100.0,0,,0.0,0,,0.0,0,,0.0,0,,0.0,0,,0.0,0,,0.0,0,,0.0,0,,0.0,0,,0.0,0,,0.0,0,,0.0,0,,0.0,0,,0.0,0,,0.0,0,,0.0,0,,0.0,0,,0.0,0,,0.0,0,,0.0,0,,0.0,0,,0.0,0,,0.0,0,,0.0,0,0,100.0,0,0,100.0,0,0,100.0,0,0,100.0,0,0,100.0,0,0,100.0,0,0,60.0,1.0,0,100.0,0,0,100.0,2,3,100.0,0.0,5,100.0,0,3,100.0,-1,3,100.0,1,5,100.0,999,3,100.0,1,2,100.0,2,1,100.0,-1,1,100.0
Ritual355,0,0,100.0,0,0,100.0,0,0,100.0,0,1,100.0,0,1,100.0,0,0,100.0,1,1,100.0,0,0,100.0,0,0,100.0,0,0,100.0,0,0,100.0,0,0,100.0,0,0,100.0,0,1,100.0,0,0,100.0,2,,0.0,999,1,100.0,0,0,100.0,0,1,100.0,0,0,100.0,1,1,100.0,0,0,100.0,0,0,100.0,0,0,100.0,0,0,100.0,7,5,100.0,6,5,100.0,0,0,100.0,0,0,100.0,0,0,100.0,0,0,100.0,0,0,100.0,0,0,100.0,0,0,100.0,0,0,100.0,0,0,100.0,0,0,100.0,0,0,100.0,0,0,100.0,0,1,100.0,0,0,100.0,0,0,100.0,0,0,100.0,0,0,100.0,0,0,100.0,0,0,100.0,0,0,100.0,1,1,100.0,0,0,100.0,0,1,100.0,0,0,100.0,0,0,100.0,0,0,100.0,0,0,100.0,0,1,100.0,0,0,100.0,1,1,100.0,0,0,100.0,0,0,100.0,0,0,100.0,0,0,100.0,0,0,100.0,0,0,100.0,0,0,100.0,0,0,100.0,1,1,100.0,0,1,100.0,0,0,100.0,0,1,100.0,0,0,100.0,0,0,100.0,0,0,100.0,0,0,100.0,0,0,100.0,0,,0.0,0,,0.0,0,,0.0,0,,0.0,0,,0.0,0,,0.0,0,,0.0,0,,0.0,0,,0.0,0,,0.0,0,,0.0,0,,0.0,0,,0.0,1,,0.0,0,,0.0,0,,0.0,0,,0.0,0,,0.0,0,,0.0,0,,0.0,0,,0.0,0,,0.0,0,,0.0,0,0,60.0,0,1,100.0,0,0,100.0,0,0,100.0,0,1,100.0,0,0,100.0,0,0,100.0,0.0,2,100.0,0,2,100.0,-1,2,100.0,4.666666667,0,100.0,5,0,100.0,2,2,100.0,3,5,100.0,999,3,100.0,1,2,100.0,2,1,100.0,-1,1,100.0
Ritual356,0,0,100.0,0,0,100.0,0,0,100.0,0,1,100.0,0,0,100.0,0,1,100.0,0,0,100.0,0,0,100.0,0,1,100.0,1,1,100.0,0,0,100.0,0,0,100.0,0,0,100.0,0,1,100.0,0,0,100.0,3,,0.0,3,1,100.0,0,0,100.0,1,1,100.0,1,0,100.0,1,1,100.0,1,0,100.0,1,0,100.0,1,0,100.0,0,1,100.0,9,5,100.0,4,5,100.0,1,1,100.0,1,1,100.0,1,1,100.0,0,0,100.0,0,0,100.0,0,1,100.0,0,1,100.0,0,1,100.0,0,0,100.0,0,0,100.0,0,0,100.0,0,0,100.0,0,1,100.0,0,1,100.0,0,0,100.0,0,0,100.0,0,0,100.0,0,0,100.0,0,0,100.0,0,0,100.0,0,1,100.0,0,0,100.0,0,1,100.0,0,0,100.0,0,0,100.0,0,0,100.0,0,0,100.0,0,0,100.0,0,0,100.0,0,0,100.0,0,0,100.0,0,0,100.0,0,0,100.0,0,0,100.0,0,0,100.0,0,0,100.0,0,0,100.0,0,0,100.0,0,0,100.0,0,1,100.0,0,0,100.0,0,0,100.0,0,1,100.0,0,0,100.0,0,1,100.0,0,0,100.0,0,0,100.0,0,1,100.0,0,1,100.0,1,1,100.0,0,0,100.0,0,1,100.0,0,0,100.0,1,1,100.0,0,1,100.0,0,0,100.0,0,0,100.0,0,1,100.0,0,0,100.0,0,0,100.0,1,1,100.0,0,0,100.0,0,1,100.0,0,0,100.0,0,0,100.0,0,1,100.0,0,0,100.0,0,1,100.0,0,0,100.0,0,0,100.0,0,1,100.0,0,1,100.0,0,1,100.0,0,0,100.0,0,1,100.0,0,0,100.0,0,0,100.0,3.666666667,5,100.0,3,4,100.0,-1,4,100.0,0.6666666667,2,100.0,0,3,100.0,-1,2,100.0,999,5,100.0,999,3,100.0,1,1,90.0,1,2,90.0,-1,1,100.0
Ritual357,0,,0.0,0,,0.0,0,,0.0,0,,0.0,0,,0.0,0,,0.0,0,,0.0,0,,0.0,0,,0.0,0,,0.0,0,,0.0,0,,0.0,0,,0.0,0,,0.0,0,,0.0,3,,0.0,3,,0.0,0,,0.0,0,,0.0,0,,0.0,0,,0.0,0,,0.0,0,,0.0,1,,0.0,1,,0.0,999,,0.0,3,,0.0,1,,0.0,0,,0.0,0,,0.0,0,,0.0,0,,0.0,1,,0.0,0,,0.0,0,,0.0,0,,0.0,0,,0.0,0,,0.0,0,,0.0,0,,0.0,0,,0.0,0,,0.0,0,,0.0,0,,0.0,0,,0.0,0,,0.0,0,,0.0,1,,0.0,0,,0.0,0,,0.0,0,,0.0,0,,0.0,0,,0.0,0,,0.0,0,,0.0,0,,0.0,0,,0.0,0,,0.0,0,,0.0,0,,0.0,0,,0.0,0,,0.0,0,,0.0,0,,0.0,0,,0.0,0,,0.0,0,,0.0,0,,0.0,0,,0.0,0,,0.0,0,,0.0,0,,0.0,0,,0.0,0,,0.0,0,,0.0,0,,0.0,0,,0.0,0,,0.0,1,,0.0,0,,0.0,0,,0.0,0,,0.0,0,,0.0,0,,0.0,0,,0.0,0,,0.0,0,,0.0,0,,0.0,0,,0.0,0,,0.0,0,,0.0,0,,0.0,0,,0.0,0,,0.0,0,,0.0,0,,0.0,0,,0.0,0,,0.0,0,,0.0,1,,0.0,0,,0.0,0,,0.0,0,,0.0,0,,0.0,4.0,,0.0,3,,0.0,3,,0.0,0.0,,0.0,0,,0.0,-1,,0.0,3,,0.0,999,,0.0,1,,0.0,2,,0.0,-1,,0.0
Ritual358,0,0,100.0,0,0,100.0,0,0,100.0,1,1,100.0,0,0,100.0,0,1,100.0,0,1,100.0,0,0,100.0,1,1,100.0,0,0,100.0,1,1,100.0,0,0,100.0,0,1,100.0,0,1,100.0,0,1,100.0,3,,0.0,3,1,100.0,0,0,100.0,0,1,100.0,0,0,100.0,0,1,100.0,0,0,100.0,0,0,100.0,1,0,100.0,1,0,100.0,999,5,100.0,5,5,100.0,0,0,100.0,1,1,100.0,1,0,100.0,0,0,100.0,0,0,100.0,0,1,100.0,0,0,100.0,0,1,100.0,0,0,100.0,0,0,100.0,0,0,100.0,0,0,100.0,0,1,100.0,0,0,100.0,0,0,100.0,0,0,100.0,0,0,100.0,0,0,100.0,0,0,100.0,0,0,100.0,1,1,100.0,0,1,100.0,0,1,100.0,0,0,100.0,0,1,100.0,0,0,100.0,0,0,100.0,0,0,100.0,0,0,100.0,0,0,100.0,0,0,100.0,0,0,100.0,0,0,100.0,0,0,100.0,0,0,100.0,0,0,100.0,0,0,100.0,0,0,100.0,0,0,100.0,0,1,100.0,0,0,100.0,0,0,100.0,0,1,100.0,0,0,100.0,0,0,100.0,0,0,100.0,0,0,100.0,0,,0.0,0,,0.0,0,,0.0,1,,0.0,1,,0.0,0,,0.0,0,,0.0,0,,0.0,0,,0.0,0,,0.0,0,,0.0,0,,0.0,0,,0.0,0,,0.0,0,,0.0,1,,0.0,0,,0.0,0,,0.0,0,,0.0,0,,0.0,0,,0.0,0,,0.0,0,,0.0,0,1,100.0,0,1,100.0,0,1,100.0,0,,0.0,0,,0.0,0,,0.0,0,,0.0,2.666666667,5,100.0,3,4,100.0,3,4,100.0,0.0,3,100.0,0,3,100.0,-1,3,100.0,3,5,100.0,999,1,100.0,1,1,100.0,2,1,100.0,-1,1,100.0
Ritual359,0,,0.0,0,,0.0,0,,0.0,0,,0.0,0,,0.0,0,,0.0,0,,0.0,0,,0.0,0,,0.0,0,,0.0,1,,0.0,0,,0.0,0,,0.0,0,,0.0,0,,0.0,2,,0.0,3,,0.0,0,,0.0,1,,0.0,1,,0.0,1,,0.0,0,,0.0,0,,0.0,0,,0.0,0,,0.0,7,,0.0,6,,0.0,1,,0.0,0,,0.0,0,,0.0,0,,0.0,0,,0.0,0,,0.0,0,,0.0,0,,0.0,0,,0.0,0,,0.0,0,,0.0,1,,0.0,0,,0.0,1,,0.0,1,,0.0,0,,0.0,0,,0.0,1,,0.0,0,,0.0,0,,0.0,0,,0.0,0,,0.0,0,,0.0,0,,0.0,0,,0.0,0,,0.0,0,,0.0,0,,0.0,0,,0.0,0,,0.0,0,,0.0,0,,0.0,0,,0.0,0,,0.0,0,,0.0,0,,0.0,0,,0.0,0,,0.0,0,,0.0,0,,0.0,0,,0.0,0,,0.0,0,,0.0,0,,0.0,0,,0.0,0,,0.0,0,,0.0,0,,0.0,0,,0.0,0,,0.0,0,,0.0,0,,0.0,0,,0.0,0,,0.0,0,,0.0,1,,0.0,0,,0.0,0,,0.0,0,,0.0,0,,0.0,1,,0.0,0,,0.0,0,,0.0,0,,0.0,0,,0.0,0,,0.0,0,,0.0,0,,0.0,0,,0.0,0,,0.0,0,,0.0,1,,0.0,0,,0.0,0,,0.0,0,,0.0,0,,0.0,0,,0.0,1.666666667,,0.0,3,,0.0,3,,0.0,2.0,,0.0,1,,0.0,3,,0.0,2,,0.0,999,,0.0,1,,0.0,2,,0.0,-1,,0.0
Ritual360,0,,0.0,0,,0.0,0,,0.0,0,,0.0,0,,0.0,0,,0.0,1,,0.0,0,,0.0,0,,0.0,0,,0.0,0,,0.0,0,,0.0,0,,0.0,0,,0.0,0,,0.0,4,,0.0,1,,0.0,0,,0.0,0,,0.0,0,,0.0,1,,0.0,0,,0.0,0,,0.0,0,,0.0,0,,0.0,7,,0.0,7,,0.0,0,,0.0,0,,0.0,0,,0.0,0,,0.0,0,,0.0,0,,0.0,0,,0.0,0,,0.0,0,,0.0,0,,0.0,0,,0.0,0,,0.0,0,,0.0,0,,0.0,0,,0.0,0,,0.0,0,,0.0,0,,0.0,0,,0.0,0,,0.0,0,,0.0,0,,0.0,0,,0.0,0,,0.0,0,,0.0,0,,0.0,0,,0.0,0,,0.0,0,,0.0,0,,0.0,0,,0.0,0,,0.0,0,,0.0,1,,0.0,0,,0.0,0,,0.0,0,,0.0,0,,0.0,0,,0.0,0,,0.0,0,,0.0,0,,0.0,0,,0.0,1,,0.0,0,,0.0,0,,0.0,0,,0.0,0,,0.0,0,,0.0,0,,0.0,0,,0.0,0,,0.0,0,,0.0,1,,0.0,1,,0.0,0,,0.0,0,,0.0,0,,0.0,0,,0.0,0,,0.0,1,,0.0,0,,0.0,0,,0.0,0,,0.0,0,,0.0,0,,0.0,0,,0.0,0,,0.0,0,,0.0,0,,0.0,0,,0.0,0,,0.0,0,,0.0,0,,0.0,0,,0.0,0,,0.0,0,,0.0,1.333333333,,0.0,1,,0.0,2,,0.0,5.0,,0.0,4,,0.0,2,,0.0,4,,0.0,999,,0.0,1,,0.0,2,,0.0,-1,,0.0
Ritual361,0,,0.0,0,,0.0,0,,0.0,0,,0.0,0,,0.0,0,,0.0,1,,0.0,0,,0.0,0,,0.0,0,,0.0,0,,0.0,0,,0.0,0,,0.0,0,,0.0,0,,0.0,2,,0.0,3,,0.0,0,,0.0,0,,0.0,0,,0.0,0,,0.0,0,,0.0,1,,0.0,0,,0.0,0,,0.0,7,,0.0,6,,0.0,0,,0.0,0,,0.0,0,,0.0,0,,0.0,0,,0.0,0,,0.0,0,,0.0,0,,0.0,0,,0.0,0,,0.0,0,,0.0,0,,0.0,0,,0.0,0,,0.0,0,,0.0,0,,0.0,0,,0.0,0,,0.0,0,,0.0,0,,0.0,0,,0.0,0,,0.0,0,,0.0,0,,0.0,0,,0.0,0,,0.0,0,,0.0,0,,0.0,0,,0.0,0,,0.0,0,,0.0,0,,0.0,0,,0.0,0,,0.0,0,,0.0,0,,0.0,0,,0.0,0,,0.0,0,,0.0,0,,0.0,0,,0.0,0,,0.0,0,,0.0,0,,0.0,0,,0.0,0,,0.0,0,,0.0,0,,0.0,0,,0.0,1,,0.0,1,,0.0,0,,0.0,0,,0.0,0,,0.0,0,,0.0,0,,0.0,0,,0.0,0,,0.0,0,,0.0,0,,0.0,0,,0.0,0,,0.0,0,,0.0,0,,0.0,0,,0.0,0,,0.0,0,,0.0,0,,0.0,0,,0.0,0,,0.0,0,,0.0,0,,0.0,0,,0.0,0,,0.0,0,,0.0,0,,0.0,0,,0.0,1.666666667,,0.0,3,,0.0,2,,0.0,2.666666667,,0.0,2,,0.0,3,,0.0,3,,0.0,999,,0.0,1,,0.0,2,,0.0,-1,,0.0
Ritual362,0,,0.0,0,,0.0,0,,0.0,0,,0.0,0,,0.0,0,,0.0,1,,0.0,0,,0.0,0,,0.0,0,,0.0,0,,0.0,0,,0.0,0,,0.0,0,,0.0,0,,0.0,2,,0.0,3,,0.0,0,,0.0,0,,0.0,0,,0.0,0,,0.0,0,,0.0,0,,0.0,0,,0.0,0,,0.0,999,,0.0,6,,0.0,1,,0.0,0,,0.0,0,,0.0,0,,0.0,0,,0.0,0,,0.0,0,,0.0,0,,0.0,1,,0.0,0,,0.0,1,,0.0,0,,0.0,0,,0.0,0,,0.0,0,,0.0,0,,0.0,0,,0.0,0,,0.0,0,,0.0,0,,0.0,0,,0.0,0,,0.0,0,,0.0,0,,0.0,0,,0.0,0,,0.0,0,,0.0,0,,0.0,1,,0.0,0,,0.0,0,,0.0,0,,0.0,0,,0.0,0,,0.0,0,,0.0,0,,0.0,0,,0.0,0,,0.0,0,,0.0,0,,0.0,0,,0.0,0,,0.0,0,,0.0,0,,0.0,0,,0.0,0,,0.0,0,,0.0,0,,0.0,0,,0.0,0,,0.0,0,,0.0,0,,0.0,0,,0.0,0,,0.0,0,,0.0,0,,0.0,0,,0.0,0,,0.0,0,,0.0,0,,0.0,0,,0.0,0,,0.0,0,,0.0,0,,0.0,0,,0.0,0,,0.0,0,,0.0,0,,0.0,0,,0.0,0,,0.0,0,,0.0,0,,0.0,0,,0.0,0,,0.0,0,,0.0,0,,0.0,0,,0.0,3.333333333,,0.0,3,,0.0,7,,0.0,3.666666667,,0.0,3,,0.0,4,,0.0,999,,0.0,999,,0.0,1,,0.0,2,,0.0,-1,,0.0
Ritual363,0,,0.0,0,,0.0,0,,0.0,0,,0.0,0,,0.0,0,,0.0,1,,0.0,0,,0.0,0,,0.0,0,,0.0,0,,0.0,0,,0.0,0,,0.0,0,,0.0,0,,0.0,2,,0.0,1,,0.0,0,,0.0,0,,0.0,0,,0.0,1,,0.0,0,,0.0,0,,0.0,0,,0.0,0,,0.0,7,,0.0,7,,0.0,0,,0.0,0,,0.0,0,,0.0,0,,0.0,0,,0.0,0,,0.0,0,,0.0,0,,0.0,1,,0.0,0,,0.0,0,,0.0,1,,0.0,1,,0.0,0,,0.0,1,,0.0,0,,0.0,0,,0.0,0,,0.0,0,,0.0,0,,0.0,0,,0.0,0,,0.0,0,,0.0,0,,0.0,0,,0.0,0,,0.0,0,,0.0,0,,0.0,0,,0.0,0,,0.0,0,,0.0,0,,0.0,0,,0.0,0,,0.0,0,,0.0,0,,0.0,0,,0.0,0,,0.0,0,,0.0,0,,0.0,0,,0.0,0,,0.0,0,,0.0,0,,0.0,0,,0.0,0,,0.0,0,,0.0,0,,0.0,0,,0.0,0,,0.0,0,,0.0,0,,0.0,0,,0.0,0,,0.0,1,,0.0,0,,0.0,0,,0.0,0,,0.0,0,,0.0,0,,0.0,1,,0.0,0,,0.0,0,,0.0,0,,0.0,0,,0.0,0,,0.0,0,,0.0,0,,0.0,0,,0.0,0,,0.0,0,,0.0,0,,0.0,0,,0.0,0,,0.0,0,,0.0,0,,0.0,0,,0.0,3.0,,0.0,4,,0.0,2,,0.0,0.0,,0.0,0,,0.0,-1,,0.0,999,,0.0,999,,0.0,1,,0.0,2,,0.0,-1,,0.0
Ritual364,1,,0.0,0,,0.0,0,,0.0,0,,0.0,0,,0.0,0,,0.0,0,,0.0,0,,0.0,0,,0.0,0,,0.0,0,,0.0,0,,0.0,0,,0.0,0,,0.0,0,,0.0,2,,0.0,999,,0.0,0,,0.0,1,,0.0,0,,0.0,1,,0.0,0,,0.0,0,,0.0,0,,0.0,0,,0.0,999,,0.0,6,,0.0,1,,0.0,0,,0.0,0,,0.0,0,,0.0,0,,0.0,0,,0.0,0,,0.0,0,,0.0,0,,0.0,1,,0.0,0,,0.0,0,,0.0,0,,0.0,0,,0.0,0,,0.0,0,,0.0,0,,0.0,0,,0.0,0,,0.0,0,,0.0,0,,0.0,0,,0.0,0,,0.0,0,,0.0,0,,0.0,0,,0.0,0,,0.0,0,,0.0,0,,0.0,0,,0.0,0,,0.0,0,,0.0,0,,0.0,0,,0.0,0,,0.0,0,,0.0,0,,0.0,0,,0.0,0,,0.0,0,,0.0,0,,0.0,0,,0.0,0,,0.0,0,,0.0,0,,0.0,0,,0.0,0,,0.0,0,,0.0,0,,0.0,0,,0.0,0,,0.0,0,,0.0,0,,0.0,0,,0.0,0,,0.0,0,,0.0,0,,0.0,0,,0.0,0,,0.0,0,,0.0,0,,0.0,0,,0.0,0,,0.0,0,,0.0,0,,0.0,0,,0.0,0,,0.0,0,,0.0,0,,0.0,0,,0.0,0,,0.0,1,,0.0,0,,0.0,0,,0.0,0,,0.0,0,,0.0,0,,0.0,1.333333333,,0.0,1,,0.0,3,,0.0,1.666666667,,0.0,0,,0.0,3,,0.0,0,,0.0,999,,0.0,1,,0.0,2,,0.0,-1,,0.0
Ritual365,1,,0.0,0,,0.0,0,,0.0,0,,0.0,0,,0.0,0,,0.0,0,,0.0,0,,0.0,0,,0.0,0,,0.0,0,,0.0,0,,0.0,0,,0.0,0,,0.0,0,,0.0,2,,0.0,3,,0.0,0,,0.0,1,,0.0,1,,0.0,1,,0.0,0,,0.0,0,,0.0,0,,0.0,0,,0.0,7,,0.0,6,,0.0,1,,0.0,1,,0.0,0,,0.0,0,,0.0,0,,0.0,0,,0.0,0,,0.0,0,,0.0,1,,0.0,0,,0.0,0,,0.0,0,,0.0,1,,0.0,0,,0.0,0,,0.0,0,,0.0,0,,0.0,0,,0.0,0,,0.0,0,,0.0,0,,0.0,0,,0.0,0,,0.0,0,,0.0,0,,0.0,0,,0.0,0,,0.0,0,,0.0,0,,0.0,0,,0.0,0,,0.0,0,,0.0,0,,0.0,0,,0.0,0,,0.0,0,,0.0,0,,0.0,0,,0.0,0,,0.0,0,,0.0,0,,0.0,0,,0.0,0,,0.0,0,,0.0,0,,0.0,0,,0.0,0,,0.0,0,,0.0,0,,0.0,0,,0.0,0,,0.0,0,,0.0,0,,0.0,1,,0.0,0,,0.0,0,,0.0,0,,0.0,0,,0.0,0,,0.0,0,,0.0,0,,0.0,0,,0.0,0,,0.0,0,,0.0,0,,0.0,0,,0.0,0,,0.0,0,,0.0,0,,0.0,0,,0.0,0,,0.0,0,,0.0,0,,0.0,0,,0.0,0,,0.0,0,,0.0,0,,0.0,3.0,,0.0,3,,0.0,2,,0.0,3.333333333,,0.0,2,,0.0,2,,0.0,3,,0.0,999,,0.0,1,,0.0,2,,0.0,-1,,0.0
Ritual366,0,,0.0,0,,0.0,0,,0.0,0,,0.0,0,,0.0,0,,0.0,0,,0.0,0,,0.0,0,,0.0,0,,0.0,0,,0.0,1,,0.0,0,,0.0,0,,0.0,0,,0.0,2,,0.0,3,,0.0,0,,0.0,1,,0.0,1,,0.0,1,,0.0,0,,0.0,0,,0.0,0,,0.0,0,,0.0,7,,0.0,6,,0.0,0,,0.0,0,,0.0,0,,0.0,0,,0.0,0,,0.0,0,,0.0,0,,0.0,0,,0.0,1,,0.0,0,,0.0,1,,0.0,0,,0.0,1,,0.0,0,,0.0,0,,0.0,0,,0.0,0,,0.0,0,,0.0,0,,0.0,0,,0.0,0,,0.0,0,,0.0,0,,0.0,0,,0.0,0,,0.0,0,,0.0,0,,0.0,0,,0.0,0,,0.0,0,,0.0,0,,0.0,0,,0.0,0,,0.0,0,,0.0,0,,0.0,0,,0.0,0,,0.0,0,,0.0,0,,0.0,0,,0.0,0,,0.0,0,,0.0,0,,0.0,0,,0.0,0,,0.0,0,,0.0,0,,0.0,0,,0.0,0,,0.0,0,,0.0,0,,0.0,0,,0.0,0,,0.0,0,,0.0,0,,0.0,0,,0.0,0,,0.0,0,,0.0,0,,0.0,0,,0.0,1,,0.0,0,,0.0,0,,0.0,0,,0.0,0,,0.0,0,,0.0,0,,0.0,0,,0.0,0,,0.0,0,,0.0,0,,0.0,0,,0.0,0,,0.0,0,,0.0,0,,0.0,0,,0.0,0,,0.0,2.333333333,,0.0,2,,0.0,3,,0.0,2.666666667,,0.0,2,,0.0,7,,0.0,3,,0.0,999,,0.0,1,,0.0,2,,0.0,-1,,0.0
Ritual368,0,,0.0,0,,0.0,0,,0.0,0,,0.0,0,,0.0,0,,0.0,0,,0.0,0,,0.0,0,,0.0,0,,0.0,0,,0.0,1,,0.0,0,,0.0,0,,0.0,0,,0.0,4,,0.0,3,,0.0,0,,0.0,1,,0.0,1,,0.0,1,,0.0,0,,0.0,0,,0.0,0,,0.0,0,,0.0,7,,0.0,6,,0.0,1,,0.0,1,,0.0,0,,0.0,0,,0.0,0,,0.0,0,,0.0,0,,0.0,0,,0.0,0,,0.0,0,,0.0,0,,0.0,0,,0.0,1,,0.0,0,,0.0,0,,0.0,0,,0.0,0,,0.0,0,,0.0,0,,0.0,0,,0.0,0,,0.0,0,,0.0,0,,0.0,0,,0.0,0,,0.0,0,,0.0,0,,0.0,0,,0.0,0,,0.0,0,,0.0,0,,0.0,0,,0.0,0,,0.0,0,,0.0,0,,0.0,0,,0.0,0,,0.0,0,,0.0,0,,0.0,0,,0.0,0,,0.0,0,,0.0,0,,0.0,0,,0.0,0,,0.0,0,,0.0,0,,0.0,0,,0.0,0,,0.0,0,,0.0,0,,0.0,0,,0.0,0,,0.0,1,,0.0,1,,0.0,0,,0.0,0,,0.0,0,,0.0,0,,0.0,0,,0.0,0,,0.0,1,,0.0,0,,0.0,0,,0.0,0,,0.0,0,,0.0,0,,0.0,0,,0.0,0,,0.0,0,,0.0,0,,0.0,1,,0.0,0,,0.0,0,,0.0,0,,0.0,0,,0.0,0,,0.0,2.333333333,,0.0,2,,0.0,7,,0.0,2.666666667,,0.0,2,,0.0,7,,0.0,999,,0.0,3,,0.0,1,,0.0,2,,0.0,-1,,0.0
Ritual369,0,,0.0,0,,0.0,0,,0.0,1,,0.0,0,,0.0,0,,0.0,1,,0.0,0,,0.0,0,,0.0,0,,0.0,0,,0.0,0,,0.0,0,,0.0,0,,0.0,0,,0.0,4,,0.0,1,,0.0,1,,0.0,0,,0.0,0,,0.0,0,,0.0,0,,0.0,0,,0.0,0,,0.0,0,,0.0,7,,0.0,7,,0.0,0,,0.0,0,,0.0,0,,0.0,0,,0.0,0,,0.0,0,,0.0,0,,0.0,0,,0.0,0,,0.0,0,,0.0,0,,0.0,0,,0.0,0,,0.0,0,,0.0,0,,0.0,0,,0.0,0,,0.0,0,,0.0,0,,0.0,0,,0.0,0,,0.0,0,,0.0,0,,0.0,0,,0.0,0,,0.0,0,,0.0,0,,0.0,0,,0.0,0,,0.0,0,,0.0,0,,0.0,0,,0.0,0,,0.0,0,,0.0,0,,0.0,0,,0.0,0,,0.0,0,,0.0,1,,0.0,0,,0.0,0,,0.0,0,,0.0,0,,0.0,1,,0.0,0,,0.0,0,,0.0,0,,0.0,0,,0.0,0,,0.0,0,,0.0,0,,0.0,0,,0.0,0,,0.0,1,,0.0,0,,0.0,0,,0.0,0,,0.0,0,,0.0,0,,0.0,0,,0.0,0,,0.0,0,,0.0,0,,0.0,0,,0.0,0,,0.0,0,,0.0,0,,0.0,0,,0.0,0,,0.0,0,,0.0,0,,0.0,0,,0.0,0,,0.0,0,,0.0,0,,0.0,0,,0.0,0,,0.0,2.333333333,,0.0,1,,0.0,2,,0.0,4.333333333,,0.0,5,,0.0,2,,0.0,3,,0.0,1,,0.0,1,,0.0,3,,0.0,1,,0.0
Ritual370,0,,0.0,0,,0.0,0,,0.0,1,,0.0,0,,0.0,0,,0.0,1,,0.0,0,,0.0,0,,0.0,0,,0.0,0,,0.0,0,,0.0,0,,0.0,0,,0.0,0,,0.0,3,,0.0,3,,0.0,0,,0.0,0,,0.0,0,,0.0,1,,0.0,0,,0.0,0,,0.0,0,,0.0,0,,0.0,7,,0.0,6,,0.0,1,,0.0,0,,0.0,1,,0.0,0,,0.0,1,,0.0,0,,0.0,0,,0.0,0,,0.0,1,,0.0,0,,0.0,0,,0.0,0,,0.0,0,,0.0,0,,0.0,0,,0.0,0,,0.0,0,,0.0,0,,0.0,0,,0.0,0,,0.0,0,,0.0,1,,0.0,0,,0.0,0,,0.0,1,,0.0,0,,0.0,0,,0.0,0,,0.0,0,,0.0,0,,0.0,0,,0.0,0,,0.0,0,,0.0,0,,0.0,0,,0.0,0,,0.0,0,,0.0,0,,0.0,0,,0.0,0,,0.0,0,,0.0,0,,0.0,0,,0.0,0,,0.0,0,,0.0,0,,0.0,0,,0.0,0,,0.0,0,,0.0,1,,0.0,1,,0.0,0,,0.0,0,,0.0,1,,0.0,0,,0.0,0,,0.0,0,,0.0,0,,0.0,0,,0.0,0,,0.0,1,,0.0,0,,0.0,0,,0.0,0,,0.0,0,,0.0,0,,0.0,1,,0.0,0,,0.0,0,,0.0,0,,0.0,0,,0.0,0,,0.0,0,,0.0,0,,0.0,0,,0.0,0,,0.0,0,,0.0,4.0,,0.0,3,,0.0,7,,0.0,1.666666667,,0.0,1,,0.0,7,,0.0,3,,0.0,999,,0.0,1,,0.0,1,,0.0,999,,0.0
Ritual371,0,,0.0,0,,0.0,0,,0.0,0,,0.0,0,,0.0,0,,0.0,0,,0.0,0,,0.0,0,,0.0,0,,0.0,0,,0.0,0,,0.0,0,,0.0,0,,0.0,0,,0.0,2,,0.0,3,,0.0,0,,0.0,0,,0.0,0,,0.0,0,,0.0,1,,0.0,0,,0.0,0,,0.0,0,,0.0,999,,0.0,6,,0.0,0,,0.0,1,,0.0,0,,0.0,0,,0.0,0,,0.0,0,,0.0,0,,0.0,0,,0.0,0,,0.0,0,,0.0,0,,0.0,0,,0.0,0,,0.0,0,,0.0,0,,0.0,0,,0.0,0,,0.0,0,,0.0,0,,0.0,0,,0.0,0,,0.0,0,,0.0,0,,0.0,0,,0.0,1,,0.0,0,,0.0,0,,0.0,0,,0.0,0,,0.0,0,,0.0,0,,0.0,0,,0.0,0,,0.0,0,,0.0,0,,0.0,0,,0.0,0,,0.0,0,,0.0,0,,0.0,0,,0.0,0,,0.0,0,,0.0,0,,0.0,0,,0.0,0,,0.0,0,,0.0,0,,0.0,0,,0.0,0,,0.0,1,,0.0,0,,0.0,0,,0.0,0,,0.0,0,,0.0,0,,0.0,0,,0.0,0,,0.0,0,,0.0,0,,0.0,0,,0.0,0,,0.0,0,,0.0,0,,0.0,0,,0.0,0,,0.0,0,,0.0,0,,0.0,0,,0.0,0,,0.0,0,,0.0,0,,0.0,0,,0.0,1,,0.0,0,,0.0,0,,0.0,0,,0.0,0,,0.0,2.666666667,,0.0,4,,0.0,3,,0.0,0.0,,0.0,0,,0.0,-1,,0.0,999,,0.0,999,,0.0,1,,0.0,2,,0.0,-1,,0.0
Ritual372,0,,0.0,0,,0.0,0,,0.0,0,,0.0,0,,0.0,0,,0.0,1,,0.0,0,,0.0,0,,0.0,0,,0.0,0,,0.0,0,,0.0,0,,0.0,0,,0.0,0,,0.0,4,,0.0,2,,0.0,1,,0.0,0,,0.0,0,,0.0,0,,0.0,0,,0.0,0,,0.0,0,,0.0,0,,0.0,7,,0.0,7,,0.0,0,,0.0,0,,0.0,0,,0.0,0,,0.0,0,,0.0,0,,0.0,0,,0.0,0,,0.0,0,,0.0,0,,0.0,0,,0.0,0,,0.0,0,,0.0,0,,0.0,0,,0.0,0,,0.0,1,,0.0,0,,0.0,0,,0.0,0,,0.0,0,,0.0,0,,0.0,0,,0.0,0,,0.0,0,,0.0,0,,0.0,0,,0.0,0,,0.0,0,,0.0,0,,0.0,0,,0.0,0,,0.0,0,,0.0,0,,0.0,0,,0.0,0,,0.0,0,,0.0,0,,0.0,0,,0.0,0,,0.0,0,,0.0,0,,0.0,0,,0.0,1,,0.0,0,,0.0,0,,0.0,0,,0.0,0,,0.0,0,,0.0,0,,0.0,0,,0.0,0,,0.0,0,,0.0,1,,0.0,0,,0.0,0,,0.0,0,,0.0,0,,0.0,0,,0.0,0,,0.0,0,,0.0,0,,0.0,0,,0.0,0,,0.0,0,,0.0,0,,0.0,0,,0.0,0,,0.0,0,,0.0,0,,0.0,0,,0.0,0,,0.0,0,,0.0,0,,0.0,0,,0.0,0,,0.0,0,,0.0,0.0,,0.0,0,,0.0,-1,,0.0,4.0,,0.0,4,,0.0,2,,0.0,2,,0.0,999,,0.0,1,,0.0,2,,0.0,-1,,0.0
Ritual373,0,,0.0,0,,0.0,0,,0.0,1,,0.0,0,,0.0,0,,0.0,0,,0.0,0,,0.0,0,,0.0,0,,0.0,0,,0.0,0,,0.0,0,,0.0,0,,0.0,0,,0.0,2,,0.0,3,,0.0,0,,0.0,1,,0.0,0,,0.0,1,,0.0,0,,0.0,0,,0.0,0,,0.0,0,,0.0,6,,0.0,6,,0.0,0,,0.0,0,,0.0,0,,0.0,0,,0.0,0,,0.0,0,,0.0,0,,0.0,0,,0.0,0,,0.0,0,,0.0,0,,0.0,0,,0.0,0,,0.0,1,,0.0,0,,0.0,0,,0.0,0,,0.0,0,,0.0,0,,0.0,0,,0.0,0,,0.0,0,,0.0,0,,0.0,0,,0.0,0,,0.0,0,,0.0,0,,0.0,0,,0.0,0,,0.0,0,,0.0,0,,0.0,0,,0.0,0,,0.0,0,,0.0,0,,0.0,0,,0.0,0,,0.0,1,,0.0,0,,0.0,0,,0.0,0,,0.0,0,,0.0,0,,0.0,0,,0.0,0,,0.0,0,,0.0,0,,0.0,0,,0.0,0,,0.0,0,,0.0,0,,0.0,0,,0.0,0,,0.0,1,,0.0,0,,0.0,0,,0.0,0,,0.0,0,,0.0,0,,0.0,0,,0.0,0,,0.0,0,,0.0,0,,0.0,0,,0.0,0,,0.0,0,,0.0,0,,0.0,0,,0.0,0,,0.0,0,,0.0,0,,0.0,0,,0.0,0,,0.0,0,,0.0,0,,0.0,0,,0.0,0,,0.0,3.0,,0.0,2,,0.0,3,,0.0,3.0,,0.0,2,,0.0,2,,0.0,3,,0.0,3,,0.0,1,,0.0,2,,0.0,-1,,0.0
Ritual374,0,,0.0,0,,0.0,0,,0.0,0,,0.0,0,,0.0,0,,0.0,1,,0.0,0,,0.0,0,,0.0,0,,0.0,0,,0.0,0,,0.0,0,,0.0,0,,0.0,0,,0.0,4,,0.0,2,,0.0,0,,0.0,1,,0.0,0,,0.0,1,,0.0,0,,0.0,0,,0.0,0,,0.0,0,,0.0,7,,0.0,7,,0.0,0,,0.0,0,,0.0,0,,0.0,0,,0.0,0,,0.0,0,,0.0,0,,0.0,0,,0.0,0,,0.0,0,,0.0,0,,0.0,0,,0.0,0,,0.0,0,,0.0,0,,0.0,0,,0.0,0,,0.0,0,,0.0,0,,0.0,0,,0.0,0,,0.0,0,,0.0,0,,0.0,0,,0.0,0,,0.0,0,,0.0,0,,0.0,0,,0.0,0,,0.0,0,,0.0,0,,0.0,0,,0.0,0,,0.0,0,,0.0,0,,0.0,0,,0.0,0,,0.0,0,,0.0,1,,0.0,0,,0.0,0,,0.0,0,,0.0,1,,0.0,1,,0.0,0,,0.0,0,,0.0,0,,0.0,0,,0.0,0,,0.0,0,,0.0,0,,0.0,0,,0.0,0,,0.0,1,,0.0,1,,0.0,0,,0.0,0,,0.0,0,,0.0,0,,0.0,0,,0.0,0,,0.0,0,,0.0,0,,0.0,1,,0.0,0,,0.0,0,,0.0,0,,0.0,0,,0.0,0,,0.0,0,,0.0,0,,0.0,0,,0.0,0,,0.0,0,,0.0,0,,0.0,0,,0.0,1,,0.0,1.666666667,,0.0,0,,0.0,2,,0.0,3.333333333,,0.0,4,,0.0,2,,0.0,3,,0.0,999,,0.0,1,,0.0,2,,0.0,-1,,0.0
Ritual375,0,,0.0,0,,0.0,0,,0.0,0,,0.0,0,,0.0,0,,0.0,0,,0.0,0,,0.0,0,,0.0,0,,0.0,0,,0.0,0,,0.0,0,,0.0,1,,0.0,0,,0.0,1,,0.0,3,,0.0,1,,0.0,0,,0.0,0,,0.0,0,,0.0,0,,0.0,0,,0.0,0,,0.0,0,,0.0,3,,0.0,3,,0.0,0,,0.0,0,,0.0,0,,0.0,0,,0.0,0,,0.0,0,,0.0,0,,0.0,0,,0.0,0,,0.0,0,,0.0,0,,0.0,0,,0.0,0,,0.0,0,,0.0,0,,0.0,0,,0.0,0,,0.0,0,,0.0,0,,0.0,0,,0.0,0,,0.0,0,,0.0,0,,0.0,0,,0.0,0,,0.0,0,,0.0,0,,0.0,0,,0.0,0,,0.0,0,,0.0,0,,0.0,0,,0.0,0,,0.0,0,,0.0,0,,0.0,0,,0.0,0,,0.0,0,,0.0,0,,0.0,0,,0.0,0,,0.0,0,,0.0,0,,0.0,0,,0.0,0,,0.0,0,,0.0,0,,0.0,0,,0.0,0,,0.0,0,,0.0,0,,0.0,0,,0.0,0,,0.0,0,,0.0,0,,0.0,0,,0.0,0,,0.0,0,,0.0,0,,0.0,0,,0.0,1,,0.0,0,,0.0,0,,0.0,0,,0.0,0,,0.0,0,,0.0,0,,0.0,0,,0.0,0,,0.0,0,,0.0,0,,0.0,0,,0.0,0,,0.0,0,,0.0,0,,0.0,0,,0.0,0,,0.0,0.6666666667,,0.0,1,,0.0,2,,0.0,0.0,,0.0,0,,0.0,-1,,0.0,0,,0.0,3,,0.0,1,,0.0,2,,0.0,-1,,0.0
Ritual376,0,,0.0,0,,0.0,0,,0.0,1,,0.0,0,,0.0,0,,0.0,0,,0.0,0,,0.0,0,,0.0,0,,0.0,0,,0.0,0,,0.0,0,,0.0,1,,0.0,0,,0.0,1,,0.0,3,,0.0,1,,0.0,0,,0.0,0,,0.0,0,,0.0,0,,0.0,0,,0.0,0,,0.0,0,,0.0,2,,0.0,2,,0.0,0,,0.0,0,,0.0,0,,0.0,0,,0.0,0,,0.0,0,,0.0,0,,0.0,0,,0.0,0,,0.0,0,,0.0,0,,0.0,0,,0.0,0,,0.0,0,,0.0,0,,0.0,0,,0.0,0,,0.0,0,,0.0,0,,0.0,0,,0.0,0,,0.0,0,,0.0,0,,0.0,0,,0.0,0,,0.0,0,,0.0,0,,0.0,0,,0.0,0,,0.0,0,,0.0,0,,0.0,0,,0.0,0,,0.0,0,,0.0,0,,0.0,0,,0.0,0,,0.0,0,,0.0,0,,0.0,0,,0.0,0,,0.0,0,,0.0,0,,0.0,0,,0.0,0,,0.0,0,,0.0,0,,0.0,0,,0.0,0,,0.0,0,,0.0,0,,0.0,0,,0.0,0,,0.0,0,,0.0,0,,0.0,0,,0.0,0,,0.0,0,,0.0,0,,0.0,0,,0.0,1,,0.0,0,,0.0,0,,0.0,0,,0.0,0,,0.0,0,,0.0,0,,0.0,0,,0.0,0,,0.0,0,,0.0,0,,0.0,0,,0.0,0,,0.0,0,,0.0,0,,0.0,0,,0.0,0,,0.0,1.0,,0.0,1,,0.0,2,,0.0,0.0,,0.0,0,,0.0,-1,,0.0,0,,0.0,999,,0.0,1,,0.0,2,,0.0,-1,,0.0
Ritual377,0,,0.0,0,,0.0,0,,0.0,0,,0.0,0,,0.0,0,,0.0,1,,0.0,0,,0.0,0,,0.0,0,,0.0,0,,0.0,0,,0.0,0,,0.0,0,,0.0,0,,0.0,4,,0.0,1,,0.0,0,,0.0,0,,0.0,0,,0.0,0,,0.0,1,,0.0,0,,0.0,0,,0.0,0,,0.0,7,,0.0,5,,0.0,0,,0.0,1,,0.0,0,,0.0,0,,0.0,1,,0.0,0,,0.0,0,,0.0,0,,0.0,0,,0.0,0,,0.0,0,,0.0,0,,0.0,1,,0.0,0,,0.0,0,,0.0,0,,0.0,0,,0.0,0,,0.0,0,,0.0,0,,0.0,0,,0.0,0,,0.0,0,,0.0,0,,0.0,0,,0.0,0,,0.0,0,,0.0,0,,0.0,0,,0.0,0,,0.0,0,,0.0,0,,0.0,0,,0.0,0,,0.0,0,,0.0,0,,0.0,0,,0.0,0,,0.0,0,,0.0,0,,0.0,0,,0.0,0,,0.0,1,,0.0,0,,0.0,1,,0.0,0,,0.0,1,,0.0,0,,0.0,0,,0.0,1,,0.0,1,,0.0,0,,0.0,0,,0.0,0,,0.0,0,,0.0,0,,0.0,0,,0.0,0,,0.0,0,,0.0,0,,0.0,0,,0.0,0,,0.0,0,,0.0,0,,0.0,0,,0.0,0,,0.0,0,,0.0,0,,0.0,0,,0.0,0,,0.0,0,,0.0,0,,0.0,0,,0.0,0,,0.0,0,,0.0,0,,0.0,0,,0.0,2.0,,0.0,1,,0.0,3,,0.0,4.333333333,,0.0,5,,0.0,2,,0.0,5,,0.0,1,,0.0,1,,0.0,1,,0.0,-1,,0.0
Ritual378,0,,0.0,0,,0.0,0,,0.0,0,,0.0,0,,0.0,0,,0.0,0,,0.0,0,,0.0,0,,0.0,0,,0.0,0,,0.0,0,,0.0,0,,0.0,0,,0.0,0,,0.0,4,,0.0,3,,0.0,0,,0.0,0,,0.0,0,,0.0,0,,0.0,0,,0.0,1,,0.0,0,,0.0,1,,0.0,6,,0.0,6,,0.0,1,,0.0,1,,0.0,0,,0.0,0,,0.0,1,,0.0,0,,0.0,0,,0.0,0,,0.0,0,,0.0,0,,0.0,0,,0.0,0,,0.0,0,,0.0,0,,0.0,0,,0.0,0,,0.0,0,,0.0,0,,0.0,0,,0.0,0,,0.0,0,,0.0,1,,0.0,0,,0.0,0,,0.0,0,,0.0,0,,0.0,0,,0.0,0,,0.0,0,,0.0,0,,0.0,0,,0.0,0,,0.0,0,,0.0,0,,0.0,0,,0.0,0,,0.0,0,,0.0,0,,0.0,0,,0.0,0,,0.0,0,,0.0,0,,0.0,0,,0.0,0,,0.0,0,,0.0,0,,0.0,0,,0.0,0,,0.0,0,,0.0,1,,0.0,1,,0.0,0,,0.0,0,,0.0,1,,0.0,1,,0.0,0,,0.0,0,,0.0,0,,0.0,0,,0.0,0,,0.0,0,,0.0,0,,0.0,0,,0.0,0,,0.0,0,,0.0,0,,0.0,0,,0.0,0,,0.0,0,,0.0,0,,0.0,0,,0.0,1,,0.0,1,,0.0,0,,0.0,0,,0.0,0,,0.0,0,,0.0,4.333333333,,0.0,3,,0.0,3,,0.0,2.0,,0.0,3,,0.0,7,,0.0,999,,0.0,999,,0.0,999,,0.0,999,,0.0,-1,,0.0
Ritual379,0,,0.0,0,,0.0,0,,0.0,1,,0.0,0,,0.0,0,,0.0,0,,0.0,0,,0.0,0,,0.0,0,,0.0,0,,0.0,0,,0.0,0,,0.0,0,,0.0,0,,0.0,1,,0.0,3,,0.0,0,,0.0,0,,0.0,0,,0.0,1,,0.0,0,,0.0,0,,0.0,0,,0.0,0,,0.0,999,,0.0,4,,0.0,1,,0.0,1,,0.0,0,,0.0,0,,0.0,0,,0.0,0,,0.0,0,,0.0,0,,0.0,0,,0.0,0,,0.0,0,,0.0,0,,0.0,1,,0.0,0,,0.0,0,,0.0,0,,0.0,0,,0.0,0,,0.0,0,,0.0,0,,0.0,0,,0.0,0,,0.0,0,,0.0,0,,0.0,0,,0.0,0,,0.0,0,,0.0,0,,0.0,0,,0.0,0,,0.0,0,,0.0,0,,0.0,0,,0.0,0,,0.0,0,,0.0,0,,0.0,0,,0.0,0,,0.0,0,,0.0,0,,0.0,0,,0.0,0,,0.0,0,,0.0,0,,0.0,0,,0.0,0,,0.0,0,,0.0,0,,0.0,0,,0.0,0,,0.0,0,,0.0,0,,0.0,0,,0.0,0,,0.0,1,,0.0,0,,0.0,0,,0.0,0,,0.0,0,,0.0,0,,0.0,0,,0.0,0,,0.0,0,,0.0,0,,0.0,0,,0.0,0,,0.0,0,,0.0,0,,0.0,0,,0.0,0,,0.0,0,,0.0,0,,0.0,0,,0.0,0,,0.0,0,,0.0,0,,0.0,0,,0.0,2.333333333,,0.0,2,,0.0,7,,0.0,2.0,,0.0,2,,0.0,1,,0.0,999,,0.0,999,,0.0,1,,0.0,2,,0.0,-1,,0.0
Ritual380,0,,0.0,0,,0.0,0,,0.0,0,,0.0,0,,0.0,0,,0.0,0,,0.0,0,,0.0,0,,0.0,0,,0.0,0,,0.0,0,,0.0,0,,0.0,0,,0.0,0,,0.0,2,,0.0,2,,0.0,0,,0.0,0,,0.0,0,,0.0,1,,0.0,0,,0.0,0,,0.0,0,,0.0,0,,0.0,999,,0.0,6,,0.0,1,,0.0,0,,0.0,0,,0.0,0,,0.0,0,,0.0,0,,0.0,0,,0.0,0,,0.0,0,,0.0,0,,0.0,0,,0.0,0,,0.0,0,,0.0,0,,0.0,0,,0.0,0,,0.0,0,,0.0,0,,0.0,0,,0.0,0,,0.0,0,,0.0,0,,0.0,0,,0.0,0,,0.0,0,,0.0,0,,0.0,0,,0.0,0,,0.0,0,,0.0,0,,0.0,0,,0.0,0,,0.0,0,,0.0,0,,0.0,0,,0.0,0,,0.0,0,,0.0,0,,0.0,0,,0.0,0,,0.0,0,,0.0,0,,0.0,0,,0.0,0,,0.0,0,,0.0,0,,0.0,0,,0.0,0,,0.0,0,,0.0,0,,0.0,0,,0.0,0,,0.0,0,,0.0,1,,0.0,0,,0.0,0,,0.0,0,,0.0,0,,0.0,0,,0.0,0,,0.0,0,,0.0,0,,0.0,0,,0.0,0,,0.0,0,,0.0,0,,0.0,0,,0.0,0,,0.0,0,,0.0,0,,0.0,0,,0.0,0,,0.0,0,,0.0,0,,0.0,0,,0.0,0,,0.0,0,,0.0,2.666666667,,0.0,4,,0.0,7,,0.0,2.333333333,,0.0,0,,0.0,7,,0.0,999,,0.0,999,,0.0,1,,0.0,2,,0.0,-1,,0.0
Ritual381,0,,0.0,0,,0.0,0,,0.0,0,,0.0,0,,0.0,0,,0.0,1,,0.0,0,,0.0,0,,0.0,0,,0.0,0,,0.0,0,,0.0,0,,0.0,0,,0.0,0,,0.0,3,,0.0,3,,0.0,0,,0.0,0,,0.0,0,,0.0,0,,0.0,0,,0.0,1,,0.0,0,,0.0,0,,0.0,7,,0.0,6,,0.0,1,,0.0,1,,0.0,0,,0.0,0,,0.0,0,,0.0,0,,0.0,0,,0.0,0,,0.0,0,,0.0,0,,0.0,0,,0.0,0,,0.0,0,,0.0,0,,0.0,0,,0.0,0,,0.0,0,,0.0,0,,0.0,0,,0.0,0,,0.0,0,,0.0,0,,0.0,0,,0.0,0,,0.0,0,,0.0,0,,0.0,0,,0.0,0,,0.0,0,,0.0,0,,0.0,0,,0.0,0,,0.0,0,,0.0,0,,0.0,0,,0.0,0,,0.0,0,,0.0,0,,0.0,0,,0.0,0,,0.0,0,,0.0,0,,0.0,0,,0.0,0,,0.0,0,,0.0,0,,0.0,0,,0.0,0,,0.0,0,,0.0,0,,0.0,0,,0.0,0,,0.0,0,,0.0,1,,0.0,0,,0.0,0,,0.0,0,,0.0,0,,0.0,0,,0.0,0,,0.0,0,,0.0,0,,0.0,0,,0.0,0,,0.0,0,,0.0,0,,0.0,0,,0.0,0,,0.0,0,,0.0,0,,0.0,0,,0.0,0,,0.0,0,,0.0,0,,0.0,0,,0.0,0,,0.0,0,,0.0,4.666666667,,0.0,3,,0.0,2,,0.0,4.666666667,,0.0,0,,0.0,-1,,0.0,4,,0.0,999,,0.0,1,,0.0,2,,0.0,-1,,0.0
Ritual382,0,,0.0,0,,0.0,0,,0.0,0,,0.0,0,,0.0,0,,0.0,1,,0.0,0,,0.0,0,,0.0,0,,0.0,0,,0.0,0,,0.0,0,,0.0,0,,0.0,0,,0.0,4,,0.0,3,,0.0,0,,0.0,0,,0.0,0,,0.0,0,,0.0,0,,0.0,1,,0.0,0,,0.0,0,,0.0,7,,0.0,6,,0.0,1,,0.0,1,,0.0,1,,0.0,0,,0.0,0,,0.0,0,,0.0,0,,0.0,0,,0.0,0,,0.0,0,,0.0,0,,0.0,0,,0.0,0,,0.0,0,,0.0,0,,0.0,0,,0.0,0,,0.0,0,,0.0,0,,0.0,0,,0.0,0,,0.0,0,,0.0,0,,0.0,0,,0.0,0,,0.0,0,,0.0,0,,0.0,1,,0.0,0,,0.0,0,,0.0,0,,0.0,0,,0.0,0,,0.0,1,,0.0,0,,0.0,0,,0.0,0,,0.0,0,,0.0,0,,0.0,0,,0.0,0,,0.0,0,,0.0,0,,0.0,1,,0.0,0,,0.0,0,,0.0,0,,0.0,0,,0.0,0,,0.0,0,,0.0,0,,0.0,0,,0.0,0,,0.0,1,,0.0,0,,0.0,1,,0.0,0,,0.0,0,,0.0,0,,0.0,0,,0.0,1,,0.0,0,,0.0,0,,0.0,0,,0.0,0,,0.0,0,,0.0,0,,0.0,0,,0.0,0,,0.0,0,,0.0,0,,0.0,0,,0.0,0,,0.0,0,,0.0,0,,0.0,0,,0.0,0,,0.0,3.0,,0.0,2,,0.0,3,,0.0,5.0,,0.0,4,,0.0,2,,0.0,5,,0.0,999,,0.0,1,,0.0,1,,0.0,-1,,0.0
Ritual383,0,,0.0,0,,0.0,0,,0.0,0,,0.0,0,,0.0,0,,0.0,1,,0.0,0,,0.0,0,,0.0,0,,0.0,0,,0.0,0,,0.0,0,,0.0,0,,0.0,0,,0.0,2,,0.0,1,,0.0,0,,0.0,0,,0.0,0,,0.0,0,,0.0,1,,0.0,0,,0.0,0,,0.0,0,,0.0,7,,0.0,5,,0.0,0,,0.0,1,,0.0,0,,0.0,0,,0.0,0,,0.0,0,,0.0,0,,0.0,0,,0.0,0,,0.0,0,,0.0,0,,0.0,0,,0.0,0,,0.0,0,,0.0,0,,0.0,0,,0.0,0,,0.0,0,,0.0,0,,0.0,0,,0.0,0,,0.0,0,,0.0,0,,0.0,0,,0.0,0,,0.0,0,,0.0,0,,0.0,0,,0.0,0,,0.0,0,,0.0,0,,0.0,0,,0.0,0,,0.0,0,,0.0,0,,0.0,0,,0.0,0,,0.0,0,,0.0,0,,0.0,0,,0.0,0,,0.0,0,,0.0,0,,0.0,0,,0.0,0,,0.0,0,,0.0,0,,0.0,0,,0.0,1,,0.0,0,,0.0,0,,0.0,0,,0.0,1,,0.0,1,,0.0,0,,0.0,0,,0.0,0,,0.0,0,,0.0,0,,0.0,0,,0.0,0,,0.0,0,,0.0,0,,0.0,0,,0.0,0,,0.0,0,,0.0,0,,0.0,0,,0.0,0,,0.0,0,,0.0,0,,0.0,0,,0.0,0,,0.0,0,,0.0,0,,0.0,0,,0.0,0,,0.0,2.666666667,,0.0,2,,0.0,7,,0.0,2.666666667,,0.0,0,,0.0,2,,0.0,3,,0.0,999,,0.0,1,,0.0,2,,0.0,-1,,0.0
Ritual384,0,,0.0,0,,0.0,0,,0.0,0,,0.0,0,,0.0,0,,0.0,1,,0.0,0,,0.0,0,,0.0,0,,0.0,0,,0.0,0,,0.0,0,,0.0,0,,0.0,0,,0.0,4,,0.0,1,,0.0,0,,0.0,0,,0.0,0,,0.0,0,,0.0,1,,0.0,0,,0.0,0,,0.0,0,,0.0,6,,0.0,6,,0.0,1,,0.0,1,,0.0,0,,0.0,0,,0.0,1,,0.0,0,,0.0,0,,0.0,0,,0.0,0,,0.0,0,,0.0,0,,0.0,0,,0.0,0,,0.0,0,,0.0,0,,0.0,0,,0.0,0,,0.0,0,,0.0,0,,0.0,0,,0.0,0,,0.0,_,,0.0,0,,0.0,0,,0.0,0,,0.0,0,,0.0,1,,0.0,1,,0.0,0,,0.0,0,,0.0,0,,0.0,0,,0.0,0,,0.0,0,,0.0,0,,0.0,0,,0.0,0,,0.0,0,,0.0,0,,0.0,0,,0.0,0,,0.0,0,,0.0,0,,0.0,1,,0.0,0,,0.0,0,,0.0,0,,0.0,0,,0.0,0,,0.0,0,,0.0,0,,0.0,0,,0.0,0,,0.0,1,,0.0,1,,0.0,0,,0.0,0,,0.0,0,,0.0,0,,0.0,0,,0.0,0,,0.0,0,,0.0,1,,0.0,1,,0.0,1,,0.0,0,,0.0,0,,0.0,0,,0.0,0,,0.0,0,,0.0,0,,0.0,0,,0.0,0,,0.0,0,,0.0,0,,0.0,0,,0.0,0,,0.0,3.666666667,,0.0,1,,0.0,3,,0.0,5.0,,0.0,5,,0.0,2,,0.0,4,,0.0,999,,0.0,1,,0.0,1,,0.0,-1,,0.0
Ritual385,0,,0.0,0,,0.0,0,,0.0,0,,0.0,0,,0.0,0,,0.0,0,,0.0,0,,0.0,0,,0.0,0,,0.0,0,,0.0,1,,0.0,0,,0.0,0,,0.0,0,,0.0,2,,0.0,3,,0.0,0,,0.0,0,,0.0,0,,0.0,0,,0.0,0,,0.0,1,,0.0,0,,0.0,0,,0.0,999,,0.0,6,,0.0,1,,0.0,1,,0.0,1,,0.0,0,,0.0,1,,0.0,0,,0.0,0,,0.0,0,,0.0,1,,0.0,0,,0.0,0,,0.0,0,,0.0,0,,0.0,0,,0.0,0,,0.0,0,,0.0,0,,0.0,0,,0.0,0,,0.0,0,,0.0,0,,0.0,0,,0.0,0,,0.0,0,,0.0,0,,0.0,0,,0.0,1,,0.0,0,,0.0,0,,0.0,0,,0.0,0,,0.0,0,,0.0,0,,0.0,0,,0.0,0,,0.0,0,,0.0,0,,0.0,0,,0.0,0,,0.0,0,,0.0,0,,0.0,0,,0.0,0,,0.0,0,,0.0,0,,0.0,0,,0.0,0,,0.0,0,,0.0,0,,0.0,0,,0.0,0,,0.0,0,,0.0,1,,0.0,1,,0.0,0,,0.0,0,,0.0,0,,0.0,0,,0.0,0,,0.0,0,,0.0,0,,0.0,0,,0.0,0,,0.0,1,,0.0,0,,0.0,0,,0.0,0,,0.0,0,,0.0,0,,0.0,0,,0.0,0,,0.0,0,,0.0,0,,0.0,0,,0.0,0,,0.0,0,,0.0,0,,0.0,2.333333333,,0.0,2,,0.0,7,,0.0,4.333333333,,0.0,3,,0.0,2,,0.0,999,,0.0,999,,0.0,1,,0.0,2,,0.0,-1,,0.0
Ritual386,0,,0.0,0,,0.0,0,,0.0,0,,0.0,0,,0.0,0,,0.0,0,,0.0,0,,0.0,0,,0.0,0,,0.0,0,,0.0,1,,0.0,0,,0.0,0,,0.0,0,,0.0,2,,0.0,2,,0.0,0,,0.0,0,,0.0,0,,0.0,0,,0.0,1,,0.0,0,,0.0,0,,0.0,0,,0.0,999,,0.0,6,,0.0,1,,0.0,0,,0.0,1,,0.0,0,,0.0,0,,0.0,0,,0.0,0,,0.0,0,,0.0,1,,0.0,0,,0.0,0,,0.0,0,,0.0,0,,0.0,0,,0.0,0,,0.0,0,,0.0,0,,0.0,0,,0.0,0,,0.0,0,,0.0,0,,0.0,0,,0.0,0,,0.0,0,,0.0,0,,0.0,0,,0.0,0,,0.0,1,,0.0,0,,0.0,0,,0.0,0,,0.0,0,,0.0,0,,0.0,0,,0.0,0,,0.0,0,,0.0,0,,0.0,0,,0.0,0,,0.0,0,,0.0,0,,0.0,0,,0.0,0,,0.0,0,,0.0,0,,0.0,0,,0.0,0,,0.0,0,,0.0,0,,0.0,0,,0.0,0,,0.0,0,,0.0,0,,0.0,1,,0.0,0,,0.0,0,,0.0,0,,0.0,0,,0.0,0,,0.0,0,,0.0,0,,0.0,0,,0.0,0,,0.0,1,,0.0,0,,0.0,0,,0.0,0,,0.0,0,,0.0,0,,0.0,0,,0.0,0,,0.0,0,,0.0,0,,0.0,0,,0.0,0,,0.0,0,,0.0,0,,0.0,2.0,,0.0,2,,0.0,7,,0.0,4.333333333,,0.0,3,,0.0,2,,0.0,999,,0.0,999,,0.0,1,,0.0,2,,0.0,-1,,0.0
Ritual387,0,,0.0,0,,0.0,0,,0.0,0,,0.0,0,,0.0,0,,0.0,1,,0.0,0,,0.0,0,,0.0,0,,0.0,0,,0.0,0,,0.0,0,,0.0,0,,0.0,0,,0.0,2,,0.0,2,,0.0,0,,0.0,0,,0.0,0,,0.0,1,,0.0,0,,0.0,0,,0.0,0,,0.0,0,,0.0,7,,0.0,6,,0.0,0,,0.0,0,,0.0,0,,0.0,0,,0.0,0,,0.0,0,,0.0,0,,0.0,0,,0.0,0,,0.0,0,,0.0,0,,0.0,0,,0.0,0,,0.0,0,,0.0,0,,0.0,0,,0.0,0,,0.0,0,,0.0,0,,0.0,0,,0.0,0,,0.0,0,,0.0,0,,0.0,0,,0.0,0,,0.0,0,,0.0,0,,0.0,0,,0.0,0,,0.0,0,,0.0,0,,0.0,0,,0.0,0,,0.0,1,,0.0,0,,0.0,0,,0.0,0,,0.0,0,,0.0,0,,0.0,0,,0.0,0,,0.0,0,,0.0,0,,0.0,0,,0.0,0,,0.0,0,,0.0,0,,0.0,0,,0.0,0,,0.0,0,,0.0,0,,0.0,0,,0.0,0,,0.0,1,,0.0,0,,0.0,0,,0.0,0,,0.0,0,,0.0,0,,0.0,0,,0.0,0,,0.0,0,,0.0,0,,0.0,0,,0.0,0,,0.0,1,,0.0,0,,0.0,0,,0.0,0,,0.0,0,,0.0,0,,0.0,0,,0.0,0,,0.0,0,,0.0,0,,0.0,0,,0.0,0,,0.0,5.0,,0.0,999,,0.0,2,,0.0,5.0,,0.0,5,,0.0,2,,0.0,5,,0.0,999,,0.0,1,,0.0,2,,0.0,-1,,0.0
Ritual388,0,,0.0,0,,0.0,0,,0.0,1,,0.0,0,,0.0,0,,0.0,0,,0.0,0,,0.0,0,,0.0,0,,0.0,0,,0.0,0,,0.0,0,,0.0,0,,0.0,0,,0.0,2,,0.0,3,,0.0,0,,0.0,0,,0.0,0,,0.0,0,,0.0,1,,0.0,0,,0.0,0,,0.0,0,,0.0,999,,0.0,6,,0.0,0,,0.0,1,,0.0,0,,0.0,0,,0.0,0,,0.0,0,,0.0,0,,0.0,0,,0.0,0,,0.0,0,,0.0,0,,0.0,0,,0.0,0,,0.0,1,,0.0,0,,0.0,0,,0.0,0,,0.0,0,,0.0,0,,0.0,0,,0.0,0,,0.0,0,,0.0,0,,0.0,0,,0.0,0,,0.0,0,,0.0,0,,0.0,0,,0.0,0,,0.0,0,,0.0,0,,0.0,0,,0.0,0,,0.0,0,,0.0,0,,0.0,0,,0.0,0,,0.0,0,,0.0,0,,0.0,0,,0.0,0,,0.0,0,,0.0,0,,0.0,1,,0.0,0,,0.0,0,,0.0,0,,0.0,0,,0.0,0,,0.0,0,,0.0,0,,0.0,0,,0.0,0,,0.0,1,,0.0,0,,0.0,0,,0.0,0,,0.0,0,,0.0,0,,0.0,0,,0.0,0,,0.0,0,,0.0,0,,0.0,0,,0.0,0,,0.0,0,,0.0,0,,0.0,0,,0.0,0,,0.0,0,,0.0,0,,0.0,0,,0.0,0,,0.0,0,,0.0,0,,0.0,0,,0.0,0,,0.0,2.333333333,,0.0,2,,0.0,7,,0.0,4.0,,0.0,999,,0.0,2,,0.0,3,,0.0,999,,0.0,1,,0.0,2,,0.0,-1,,0.0
Ritual389,0,,0.0,0,,0.0,0,,0.0,0,,0.0,0,,0.0,0,,0.0,1,,0.0,0,,0.0,0,,0.0,0,,0.0,0,,0.0,0,,0.0,0,,0.0,0,,0.0,0,,0.0,4,,0.0,1,,0.0,0,,0.0,0,,0.0,0,,0.0,1,,0.0,0,,0.0,0,,0.0,0,,0.0,0,,0.0,7,,0.0,7,,0.0,0,,0.0,0,,0.0,0,,0.0,0,,0.0,0,,0.0,0,,0.0,0,,0.0,0,,0.0,0,,0.0,0,,0.0,0,,0.0,0,,0.0,0,,0.0,0,,0.0,0,,0.0,0,,0.0,0,,0.0,0,,0.0,0,,0.0,0,,0.0,0,,0.0,0,,0.0,0,,0.0,0,,0.0,0,,0.0,0,,0.0,0,,0.0,0,,0.0,0,,0.0,0,,0.0,0,,0.0,0,,0.0,0,,0.0,0,,0.0,0,,0.0,0,,0.0,0,,0.0,0,,0.0,0,,0.0,0,,0.0,0,,0.0,0,,0.0,1,,0.0,0,,0.0,0,,0.0,0,,0.0,0,,0.0,0,,0.0,0,,0.0,0,,0.0,0,,0.0,0,,0.0,0,,0.0,0,,0.0,0,,0.0,0,,0.0,0,,0.0,0,,0.0,0,,0.0,0,,0.0,0,,0.0,0,,0.0,0,,0.0,0,,0.0,0,,0.0,0,,0.0,0,,0.0,1,,0.0,0,,0.0,0,,0.0,0,,0.0,0,,0.0,0,,0.0,0,,0.0,0,,0.0,0,,0.0,0,,0.0,1.0,,0.0,0,,0.0,2,,0.0,3.0,,0.0,4,,0.0,2,,0.0,3,,0.0,999,,0.0,1,,0.0,2,,0.0,-1,,0.0
Ritual390,0,,0.0,0,,0.0,0,,0.0,1,,0.0,0,,0.0,0,,0.0,0,,0.0,0,,0.0,0,,0.0,0,,0.0,0,,0.0,0,,0.0,0,,0.0,0,,0.0,0,,0.0,4,,0.0,3,,0.0,0,,0.0,0,,0.0,0,,0.0,0,,0.0,0,,0.0,0,,0.0,1,,0.0,0,,0.0,999,,0.0,5,,0.0,1,,0.0,1,,0.0,1,,0.0,1,,0.0,0,,0.0,0,,0.0,0,,0.0,0,,0.0,1,,0.0,0,,0.0,0,,0.0,0,,0.0,0,,0.0,0,,0.0,0,,0.0,0,,0.0,0,,0.0,0,,0.0,0,,0.0,0,,0.0,0,,0.0,0,,0.0,0,,0.0,0,,0.0,0,,0.0,0,,0.0,0,,0.0,0,,0.0,0,,0.0,0,,0.0,0,,0.0,0,,0.0,0,,0.0,0,,0.0,0,,0.0,0,,0.0,0,,0.0,0,,0.0,0,,0.0,0,,0.0,0,,0.0,0,,0.0,0,,0.0,0,,0.0,0,,0.0,0,,0.0,0,,0.0,0,,0.0,0,,0.0,0,,0.0,0,,0.0,0,,0.0,0,,0.0,1,,0.0,1,,0.0,0,,0.0,0,,0.0,0,,0.0,0,,0.0,0,,0.0,0,,0.0,0,,0.0,0,,0.0,0,,0.0,0,,0.0,0,,0.0,0,,0.0,0,,0.0,0,,0.0,0,,0.0,0,,0.0,0,,0.0,0,,0.0,0,,0.0,0,,0.0,0,,0.0,0,,0.0,3.666666667,,0.0,3,,0.0,2,,0.0,2.333333333,,0.0,3,,0.0,3,,0.0,999,,0.0,999,,0.0,1,,0.0,999,,0.0,-1,,0.0
Ritual391,0,,0.0,1,,0.0,0,,0.0,0,,0.0,0,,0.0,0,,0.0,1,,0.0,0,,0.0,0,,0.0,0,,0.0,0,,0.0,0,,0.0,0,,0.0,0,,0.0,0,,0.0,4,,0.0,3,,0.0,0,,0.0,0,,0.0,0,,0.0,0,,0.0,1,,0.0,0,,0.0,0,,0.0,1,,0.0,7,,0.0,6,,0.0,1,,0.0,1,,0.0,0,,0.0,0,,0.0,0,,0.0,0,,0.0,0,,0.0,0,,0.0,1,,0.0,0,,0.0,0,,0.0,0,,0.0,0,,0.0,0,,0.0,0,,0.0,0,,0.0,0,,0.0,0,,0.0,0,,0.0,0,,0.0,0,,0.0,0,,0.0,0,,0.0,0,,0.0,0,,0.0,0,,0.0,0,,0.0,0,,0.0,1,,0.0,0,,0.0,0,,0.0,0,,0.0,0,,0.0,0,,0.0,0,,0.0,0,,0.0,0,,0.0,0,,0.0,0,,0.0,0,,0.0,0,,0.0,0,,0.0,0,,0.0,0,,0.0,0,,0.0,0,,0.0,0,,0.0,0,,0.0,0,,0.0,0,,0.0,0,,0.0,0,,0.0,0,,0.0,1,,0.0,0,,0.0,0,,0.0,0,,0.0,0,,0.0,0,,0.0,0,,0.0,0,,0.0,0,,0.0,0,,0.0,0,,0.0,0,,0.0,0,,0.0,0,,0.0,0,,0.0,0,,0.0,0,,0.0,0,,0.0,1,,0.0,0,,0.0,0,,0.0,0,,0.0,0,,0.0,0,,0.0,4.333333333,,0.0,3,,0.0,6,,0.0,0.0,,0.0,0,,0.0,-1,,0.0,3,,0.0,999,,0.0,1,,0.0,2,,0.0,-1,,0.0
Ritual392,0,,0.0,0,,0.0,0,,0.0,0,,0.0,0,,0.0,0,,0.0,1,,0.0,0,,0.0,0,,0.0,0,,0.0,0,,0.0,0,,0.0,0,,0.0,0,,0.0,0,,0.0,4,,0.0,1,,0.0,0,,0.0,0,,0.0,0,,0.0,1,,0.0,0,,0.0,0,,0.0,0,,0.0,1,,0.0,7,,0.0,7,,0.0,1,,0.0,0,,0.0,1,,0.0,0,,0.0,0,,0.0,0,,0.0,0,,0.0,0,,0.0,0,,0.0,0,,0.0,0,,0.0,0,,0.0,0,,0.0,0,,0.0,0,,0.0,0,,0.0,1,,0.0,0,,0.0,0,,0.0,0,,0.0,0,,0.0,0,,0.0,0,,0.0,0,,0.0,0,,0.0,0,,0.0,0,,0.0,0,,0.0,1,,0.0,0,,0.0,0,,0.0,0,,0.0,0,,0.0,1,,0.0,0,,0.0,0,,0.0,0,,0.0,0,,0.0,1,,0.0,0,,0.0,1,,0.0,0,,0.0,0,,0.0,0,,0.0,0,,0.0,0,,0.0,1,,0.0,0,,0.0,0,,0.0,0,,0.0,0,,0.0,0,,0.0,0,,0.0,0,,0.0,0,,0.0,0,,0.0,0,,0.0,0,,0.0,0,,0.0,0,,0.0,0,,0.0,0,,0.0,0,,0.0,1,,0.0,0,,0.0,0,,0.0,0,,0.0,0,,0.0,0,,0.0,0,,0.0,0,,0.0,0,,0.0,0,,0.0,0,,0.0,0,,0.0,0,,0.0,0,,0.0,0.0,,0.0,0,,0.0,-1,,0.0,5.0,,0.0,5,,0.0,2,,0.0,5,,0.0,999,,0.0,1,,0.0,1,,0.0,-1,,0.0
Ritual393,0,,0.0,0,,0.0,0,,0.0,1,,0.0,0,,0.0,0,,0.0,0,,0.0,0,,0.0,1,,0.0,0,,0.0,0,,0.0,0,,0.0,0,,0.0,0,,0.0,0,,0.0,2,,0.0,3,,0.0,0,,0.0,0,,0.0,0,,0.0,0,,0.0,1,,0.0,0,,0.0,0,,0.0,0,,0.0,999,,0.0,5,,0.0,0,,0.0,0,,0.0,0,,0.0,0,,0.0,0,,0.0,0,,0.0,0,,0.0,0,,0.0,0,,0.0,0,,0.0,0,,0.0,0,,0.0,0,,0.0,0,,0.0,1,,0.0,0,,0.0,0,,0.0,0,,0.0,0,,0.0,0,,0.0,0,,0.0,0,,0.0,0,,0.0,0,,0.0,0,,0.0,0,,0.0,0,,0.0,0,,0.0,0,,0.0,0,,0.0,0,,0.0,0,,0.0,0,,0.0,0,,0.0,0,,0.0,0,,0.0,0,,0.0,0,,0.0,0,,0.0,0,,0.0,0,,0.0,0,,0.0,0,,0.0,0,,0.0,0,,0.0,0,,0.0,0,,0.0,0,,0.0,0,,0.0,0,,0.0,0,,0.0,0,,0.0,0,,0.0,0,,0.0,0,,0.0,1,,0.0,0,,0.0,0,,0.0,0,,0.0,0,,0.0,1,,0.0,0,,0.0,0,,0.0,1,,0.0,0,,0.0,0,,0.0,0,,0.0,0,,0.0,0,,0.0,0,,0.0,0,,0.0,0,,0.0,0,,0.0,0,,0.0,0,,0.0,0,,0.0,0,,0.0,2.0,,0.0,2,,0.0,3,,0.0,0.0,,0.0,0,,0.0,-1,,0.0,999,,0.0,3,,0.0,1,,0.0,2,,0.0,-1,,0.0
Ritual394,0,,0.0,0,,0.0,0,,0.0,1,,0.0,0,,0.0,0,,0.0,0,,0.0,0,,0.0,0,,0.0,0,,0.0,0,,0.0,0,,0.0,0,,0.0,0,,0.0,0,,0.0,2,,0.0,3,,0.0,0,,0.0,0,,0.0,0,,0.0,1,,0.0,0,,0.0,0,,0.0,0,,0.0,0,,0.0,4,,0.0,4,,0.0,0,,0.0,0,,0.0,0,,0.0,1,,0.0,0,,0.0,0,,0.0,0,,0.0,0,,0.0,0,,0.0,0,,0.0,0,,0.0,0,,0.0,0,,0.0,0,,0.0,0,,0.0,0,,0.0,0,,0.0,0,,0.0,0,,0.0,0,,0.0,0,,0.0,0,,0.0,0,,0.0,0,,0.0,0,,0.0,0,,0.0,0,,0.0,0,,0.0,0,,0.0,0,,0.0,0,,0.0,0,,0.0,0,,0.0,0,,0.0,0,,0.0,0,,0.0,0,,0.0,0,,0.0,0,,0.0,0,,0.0,0,,0.0,0,,0.0,0,,0.0,0,,0.0,0,,0.0,0,,0.0,0,,0.0,0,,0.0,1,,0.0,0,,0.0,0,,0.0,0,,0.0,0,,0.0,0,,0.0,1,,0.0,0,,0.0,0,,0.0,0,,0.0,0,,0.0,0,,0.0,0,,0.0,0,,0.0,0,,0.0,0,,0.0,0,,0.0,0,,0.0,0,,0.0,0,,0.0,0,,0.0,0,,0.0,0,,0.0,0,,0.0,0,,0.0,0,,0.0,0,,0.0,0,,0.0,0,,0.0,1.333333333,,0.0,1,,0.0,7,,0.0,0.0,,0.0,0,,0.0,-1,,0.0,1,,0.0,999,,0.0,1,,0.0,2,,0.0,-1,,0.0
Ritual395,0,,0.0,0,,0.0,0,,0.0,1,,0.0,0,,0.0,0,,0.0,0,,0.0,0,,0.0,0,,0.0,0,,0.0,0,,0.0,0,,0.0,0,,0.0,0,,0.0,0,,0.0,1,,0.0,3,,0.0,1,,0.0,0,,0.0,0,,0.0,0,,0.0,0,,0.0,0,,0.0,0,,0.0,0,,0.0,2,,0.0,2,,0.0,0,,0.0,0,,0.0,0,,0.0,0,,0.0,0,,0.0,0,,0.0,0,,0.0,0,,0.0,0,,0.0,0,,0.0,0,,0.0,0,,0.0,0,,0.0,0,,0.0,0,,0.0,0,,0.0,0,,0.0,0,,0.0,0,,0.0,0,,0.0,0,,0.0,0,,0.0,0,,0.0,0,,0.0,0,,0.0,0,,0.0,0,,0.0,0,,0.0,0,,0.0,0,,0.0,0,,0.0,0,,0.0,0,,0.0,0,,0.0,0,,0.0,0,,0.0,0,,0.0,0,,0.0,0,,0.0,0,,0.0,0,,0.0,0,,0.0,0,,0.0,0,,0.0,0,,0.0,0,,0.0,0,,0.0,0,,0.0,0,,0.0,0,,0.0,0,,0.0,0,,0.0,0,,0.0,0,,0.0,0,,0.0,0,,0.0,0,,0.0,0,,0.0,0,,0.0,0,,0.0,1,,0.0,0,,0.0,0,,0.0,0,,0.0,0,,0.0,0,,0.0,0,,0.0,0,,0.0,0,,0.0,0,,0.0,0,,0.0,0,,0.0,0,,0.0,0,,0.0,0,,0.0,0,,0.0,0,,0.0,1.0,,0.0,1,,0.0,7,,0.0,0.0,,0.0,0,,0.0,-1,,0.0,1,,0.0,3,,0.0,1,,0.0,2,,0.0,-1,,0.0
Ritual396,0,,0.0,0,,0.0,0,,0.0,1,,0.0,0,,0.0,0,,0.0,0,,0.0,0,,0.0,0,,0.0,0,,0.0,0,,0.0,0,,0.0,0,,0.0,0,,0.0,0,,0.0,4,,0.0,3,,0.0,0,,0.0,0,,0.0,0,,0.0,0,,0.0,0,,0.0,1,,0.0,0,,0.0,0,,0.0,5,,0.0,5,,0.0,1,,0.0,1,,0.0,1,,0.0,0,,0.0,0,,0.0,0,,0.0,0,,0.0,0,,0.0,0,,0.0,0,,0.0,0,,0.0,0,,0.0,0,,0.0,0,,0.0,0,,0.0,0,,0.0,0,,0.0,0,,0.0,0,,0.0,0,,0.0,1,,0.0,0,,0.0,0,,0.0,0,,0.0,0,,0.0,0,,0.0,0,,0.0,0,,0.0,0,,0.0,0,,0.0,0,,0.0,0,,0.0,0,,0.0,0,,0.0,0,,0.0,0,,0.0,0,,0.0,0,,0.0,0,,0.0,0,,0.0,0,,0.0,0,,0.0,0,,0.0,0,,0.0,0,,0.0,0,,0.0,0,,0.0,0,,0.0,0,,0.0,1,,0.0,1,,0.0,0,,0.0,0,,0.0,0,,0.0,0,,0.0,1,,0.0,0,,0.0,0,,0.0,0,,0.0,0,,0.0,0,,0.0,0,,0.0,0,,0.0,1,,0.0,0,,0.0,0,,0.0,0,,0.0,0,,0.0,0,,0.0,0,,0.0,0,,0.0,1,,0.0,0,,0.0,0,,0.0,0,,0.0,0,,0.0,0,,0.0,4.0,,0.0,3,,0.0,7,,0.0,1.666666667,,0.0,0,,0.0,7,,0.0,999,,0.0,3,,0.0,1,,0.0,2,,0.0,-1,,0.0
Ritual397,0,,0.0,0,,0.0,0,,0.0,1,,0.0,0,,0.0,0,,0.0,0,,0.0,0,,0.0,0,,0.0,0,,0.0,0,,0.0,0,,0.0,0,,0.0,0,,0.0,0,,0.0,4,,0.0,3,,0.0,0,,0.0,0,,0.0,0,,0.0,0,,0.0,0,,0.0,1,,0.0,0,,0.0,0,,0.0,5,,0.0,5,,0.0,1,,0.0,1,,0.0,1,,0.0,0,,0.0,0,,0.0,0,,0.0,0,,0.0,0,,0.0,0,,0.0,0,,0.0,0,,0.0,0,,0.0,0,,0.0,0,,0.0,0,,0.0,0,,0.0,0,,0.0,0,,0.0,0,,0.0,0,,0.0,1,,0.0,0,,0.0,0,,0.0,0,,0.0,0,,0.0,0,,0.0,0,,0.0,0,,0.0,0,,0.0,0,,0.0,0,,0.0,0,,0.0,0,,0.0,0,,0.0,0,,0.0,0,,0.0,0,,0.0,0,,0.0,0,,0.0,0,,0.0,0,,0.0,0,,0.0,0,,0.0,0,,0.0,0,,0.0,0,,0.0,0,,0.0,0,,0.0,0,,0.0,0,,0.0,0,,0.0,0,,0.0,0,,0.0,0,,0.0,0,,0.0,1,,0.0,0,,0.0,0,,0.0,0,,0.0,0,,0.0,0,,0.0,0,,0.0,0,,0.0,1,,0.0,0,,0.0,0,,0.0,0,,0.0,0,,0.0,0,,0.0,0,,0.0,0,,0.0,1,,0.0,0,,0.0,0,,0.0,0,,0.0,0,,0.0,0,,0.0,4.0,,0.0,3,,0.0,7,,0.0,1.666666667,,0.0,0,,0.0,7,,0.0,999,,0.0,3,,0.0,1,,0.0,2,,0.0,-1,,0.0
Ritual398,0,,0.0,0,,0.0,0,,0.0,1,,0.0,0,,0.0,0,,0.0,0,,0.0,0,,0.0,0,,0.0,0,,0.0,0,,0.0,0,,0.0,0,,0.0,0,,0.0,0,,0.0,4,,0.0,3,,0.0,0,,0.0,0,,0.0,0,,0.0,0,,0.0,0,,0.0,1,,0.0,0,,0.0,0,,0.0,5,,0.0,5,,0.0,0,,0.0,0,,0.0,0,,0.0,0,,0.0,0,,0.0,0,,0.0,0,,0.0,0,,0.0,0,,0.0,0,,0.0,0,,0.0,0,,0.0,0,,0.0,0,,0.0,0,,0.0,0,,0.0,0,,0.0,0,,0.0,0,,0.0,0,,0.0,0,,0.0,0,,0.0,0,,0.0,0,,0.0,0,,0.0,0,,0.0,0,,0.0,0,,0.0,0,,0.0,0,,0.0,0,,0.0,0,,0.0,0,,0.0,0,,0.0,0,,0.0,0,,0.0,0,,0.0,0,,0.0,0,,0.0,0,,0.0,0,,0.0,0,,0.0,0,,0.0,0,,0.0,0,,0.0,0,,0.0,0,,0.0,0,,0.0,0,,0.0,1,,0.0,1,,0.0,0,,0.0,0,,0.0,0,,0.0,0,,0.0,1,,0.0,0,,0.0,0,,0.0,0,,0.0,0,,0.0,0,,0.0,0,,0.0,0,,0.0,0,,0.0,0,,0.0,0,,0.0,0,,0.0,0,,0.0,0,,0.0,0,,0.0,0,,0.0,1,,0.0,0,,0.0,0,,0.0,0,,0.0,0,,0.0,0,,0.0,4.0,,0.0,1,,0.0,7,,0.0,1.666666667,,0.0,0,,0.0,7,,0.0,999,,0.0,3,,0.0,1,,0.0,2,,0.0,-1,,0.0
Ritual399,0,,0.0,0,,0.0,0,,0.0,1,,0.0,0,,0.0,0,,0.0,0,,0.0,0,,0.0,0,,0.0,0,,0.0,0,,0.0,0,,0.0,0,,0.0,0,,0.0,0,,0.0,4,,0.0,3,,0.0,0,,0.0,0,,0.0,0,,0.0,0,,0.0,0,,0.0,1,,0.0,0,,0.0,0,,0.0,5,,0.0,5,,0.0,0,,0.0,1,,0.0,0,,0.0,1,,0.0,0,,0.0,0,,0.0,0,,0.0,0,,0.0,0,,0.0,0,,0.0,0,,0.0,0,,0.0,0,,0.0,0,,0.0,0,,0.0,0,,0.0,0,,0.0,0,,0.0,0,,0.0,0,,0.0,0,,0.0,0,,0.0,0,,0.0,0,,0.0,0,,0.0,0,,0.0,0,,0.0,0,,0.0,0,,0.0,0,,0.0,0,,0.0,0,,0.0,0,,0.0,0,,0.0,0,,0.0,0,,0.0,0,,0.0,0,,0.0,0,,0.0,0,,0.0,0,,0.0,0,,0.0,0,,0.0,0,,0.0,0,,0.0,0,,0.0,0,,0.0,0,,0.0,0,,0.0,0,,0.0,0,,0.0,0,,0.0,0,,0.0,0,,0.0,0,,0.0,1,,0.0,0,,0.0,0,,0.0,0,,0.0,0,,0.0,0,,0.0,0,,0.0,0,,0.0,0,,0.0,0,,0.0,0,,0.0,0,,0.0,0,,0.0,0,,0.0,0,,0.0,0,,0.0,1,,0.0,0,,0.0,0,,0.0,0,,0.0,0,,0.0,0,,0.0,3.0,,0.0,2,,0.0,7,,0.0,1.666666667,,0.0,0,,0.0,7,,0.0,999,,0.0,3,,0.0,1,,0.0,2,,0.0,-1,,0.0
Ritual400,0,,0.0,0,,0.0,0,,0.0,1,,0.0,0,,0.0,0,,0.0,0,,0.0,0,,0.0,0,,0.0,0,,0.0,0,,0.0,0,,0.0,0,,0.0,0,,0.0,0,,0.0,4,,0.0,3,,0.0,0,,0.0,0,,0.0,0,,0.0,0,,0.0,0,,0.0,1,,0.0,0,,0.0,0,,0.0,5,,0.0,5,,0.0,0,,0.0,0,,0.0,0,,0.0,1,,0.0,0,,0.0,0,,0.0,0,,0.0,0,,0.0,0,,0.0,0,,0.0,0,,0.0,0,,0.0,0,,0.0,0,,0.0,0,,0.0,0,,0.0,0,,0.0,0,,0.0,0,,0.0,0,,0.0,1,,0.0,0,,0.0,0,,0.0,0,,0.0,0,,0.0,0,,0.0,0,,0.0,0,,0.0,0,,0.0,0,,0.0,0,,0.0,0,,0.0,0,,0.0,0,,0.0,0,,0.0,0,,0.0,0,,0.0,0,,0.0,0,,0.0,0,,0.0,0,,0.0,0,,0.0,0,,0.0,0,,0.0,0,,0.0,0,,0.0,0,,0.0,0,,0.0,0,,0.0,0,,0.0,0,,0.0,0,,0.0,0,,0.0,0,,0.0,0,,0.0,0,,0.0,0,,0.0,0,,0.0,0,,0.0,0,,0.0,0,,0.0,0,,0.0,0,,0.0,0,,0.0,0,,0.0,0,,0.0,0,,0.0,0,,0.0,0,,0.0,0,,0.0,0,,0.0,0,,0.0,0,,0.0,0,,0.0,0,,0.0,0,,0.0,0,,0.0,3.333333333,,0.0,3,,0.0,7,,0.0,0.0,,0.0,0,,0.0,-1,,0.0,999,,0.0,999,,0.0,1,,0.0,2,,0.0,-1,,0.0
Ritual401,0,,0.0,0,,0.0,0,,0.0,1,,0.0,0,,0.0,0,,0.0,0,,0.0,0,,0.0,0,,0.0,0,,0.0,0,,0.0,0,,0.0,0,,0.0,0,,0.0,0,,0.0,4,,0.0,3,,0.0,0,,0.0,0,,0.0,0,,0.0,0,,0.0,0,,0.0,1,,0.0,0,,0.0,0,,0.0,5,,0.0,5,,0.0,1,,0.0,1,,0.0,0,,0.0,1,,0.0,0,,0.0,0,,0.0,0,,0.0,0,,0.0,0,,0.0,0,,0.0,0,,0.0,0,,0.0,0,,0.0,0,,0.0,0,,0.0,0,,0.0,0,,0.0,0,,0.0,0,,0.0,0,,0.0,0,,0.0,0,,0.0,0,,0.0,0,,0.0,0,,0.0,0,,0.0,0,,0.0,0,,0.0,0,,0.0,0,,0.0,0,,0.0,0,,0.0,0,,0.0,0,,0.0,0,,0.0,0,,0.0,0,,0.0,0,,0.0,0,,0.0,0,,0.0,0,,0.0,0,,0.0,0,,0.0,0,,0.0,0,,0.0,0,,0.0,0,,0.0,0,,0.0,0,,0.0,0,,0.0,0,,0.0,0,,0.0,0,,0.0,0,,0.0,0,,0.0,1,,0.0,0,,0.0,0,,0.0,0,,0.0,0,,0.0,0,,0.0,0,,0.0,0,,0.0,0,,0.0,0,,0.0,0,,0.0,0,,0.0,0,,0.0,0,,0.0,0,,0.0,0,,0.0,0,,0.0,0,,0.0,0,,0.0,0,,0.0,0,,0.0,0,,0.0,4.0,,0.0,3,,0.0,7,,0.0,0.0,,0.0,0,,0.0,-1,,0.0,999,,0.0,999,,0.0,1,,0.0,2,,0.0,-1,,0.0
Ritual402,0,,0.0,0,,0.0,0,,0.0,1,,0.0,0,,0.0,0,,0.0,0,,0.0,0,,0.0,0,,0.0,0,,0.0,0,,0.0,0,,0.0,0,,0.0,0,,0.0,0,,0.0,4,,0.0,3,,0.0,0,,0.0,0,,0.0,0,,0.0,0,,0.0,0,,0.0,1,,0.0,0,,0.0,0,,0.0,5,,0.0,5,,0.0,1,,0.0,0,,0.0,1,,0.0,1,,0.0,0,,0.0,0,,0.0,0,,0.0,0,,0.0,0,,0.0,0,,0.0,0,,0.0,0,,0.0,0,,0.0,0,,0.0,0,,0.0,0,,0.0,0,,0.0,0,,0.0,0,,0.0,0,,0.0,1,,0.0,0,,0.0,0,,0.0,0,,0.0,0,,0.0,0,,0.0,0,,0.0,0,,0.0,0,,0.0,0,,0.0,0,,0.0,0,,0.0,0,,0.0,0,,0.0,0,,0.0,0,,0.0,0,,0.0,0,,0.0,0,,0.0,0,,0.0,0,,0.0,0,,0.0,0,,0.0,0,,0.0,0,,0.0,0,,0.0,0,,0.0,0,,0.0,0,,0.0,1,,0.0,0,,0.0,0,,0.0,0,,0.0,0,,0.0,0,,0.0,0,,0.0,0,,0.0,0,,0.0,0,,0.0,0,,0.0,0,,0.0,0,,0.0,0,,0.0,0,,0.0,1,,0.0,0,,0.0,0,,0.0,0,,0.0,0,,0.0,0,,0.0,0,,0.0,0,,0.0,0,,0.0,0,,0.0,0,,0.0,0,,0.0,0,,0.0,3.0,,0.0,3,,0.0,7,,0.0,0.0,,0.0,0,,0.0,-1,,0.0,999,,0.0,3,,0.0,1,,0.0,2,,0.0,-1,,0.0
Ritual403a,0,,0.0,0,,0.0,0,,0.0,0,,0.0,0,,0.0,0,,0.0,0,,0.0,0,,0.0,0,,0.0,0,,0.0,0,,0.0,1,,0.0,0,,0.0,0,,0.0,0,,0.0,4,,0.0,3,,0.0,0,,0.0,0,,0.0,1,,0.0,1,,0.0,0,,0.0,0,,0.0,0,,0.0,0,,0.0,7,,0.0,6,,0.0,0,,0.0,1,,0.0,1,,0.0,0,,0.0,0,,0.0,0,,0.0,0,,0.0,0,,0.0,0,,0.0,0,,0.0,0,,0.0,0,,0.0,1,,0.0,0,,0.0,0,,0.0,0,,0.0,0,,0.0,0,,0.0,0,,0.0,0,,0.0,0,,0.0,0,,0.0,0,,0.0,0,,0.0,0,,0.0,0,,0.0,0,,0.0,0,,0.0,0,,0.0,0,,0.0,0,,0.0,0,,0.0,0,,0.0,0,,0.0,0,,0.0,0,,0.0,0,,0.0,0,,0.0,0,,0.0,0,,0.0,1,,0.0,0,,0.0,0,,0.0,0,,0.0,0,,0.0,0,,0.0,0,,0.0,0,,0.0,0,,0.0,0,,0.0,0,,0.0,0,,0.0,0,,0.0,1,,0.0,0,,0.0,0,,0.0,0,,0.0,0,,0.0,0,,0.0,0,,0.0,1,,0.0,0,,0.0,0,,0.0,0,,0.0,0,,0.0,0,,0.0,0,,0.0,0,,0.0,0,,0.0,0,,0.0,0,,0.0,0,,0.0,0,,0.0,0,,0.0,0,,0.0,0,,0.0,0,,0.0,3.333333333,,0.0,2,,0.0,3,,0.0,2.0,,0.0,3,,0.0,5,,0.0,999,,0.0,999,,0.0,1,,0.0,2,,0.0,-1,,0.0
Ritual403b,0,,0.0,0,,0.0,0,,0.0,0,,0.0,0,,0.0,0,,0.0,0,,0.0,0,,0.0,0,,0.0,0,,0.0,0,,0.0,1,,0.0,0,,0.0,0,,0.0,0,,0.0,4,,0.0,3,,0.0,0,,0.0,0,,0.0,1,,0.0,1,,0.0,0,,0.0,0,,0.0,0,,0.0,0,,0.0,7,,0.0,6,,0.0,0,,0.0,1,,0.0,1,,0.0,0,,0.0,0,,0.0,0,,0.0,0,,0.0,0,,0.0,0,,0.0,0,,0.0,0,,0.0,0,,0.0,1,,0.0,0,,0.0,0,,0.0,0,,0.0,0,,0.0,0,,0.0,0,,0.0,0,,0.0,0,,0.0,0,,0.0,0,,0.0,0,,0.0,0,,0.0,0,,0.0,0,,0.0,0,,0.0,0,,0.0,0,,0.0,0,,0.0,0,,0.0,0,,0.0,0,,0.0,0,,0.0,0,,0.0,0,,0.0,0,,0.0,0,,0.0,0,,0.0,1,,0.0,0,,0.0,0,,0.0,0,,0.0,0,,0.0,0,,0.0,0,,0.0,0,,0.0,0,,0.0,0,,0.0,0,,0.0,0,,0.0,0,,0.0,1,,0.0,0,,0.0,0,,0.0,0,,0.0,0,,0.0,0,,0.0,0,,0.0,1,,0.0,0,,0.0,0,,0.0,0,,0.0,0,,0.0,0,,0.0,0,,0.0,0,,0.0,0,,0.0,0,,0.0,0,,0.0,0,,0.0,0,,0.0,0,,0.0,0,,0.0,0,,0.0,0,,0.0,3.333333333,,0.0,2,,0.0,3,,0.0,2.0,,0.0,3,,0.0,5,,0.0,999,,0.0,999,,0.0,1,,0.0,2,,0.0,-1,,0.0
Ritual404,0,,0.0,0,,0.0,0,,0.0,0,,0.0,0,,0.0,0,,0.0,0,,0.0,0,,0.0,0,,0.0,0,,0.0,0,,0.0,1,,0.0,0,,0.0,0,,0.0,0,,0.0,2,,0.0,3,,0.0,0,,0.0,0,,0.0,1,,0.0,1,,0.0,0,,0.0,0,,0.0,0,,0.0,0,,0.0,7,,0.0,6,,0.0,0,,0.0,1,,0.0,1,,0.0,0,,0.0,0,,0.0,0,,0.0,0,,0.0,0,,0.0,1,,0.0,1,,0.0,0,,0.0,0,,0.0,0,,0.0,0,,0.0,0,,0.0,0,,0.0,0,,0.0,0,,0.0,0,,0.0,0,,0.0,0,,0.0,0,,0.0,0,,0.0,0,,0.0,0,,0.0,0,,0.0,0,,0.0,0,,0.0,0,,0.0,0,,0.0,0,,0.0,0,,0.0,0,,0.0,0,,0.0,0,,0.0,0,,0.0,0,,0.0,0,,0.0,0,,0.0,0,,0.0,0,,0.0,0,,0.0,0,,0.0,0,,0.0,0,,0.0,0,,0.0,0,,0.0,0,,0.0,0,,0.0,0,,0.0,0,,0.0,0,,0.0,0,,0.0,0,,0.0,0,,0.0,0,,0.0,0,,0.0,0,,0.0,0,,0.0,0,,0.0,0,,0.0,0,,0.0,0,,0.0,0,,0.0,0,,0.0,0,,0.0,0,,0.0,0,,0.0,0,,0.0,0,,0.0,0,,0.0,0,,0.0,0,,0.0,0,,0.0,0,,0.0,0,,0.0,0,,0.0,2.333333333,,0.0,2,,0.0,7,,0.0,2.666666667,,0.0,2,,0.0,7,,0.0,999,,0.0,999,,0.0,1,,0.0,2,,0.0,-1,,0.0
Ritual405,0,,0.0,0,,0.0,0,,0.0,0,,0.0,0,,0.0,0,,0.0,0,,0.0,0,,0.0,0,,0.0,0,,0.0,0,,0.0,1,,0.0,0,,0.0,0,,0.0,0,,0.0,2,,0.0,3,,0.0,0,,0.0,0,,0.0,0,,0.0,0,,0.0,1,,0.0,0,,0.0,0,,0.0,0,,0.0,7,,0.0,6,,0.0,0,,0.0,0,,0.0,0,,0.0,0,,0.0,0,,0.0,0,,0.0,0,,0.0,0,,0.0,0,,0.0,0,,0.0,0,,0.0,0,,0.0,0,,0.0,0,,0.0,0,,0.0,0,,0.0,0,,0.0,0,,0.0,0,,0.0,0,,0.0,0,,0.0,0,,0.0,0,,0.0,0,,0.0,0,,0.0,0,,0.0,0,,0.0,0,,0.0,0,,0.0,0,,0.0,0,,0.0,0,,0.0,0,,0.0,0,,0.0,0,,0.0,0,,0.0,0,,0.0,0,,0.0,0,,0.0,0,,0.0,0,,0.0,0,,0.0,0,,0.0,0,,0.0,0,,0.0,0,,0.0,0,,0.0,0,,0.0,0,,0.0,0,,0.0,1,,0.0,0,,0.0,0,,0.0,0,,0.0,1,,0.0,1,,0.0,0,,0.0,0,,0.0,0,,0.0,0,,0.0,0,,0.0,0,,0.0,0,,0.0,0,,0.0,0,,0.0,0,,0.0,0,,0.0,0,,0.0,0,,0.0,0,,0.0,0,,0.0,0,,0.0,0,,0.0,0,,0.0,0,,0.0,0,,0.0,0,,0.0,0.0,,0.0,0,,0.0,-1,,0.0,3.333333333,,0.0,4,,0.0,7,,0.0,999,,0.0,999,,0.0,1,,0.0,2,,0.0,-1,,0.0
Ritual406,0,,0.0,0,,0.0,0,,0.0,0,,0.0,0,,0.0,0,,0.0,0,,0.0,0,,0.0,0,,0.0,0,,0.0,0,,0.0,1,,0.0,0,,0.0,0,,0.0,0,,0.0,1,,0.0,3,,0.0,0,,0.0,1,,0.0,0,,0.0,0,,0.0,0,,0.0,0,,0.0,0,,0.0,0,,0.0,999,,0.0,6,,0.0,0,,0.0,0,,0.0,0,,0.0,0,,0.0,0,,0.0,0,,0.0,0,,0.0,0,,0.0,0,,0.0,0,,0.0,0,,0.0,0,,0.0,0,,0.0,0,,0.0,0,,0.0,0,,0.0,0,,0.0,0,,0.0,0,,0.0,0,,0.0,0,,0.0,0,,0.0,0,,0.0,0,,0.0,0,,0.0,0,,0.0,0,,0.0,0,,0.0,0,,0.0,0,,0.0,0,,0.0,0,,0.0,0,,0.0,0,,0.0,0,,0.0,0,,0.0,0,,0.0,0,,0.0,0,,0.0,0,,0.0,0,,0.0,0,,0.0,0,,0.0,0,,0.0,0,,0.0,0,,0.0,0,,0.0,0,,0.0,0,,0.0,0,,0.0,1,,0.0,0,,0.0,0,,0.0,0,,0.0,0,,0.0,0,,0.0,0,,0.0,0,,0.0,0,,0.0,0,,0.0,0,,0.0,0,,0.0,0,,0.0,1,,0.0,0,,0.0,0,,0.0,0,,0.0,0,,0.0,0,,0.0,0,,0.0,0,,0.0,0,,0.0,0,,0.0,0,,0.0,0,,0.0,0,,0.0,0,,0.0,0.0,,0.0,0,,0.0,-1,,0.0,1.333333333,,0.0,1,,0.0,1,,0.0,999,,0.0,3,,0.0,1,,0.0,2,,0.0,-1,,0.0
Ritual407,0,,0.0,0,,0.0,0,,0.0,0,,0.0,0,,0.0,0,,0.0,0,,0.0,0,,0.0,0,,0.0,0,,0.0,0,,0.0,1,,0.0,0,,0.0,0,,0.0,0,,0.0,4,,0.0,3,,0.0,0,,0.0,0,,0.0,0,,0.0,0,,0.0,0,,0.0,1,,0.0,0,,0.0,1,,0.0,999,,0.0,6,,0.0,1,,0.0,1,,0.0,1,,0.0,0,,0.0,0,,0.0,0,,0.0,0,,0.0,0,,0.0,0,,0.0,0,,0.0,0,,0.0,0,,0.0,0,,0.0,0,,0.0,0,,0.0,0,,0.0,0,,0.0,0,,0.0,0,,0.0,0,,0.0,1,,0.0,0,,0.0,0,,0.0,0,,0.0,0,,0.0,0,,0.0,0,,0.0,0,,0.0,0,,0.0,0,,0.0,0,,0.0,0,,0.0,0,,0.0,0,,0.0,0,,0.0,0,,0.0,0,,0.0,0,,0.0,0,,0.0,0,,0.0,0,,0.0,0,,0.0,0,,0.0,0,,0.0,0,,0.0,0,,0.0,0,,0.0,0,,0.0,0,,0.0,0,,0.0,0,,0.0,0,,0.0,0,,0.0,0,,0.0,1,,0.0,0,,0.0,0,,0.0,0,,0.0,0,,0.0,0,,0.0,0,,0.0,0,,0.0,0,,0.0,0,,0.0,0,,0.0,0,,0.0,0,,0.0,0,,0.0,0,,0.0,0,,0.0,0,,0.0,1,,0.0,0,,0.0,0,,0.0,0,,0.0,0,,0.0,0,,0.0,4.333333333,,0.0,4,,0.0,7,,0.0,0.0,,0.0,0,,0.0,-1,,0.0,999,,0.0,999,,0.0,1,,0.0,2,,0.0,-1,,0.0
Ritual408,0,,0.0,0,,0.0,0,,0.0,0,,0.0,1,,0.0,0,,0.0,0,,0.0,0,,0.0,0,,0.0,0,,0.0,0,,0.0,0,,0.0,0,,0.0,0,,0.0,0,,0.0,3,,0.0,3,,0.0,0,,0.0,0,,0.0,0,,0.0,0,,0.0,0,,0.0,0,,0.0,1,,0.0,0,,0.0,999,,0.0,5,,0.0,0,,0.0,0,,0.0,0,,0.0,0,,0.0,0,,0.0,0,,0.0,0,,0.0,0,,0.0,1,,0.0,0,,0.0,0,,0.0,0,,0.0,0,,0.0,0,,0.0,0,,0.0,0,,0.0,0,,0.0,0,,0.0,0,,0.0,0,,0.0,0,,0.0,0,,0.0,0,,0.0,0,,0.0,0,,0.0,0,,0.0,0,,0.0,0,,0.0,0,,0.0,0,,0.0,0,,0.0,0,,0.0,0,,0.0,0,,0.0,0,,0.0,0,,0.0,0,,0.0,0,,0.0,0,,0.0,0,,0.0,0,,0.0,0,,0.0,0,,0.0,0,,0.0,0,,0.0,0,,0.0,0,,0.0,0,,0.0,0,,0.0,0,,0.0,1,,0.0,0,,0.0,0,,0.0,0,,0.0,0,,0.0,1,,0.0,0,,0.0,0,,0.0,0,,0.0,0,,0.0,0,,0.0,0,,0.0,0,,0.0,0,,0.0,0,,0.0,0,,0.0,0,,0.0,0,,0.0,0,,0.0,0,,0.0,0,,0.0,0,,0.0,0,,0.0,0,,0.0,0,,0.0,0,,0.0,0,,0.0,2.0,,0.0,2,,0.0,3,,0.0,3.0,,0.0,3,,0.0,7,,0.0,999,,0.0,3,,0.0,1,,0.0,2,,0.0,-1,,0.0
Ritual409,0,,0.0,0,,0.0,0,,0.0,1,,0.0,1,,0.0,0,,0.0,0,,0.0,0,,0.0,0,,0.0,0,,0.0,0,,0.0,0,,0.0,0,,0.0,0,,0.0,0,,0.0,3,,0.0,3,,0.0,0,,0.0,0,,0.0,0,,0.0,1,,0.0,0,,0.0,0,,0.0,0,,0.0,0,,0.0,6,,0.0,6,,0.0,0,,0.0,0,,0.0,1,,0.0,1,,0.0,0,,0.0,0,,0.0,0,,0.0,0,,0.0,0,,0.0,0,,0.0,0,,0.0,0,,0.0,0,,0.0,0,,0.0,0,,0.0,0,,0.0,0,,0.0,0,,0.0,0,,0.0,0,,0.0,0,,0.0,0,,0.0,0,,0.0,0,,0.0,0,,0.0,0,,0.0,0,,0.0,0,,0.0,0,,0.0,0,,0.0,0,,0.0,0,,0.0,0,,0.0,0,,0.0,0,,0.0,0,,0.0,0,,0.0,0,,0.0,0,,0.0,0,,0.0,0,,0.0,0,,0.0,0,,0.0,0,,0.0,0,,0.0,0,,0.0,0,,0.0,0,,0.0,0,,0.0,0,,0.0,1,,0.0,0,,0.0,0,,0.0,0,,0.0,0,,0.0,1,,0.0,0,,0.0,0,,0.0,0,,0.0,0,,0.0,1,,0.0,0,,0.0,0,,0.0,1,,0.0,0,,0.0,0,,0.0,0,,0.0,0,,0.0,0,,0.0,0,,0.0,0,,0.0,0,,0.0,0,,0.0,0,,0.0,0,,0.0,0,,0.0,0,,0.0,3.0,,0.0,3,,0.0,7,,0.0,1.666666667,,0.0,2,,0.0,2,,0.0,3,,0.0,999,,0.0,1,,0.0,2,,0.0,-1,,0.0
Ritual410,0,,0.0,0,,0.0,0,,0.0,1,,0.0,0,,0.0,0,,0.0,0,,0.0,0,,0.0,0,,0.0,0,,0.0,0,,0.0,0,,0.0,0,,0.0,0,,0.0,0,,0.0,4,,0.0,3,,0.0,0,,0.0,0,,0.0,0,,0.0,0,,0.0,0,,0.0,0,,0.0,1,,0.0,0,,0.0,999,,0.0,5,,0.0,1,,0.0,1,,0.0,0,,0.0,0,,0.0,0,,0.0,0,,0.0,0,,0.0,0,,0.0,0,,0.0,0,,0.0,0,,0.0,0,,0.0,0,,0.0,0,,0.0,0,,0.0,0,,0.0,0,,0.0,0,,0.0,0,,0.0,0,,0.0,1,,0.0,0,,0.0,0,,0.0,0,,0.0,0,,0.0,0,,0.0,0,,0.0,0,,0.0,0,,0.0,0,,0.0,0,,0.0,0,,0.0,0,,0.0,0,,0.0,0,,0.0,0,,0.0,0,,0.0,0,,0.0,0,,0.0,0,,0.0,0,,0.0,0,,0.0,0,,0.0,0,,0.0,0,,0.0,0,,0.0,0,,0.0,0,,0.0,0,,0.0,0,,0.0,0,,0.0,0,,0.0,0,,0.0,1,,0.0,0,,0.0,0,,0.0,0,,0.0,1,,0.0,0,,0.0,0,,0.0,0,,0.0,0,,0.0,0,,0.0,0,,0.0,0,,0.0,0,,0.0,0,,0.0,0,,0.0,0,,0.0,0,,0.0,0,,0.0,1,,0.0,1,,0.0,0,,0.0,0,,0.0,0,,0.0,0,,0.0,2.333333333,,0.0,4,,0.0,3,,0.0,0.0,,0.0,0,,0.0,-1,,0.0,999,,0.0,999,,0.0,1,,0.0,2,,0.0,-1,,0.0
Ritual411,0,,0.0,0,,0.0,0,,0.0,0,,0.0,0,,0.0,0,,0.0,0,,0.0,0,,0.0,1,,0.0,0,,0.0,0,,0.0,0,,0.0,0,,0.0,0,,0.0,0,,0.0,1,,0.0,3,,0.0,0,,0.0,0,,0.0,0,,0.0,1,,0.0,0,,0.0,0,,0.0,0,,0.0,0,,0.0,6,,0.0,5,,0.0,0,,0.0,0,,0.0,0,,0.0,0,,0.0,0,,0.0,0,,0.0,0,,0.0,0,,0.0,0,,0.0,0,,0.0,0,,0.0,0,,0.0,0,,0.0,0,,0.0,0,,0.0,0,,0.0,0,,0.0,0,,0.0,0,,0.0,0,,0.0,0,,0.0,0,,0.0,0,,0.0,0,,0.0,0,,0.0,0,,0.0,0,,0.0,0,,0.0,0,,0.0,0,,0.0,0,,0.0,0,,0.0,0,,0.0,0,,0.0,0,,0.0,0,,0.0,0,,0.0,0,,0.0,0,,0.0,0,,0.0,0,,0.0,0,,0.0,0,,0.0,0,,0.0,0,,0.0,0,,0.0,0,,0.0,0,,0.0,0,,0.0,0,,0.0,0,,0.0,0,,0.0,0,,0.0,0,,0.0,0,,0.0,0,,0.0,0,,0.0,0,,0.0,0,,0.0,0,,0.0,0,,0.0,0,,0.0,0,,0.0,0,,0.0,0,,0.0,0,,0.0,0,,0.0,0,,0.0,0,,0.0,0,,0.0,0,,0.0,0,,0.0,0,,0.0,0,,0.0,0,,0.0,0,,0.0,0,,0.0,1.333333333,,0.0,1,,0.0,7,,0.0,0.0,,0.0,0,,0.0,-1,,0.0,1,,0.0,999,,0.0,1,,0.0,2,,0.0,-1,,0.0
Ritual412,0,,0.0,0,,0.0,0,,0.0,0,,0.0,0,,0.0,0,,0.0,0,,0.0,0,,0.0,1,,0.0,0,,0.0,0,,0.0,0,,0.0,0,,0.0,0,,0.0,0,,0.0,1,,0.0,3,,0.0,0,,0.0,0,,0.0,0,,0.0,1,,0.0,0,,0.0,0,,0.0,0,,0.0,0,,0.0,6,,0.0,5,,0.0,0,,0.0,0,,0.0,0,,0.0,0,,0.0,0,,0.0,0,,0.0,0,,0.0,0,,0.0,0,,0.0,0,,0.0,0,,0.0,0,,0.0,0,,0.0,0,,0.0,0,,0.0,0,,0.0,0,,0.0,0,,0.0,0,,0.0,0,,0.0,0,,0.0,0,,0.0,0,,0.0,0,,0.0,0,,0.0,0,,0.0,0,,0.0,0,,0.0,0,,0.0,0,,0.0,0,,0.0,0,,0.0,0,,0.0,0,,0.0,0,,0.0,0,,0.0,0,,0.0,0,,0.0,0,,0.0,0,,0.0,0,,0.0,0,,0.0,0,,0.0,0,,0.0,0,,0.0,0,,0.0,0,,0.0,0,,0.0,0,,0.0,0,,0.0,0,,0.0,0,,0.0,0,,0.0,0,,0.0,0,,0.0,0,,0.0,0,,0.0,0,,0.0,0,,0.0,0,,0.0,0,,0.0,0,,0.0,0,,0.0,0,,0.0,0,,0.0,0,,0.0,0,,0.0,0,,0.0,0,,0.0,0,,0.0,0,,0.0,0,,0.0,0,,0.0,0,,0.0,0,,0.0,0,,0.0,0,,0.0,1.0,,0.0,1,,0.0,7,,0.0,0.0,,0.0,0,,0.0,-1,,0.0,1,,0.0,999,,0.0,1,,0.0,2,,0.0,-1,,0.0
Ritual413,0,,0.0,0,,0.0,0,,0.0,0,,0.0,1,,0.0,0,,0.0,0,,0.0,0,,0.0,0,,0.0,0,,0.0,1,,0.0,0,,0.0,0,,0.0,0,,0.0,0,,0.0,2,,0.0,3,,0.0,0,,0.0,1,,0.0,0,,0.0,1,,0.0,0,,0.0,0,,0.0,0,,0.0,0,,0.0,6,,0.0,6,,0.0,0,,0.0,0,,0.0,0,,0.0,0,,0.0,0,,0.0,0,,0.0,0,,0.0,0,,0.0,0,,0.0,0,,0.0,0,,0.0,0,,0.0,0,,0.0,0,,0.0,0,,0.0,0,,0.0,0,,0.0,0,,0.0,0,,0.0,0,,0.0,0,,0.0,0,,0.0,0,,0.0,0,,0.0,0,,0.0,0,,0.0,0,,0.0,0,,0.0,0,,0.0,0,,0.0,0,,0.0,0,,0.0,0,,0.0,0,,0.0,0,,0.0,0,,0.0,0,,0.0,0,,0.0,0,,0.0,0,,0.0,0,,0.0,0,,0.0,0,,0.0,0,,0.0,0,,0.0,0,,0.0,0,,0.0,0,,0.0,0,,0.0,0,,0.0,0,,0.0,0,,0.0,0,,0.0,0,,0.0,0,,0.0,1,,0.0,0,,0.0,0,,0.0,0,,0.0,0,,0.0,1,,0.0,0,,0.0,0,,0.0,0,,0.0,0,,0.0,0,,0.0,0,,0.0,0,,0.0,0,,0.0,0,,0.0,0,,0.0,0,,0.0,0,,0.0,0,,0.0,0,,0.0,0,,0.0,0,,0.0,1.0,,0.0,1,,0.0,7,,0.0,3.0,,0.0,3,,0.0,1,,0.0,4,,0.0,3,,0.0,1,,0.0,2,,0.0,-1,,0.0
Ritual414,0,,0.0,0,,0.0,0,,0.0,0,,0.0,0,,0.0,0,,0.0,0,,0.0,0,,0.0,0,,0.0,0,,0.0,1,,0.0,0,,0.0,0,,0.0,0,,0.0,0,,0.0,1,,0.0,3,,0.0,0,,0.0,1,,0.0,0,,0.0,1,,0.0,0,,0.0,0,,0.0,0,,0.0,0,,0.0,6,,0.0,6,,0.0,0,,0.0,0,,0.0,0,,0.0,0,,0.0,0,,0.0,0,,0.0,0,,0.0,0,,0.0,0,,0.0,0,,0.0,0,,0.0,0,,0.0,0,,0.0,0,,0.0,1,,0.0,0,,0.0,0,,0.0,0,,0.0,0,,0.0,0,,0.0,0,,0.0,0,,0.0,0,,0.0,0,,0.0,0,,0.0,0,,0.0,0,,0.0,0,,0.0,0,,0.0,0,,0.0,0,,0.0,0,,0.0,0,,0.0,0,,0.0,0,,0.0,0,,0.0,0,,0.0,0,,0.0,0,,0.0,0,,0.0,0,,0.0,0,,0.0,0,,0.0,0,,0.0,0,,0.0,0,,0.0,0,,0.0,0,,0.0,0,,0.0,0,,0.0,0,,0.0,0,,0.0,0,,0.0,0,,0.0,0,,0.0,0,,0.0,0,,0.0,0,,0.0,0,,0.0,0,,0.0,0,,0.0,0,,0.0,0,,0.0,0,,0.0,0,,0.0,0,,0.0,0,,0.0,0,,0.0,0,,0.0,0,,0.0,0,,0.0,0,,0.0,0,,0.0,0,,0.0,0,,0.0,0,,0.0,0,,0.0,1.666666667,,0.0,2,,0.0,2,,0.0,4.333333333,,0.0,5,,0.0,2,,0.0,4,,0.0,999,,0.0,1,,0.0,2,,0.0,-1,,0.0
Ritual415,0,,0.0,0,,0.0,0,,0.0,0,,0.0,0,,0.0,0,,0.0,0,,0.0,0,,0.0,0,,0.0,0,,0.0,1,,0.0,0,,0.0,0,,0.0,0,,0.0,0,,0.0,2,,0.0,3,,0.0,0,,0.0,1,,0.0,0,,0.0,1,,0.0,0,,0.0,0,,0.0,0,,0.0,0,,0.0,7,,0.0,6,,0.0,0,,0.0,0,,0.0,0,,0.0,0,,0.0,0,,0.0,0,,0.0,0,,0.0,0,,0.0,0,,0.0,0,,0.0,0,,0.0,1,,0.0,1,,0.0,0,,0.0,0,,0.0,0,,0.0,0,,0.0,0,,0.0,0,,0.0,0,,0.0,0,,0.0,0,,0.0,0,,0.0,0,,0.0,0,,0.0,0,,0.0,0,,0.0,0,,0.0,0,,0.0,0,,0.0,0,,0.0,0,,0.0,0,,0.0,0,,0.0,0,,0.0,0,,0.0,0,,0.0,0,,0.0,0,,0.0,0,,0.0,0,,0.0,0,,0.0,0,,0.0,0,,0.0,0,,0.0,0,,0.0,0,,0.0,0,,0.0,0,,0.0,0,,0.0,1,,0.0,0,,0.0,0,,0.0,0,,0.0,0,,0.0,0,,0.0,0,,0.0,0,,0.0,0,,0.0,0,,0.0,1,,0.0,0,,0.0,0,,0.0,0,,0.0,0,,0.0,0,,0.0,0,,0.0,0,,0.0,0,,0.0,0,,0.0,0,,0.0,0,,0.0,0,,0.0,0,,0.0,0,,0.0,0,,0.0,0,,0.0,1.333333333,,0.0,1,,0.0,7,,0.0,0.0,,0.0,0,,0.0,-1,,0.0,2,,0.0,999,,0.0,1,,0.0,2,,0.0,-1,,0.0
Ritual416,0,,0.0,0,,0.0,0,,0.0,0,,0.0,0,,0.0,0,,0.0,0,,0.0,0,,0.0,0,,0.0,0,,0.0,1,,0.0,0,,0.0,0,,0.0,0,,0.0,0,,0.0,1,,0.0,3,,0.0,0,,0.0,1,,0.0,0,,0.0,1,,0.0,0,,0.0,0,,0.0,0,,0.0,0,,0.0,6,,0.0,6,,0.0,0,,0.0,0,,0.0,0,,0.0,0,,0.0,0,,0.0,0,,0.0,0,,0.0,0,,0.0,0,,0.0,0,,0.0,0,,0.0,0,,0.0,0,,0.0,0,,0.0,0,,0.0,0,,0.0,0,,0.0,0,,0.0,0,,0.0,0,,0.0,1,,0.0,0,,0.0,0,,0.0,0,,0.0,0,,0.0,0,,0.0,0,,0.0,0,,0.0,0,,0.0,0,,0.0,0,,0.0,0,,0.0,0,,0.0,0,,0.0,0,,0.0,0,,0.0,0,,0.0,0,,0.0,0,,0.0,0,,0.0,0,,0.0,0,,0.0,0,,0.0,0,,0.0,0,,0.0,0,,0.0,0,,0.0,0,,0.0,0,,0.0,0,,0.0,0,,0.0,0,,0.0,0,,0.0,0,,0.0,0,,0.0,1,,0.0,0,,0.0,0,,0.0,0,,0.0,0,,0.0,0,,0.0,0,,0.0,0,,0.0,1,,0.0,0,,0.0,0,,0.0,0,,0.0,0,,0.0,0,,0.0,0,,0.0,0,,0.0,0,,0.0,0,,0.0,0,,0.0,0,,0.0,0,,0.0,0,,0.0,2.666666667,,0.0,3,,0.0,1,,0.0,0.0,,0.0,0,,0.0,-1,,0.0,999,,0.0,3,,0.0,1,,0.0,2,,0.0,-1,,0.0
Ritual417,0,,0.0,0,,0.0,0,,0.0,1,,0.0,0,,0.0,0,,0.0,0,,0.0,0,,0.0,0,,0.0,0,,0.0,0,,0.0,0,,0.0,0,,0.0,0,,0.0,0,,0.0,1,,0.0,3,,0.0,0,,0.0,0,,0.0,0,,0.0,1,,0.0,1,,0.0,1,,0.0,1,,0.0,0,,0.0,999,,0.0,2,,0.0,0,,0.0,0,,0.0,0,,0.0,0,,0.0,0,,0.0,0,,0.0,0,,0.0,0,,0.0,0,,0.0,0,,0.0,0,,0.0,0,,0.0,0,,0.0,0,,0.0,0,,0.0,0,,0.0,0,,0.0,0,,0.0,0,,0.0,0,,0.0,0,,0.0,0,,0.0,0,,0.0,0,,0.0,0,,0.0,0,,0.0,0,,0.0,0,,0.0,0,,0.0,0,,0.0,0,,0.0,0,,0.0,0,,0.0,0,,0.0,0,,0.0,0,,0.0,0,,0.0,0,,0.0,0,,0.0,0,,0.0,0,,0.0,0,,0.0,0,,0.0,0,,0.0,0,,0.0,0,,0.0,0,,0.0,0,,0.0,0,,0.0,0,,0.0,0,,0.0,0,,0.0,0,,0.0,0,,0.0,0,,0.0,0,,0.0,0,,0.0,0,,0.0,0,,0.0,0,,0.0,1,,0.0,0,,0.0,0,,0.0,0,,0.0,0,,0.0,0,,0.0,0,,0.0,0,,0.0,0,,0.0,0,,0.0,0,,0.0,0,,0.0,0,,0.0,0,,0.0,0,,0.0,0,,0.0,0,,0.0,1.0,,0.0,1,,0.0,7,,0.0,0.0,,0.0,0,,0.0,-1,,0.0,999,,0.0,999,,0.0,1,,0.0,2,,0.0,-1,,0.0
Ritual418,0,,0.0,0,,0.0,0,,0.0,0,,0.0,0,,0.0,0,,0.0,0,,0.0,0,,0.0,0,,0.0,0,,0.0,0,,0.0,0,,0.0,0,,0.0,0,,0.0,0,,0.0,2,,0.0,3,,0.0,0,,0.0,0,,0.0,0,,0.0,1,,0.0,0,,0.0,0,,0.0,0,,0.0,0,,0.0,5,,0.0,5,,0.0,0,,0.0,0,,0.0,0,,0.0,0,,0.0,0,,0.0,0,,0.0,0,,0.0,0,,0.0,0,,0.0,0,,0.0,0,,0.0,0,,0.0,0,,0.0,0,,0.0,0,,0.0,0,,0.0,0,,0.0,0,,0.0,0,,0.0,0,,0.0,0,,0.0,0,,0.0,0,,0.0,0,,0.0,0,,0.0,0,,0.0,0,,0.0,0,,0.0,0,,0.0,0,,0.0,0,,0.0,0,,0.0,0,,0.0,0,,0.0,0,,0.0,0,,0.0,0,,0.0,0,,0.0,0,,0.0,0,,0.0,0,,0.0,0,,0.0,0,,0.0,0,,0.0,0,,0.0,0,,0.0,0,,0.0,0,,0.0,0,,0.0,0,,0.0,0,,0.0,0,,0.0,0,,0.0,1,,0.0,1,,0.0,0,,0.0,0,,0.0,0,,0.0,0,,0.0,0,,0.0,0,,0.0,0,,0.0,0,,0.0,0,,0.0,0,,0.0,0,,0.0,0,,0.0,0,,0.0,0,,0.0,0,,0.0,0,,0.0,0,,0.0,0,,0.0,0,,0.0,1,,0.0,1,,0.0,0,,0.0,1.333333333,,0.0,1,,0.0,7,,0.0,0.0,,0.0,0,,0.0,-1,,0.0,1,,0.0,999,,0.0,1,,0.0,2,,0.0,-1,,0.0
Ritual419,0,,0.0,0,,0.0,0,,0.0,1,,0.0,0,,0.0,0,,0.0,0,,0.0,0,,0.0,0,,0.0,0,,0.0,0,,0.0,0,,0.0,0,,0.0,0,,0.0,0,,0.0,4,,0.0,3,,0.0,0,,0.0,0,,0.0,0,,0.0,0,,0.0,0,,0.0,1,,0.0,0,,0.0,0,,0.0,5,,0.0,5,,0.0,0,,0.0,1,,0.0,0,,0.0,0,,0.0,0,,0.0,0,,0.0,0,,0.0,0,,0.0,0,,0.0,0,,0.0,0,,0.0,0,,0.0,0,,0.0,0,,0.0,1,,0.0,0,,0.0,0,,0.0,0,,0.0,0,,0.0,0,,0.0,1,,0.0,0,,0.0,0,,0.0,0,,0.0,0,,0.0,1,,0.0,0,,0.0,0,,0.0,0,,0.0,0,,0.0,0,,0.0,0,,0.0,0,,0.0,0,,0.0,0,,0.0,0,,0.0,0,,0.0,0,,0.0,0,,0.0,0,,0.0,0,,0.0,0,,0.0,0,,0.0,0,,0.0,0,,0.0,0,,0.0,0,,0.0,0,,0.0,1,,0.0,0,,0.0,0,,0.0,0,,0.0,0,,0.0,1,,0.0,0,,0.0,0,,0.0,0,,0.0,0,,0.0,0,,0.0,0,,0.0,0,,0.0,0,,0.0,0,,0.0,0,,0.0,0,,0.0,0,,0.0,0,,0.0,0,,0.0,0,,0.0,0,,0.0,0,,0.0,0,,0.0,0,,0.0,0,,0.0,0,,0.0,0,,0.0,0,,0.0,2.0,,0.0,3,,0.0,7,,0.0,0.0,,0.0,0,,0.0,-1,,0.0,999,,0.0,999,,0.0,1,,0.0,2,,0.0,-1,,0.0
Ritual420,0,,0.0,0,,0.0,0,,0.0,0,,0.0,0,,0.0,0,,0.0,0,,0.0,0,,0.0,0,,0.0,0,,0.0,0,,0.0,0,,0.0,0,,0.0,0,,0.0,0,,0.0,2,,0.0,3,,0.0,0,,0.0,0,,0.0,0,,0.0,0,,0.0,1,,0.0,0,,0.0,0,,0.0,0,,0.0,999,,0.0,5,,0.0,0,,0.0,1,,0.0,0,,0.0,0,,0.0,0,,0.0,0,,0.0,0,,0.0,0,,0.0,0,,0.0,0,,0.0,0,,0.0,0,,0.0,0,,0.0,0,,0.0,0,,0.0,0,,0.0,0,,0.0,0,,0.0,0,,0.0,0,,0.0,0,,0.0,0,,0.0,0,,0.0,0,,0.0,0,,0.0,0,,0.0,0,,0.0,0,,0.0,0,,0.0,0,,0.0,0,,0.0,0,,0.0,0,,0.0,0,,0.0,1,,0.0,0,,0.0,0,,0.0,0,,0.0,0,,0.0,0,,0.0,0,,0.0,0,,0.0,0,,0.0,0,,0.0,0,,0.0,0,,0.0,0,,0.0,0,,0.0,0,,0.0,0,,0.0,0,,0.0,0,,0.0,0,,0.0,0,,0.0,0,,0.0,0,,0.0,0,,0.0,0,,0.0,0,,0.0,0,,0.0,0,,0.0,0,,0.0,0,,0.0,0,,0.0,0,,0.0,0,,0.0,0,,0.0,0,,0.0,0,,0.0,0,,0.0,0,,0.0,1,,0.0,0,,0.0,0,,0.0,0,,0.0,0,,0.0,0,,0.0,1.333333333,,0.0,3,,0.0,7,,0.0,2.333333333,,0.0,1,,0.0,3,,0.0,999,,0.0,999,,0.0,1,,0.0,2,,0.0,-1,,0.0
Ritual421,0,,0.0,0,,0.0,0,,0.0,1,,0.0,0,,0.0,0,,0.0,0,,0.0,0,,0.0,0,,0.0,0,,0.0,0,,0.0,0,,0.0,0,,0.0,0,,0.0,0,,0.0,2,,0.0,3,,0.0,0,,0.0,0,,0.0,0,,0.0,1,,0.0,0,,0.0,0,,0.0,0,,0.0,0,,0.0,999,,0.0,5,,0.0,0,,0.0,1,,0.0,0,,0.0,0,,0.0,0,,0.0,0,,0.0,0,,0.0,0,,0.0,0,,0.0,0,,0.0,0,,0.0,0,,0.0,0,,0.0,0,,0.0,0,,0.0,0,,0.0,0,,0.0,0,,0.0,0,,0.0,0,,0.0,0,,0.0,0,,0.0,0,,0.0,0,,0.0,0,,0.0,0,,0.0,0,,0.0,0,,0.0,0,,0.0,0,,0.0,0,,0.0,0,,0.0,0,,0.0,0,,0.0,0,,0.0,0,,0.0,0,,0.0,0,,0.0,0,,0.0,0,,0.0,0,,0.0,0,,0.0,0,,0.0,0,,0.0,0,,0.0,0,,0.0,0,,0.0,0,,0.0,0,,0.0,0,,0.0,0,,0.0,0,,0.0,0,,0.0,0,,0.0,0,,0.0,0,,0.0,0,,0.0,0,,0.0,0,,0.0,0,,0.0,1,,0.0,0,,0.0,0,,0.0,0,,0.0,0,,0.0,0,,0.0,0,,0.0,0,,0.0,0,,0.0,0,,0.0,0,,0.0,0,,0.0,0,,0.0,0,,0.0,0,,0.0,0,,0.0,0,,0.0,1.666666667,,0.0,2,,0.0,5,,0.0,0.0,,0.0,0,,0.0,-1,,0.0,999,,0.0,999,,0.0,1,,0.0,2,,0.0,-1,,0.0
Ritual422,0,,0.0,0,,0.0,0,,0.0,1,,0.0,0,,0.0,0,,0.0,0,,0.0,0,,0.0,0,,0.0,0,,0.0,0,,0.0,0,,0.0,0,,0.0,0,,0.0,0,,0.0,2,,0.0,3,,0.0,0,,0.0,0,,0.0,0,,0.0,0,,0.0,1,,0.0,0,,0.0,0,,0.0,0,,0.0,999,,0.0,5,,0.0,1,,0.0,0,,0.0,0,,0.0,0,,0.0,1,,0.0,0,,0.0,0,,0.0,0,,0.0,1,,0.0,0,,0.0,0,,0.0,0,,0.0,0,,0.0,0,,0.0,0,,0.0,0,,0.0,0,,0.0,0,,0.0,0,,0.0,0,,0.0,0,,0.0,0,,0.0,0,,0.0,0,,0.0,0,,0.0,0,,0.0,0,,0.0,0,,0.0,0,,0.0,0,,0.0,0,,0.0,0,,0.0,0,,0.0,0,,0.0,0,,0.0,0,,0.0,0,,0.0,0,,0.0,0,,0.0,0,,0.0,0,,0.0,0,,0.0,0,,0.0,0,,0.0,0,,0.0,0,,0.0,0,,0.0,0,,0.0,1,,0.0,0,,0.0,0,,0.0,0,,0.0,0,,0.0,0,,0.0,0,,0.0,0,,0.0,0,,0.0,0,,0.0,0,,0.0,0,,0.0,1,,0.0,0,,0.0,0,,0.0,0,,0.0,0,,0.0,0,,0.0,0,,0.0,0,,0.0,0,,0.0,0,,0.0,0,,0.0,0,,0.0,1,,0.0,0,,0.0,0,,0.0,0,,0.0,0,,0.0,2.666666667,,0.0,3,,0.0,7,,0.0,0.0,,0.0,0,,0.0,-1,,0.0,999,,0.0,999,,0.0,1,,0.0,2,,0.0,-1,,0.0
Ritual423,0,,0.0,0,,0.0,0,,0.0,1,,0.0,0,,0.0,0,,0.0,0,,0.0,0,,0.0,0,,0.0,0,,0.0,0,,0.0,0,,0.0,0,,0.0,0,,0.0,0,,0.0,4,,0.0,3,,0.0,0,,0.0,0,,0.0,0,,0.0,1,,0.0,0,,0.0,0,,0.0,0,,0.0,0,,0.0,999,,0.0,5,,0.0,0,,0.0,1,,0.0,0,,0.0,0,,0.0,0,,0.0,0,,0.0,0,,0.0,0,,0.0,0,,0.0,0,,0.0,0,,0.0,0,,0.0,0,,0.0,0,,0.0,0,,0.0,0,,0.0,0,,0.0,0,,0.0,0,,0.0,0,,0.0,0,,0.0,0,,0.0,0,,0.0,0,,0.0,0,,0.0,0,,0.0,0,,0.0,0,,0.0,0,,0.0,0,,0.0,0,,0.0,0,,0.0,0,,0.0,0,,0.0,0,,0.0,0,,0.0,0,,0.0,0,,0.0,0,,0.0,0,,0.0,0,,0.0,0,,0.0,0,,0.0,0,,0.0,0,,0.0,0,,0.0,0,,0.0,0,,0.0,0,,0.0,0,,0.0,0,,0.0,0,,0.0,0,,0.0,0,,0.0,0,,0.0,0,,0.0,0,,0.0,0,,0.0,0,,0.0,0,,0.0,1,,0.0,0,,0.0,0,,0.0,0,,0.0,0,,0.0,0,,0.0,0,,0.0,0,,0.0,0,,0.0,0,,0.0,0,,0.0,0,,0.0,0,,0.0,0,,0.0,0,,0.0,0,,0.0,1,,0.0,1.0,,0.0,1,,0.0,7,,0.0,1.0,,0.0,1,,0.0,7,,0.0,999,,0.0,999,,0.0,1,,0.0,2,,0.0,-1,,0.0
Ritual424,0,,0.0,0,,0.0,0,,0.0,1,,0.0,0,,0.0,0,,0.0,0,,0.0,0,,0.0,0,,0.0,0,,0.0,0,,0.0,0,,0.0,0,,0.0,0,,0.0,0,,0.0,3,,0.0,3,,0.0,0,,0.0,0,,0.0,0,,0.0,0,,0.0,1,,0.0,0,,0.0,0,,0.0,0,,0.0,999,,0.0,5,,0.0,1,,0.0,1,,0.0,0,,0.0,0,,0.0,1,,0.0,1,,0.0,0,,0.0,0,,0.0,1,,0.0,0,,0.0,0,,0.0,0,,0.0,0,,0.0,0,,0.0,0,,0.0,0,,0.0,0,,0.0,0,,0.0,0,,0.0,0,,0.0,0,,0.0,0,,0.0,0,,0.0,1,,0.0,0,,0.0,0,,0.0,0,,0.0,0,,0.0,0,,0.0,0,,0.0,0,,0.0,0,,0.0,0,,0.0,0,,0.0,0,,0.0,0,,0.0,0,,0.0,0,,0.0,0,,0.0,0,,0.0,0,,0.0,0,,0.0,0,,0.0,0,,0.0,0,,0.0,0,,0.0,0,,0.0,0,,0.0,0,,0.0,0,,0.0,0,,0.0,0,,0.0,0,,0.0,0,,0.0,0,,0.0,0,,0.0,0,,0.0,0,,0.0,0,,0.0,0,,0.0,1,,0.0,0,,0.0,0,,0.0,0,,0.0,0,,0.0,0,,0.0,0,,0.0,0,,0.0,0,,0.0,0,,0.0,0,,0.0,0,,0.0,0,,0.0,0,,0.0,0,,0.0,0,,0.0,0,,0.0,4.0,,0.0,4,,0.0,7,,0.0,1.333333333,,0.0,1,,0.0,7,,0.0,999,,0.0,1,,0.0,1,,0.0,2,,0.0,-1,,0.0
Ritual425,0,,0.0,0,,0.0,0,,0.0,0,,0.0,0,,0.0,0,,0.0,0,,0.0,0,,0.0,0,,0.0,0,,0.0,0,,0.0,0,,0.0,0,,0.0,0,,0.0,0,,0.0,4,,0.0,3,,0.0,0,,0.0,0,,0.0,0,,0.0,0,,0.0,1,,0.0,0,,0.0,0,,0.0,0,,0.0,999,,0.0,5,,0.0,1,,0.0,1,,0.0,0,,0.0,0,,0.0,0,,0.0,0,,0.0,0,,0.0,0,,0.0,0,,0.0,0,,0.0,0,,0.0,0,,0.0,0,,0.0,0,,0.0,0,,0.0,0,,0.0,0,,0.0,0,,0.0,0,,0.0,0,,0.0,0,,0.0,0,,0.0,0,,0.0,0,,0.0,0,,0.0,0,,0.0,0,,0.0,0,,0.0,0,,0.0,0,,0.0,0,,0.0,0,,0.0,0,,0.0,0,,0.0,0,,0.0,0,,0.0,0,,0.0,0,,0.0,0,,0.0,0,,0.0,0,,0.0,0,,0.0,0,,0.0,0,,0.0,0,,0.0,0,,0.0,0,,0.0,0,,0.0,0,,0.0,1,,0.0,0,,0.0,1,,0.0,0,,0.0,0,,0.0,1,,0.0,0,,0.0,0,,0.0,0,,0.0,0,,0.0,0,,0.0,1,,0.0,0,,0.0,0,,0.0,0,,0.0,0,,0.0,0,,0.0,0,,0.0,0,,0.0,0,,0.0,0,,0.0,0,,0.0,0,,0.0,1,,0.0,0,,0.0,0,,0.0,0,,0.0,0,,0.0,4.333333333,,0.0,5,,0.0,7,,0.0,1.333333333,,0.0,1,,0.0,7,,0.0,999,,0.0,999,,0.0,1,,0.0,1,,0.0,-1,,0.0
Ritual426,0,,0.0,0,,0.0,0,,0.0,1,,0.0,0,,0.0,0,,0.0,0,,0.0,0,,0.0,0,,0.0,0,,0.0,0,,0.0,0,,0.0,0,,0.0,0,,0.0,0,,0.0,1,,0.0,999,,0.0,1,,0.0,1,,0.0,0,,0.0,0,,0.0,0,,0.0,0,,0.0,0,,0.0,0,,0.0,5,,0.0,5,,0.0,0,,0.0,0,,0.0,0,,0.0,0,,0.0,0,,0.0,0,,0.0,0,,0.0,0,,0.0,0,,0.0,0,,0.0,0,,0.0,0,,0.0,0,,0.0,0,,0.0,0,,0.0,0,,0.0,0,,0.0,0,,0.0,0,,0.0,0,,0.0,0,,0.0,0,,0.0,0,,0.0,0,,0.0,0,,0.0,0,,0.0,0,,0.0,0,,0.0,0,,0.0,0,,0.0,0,,0.0,0,,0.0,0,,0.0,0,,0.0,0,,0.0,0,,0.0,0,,0.0,0,,0.0,0,,0.0,0,,0.0,0,,0.0,0,,0.0,0,,0.0,0,,0.0,0,,0.0,0,,0.0,0,,0.0,0,,0.0,0,,0.0,0,,0.0,0,,0.0,0,,0.0,0,,0.0,0,,0.0,0,,0.0,0,,0.0,0,,0.0,0,,0.0,0,,0.0,0,,0.0,1,,0.0,0,,0.0,0,,0.0,0,,0.0,0,,0.0,0,,0.0,0,,0.0,0,,0.0,0,,0.0,0,,0.0,0,,0.0,0,,0.0,0,,0.0,0,,0.0,0,,0.0,0,,0.0,0,,0.0,1.0,,0.0,1,,0.0,7,,0.0,0.0,,0.0,0,,0.0,-1,,0.0,1,,0.0,999,,0.0,1,,0.0,2,,0.0,-1,,0.0
Ritual427,0,,0.0,0,,0.0,0,,0.0,0,,0.0,0,,0.0,0,,0.0,0,,0.0,0,,0.0,0,,0.0,0,,0.0,0,,0.0,0,,0.0,0,,0.0,0,,0.0,0,,0.0,3,,0.0,3,,0.0,0,,0.0,0,,0.0,0,,0.0,1,,0.0,0,,0.0,0,,0.0,0,,0.0,0,,0.0,999,,0.0,5,,0.0,1,,0.0,0,,0.0,0,,0.0,0,,0.0,0,,0.0,0,,0.0,0,,0.0,0,,0.0,0,,0.0,0,,0.0,0,,0.0,0,,0.0,1,,0.0,0,,0.0,0,,0.0,0,,0.0,0,,0.0,0,,0.0,0,,0.0,0,,0.0,0,,0.0,0,,0.0,0,,0.0,0,,0.0,0,,0.0,0,,0.0,0,,0.0,0,,0.0,0,,0.0,0,,0.0,0,,0.0,0,,0.0,0,,0.0,0,,0.0,0,,0.0,0,,0.0,0,,0.0,0,,0.0,0,,0.0,0,,0.0,0,,0.0,0,,0.0,0,,0.0,0,,0.0,0,,0.0,0,,0.0,0,,0.0,0,,0.0,0,,0.0,0,,0.0,0,,0.0,0,,0.0,0,,0.0,0,,0.0,0,,0.0,0,,0.0,0,,0.0,0,,0.0,0,,0.0,0,,0.0,0,,0.0,0,,0.0,0,,0.0,0,,0.0,0,,0.0,0,,0.0,0,,0.0,0,,0.0,0,,0.0,0,,0.0,0,,0.0,0,,0.0,0,,0.0,0,,0.0,0,,0.0,1,,0.0,0,,0.0,1.333333333,,0.0,1,,0.0,7,,0.0,3.333333333,,0.0,2,,0.0,7,,0.0,999,,0.0,999,,0.0,1,,0.0,999,,0.0,-1,,0.0
Ritual428,0,,0.0,0,,0.0,0,,0.0,1,,0.0,0,,0.0,0,,0.0,0,,0.0,0,,0.0,0,,0.0,0,,0.0,0,,0.0,0,,0.0,0,,0.0,0,,0.0,0,,0.0,2,,0.0,2,,0.0,0,,0.0,0,,0.0,0,,0.0,1,,0.0,0,,0.0,0,,0.0,0,,0.0,0,,0.0,4,,0.0,4,,0.0,1,,0.0,0,,0.0,0,,0.0,0,,0.0,0,,0.0,0,,0.0,0,,0.0,0,,0.0,0,,0.0,0,,0.0,0,,0.0,0,,0.0,0,,0.0,0,,0.0,0,,0.0,0,,0.0,0,,0.0,0,,0.0,0,,0.0,0,,0.0,0,,0.0,0,,0.0,0,,0.0,0,,0.0,0,,0.0,0,,0.0,0,,0.0,0,,0.0,0,,0.0,0,,0.0,0,,0.0,0,,0.0,0,,0.0,0,,0.0,0,,0.0,0,,0.0,0,,0.0,0,,0.0,0,,0.0,0,,0.0,0,,0.0,0,,0.0,0,,0.0,0,,0.0,0,,0.0,0,,0.0,0,,0.0,0,,0.0,0,,0.0,1,,0.0,0,,0.0,0,,0.0,0,,0.0,0,,0.0,0,,0.0,0,,0.0,0,,0.0,0,,0.0,0,,0.0,0,,0.0,1,,0.0,0,,0.0,0,,0.0,0,,0.0,0,,0.0,0,,0.0,0,,0.0,0,,0.0,0,,0.0,0,,0.0,0,,0.0,0,,0.0,0,,0.0,0,,0.0,0,,0.0,0,,0.0,0,,0.0,2.0,,0.0,2,,0.0,7,,0.0,0.0,,0.0,0,,0.0,-1,,0.0,999,,0.0,999,,0.0,1,,0.0,2,,0.0,-1,,0.0
Ritual429,0,,0.0,0,,0.0,0,,0.0,0,,0.0,0,,0.0,1,,0.0,0,,0.0,0,,0.0,0,,0.0,0,,0.0,0,,0.0,0,,0.0,0,,0.0,0,,0.0,0,,0.0,1,,0.0,1,,0.0,0,,0.0,0,,0.0,0,,0.0,1,,0.0,0,,0.0,0,,0.0,0,,0.0,0,,0.0,2,,0.0,2,,0.0,1,,0.0,1,,0.0,0,,0.0,0,,0.0,0,,0.0,0,,0.0,0,,0.0,0,,0.0,0,,0.0,0,,0.0,1,,0.0,0,,0.0,0,,0.0,0,,0.0,0,,0.0,0,,0.0,0,,0.0,0,,0.0,0,,0.0,0,,0.0,0,,0.0,0,,0.0,0,,0.0,0,,0.0,0,,0.0,0,,0.0,0,,0.0,0,,0.0,0,,0.0,0,,0.0,0,,0.0,0,,0.0,0,,0.0,0,,0.0,0,,0.0,0,,0.0,0,,0.0,0,,0.0,0,,0.0,0,,0.0,0,,0.0,0,,0.0,0,,0.0,0,,0.0,0,,0.0,0,,0.0,0,,0.0,0,,0.0,0,,0.0,0,,0.0,0,,0.0,0,,0.0,0,,0.0,0,,0.0,0,,0.0,0,,0.0,0,,0.0,0,,0.0,0,,0.0,0,,0.0,1,,0.0,0,,0.0,0,,0.0,0,,0.0,0,,0.0,0,,0.0,0,,0.0,0,,0.0,0,,0.0,0,,0.0,0,,0.0,0,,0.0,0,,0.0,0,,0.0,0,,0.0,0,,0.0,0,,0.0,1.0,,0.0,2,,0.0,7,,0.0,0.0,,0.0,0,,0.0,-1,,0.0,999,,0.0,999,,0.0,1,,0.0,2,,0.0,-1,,0.0
Ritual430,0,,0.0,0,,0.0,0,,0.0,0,,0.0,0,,0.0,1,,0.0,0,,0.0,0,,0.0,0,,0.0,0,,0.0,0,,0.0,0,,0.0,0,,0.0,0,,0.0,0,,0.0,2,,0.0,2,,0.0,0,,0.0,1,,0.0,1,,0.0,1,,0.0,0,,0.0,0,,0.0,0,,0.0,0,,0.0,999,,0.0,5,,0.0,0,,0.0,1,,0.0,0,,0.0,0,,0.0,0,,0.0,0,,0.0,0,,0.0,0,,0.0,0,,0.0,0,,0.0,0,,0.0,0,,0.0,0,,0.0,0,,0.0,0,,0.0,0,,0.0,0,,0.0,0,,0.0,0,,0.0,0,,0.0,0,,0.0,0,,0.0,0,,0.0,0,,0.0,0,,0.0,0,,0.0,0,,0.0,0,,0.0,0,,0.0,0,,0.0,0,,0.0,0,,0.0,0,,0.0,0,,0.0,0,,0.0,0,,0.0,0,,0.0,0,,0.0,0,,0.0,0,,0.0,0,,0.0,0,,0.0,0,,0.0,0,,0.0,0,,0.0,0,,0.0,0,,0.0,0,,0.0,1,,0.0,0,,0.0,0,,0.0,0,,0.0,0,,0.0,0,,0.0,0,,0.0,0,,0.0,0,,0.0,0,,0.0,0,,0.0,0,,0.0,1,,0.0,1,,0.0,0,,0.0,0,,0.0,0,,0.0,0,,0.0,0,,0.0,0,,0.0,0,,0.0,0,,0.0,0,,0.0,1,,0.0,0,,0.0,0,,0.0,0,,0.0,0,,0.0,0,,0.0,1.333333333,,0.0,2,,0.0,7,,0.0,0.0,,0.0,0,,0.0,-1,,0.0,999,,0.0,999,,0.0,1,,0.0,2,,0.0,-1,,0.0
Ritual431a,0,,0.0,0,,0.0,0,,0.0,0,,0.0,0,,0.0,0,,0.0,0,,0.0,0,,0.0,0,,0.0,1,,0.0,0,,0.0,0,,0.0,1,,0.0,0,,0.0,0,,0.0,2,,0.0,3,,0.0,0,,0.0,0,,0.0,0,,0.0,0,,0.0,1,,0.0,0,,0.0,0,,0.0,0,,0.0,5,,0.0,5,,0.0,0,,0.0,1,,0.0,0,,0.0,0,,0.0,0,,0.0,0,,0.0,0,,0.0,0,,0.0,0,,0.0,0,,0.0,0,,0.0,0,,0.0,0,,0.0,0,,0.0,0,,0.0,0,,0.0,0,,0.0,0,,0.0,0,,0.0,0,,0.0,0,,0.0,0,,0.0,0,,0.0,0,,0.0,0,,0.0,0,,0.0,0,,0.0,0,,0.0,0,,0.0,0,,0.0,0,,0.0,0,,0.0,0,,0.0,0,,0.0,0,,0.0,0,,0.0,0,,0.0,0,,0.0,0,,0.0,0,,0.0,0,,0.0,0,,0.0,0,,0.0,0,,0.0,0,,0.0,0,,0.0,0,,0.0,0,,0.0,0,,0.0,1,,0.0,0,,0.0,0,,0.0,0,,0.0,0,,0.0,0,,0.0,0,,0.0,0,,0.0,0,,0.0,0,,0.0,0,,0.0,1,,0.0,1,,0.0,0,,0.0,0,,0.0,0,,0.0,0,,0.0,0,,0.0,0,,0.0,0,,0.0,0,,0.0,0,,0.0,0,,0.0,0,,0.0,0,,0.0,0,,0.0,0,,0.0,0,,0.0,2.0,,0.0,2,,0.0,7,,0.0,0.0,,0.0,0,,0.0,-1,,0.0,999,,0.0,999,,0.0,1,,0.0,2,,0.0,-1,,0.0
Ritual431b,0,,0.0,0,,0.0,0,,0.0,0,,0.0,0,,0.0,0,,0.0,0,,0.0,0,,0.0,0,,0.0,1,,0.0,0,,0.0,0,,0.0,1,,0.0,0,,0.0,0,,0.0,2,,0.0,3,,0.0,0,,0.0,0,,0.0,0,,0.0,0,,0.0,1,,0.0,0,,0.0,0,,0.0,0,,0.0,5,,0.0,5,,0.0,0,,0.0,1,,0.0,0,,0.0,0,,0.0,0,,0.0,0,,0.0,0,,0.0,0,,0.0,0,,0.0,0,,0.0,0,,0.0,0,,0.0,0,,0.0,0,,0.0,0,,0.0,0,,0.0,0,,0.0,0,,0.0,0,,0.0,0,,0.0,0,,0.0,0,,0.0,0,,0.0,0,,0.0,0,,0.0,0,,0.0,0,,0.0,0,,0.0,0,,0.0,0,,0.0,0,,0.0,0,,0.0,0,,0.0,0,,0.0,0,,0.0,0,,0.0,0,,0.0,0,,0.0,0,,0.0,0,,0.0,0,,0.0,0,,0.0,0,,0.0,0,,0.0,0,,0.0,0,,0.0,0,,0.0,0,,0.0,0,,0.0,1,,0.0,0,,0.0,0,,0.0,0,,0.0,0,,0.0,0,,0.0,0,,0.0,0,,0.0,0,,0.0,0,,0.0,0,,0.0,1,,0.0,1,,0.0,0,,0.0,0,,0.0,0,,0.0,0,,0.0,0,,0.0,0,,0.0,0,,0.0,0,,0.0,0,,0.0,0,,0.0,0,,0.0,0,,0.0,0,,0.0,0,,0.0,0,,0.0,2.0,,0.0,2,,0.0,7,,0.0,0.0,,0.0,0,,0.0,-1,,0.0,999,,0.0,999,,0.0,1,,0.0,2,,0.0,-1,,0.0
Ritual432a,0,,0.0,0,,0.0,0,,0.0,0,,0.0,0,,0.0,0,,0.0,0,,0.0,0,,0.0,0,,0.0,0,,0.0,0,,0.0,0,,0.0,1,,0.0,0,,0.0,0,,0.0,2,,0.0,3,,0.0,0,,0.0,1,,0.0,1,,0.0,1,,0.0,0,,0.0,0,,0.0,0,,0.0,0,,0.0,999,,0.0,4,,0.0,0,,0.0,1,,0.0,0,,0.0,0,,0.0,0,,0.0,0,,0.0,0,,0.0,0,,0.0,0,,0.0,0,,0.0,0,,0.0,0,,0.0,0,,0.0,0,,0.0,0,,0.0,0,,0.0,0,,0.0,0,,0.0,0,,0.0,0,,0.0,0,,0.0,0,,0.0,0,,0.0,0,,0.0,0,,0.0,0,,0.0,0,,0.0,0,,0.0,0,,0.0,0,,0.0,0,,0.0,0,,0.0,0,,0.0,0,,0.0,0,,0.0,0,,0.0,0,,0.0,0,,0.0,0,,0.0,0,,0.0,0,,0.0,0,,0.0,0,,0.0,0,,0.0,0,,0.0,0,,0.0,0,,0.0,0,,0.0,0,,0.0,0,,0.0,0,,0.0,0,,0.0,0,,0.0,0,,0.0,0,,0.0,0,,0.0,0,,0.0,0,,0.0,0,,0.0,0,,0.0,1,,0.0,1,,0.0,0,,0.0,0,,0.0,0,,0.0,0,,0.0,0,,0.0,0,,0.0,0,,0.0,0,,0.0,0,,0.0,1,,0.0,0,,0.0,0,,0.0,0,,0.0,0,,0.0,0,,0.0,1.333333333,,0.0,2,,0.0,7,,0.0,0.0,,0.0,0,,0.0,-1,,0.0,999,,0.0,999,,0.0,1,,0.0,2,,0.0,-1,,0.0
Ritual432b,0,,0.0,0,,0.0,0,,0.0,0,,0.0,0,,0.0,0,,0.0,0,,0.0,0,,0.0,0,,0.0,0,,0.0,0,,0.0,0,,0.0,1,,0.0,0,,0.0,0,,0.0,2,,0.0,3,,0.0,0,,0.0,1,,0.0,1,,0.0,1,,0.0,0,,0.0,0,,0.0,0,,0.0,0,,0.0,999,,0.0,4,,0.0,0,,0.0,1,,0.0,0,,0.0,0,,0.0,0,,0.0,0,,0.0,0,,0.0,0,,0.0,0,,0.0,0,,0.0,0,,0.0,0,,0.0,0,,0.0,0,,0.0,0,,0.0,0,,0.0,0,,0.0,0,,0.0,0,,0.0,0,,0.0,0,,0.0,0,,0.0,0,,0.0,0,,0.0,0,,0.0,0,,0.0,0,,0.0,0,,0.0,0,,0.0,0,,0.0,0,,0.0,0,,0.0,0,,0.0,0,,0.0,0,,0.0,0,,0.0,0,,0.0,0,,0.0,0,,0.0,0,,0.0,0,,0.0,0,,0.0,0,,0.0,0,,0.0,0,,0.0,0,,0.0,0,,0.0,0,,0.0,0,,0.0,0,,0.0,0,,0.0,0,,0.0,0,,0.0,0,,0.0,0,,0.0,0,,0.0,0,,0.0,0,,0.0,0,,0.0,0,,0.0,1,,0.0,1,,0.0,0,,0.0,0,,0.0,0,,0.0,0,,0.0,0,,0.0,0,,0.0,0,,0.0,0,,0.0,0,,0.0,1,,0.0,0,,0.0,0,,0.0,0,,0.0,0,,0.0,0,,0.0,1.333333333,,0.0,2,,0.0,7,,0.0,0.0,,0.0,0,,0.0,-1,,0.0,999,,0.0,999,,0.0,1,,0.0,2,,0.0,-1,,0.0
Ritual433a,0,,0.0,0,,0.0,0,,0.0,0,,0.0,0,,0.0,0,,0.0,0,,0.0,0,,0.0,0,,0.0,0,,0.0,0,,0.0,0,,0.0,1,,0.0,0,,0.0,0,,0.0,2,,0.0,3,,0.0,0,,0.0,1,,0.0,1,,0.0,1,,0.0,0,,0.0,0,,0.0,0,,0.0,0,,0.0,999,,0.0,4,,0.0,0,,0.0,1,,0.0,0,,0.0,0,,0.0,0,,0.0,0,,0.0,0,,0.0,0,,0.0,0,,0.0,0,,0.0,0,,0.0,0,,0.0,0,,0.0,0,,0.0,0,,0.0,0,,0.0,0,,0.0,0,,0.0,0,,0.0,0,,0.0,0,,0.0,0,,0.0,0,,0.0,0,,0.0,0,,0.0,0,,0.0,0,,0.0,0,,0.0,0,,0.0,0,,0.0,0,,0.0,0,,0.0,0,,0.0,0,,0.0,0,,0.0,0,,0.0,0,,0.0,0,,0.0,0,,0.0,0,,0.0,0,,0.0,0,,0.0,0,,0.0,0,,0.0,0,,0.0,0,,0.0,0,,0.0,0,,0.0,0,,0.0,0,,0.0,0,,0.0,0,,0.0,0,,0.0,0,,0.0,0,,0.0,0,,0.0,0,,0.0,0,,0.0,0,,0.0,0,,0.0,1,,0.0,1,,0.0,0,,0.0,0,,0.0,0,,0.0,0,,0.0,0,,0.0,0,,0.0,0,,0.0,0,,0.0,0,,0.0,1,,0.0,0,,0.0,0,,0.0,0,,0.0,0,,0.0,0,,0.0,1.666666667,,0.0,2,,0.0,7,,0.0,0.0,,0.0,0,,0.0,-1,,0.0,999,,0.0,999,,0.0,1,,0.0,2,,0.0,-1,,0.0
Ritual433b,0,,0.0,0,,0.0,0,,0.0,0,,0.0,0,,0.0,0,,0.0,0,,0.0,0,,0.0,0,,0.0,0,,0.0,0,,0.0,0,,0.0,1,,0.0,0,,0.0,0,,0.0,2,,0.0,3,,0.0,0,,0.0,1,,0.0,1,,0.0,1,,0.0,0,,0.0,0,,0.0,0,,0.0,0,,0.0,999,,0.0,4,,0.0,0,,0.0,1,,0.0,0,,0.0,0,,0.0,0,,0.0,0,,0.0,0,,0.0,0,,0.0,0,,0.0,0,,0.0,0,,0.0,0,,0.0,0,,0.0,0,,0.0,0,,0.0,0,,0.0,0,,0.0,0,,0.0,0,,0.0,0,,0.0,0,,0.0,0,,0.0,0,,0.0,0,,0.0,0,,0.0,0,,0.0,0,,0.0,0,,0.0,0,,0.0,0,,0.0,0,,0.0,0,,0.0,0,,0.0,0,,0.0,0,,0.0,0,,0.0,0,,0.0,0,,0.0,0,,0.0,0,,0.0,0,,0.0,0,,0.0,0,,0.0,0,,0.0,0,,0.0,0,,0.0,0,,0.0,0,,0.0,0,,0.0,0,,0.0,0,,0.0,0,,0.0,0,,0.0,0,,0.0,0,,0.0,0,,0.0,0,,0.0,0,,0.0,0,,0.0,0,,0.0,1,,0.0,1,,0.0,0,,0.0,0,,0.0,0,,0.0,0,,0.0,0,,0.0,0,,0.0,0,,0.0,0,,0.0,0,,0.0,1,,0.0,0,,0.0,0,,0.0,0,,0.0,0,,0.0,0,,0.0,1.666666667,,0.0,2,,0.0,7,,0.0,0.0,,0.0,0,,0.0,-1,,0.0,999,,0.0,999,,0.0,1,,0.0,2,,0.0,-1,,0.0
Ritual434,0,,0.0,0,,0.0,0,,0.0,0,,0.0,0,,0.0,0,,0.0,0,,0.0,0,,0.0,0,,0.0,0,,0.0,0,,0.0,0,,0.0,0,,0.0,0,,0.0,0,,0.0,4,,0.0,3,,0.0,0,,0.0,0,,0.0,0,,0.0,0,,0.0,0,,0.0,0,,0.0,1,,0.0,0,,0.0,999,,0.0,5,,0.0,1,,0.0,1,,0.0,1,,0.0,0,,0.0,0,,0.0,0,,0.0,0,,0.0,0,,0.0,0,,0.0,0,,0.0,0,,0.0,0,,0.0,0,,0.0,0,,0.0,0,,0.0,0,,0.0,0,,0.0,0,,0.0,0,,0.0,0,,0.0,0,,0.0,0,,0.0,0,,0.0,0,,0.0,0,,0.0,0,,0.0,0,,0.0,0,,0.0,0,,0.0,0,,0.0,0,,0.0,0,,0.0,0,,0.0,0,,0.0,0,,0.0,0,,0.0,0,,0.0,0,,0.0,1,,0.0,0,,0.0,0,,0.0,0,,0.0,0,,0.0,0,,0.0,0,,0.0,0,,0.0,0,,0.0,0,,0.0,0,,0.0,0,,0.0,0,,0.0,1,,0.0,0,,0.0,0,,0.0,0,,0.0,0,,0.0,0,,0.0,0,,0.0,0,,0.0,0,,0.0,0,,0.0,0,,0.0,0,,0.0,0,,0.0,0,,0.0,0,,0.0,0,,0.0,0,,0.0,0,,0.0,0,,0.0,0,,0.0,1,,0.0,0,,0.0,0,,0.0,0,,0.0,0,,0.0,0,,0.0,2.0,,0.0,3,,0.0,7,,0.0,0.0,,0.0,0,,0.0,-1,,0.0,999,,0.0,999,,0.0,1,,0.0,2,,0.0,-1,,0.0
Ritual435,0,,0.0,0,,0.0,0,,0.0,0,,0.0,0,,0.0,1,,0.0,0,,0.0,0,,0.0,0,,0.0,0,,0.0,0,,0.0,0,,0.0,0,,0.0,0,,0.0,0,,0.0,1,,0.0,3,,0.0,1,,0.0,0,,0.0,0,,0.0,1,,0.0,0,,0.0,0,,0.0,0,,0.0,0,,0.0,1,,0.0,1,,0.0,1,,0.0,0,,0.0,0,,0.0,0,,0.0,0,,0.0,0,,0.0,0,,0.0,0,,0.0,0,,0.0,0,,0.0,1,,0.0,0,,0.0,0,,0.0,0,,0.0,0,,0.0,0,,0.0,0,,0.0,0,,0.0,0,,0.0,0,,0.0,0,,0.0,0,,0.0,0,,0.0,0,,0.0,0,,0.0,0,,0.0,0,,0.0,0,,0.0,0,,0.0,0,,0.0,0,,0.0,0,,0.0,0,,0.0,0,,0.0,0,,0.0,0,,0.0,0,,0.0,0,,0.0,0,,0.0,0,,0.0,0,,0.0,0,,0.0,0,,0.0,0,,0.0,0,,0.0,0,,0.0,0,,0.0,0,,0.0,0,,0.0,0,,0.0,0,,0.0,0,,0.0,0,,0.0,0,,0.0,0,,0.0,0,,0.0,0,,0.0,0,,0.0,0,,0.0,0,,0.0,1,,0.0,0,,0.0,0,,0.0,0,,0.0,0,,0.0,0,,0.0,0,,0.0,0,,0.0,0,,0.0,0,,0.0,0,,0.0,0,,0.0,0,,0.0,0,,0.0,0,,0.0,0,,0.0,0,,0.0,1.333333333,,0.0,1,,0.0,2,,0.0,0.0,,0.0,0,,0.0,-1,,0.0,0,,0.0,999,,0.0,1,,0.0,2,,0.0,-1,,0.0
Ritual436,0,,0.0,0,,0.0,0,,0.0,0,,0.0,0,,0.0,1,,0.0,0,,0.0,0,,0.0,0,,0.0,0,,0.0,0,,0.0,0,,0.0,0,,0.0,0,,0.0,0,,0.0,2,,0.0,3,,0.0,0,,0.0,0,,0.0,0,,0.0,1,,0.0,0,,0.0,0,,0.0,0,,0.0,0,,0.0,999,,0.0,2,,0.0,0,,0.0,0,,0.0,0,,0.0,0,,0.0,0,,0.0,0,,0.0,0,,0.0,0,,0.0,0,,0.0,0,,0.0,0,,0.0,0,,0.0,0,,0.0,0,,0.0,0,,0.0,0,,0.0,0,,0.0,0,,0.0,0,,0.0,0,,0.0,0,,0.0,0,,0.0,0,,0.0,0,,0.0,0,,0.0,0,,0.0,0,,0.0,0,,0.0,0,,0.0,0,,0.0,0,,0.0,0,,0.0,0,,0.0,0,,0.0,0,,0.0,0,,0.0,0,,0.0,0,,0.0,1,,0.0,0,,0.0,0,,0.0,0,,0.0,0,,0.0,0,,0.0,0,,0.0,0,,0.0,0,,0.0,0,,0.0,0,,0.0,0,,0.0,0,,0.0,0,,0.0,0,,0.0,0,,0.0,0,,0.0,0,,0.0,0,,0.0,0,,0.0,0,,0.0,0,,0.0,0,,0.0,1,,0.0,0,,0.0,0,,0.0,0,,0.0,0,,0.0,0,,0.0,0,,0.0,0,,0.0,0,,0.0,0,,0.0,0,,0.0,0,,0.0,0,,0.0,0,,0.0,0,,0.0,0,,0.0,1.333333333,,0.0,1,,0.0,7,,0.0,1.333333333,,0.0,1,,0.0,7,,0.0,1,,0.0,999,,0.0,1,,0.0,2,,0.0,-1,,0.0
Ritual437,0,,0.0,0,,0.0,0,,0.0,1,,0.0,0,,0.0,0,,0.0,0,,0.0,0,,0.0,0,,0.0,0,,0.0,0,,0.0,0,,0.0,1,,0.0,0,,0.0,0,,0.0,3,,0.0,3,,0.0,0,,0.0,0,,0.0,0,,0.0,0,,0.0,0,,0.0,1,,0.0,0,,0.0,0,,0.0,5,,0.0,5,,0.0,0,,0.0,1,,0.0,0,,0.0,0,,0.0,0,,0.0,0,,0.0,0,,0.0,0,,0.0,1,,0.0,0,,0.0,0,,0.0,0,,0.0,0,,0.0,0,,0.0,0,,0.0,0,,0.0,0,,0.0,0,,0.0,0,,0.0,0,,0.0,0,,0.0,0,,0.0,0,,0.0,0,,0.0,0,,0.0,0,,0.0,0,,0.0,0,,0.0,0,,0.0,0,,0.0,0,,0.0,0,,0.0,0,,0.0,0,,0.0,0,,0.0,0,,0.0,0,,0.0,0,,0.0,0,,0.0,0,,0.0,0,,0.0,0,,0.0,0,,0.0,0,,0.0,0,,0.0,0,,0.0,0,,0.0,0,,0.0,1,,0.0,1,,0.0,0,,0.0,1,,0.0,0,,0.0,1,,0.0,0,,0.0,0,,0.0,0,,0.0,0,,0.0,0,,0.0,0,,0.0,0,,0.0,0,,0.0,0,,0.0,0,,0.0,0,,0.0,0,,0.0,1,,0.0,0,,0.0,0,,0.0,1,,0.0,0,,0.0,0,,0.0,0,,0.0,0,,0.0,0,,0.0,0,,0.0,0,,0.0,2.666666667,,0.0,3,,0.0,7,,0.0,0.0,,0.0,0,,0.0,-1,,0.0,999,,0.0,3,,0.0,1,,0.0,2,,0.0,-1,,0.0
Ritual438,0,,0.0,0,,0.0,0,,0.0,0,,0.0,0,,0.0,0,,0.0,0,,0.0,0,,0.0,0,,0.0,0,,0.0,0,,0.0,0,,0.0,1,,0.0,0,,0.0,0,,0.0,2,,0.0,3,,0.0,0,,0.0,0,,0.0,0,,0.0,0,,0.0,1,,0.0,0,,0.0,0,,0.0,0,,0.0,999,,0.0,5,,0.0,0,,0.0,1,,0.0,0,,0.0,0,,0.0,0,,0.0,0,,0.0,0,,0.0,0,,0.0,1,,0.0,0,,0.0,0,,0.0,0,,0.0,0,,0.0,0,,0.0,0,,0.0,0,,0.0,0,,0.0,0,,0.0,0,,0.0,0,,0.0,0,,0.0,0,,0.0,0,,0.0,0,,0.0,0,,0.0,0,,0.0,0,,0.0,0,,0.0,0,,0.0,0,,0.0,0,,0.0,0,,0.0,0,,0.0,0,,0.0,0,,0.0,0,,0.0,0,,0.0,0,,0.0,0,,0.0,0,,0.0,0,,0.0,0,,0.0,0,,0.0,0,,0.0,0,,0.0,0,,0.0,0,,0.0,0,,0.0,1,,0.0,1,,0.0,0,,0.0,0,,0.0,0,,0.0,0,,0.0,0,,0.0,0,,0.0,0,,0.0,0,,0.0,0,,0.0,0,,0.0,0,,0.0,0,,0.0,0,,0.0,0,,0.0,0,,0.0,0,,0.0,0,,0.0,0,,0.0,0,,0.0,0,,0.0,0,,0.0,0,,0.0,0,,0.0,0,,0.0,0,,0.0,0,,0.0,0,,0.0,2.333333333,,0.0,3,,0.0,7,,0.0,0.0,,0.0,0,,0.0,-1,,0.0,999,,0.0,3,,0.0,1,,0.0,2,,0.0,-1,,0.0
Ritual439,0,,0.0,0,,0.0,0,,0.0,0,,0.0,0,,0.0,1,,0.0,0,,0.0,0,,0.0,0,,0.0,0,,0.0,0,,0.0,0,,0.0,0,,0.0,0,,0.0,0,,0.0,2,,0.0,3,,0.0,0,,0.0,0,,0.0,0,,0.0,1,,0.0,0,,0.0,0,,0.0,0,,0.0,0,,0.0,999,,0.0,2,,0.0,0,,0.0,1,,0.0,0,,0.0,0,,0.0,0,,0.0,0,,0.0,0,,0.0,0,,0.0,0,,0.0,0,,0.0,0,,0.0,0,,0.0,0,,0.0,0,,0.0,0,,0.0,0,,0.0,0,,0.0,0,,0.0,0,,0.0,0,,0.0,0,,0.0,0,,0.0,0,,0.0,0,,0.0,0,,0.0,0,,0.0,0,,0.0,0,,0.0,0,,0.0,0,,0.0,0,,0.0,0,,0.0,0,,0.0,0,,0.0,0,,0.0,0,,0.0,0,,0.0,0,,0.0,0,,0.0,0,,0.0,0,,0.0,0,,0.0,0,,0.0,0,,0.0,0,,0.0,0,,0.0,0,,0.0,0,,0.0,0,,0.0,1,,0.0,0,,0.0,0,,0.0,0,,0.0,0,,0.0,0,,0.0,0,,0.0,0,,0.0,0,,0.0,0,,0.0,0,,0.0,0,,0.0,1,,0.0,0,,0.0,0,,0.0,0,,0.0,0,,0.0,0,,0.0,0,,0.0,0,,0.0,0,,0.0,0,,0.0,0,,0.0,0,,0.0,0,,0.0,0,,0.0,0,,0.0,0,,0.0,1.333333333,,0.0,1,,0.0,7,,0.0,0.0,,0.0,0,,0.0,-1,,0.0,999,,0.0,999,,0.0,1,,0.0,2,,0.0,-1,,0.0
Ritual440,0,,0.0,0,,0.0,0,,0.0,0,,0.0,0,,0.0,1,,0.0,0,,0.0,0,,0.0,0,,0.0,0,,0.0,0,,0.0,0,,0.0,0,,0.0,0,,0.0,0,,0.0,2,,0.0,3,,0.0,0,,0.0,0,,0.0,0,,0.0,0,,0.0,1,,0.0,0,,0.0,0,,0.0,0,,0.0,999,,0.0,5,,0.0,0,,0.0,1,,0.0,0,,0.0,0,,0.0,0,,0.0,0,,0.0,0,,0.0,0,,0.0,1,,0.0,0,,0.0,0,,0.0,0,,0.0,0,,0.0,0,,0.0,0,,0.0,0,,0.0,0,,0.0,0,,0.0,0,,0.0,0,,0.0,0,,0.0,0,,0.0,0,,0.0,0,,0.0,0,,0.0,0,,0.0,0,,0.0,0,,0.0,0,,0.0,0,,0.0,0,,0.0,0,,0.0,0,,0.0,0,,0.0,0,,0.0,0,,0.0,0,,0.0,0,,0.0,0,,0.0,0,,0.0,0,,0.0,0,,0.0,0,,0.0,0,,0.0,0,,0.0,0,,0.0,0,,0.0,0,,0.0,0,,0.0,1,,0.0,0,,0.0,1,,0.0,0,,0.0,0,,0.0,0,,0.0,0,,0.0,0,,0.0,0,,0.0,0,,0.0,0,,0.0,1,,0.0,1,,0.0,0,,0.0,0,,0.0,0,,0.0,0,,0.0,0,,0.0,0,,0.0,0,,0.0,0,,0.0,0,,0.0,0,,0.0,0,,0.0,0,,0.0,0,,0.0,0,,0.0,0,,0.0,2.0,,0.0,2,,0.0,7,,0.0,0.0,,0.0,0,,0.0,-1,,0.0,999,,0.0,999,,0.0,1,,0.0,2,,0.0,-1,,0.0
Ritual441,0,,0.0,0,,0.0,0,,0.0,0,,0.0,0,,0.0,1,,0.0,0,,0.0,0,,0.0,0,,0.0,0,,0.0,0,,0.0,0,,0.0,0,,0.0,0,,0.0,0,,0.0,2,,0.0,3,,0.0,0,,0.0,0,,0.0,0,,0.0,0,,0.0,1,,0.0,0,,0.0,0,,0.0,0,,0.0,999,,0.0,5,,0.0,0,,0.0,1,,0.0,1,,0.0,0,,0.0,0,,0.0,0,,0.0,0,,0.0,0,,0.0,1,,0.0,0,,0.0,0,,0.0,0,,0.0,0,,0.0,0,,0.0,0,,0.0,0,,0.0,0,,0.0,0,,0.0,0,,0.0,0,,0.0,0,,0.0,0,,0.0,0,,0.0,0,,0.0,0,,0.0,0,,0.0,0,,0.0,0,,0.0,0,,0.0,0,,0.0,0,,0.0,0,,0.0,0,,0.0,0,,0.0,0,,0.0,0,,0.0,0,,0.0,0,,0.0,0,,0.0,0,,0.0,0,,0.0,0,,0.0,0,,0.0,0,,0.0,0,,0.0,0,,0.0,0,,0.0,0,,0.0,0,,0.0,1,,0.0,0,,0.0,1,,0.0,0,,0.0,0,,0.0,0,,0.0,0,,0.0,0,,0.0,0,,0.0,0,,0.0,0,,0.0,1,,0.0,1,,0.0,0,,0.0,0,,0.0,0,,0.0,0,,0.0,0,,0.0,0,,0.0,0,,0.0,0,,0.0,0,,0.0,0,,0.0,0,,0.0,0,,0.0,0,,0.0,0,,0.0,0,,0.0,2.0,,0.0,3,,0.0,7,,0.0,0.0,,0.0,0,,0.0,-1,,0.0,999,,0.0,999,,0.0,1,,0.0,2,,0.0,-1,,0.0
Ritual442,0,,0.0,0,,0.0,0,,0.0,0,,0.0,0,,0.0,1,,0.0,0,,0.0,0,,0.0,0,,0.0,0,,0.0,0,,0.0,0,,0.0,1,,0.0,0,,0.0,0,,0.0,2,,0.0,3,,0.0,0,,0.0,0,,0.0,0,,0.0,0,,0.0,1,,0.0,0,,0.0,0,,0.0,0,,0.0,999,,0.0,5,,0.0,0,,0.0,1,,0.0,0,,0.0,0,,0.0,0,,0.0,0,,0.0,0,,0.0,0,,0.0,0,,0.0,0,,0.0,0,,0.0,0,,0.0,0,,0.0,0,,0.0,0,,0.0,0,,0.0,0,,0.0,0,,0.0,0,,0.0,0,,0.0,0,,0.0,0,,0.0,0,,0.0,0,,0.0,0,,0.0,0,,0.0,0,,0.0,0,,0.0,0,,0.0,0,,0.0,0,,0.0,0,,0.0,0,,0.0,0,,0.0,0,,0.0,0,,0.0,0,,0.0,0,,0.0,0,,0.0,0,,0.0,0,,0.0,0,,0.0,0,,0.0,0,,0.0,0,,0.0,0,,0.0,0,,0.0,0,,0.0,0,,0.0,1,,0.0,0,,0.0,0,,0.0,0,,0.0,0,,0.0,1,,0.0,0,,0.0,0,,0.0,0,,0.0,0,,0.0,0,,0.0,1,,0.0,1,,0.0,0,,0.0,0,,0.0,0,,0.0,0,,0.0,0,,0.0,0,,0.0,0,,0.0,0,,0.0,0,,0.0,0,,0.0,0,,0.0,0,,0.0,0,,0.0,0,,0.0,0,,0.0,2.0,,0.0,3,,0.0,7,,0.0,0.0,,0.0,0,,0.0,-1,,0.0,999,,0.0,999,,0.0,1,,0.0,2,,0.0,-1,,0.0
Ritual443,0,,0.0,0,,0.0,0,,0.0,0,,0.0,0,,0.0,0,,0.0,0,,0.0,0,,0.0,0,,0.0,0,,0.0,0,,0.0,1,,0.0,0,,0.0,0,,0.0,0,,0.0,2,,0.0,3,,0.0,0,,0.0,0,,0.0,0,,0.0,0,,0.0,1,,0.0,0,,0.0,0,,0.0,0,,0.0,7,,0.0,5,,0.0,0,,0.0,1,,0.0,0,,0.0,0,,0.0,0,,0.0,0,,0.0,0,,0.0,0,,0.0,1,,0.0,0,,0.0,0,,0.0,0,,0.0,0,,0.0,0,,0.0,0,,0.0,0,,0.0,0,,0.0,0,,0.0,0,,0.0,0,,0.0,0,,0.0,0,,0.0,0,,0.0,0,,0.0,0,,0.0,0,,0.0,0,,0.0,0,,0.0,0,,0.0,0,,0.0,0,,0.0,0,,0.0,0,,0.0,0,,0.0,0,,0.0,0,,0.0,0,,0.0,0,,0.0,0,,0.0,0,,0.0,0,,0.0,0,,0.0,0,,0.0,0,,0.0,0,,0.0,0,,0.0,0,,0.0,0,,0.0,0,,0.0,1,,0.0,0,,0.0,1,,0.0,0,,0.0,0,,0.0,0,,0.0,0,,0.0,0,,0.0,0,,0.0,0,,0.0,0,,0.0,1,,0.0,1,,0.0,0,,0.0,0,,0.0,0,,0.0,0,,0.0,0,,0.0,0,,0.0,0,,0.0,0,,0.0,0,,0.0,0,,0.0,0,,0.0,0,,0.0,0,,0.0,0,,0.0,0,,0.0,0.0,,0.0,0,,0.0,-1,,0.0,2.666666667,,0.0,2,,0.0,3,,0.0,999,,0.0,999,,0.0,1,,0.0,2,,0.0,-1,,0.0
Ritual444,0,,0.0,0,,0.0,0,,0.0,0,,0.0,0,,0.0,0,,0.0,0,,0.0,0,,0.0,0,,0.0,0,,0.0,0,,0.0,0,,0.0,0,,0.0,0,,0.0,0,,0.0,2,,0.0,3,,0.0,0,,0.0,0,,0.0,0,,0.0,1,,0.0,0,,0.0,0,,0.0,0,,0.0,0,,0.0,4,,0.0,4,,0.0,0,,0.0,0,,0.0,1,,0.0,0,,0.0,0,,0.0,0,,0.0,0,,0.0,0,,0.0,1,,0.0,0,,0.0,0,,0.0,0,,0.0,0,,0.0,0,,0.0,0,,0.0,0,,0.0,0,,0.0,0,,0.0,0,,0.0,0,,0.0,0,,0.0,0,,0.0,0,,0.0,0,,0.0,0,,0.0,0,,0.0,0,,0.0,0,,0.0,0,,0.0,0,,0.0,0,,0.0,0,,0.0,0,,0.0,0,,0.0,0,,0.0,0,,0.0,0,,0.0,0,,0.0,0,,0.0,0,,0.0,0,,0.0,0,,0.0,0,,0.0,0,,0.0,0,,0.0,0,,0.0,0,,0.0,0,,0.0,0,,0.0,0,,0.0,0,,0.0,0,,0.0,0,,0.0,1,,0.0,0,,0.0,0,,0.0,0,,0.0,0,,0.0,0,,0.0,0,,0.0,0,,0.0,0,,0.0,0,,0.0,0,,0.0,0,,0.0,0,,0.0,0,,0.0,0,,0.0,0,,0.0,0,,0.0,0,,0.0,0,,0.0,0,,0.0,0,,0.0,0,,0.0,0,,0.0,0,,0.0,2.333333333,,0.0,2,,0.0,7,,0.0,0.0,,0.0,0,,0.0,-1,,0.0,999,,0.0,999,,0.0,1,,0.0,2,,0.0,-1,,0.0
Ritual445,0,,0.0,0,,0.0,0,,0.0,0,,0.0,0,,0.0,0,,0.0,0,,0.0,0,,0.0,0,,0.0,0,,0.0,0,,0.0,0,,0.0,0,,0.0,0,,0.0,0,,0.0,2,,0.0,3,,0.0,0,,0.0,0,,0.0,0,,0.0,1,,0.0,0,,0.0,0,,0.0,0,,0.0,0,,0.0,999,,0.0,5,,0.0,1,,0.0,1,,0.0,1,,0.0,0,,0.0,0,,0.0,0,,0.0,0,,0.0,0,,0.0,0,,0.0,0,,0.0,0,,0.0,0,,0.0,0,,0.0,0,,0.0,0,,0.0,0,,0.0,0,,0.0,0,,0.0,0,,0.0,0,,0.0,0,,0.0,0,,0.0,0,,0.0,0,,0.0,0,,0.0,0,,0.0,0,,0.0,0,,0.0,0,,0.0,0,,0.0,0,,0.0,0,,0.0,0,,0.0,0,,0.0,0,,0.0,0,,0.0,0,,0.0,0,,0.0,0,,0.0,0,,0.0,0,,0.0,0,,0.0,0,,0.0,0,,0.0,0,,0.0,0,,0.0,0,,0.0,0,,0.0,0,,0.0,0,,0.0,0,,0.0,0,,0.0,0,,0.0,1,,0.0,0,,0.0,0,,0.0,0,,0.0,0,,0.0,0,,0.0,0,,0.0,0,,0.0,0,,0.0,0,,0.0,0,,0.0,0,,0.0,0,,0.0,0,,0.0,0,,0.0,0,,0.0,0,,0.0,0,,0.0,0,,0.0,0,,0.0,0,,0.0,0,,0.0,0,,0.0,0,,0.0,3.0,,0.0,3,,0.0,7,,0.0,0.0,,0.0,0,,0.0,-1,,0.0,999,,0.0,999,,0.0,1,,0.0,2,,0.0,-1,,0.0
Ritual446,0,,0.0,0,,0.0,0,,0.0,0,,0.0,0,,0.0,0,,0.0,0,,0.0,0,,0.0,0,,0.0,0,,0.0,0,,0.0,0,,0.0,0,,0.0,0,,0.0,0,,0.0,2,,0.0,3,,0.0,0,,0.0,0,,0.0,0,,0.0,1,,0.0,0,,0.0,0,,0.0,0,,0.0,0,,0.0,999,,0.0,5,,0.0,1,,0.0,1,,0.0,1,,0.0,0,,0.0,0,,0.0,0,,0.0,0,,0.0,0,,0.0,1,,0.0,0,,0.0,0,,0.0,0,,0.0,0,,0.0,0,,0.0,0,,0.0,0,,0.0,0,,0.0,0,,0.0,0,,0.0,0,,0.0,0,,0.0,0,,0.0,0,,0.0,0,,0.0,0,,0.0,0,,0.0,0,,0.0,0,,0.0,0,,0.0,0,,0.0,0,,0.0,0,,0.0,0,,0.0,0,,0.0,0,,0.0,0,,0.0,0,,0.0,0,,0.0,0,,0.0,0,,0.0,0,,0.0,0,,0.0,0,,0.0,0,,0.0,0,,0.0,0,,0.0,0,,0.0,0,,0.0,0,,0.0,0,,0.0,0,,0.0,0,,0.0,0,,0.0,1,,0.0,0,,0.0,0,,0.0,0,,0.0,0,,0.0,0,,0.0,0,,0.0,0,,0.0,0,,0.0,0,,0.0,0,,0.0,0,,0.0,0,,0.0,0,,0.0,0,,0.0,0,,0.0,0,,0.0,0,,0.0,0,,0.0,0,,0.0,0,,0.0,0,,0.0,0,,0.0,0,,0.0,3.333333333,,0.0,3,,0.0,7,,0.0,0.0,,0.0,0,,0.0,-1,,0.0,999,,0.0,999,,0.0,1,,0.0,2,,0.0,-1,,0.0
Ritual447,0,,0.0,0,,0.0,0,,0.0,0,,0.0,0,,0.0,1,,0.0,0,,0.0,0,,0.0,0,,0.0,0,,0.0,0,,0.0,0,,0.0,0,,0.0,0,,0.0,0,,0.0,3,,0.0,3,,0.0,0,,0.0,0,,0.0,0,,0.0,0,,0.0,0,,0.0,0,,0.0,0,,0.0,0,,0.0,999,,0.0,5,,0.0,1,,0.0,1,,0.0,0,,0.0,0,,0.0,0,,0.0,0,,0.0,0,,0.0,0,,0.0,0,,0.0,0,,0.0,0,,0.0,0,,0.0,0,,0.0,0,,0.0,0,,0.0,0,,0.0,0,,0.0,0,,0.0,0,,0.0,0,,0.0,0,,0.0,0,,0.0,0,,0.0,0,,0.0,0,,0.0,0,,0.0,0,,0.0,0,,0.0,0,,0.0,0,,0.0,0,,0.0,0,,0.0,0,,0.0,0,,0.0,0,,0.0,0,,0.0,0,,0.0,0,,0.0,0,,0.0,0,,0.0,1,,0.0,0,,0.0,0,,0.0,0,,0.0,0,,0.0,0,,0.0,0,,0.0,0,,0.0,0,,0.0,1,,0.0,0,,0.0,0,,0.0,0,,0.0,0,,0.0,0,,0.0,0,,0.0,0,,0.0,0,,0.0,0,,0.0,0,,0.0,1,,0.0,0,,0.0,0,,0.0,0,,0.0,0,,0.0,0,,0.0,0,,0.0,0,,0.0,0,,0.0,0,,0.0,0,,0.0,0,,0.0,0,,0.0,0,,0.0,0,,0.0,0,,0.0,0,,0.0,3.0,,0.0,2,,0.0,7,,0.0,0.6666666667,,0.0,1,,0.0,-1,,0.0,999,,0.0,999,,0.0,1,,0.0,2,,0.0,-1,,0.0
Ritual448,0,,0.0,0,,0.0,0,,0.0,0,,0.0,0,,0.0,0,,0.0,0,,0.0,0,,0.0,0,,0.0,0,,0.0,0,,0.0,0,,0.0,0,,0.0,0,,0.0,0,,0.0,2,,0.0,3,,0.0,0,,0.0,0,,0.0,0,,0.0,1,,0.0,0,,0.0,0,,0.0,0,,0.0,0,,0.0,999,,0.0,5,,0.0,1,,0.0,1,,0.0,1,,0.0,0,,0.0,0,,0.0,1,,0.0,0,,0.0,0,,0.0,0,,0.0,0,,0.0,0,,0.0,0,,0.0,0,,0.0,0,,0.0,0,,0.0,0,,0.0,0,,0.0,0,,0.0,0,,0.0,0,,0.0,0,,0.0,0,,0.0,0,,0.0,0,,0.0,0,,0.0,0,,0.0,0,,0.0,0,,0.0,0,,0.0,0,,0.0,0,,0.0,0,,0.0,0,,0.0,0,,0.0,0,,0.0,0,,0.0,0,,0.0,0,,0.0,0,,0.0,0,,0.0,0,,0.0,0,,0.0,0,,0.0,0,,0.0,0,,0.0,0,,0.0,0,,0.0,0,,0.0,0,,0.0,0,,0.0,0,,0.0,0,,0.0,0,,0.0,1,,0.0,0,,0.0,0,,0.0,0,,0.0,0,,0.0,0,,0.0,0,,0.0,0,,0.0,0,,0.0,0,,0.0,0,,0.0,0,,0.0,0,,0.0,0,,0.0,0,,0.0,0,,0.0,0,,0.0,0,,0.0,0,,0.0,1,,0.0,0,,0.0,0,,0.0,0,,0.0,0,,0.0,4.0,,0.0,4,,0.0,7,,0.0,0.0,,0.0,0,,0.0,-1,,0.0,999,,0.0,999,,0.0,1,,0.0,2,,0.0,-1,,0.0
Ritual449,0,,0.0,0,,0.0,0,,0.0,0,,0.0,0,,0.0,0,,0.0,0,,0.0,0,,0.0,0,,0.0,0,,0.0,0,,0.0,0,,0.0,0,,0.0,0,,0.0,0,,0.0,2,,0.0,3,,0.0,0,,0.0,0,,0.0,0,,0.0,1,,0.0,0,,0.0,0,,0.0,0,,0.0,0,,0.0,5,,0.0,5,,0.0,1,,0.0,1,,0.0,1,,0.0,0,,0.0,0,,0.0,0,,0.0,0,,0.0,0,,0.0,0,,0.0,0,,0.0,0,,0.0,0,,0.0,0,,0.0,0,,0.0,0,,0.0,0,,0.0,0,,0.0,0,,0.0,0,,0.0,0,,0.0,0,,0.0,0,,0.0,0,,0.0,0,,0.0,0,,0.0,0,,0.0,0,,0.0,0,,0.0,0,,0.0,0,,0.0,0,,0.0,0,,0.0,0,,0.0,0,,0.0,0,,0.0,0,,0.0,0,,0.0,0,,0.0,0,,0.0,0,,0.0,0,,0.0,0,,0.0,0,,0.0,0,,0.0,0,,0.0,0,,0.0,0,,0.0,0,,0.0,0,,0.0,0,,0.0,0,,0.0,0,,0.0,0,,0.0,1,,0.0,0,,0.0,0,,0.0,0,,0.0,0,,0.0,0,,0.0,0,,0.0,0,,0.0,0,,0.0,0,,0.0,0,,0.0,0,,0.0,0,,0.0,0,,0.0,0,,0.0,0,,0.0,0,,0.0,0,,0.0,0,,0.0,0,,0.0,0,,0.0,0,,0.0,0,,0.0,0,,0.0,2.666666667,,0.0,2,,0.0,3,,0.0,0.0,,0.0,0,,0.0,-1,,0.0,2,,0.0,999,,0.0,1,,0.0,2,,0.0,-1,,0.0
Ritual450,0,,0.0,0,,0.0,0,,0.0,0,,0.0,0,,0.0,0,,0.0,0,,0.0,0,,0.0,0,,0.0,0,,0.0,0,,0.0,0,,0.0,0,,0.0,0,,0.0,0,,0.0,2,,0.0,3,,0.0,0,,0.0,0,,0.0,0,,0.0,1,,0.0,0,,0.0,0,,0.0,0,,0.0,0,,0.0,999,,0.0,5,,0.0,0,,0.0,1,,0.0,0,,0.0,0,,0.0,0,,0.0,0,,0.0,0,,0.0,0,,0.0,1,,0.0,0,,0.0,0,,0.0,0,,0.0,0,,0.0,0,,0.0,0,,0.0,0,,0.0,0,,0.0,0,,0.0,0,,0.0,0,,0.0,0,,0.0,0,,0.0,0,,0.0,0,,0.0,0,,0.0,0,,0.0,0,,0.0,0,,0.0,0,,0.0,0,,0.0,0,,0.0,0,,0.0,0,,0.0,0,,0.0,0,,0.0,0,,0.0,0,,0.0,0,,0.0,0,,0.0,0,,0.0,0,,0.0,0,,0.0,0,,0.0,0,,0.0,0,,0.0,0,,0.0,0,,0.0,0,,0.0,1,,0.0,0,,0.0,0,,0.0,0,,0.0,0,,0.0,0,,0.0,0,,0.0,0,,0.0,0,,0.0,0,,0.0,0,,0.0,0,,0.0,0,,0.0,0,,0.0,0,,0.0,0,,0.0,0,,0.0,0,,0.0,0,,0.0,0,,0.0,0,,0.0,0,,0.0,0,,0.0,0,,0.0,0,,0.0,0,,0.0,0,,0.0,0,,0.0,0,,0.0,2.0,,0.0,2,,0.0,3,,0.0,0.0,,0.0,0,,0.0,-1,,0.0,999,,0.0,999,,0.0,1,,0.0,2,,0.0,-1,,0.0
Ritual451,0,,0.0,0,,0.0,0,,0.0,0,,0.0,0,,0.0,0,,0.0,0,,0.0,0,,0.0,0,,0.0,1,,0.0,0,,0.0,0,,0.0,0,,0.0,0,,0.0,0,,0.0,2,,0.0,3,,0.0,0,,0.0,0,,0.0,0,,0.0,1,,0.0,0,,0.0,0,,0.0,0,,0.0,0,,0.0,999,,0.0,5,,0.0,0,,0.0,1,,0.0,0,,0.0,0,,0.0,0,,0.0,0,,0.0,0,,0.0,0,,0.0,1,,0.0,0,,0.0,0,,0.0,0,,0.0,0,,0.0,0,,0.0,0,,0.0,0,,0.0,0,,0.0,0,,0.0,0,,0.0,0,,0.0,0,,0.0,0,,0.0,0,,0.0,0,,0.0,0,,0.0,0,,0.0,0,,0.0,0,,0.0,0,,0.0,0,,0.0,0,,0.0,0,,0.0,0,,0.0,0,,0.0,0,,0.0,0,,0.0,0,,0.0,0,,0.0,0,,0.0,0,,0.0,0,,0.0,0,,0.0,0,,0.0,0,,0.0,0,,0.0,0,,0.0,0,,0.0,0,,0.0,1,,0.0,0,,0.0,0,,0.0,0,,0.0,0,,0.0,0,,0.0,0,,0.0,0,,0.0,0,,0.0,0,,0.0,0,,0.0,0,,0.0,1,,0.0,0,,0.0,0,,0.0,0,,0.0,0,,0.0,0,,0.0,0,,0.0,0,,0.0,0,,0.0,0,,0.0,0,,0.0,0,,0.0,0,,0.0,0,,0.0,0,,0.0,0,,0.0,0,,0.0,2.0,,0.0,3,,0.0,7,,0.0,0.0,,0.0,0,,0.0,-1,,0.0,999,,0.0,999,,0.0,1,,0.0,2,,0.0,-1,,0.0
Ritual452,0,,0.0,0,,0.0,0,,0.0,1,,0.0,0,,0.0,0,,0.0,0,,0.0,0,,0.0,0,,0.0,1,,0.0,0,,0.0,0,,0.0,1,,0.0,0,,0.0,0,,0.0,2,,0.0,3,,0.0,0,,0.0,0,,0.0,0,,0.0,0,,0.0,1,,0.0,0,,0.0,0,,0.0,0,,0.0,999,,0.0,5,,0.0,0,,0.0,1,,0.0,1,,0.0,1,,0.0,0,,0.0,0,,0.0,0,,0.0,0,,0.0,1,,0.0,0,,0.0,0,,0.0,0,,0.0,0,,0.0,0,,0.0,0,,0.0,0,,0.0,0,,0.0,0,,0.0,0,,0.0,0,,0.0,0,,0.0,0,,0.0,0,,0.0,0,,0.0,0,,0.0,0,,0.0,0,,0.0,0,,0.0,0,,0.0,0,,0.0,0,,0.0,0,,0.0,0,,0.0,0,,0.0,0,,0.0,0,,0.0,0,,0.0,0,,0.0,0,,0.0,0,,0.0,0,,0.0,0,,0.0,0,,0.0,0,,0.0,0,,0.0,0,,0.0,0,,0.0,0,,0.0,1,,0.0,1,,0.0,0,,0.0,1,,0.0,0,,0.0,0,,0.0,0,,0.0,0,,0.0,0,,0.0,0,,0.0,0,,0.0,0,,0.0,1,,0.0,0,,0.0,0,,0.0,0,,0.0,0,,0.0,0,,0.0,0,,0.0,0,,0.0,0,,0.0,0,,0.0,0,,0.0,0,,0.0,0,,0.0,0,,0.0,0,,0.0,0,,0.0,0,,0.0,2.666666667,,0.0,3,,0.0,7,,0.0,0.0,,0.0,0,,0.0,-1,,0.0,999,,0.0,999,,0.0,1,,0.0,2,,0.0,-1,,0.0
Ritual453,0,,0.0,0,,0.0,0,,0.0,0,,0.0,0,,0.0,0,,0.0,0,,0.0,0,,0.0,0,,0.0,0,,0.0,0,,0.0,0,,0.0,0,,0.0,0,,0.0,0,,0.0,2,,0.0,2,,0.0,0,,0.0,0,,0.0,0,,0.0,1,,0.0,0,,0.0,0,,0.0,0,,0.0,0,,0.0,999,,0.0,5,,0.0,0,,0.0,1,,0.0,0,,0.0,0,,0.0,0,,0.0,0,,0.0,0,,0.0,0,,0.0,1,,0.0,0,,0.0,0,,0.0,0,,0.0,0,,0.0,0,,0.0,0,,0.0,0,,0.0,0,,0.0,0,,0.0,0,,0.0,0,,0.0,0,,0.0,0,,0.0,0,,0.0,0,,0.0,0,,0.0,0,,0.0,0,,0.0,0,,0.0,0,,0.0,0,,0.0,0,,0.0,0,,0.0,0,,0.0,0,,0.0,0,,0.0,0,,0.0,0,,0.0,0,,0.0,0,,0.0,0,,0.0,0,,0.0,0,,0.0,0,,0.0,0,,0.0,0,,0.0,0,,0.0,0,,0.0,0,,0.0,0,,0.0,0,,0.0,0,,0.0,0,,0.0,0,,0.0,0,,0.0,0,,0.0,0,,0.0,0,,0.0,0,,0.0,0,,0.0,0,,0.0,0,,0.0,0,,0.0,0,,0.0,0,,0.0,0,,0.0,0,,0.0,0,,0.0,0,,0.0,0,,0.0,0,,0.0,0,,0.0,0,,0.0,0,,0.0,0,,0.0,0,,0.0,0,,0.0,0,,0.0,2.333333333,,0.0,2,,0.0,3,,0.0,0.0,,0.0,0,,0.0,-1,,0.0,999,,0.0,999,,0.0,1,,0.0,2,,0.0,-1,,0.0
Ritual454,0,,0.0,0,,0.0,0,,0.0,0,,0.0,0,,0.0,0,,0.0,0,,0.0,0,,0.0,0,,0.0,0,,0.0,0,,0.0,0,,0.0,1,,0.0,0,,0.0,0,,0.0,3,,0.0,3,,0.0,0,,0.0,0,,0.0,0,,0.0,1,,0.0,0,,0.0,0,,0.0,0,,0.0,0,,0.0,999,,0.0,5,,0.0,0,,0.0,1,,0.0,1,,0.0,0,,0.0,0,,0.0,0,,0.0,0,,0.0,0,,0.0,0,,0.0,0,,0.0,0,,0.0,0,,0.0,0,,0.0,0,,0.0,1,,0.0,0,,0.0,0,,0.0,0,,0.0,0,,0.0,0,,0.0,0,,0.0,0,,0.0,0,,0.0,0,,0.0,0,,0.0,0,,0.0,0,,0.0,0,,0.0,0,,0.0,0,,0.0,0,,0.0,0,,0.0,0,,0.0,0,,0.0,0,,0.0,0,,0.0,0,,0.0,0,,0.0,0,,0.0,0,,0.0,0,,0.0,0,,0.0,0,,0.0,0,,0.0,0,,0.0,0,,0.0,0,,0.0,0,,0.0,1,,0.0,1,,0.0,0,,0.0,0,,0.0,0,,0.0,0,,0.0,0,,0.0,0,,0.0,0,,0.0,0,,0.0,0,,0.0,0,,0.0,1,,0.0,0,,0.0,0,,0.0,0,,0.0,0,,0.0,0,,0.0,0,,0.0,0,,0.0,0,,0.0,0,,0.0,0,,0.0,0,,0.0,0,,0.0,0,,0.0,0,,0.0,0,,0.0,0,,0.0,2.666666667,,0.0,3,,0.0,7,,0.0,0.0,,0.0,0,,0.0,-1,,0.0,999,,0.0,999,,0.0,1,,0.0,2,,0.0,-1,,0.0
Ritual455,0,,0.0,0,,0.0,0,,0.0,0,,0.0,0,,0.0,0,,0.0,0,,0.0,0,,0.0,0,,0.0,0,,0.0,0,,0.0,0,,0.0,0,,0.0,0,,0.0,0,,0.0,2,,0.0,3,,0.0,0,,0.0,0,,0.0,0,,0.0,0,,0.0,1,,0.0,0,,0.0,0,,0.0,0,,0.0,999,,0.0,5,,0.0,1,,0.0,0,,0.0,1,,0.0,1,,0.0,0,,0.0,0,,0.0,0,,0.0,0,,0.0,0,,0.0,0,,0.0,0,,0.0,0,,0.0,0,,0.0,0,,0.0,0,,0.0,0,,0.0,0,,0.0,0,,0.0,0,,0.0,0,,0.0,0,,0.0,0,,0.0,0,,0.0,0,,0.0,0,,0.0,0,,0.0,0,,0.0,0,,0.0,0,,0.0,0,,0.0,0,,0.0,0,,0.0,0,,0.0,0,,0.0,0,,0.0,0,,0.0,0,,0.0,0,,0.0,0,,0.0,0,,0.0,0,,0.0,0,,0.0,0,,0.0,0,,0.0,0,,0.0,0,,0.0,0,,0.0,0,,0.0,0,,0.0,0,,0.0,0,,0.0,0,,0.0,1,,0.0,0,,0.0,0,,0.0,0,,0.0,0,,0.0,0,,0.0,0,,0.0,0,,0.0,0,,0.0,0,,0.0,0,,0.0,0,,0.0,1,,0.0,0,,0.0,0,,0.0,0,,0.0,0,,0.0,0,,0.0,0,,0.0,0,,0.0,1,,0.0,0,,0.0,0,,0.0,0,,0.0,0,,0.0,3.333333333,,0.0,4,,0.0,3,,0.0,0.0,,0.0,0,,0.0,-1,,0.0,999,,0.0,999,,0.0,1,,0.0,2,,0.0,-1,,0.0
Ritual456,0,,0.0,0,,0.0,0,,0.0,0,,0.0,0,,0.0,0,,0.0,0,,0.0,0,,0.0,0,,0.0,0,,0.0,0,,0.0,0,,0.0,1,,0.0,0,,0.0,0,,0.0,2,,0.0,3,,0.0,0,,0.0,0,,0.0,0,,0.0,0,,0.0,1,,0.0,0,,0.0,0,,0.0,0,,0.0,999,,0.0,5,,0.0,1,,0.0,1,,0.0,1,,0.0,1,,0.0,0,,0.0,0,,0.0,0,,0.0,0,,0.0,1,,0.0,0,,0.0,0,,0.0,0,,0.0,0,,0.0,0,,0.0,0,,0.0,0,,0.0,0,,0.0,0,,0.0,0,,0.0,0,,0.0,0,,0.0,0,,0.0,0,,0.0,0,,0.0,0,,0.0,0,,0.0,0,,0.0,0,,0.0,0,,0.0,0,,0.0,0,,0.0,0,,0.0,0,,0.0,0,,0.0,0,,0.0,0,,0.0,0,,0.0,0,,0.0,0,,0.0,0,,0.0,1,,0.0,0,,0.0,0,,0.0,0,,0.0,0,,0.0,0,,0.0,0,,0.0,0,,0.0,1,,0.0,1,,0.0,0,,0.0,0,,0.0,0,,0.0,0,,0.0,0,,0.0,0,,0.0,0,,0.0,0,,0.0,0,,0.0,0,,0.0,0,,0.0,0,,0.0,0,,0.0,0,,0.0,0,,0.0,0,,0.0,0,,0.0,0,,0.0,0,,0.0,0,,0.0,0,,0.0,0,,0.0,0,,0.0,0,,0.0,0,,0.0,0,,0.0,0,,0.0,4.0,,0.0,3,,0.0,3,,0.0,1.0,,0.0,1,,0.0,7,,0.0,999,,0.0,3,,0.0,1,,0.0,2,,0.0,-1,,0.0
Ritual457,0,,0.0,0,,0.0,0,,0.0,0,,0.0,0,,0.0,0,,0.0,0,,0.0,0,,0.0,0,,0.0,0,,0.0,0,,0.0,0,,0.0,1,,0.0,0,,0.0,0,,0.0,2,,0.0,3,,0.0,0,,0.0,0,,0.0,0,,0.0,0,,0.0,1,,0.0,0,,0.0,0,,0.0,0,,0.0,999,,0.0,5,,0.0,1,,0.0,0,,0.0,1,,0.0,0,,0.0,0,,0.0,0,,0.0,0,,0.0,0,,0.0,1,,0.0,0,,0.0,0,,0.0,0,,0.0,0,,0.0,0,,0.0,0,,0.0,0,,0.0,0,,0.0,0,,0.0,0,,0.0,0,,0.0,0,,0.0,0,,0.0,0,,0.0,0,,0.0,0,,0.0,0,,0.0,0,,0.0,0,,0.0,0,,0.0,0,,0.0,0,,0.0,0,,0.0,0,,0.0,0,,0.0,0,,0.0,0,,0.0,0,,0.0,0,,0.0,0,,0.0,0,,0.0,0,,0.0,0,,0.0,0,,0.0,0,,0.0,0,,0.0,0,,0.0,0,,0.0,0,,0.0,1,,0.0,0,,0.0,0,,0.0,0,,0.0,0,,0.0,0,,0.0,0,,0.0,0,,0.0,0,,0.0,0,,0.0,0,,0.0,0,,0.0,0,,0.0,0,,0.0,0,,0.0,0,,0.0,0,,0.0,0,,0.0,0,,0.0,0,,0.0,0,,0.0,0,,0.0,0,,0.0,0,,0.0,0,,0.0,0,,0.0,0,,0.0,0,,0.0,0,,0.0,1.666666667,,0.0,3,,0.0,1,,0.0,0.0,,0.0,0,,0.0,-1,,0.0,999,,0.0,3,,0.0,1,,0.0,2,,0.0,-1,,0.0
Ritual458,0,,0.0,0,,0.0,0,,0.0,0,,0.0,0,,0.0,0,,0.0,0,,0.0,0,,0.0,0,,0.0,0,,0.0,0,,0.0,0,,0.0,1,,0.0,0,,0.0,0,,0.0,2,,0.0,3,,0.0,0,,0.0,0,,0.0,0,,0.0,0,,0.0,1,,0.0,0,,0.0,0,,0.0,0,,0.0,999,,0.0,5,,0.0,0,,0.0,1,,0.0,0,,0.0,0,,0.0,0,,0.0,0,,0.0,0,,0.0,0,,0.0,1,,0.0,0,,0.0,0,,0.0,0,,0.0,0,,0.0,0,,0.0,0,,0.0,0,,0.0,0,,0.0,0,,0.0,0,,0.0,0,,0.0,0,,0.0,0,,0.0,0,,0.0,0,,0.0,0,,0.0,0,,0.0,0,,0.0,0,,0.0,0,,0.0,0,,0.0,0,,0.0,0,,0.0,0,,0.0,0,,0.0,0,,0.0,0,,0.0,0,,0.0,0,,0.0,0,,0.0,0,,0.0,0,,0.0,0,,0.0,0,,0.0,0,,0.0,0,,0.0,0,,0.0,0,,0.0,0,,0.0,1,,0.0,0,,0.0,0,,0.0,0,,0.0,0,,0.0,0,,0.0,0,,0.0,0,,0.0,0,,0.0,0,,0.0,0,,0.0,0,,0.0,0,,0.0,0,,0.0,0,,0.0,0,,0.0,0,,0.0,0,,0.0,0,,0.0,0,,0.0,0,,0.0,0,,0.0,0,,0.0,0,,0.0,0,,0.0,0,,0.0,0,,0.0,0,,0.0,0,,0.0,2.666666667,,0.0,3,,0.0,3,,0.0,0.0,,0.0,0,,0.0,-1,,0.0,999,,0.0,3,,0.0,1,,0.0,2,,0.0,-1,,0.0
Ritual459,0,,0.0,0,,0.0,0,,0.0,0,,0.0,0,,0.0,0,,0.0,0,,0.0,0,,0.0,0,,0.0,0,,0.0,0,,0.0,0,,0.0,1,,0.0,0,,0.0,0,,0.0,1,,0.0,3,,0.0,0,,0.0,0,,0.0,0,,0.0,1,,0.0,0,,0.0,0,,0.0,0,,0.0,0,,0.0,999,,0.0,5,,0.0,0,,0.0,0,,0.0,0,,0.0,0,,0.0,0,,0.0,0,,0.0,0,,0.0,0,,0.0,0,,0.0,0,,0.0,0,,0.0,0,,0.0,0,,0.0,0,,0.0,0,,0.0,0,,0.0,0,,0.0,0,,0.0,0,,0.0,0,,0.0,0,,0.0,0,,0.0,0,,0.0,0,,0.0,0,,0.0,0,,0.0,0,,0.0,0,,0.0,0,,0.0,0,,0.0,0,,0.0,0,,0.0,0,,0.0,0,,0.0,0,,0.0,0,,0.0,0,,0.0,0,,0.0,0,,0.0,0,,0.0,0,,0.0,0,,0.0,0,,0.0,0,,0.0,0,,0.0,0,,0.0,0,,0.0,0,,0.0,0,,0.0,0,,0.0,0,,0.0,0,,0.0,0,,0.0,0,,0.0,0,,0.0,0,,0.0,0,,0.0,0,,0.0,0,,0.0,0,,0.0,1,,0.0,0,,0.0,0,,0.0,0,,0.0,0,,0.0,0,,0.0,0,,0.0,0,,0.0,0,,0.0,0,,0.0,0,,0.0,0,,0.0,0,,0.0,0,,0.0,0,,0.0,0,,0.0,0,,0.0,1.0,,0.0,1,,0.0,7,,0.0,0.0,,0.0,0,,0.0,-1,,0.0,1,,0.0,3,,0.0,1,,0.0,2,,0.0,-1,,0.0
Ritual460,0,,0.0,0,,0.0,0,,0.0,0,,0.0,0,,0.0,0,,0.0,0,,0.0,0,,0.0,0,,0.0,0,,0.0,0,,0.0,0,,0.0,1,,0.0,0,,0.0,0,,0.0,2,,0.0,3,,0.0,0,,0.0,0,,0.0,0,,0.0,1,,0.0,0,,0.0,0,,0.0,0,,0.0,0,,0.0,5,,0.0,5,,0.0,0,,0.0,1,,0.0,0,,0.0,0,,0.0,0,,0.0,0,,0.0,0,,0.0,0,,0.0,1,,0.0,0,,0.0,0,,0.0,0,,0.0,0,,0.0,0,,0.0,0,,0.0,0,,0.0,0,,0.0,0,,0.0,0,,0.0,0,,0.0,0,,0.0,0,,0.0,0,,0.0,0,,0.0,0,,0.0,0,,0.0,0,,0.0,0,,0.0,0,,0.0,0,,0.0,0,,0.0,0,,0.0,0,,0.0,0,,0.0,0,,0.0,0,,0.0,0,,0.0,0,,0.0,0,,0.0,0,,0.0,0,,0.0,0,,0.0,0,,0.0,0,,0.0,0,,0.0,0,,0.0,0,,0.0,0,,0.0,1,,0.0,0,,0.0,0,,0.0,0,,0.0,0,,0.0,0,,0.0,0,,0.0,0,,0.0,0,,0.0,0,,0.0,0,,0.0,0,,0.0,0,,0.0,0,,0.0,0,,0.0,0,,0.0,0,,0.0,0,,0.0,0,,0.0,0,,0.0,0,,0.0,0,,0.0,0,,0.0,0,,0.0,0,,0.0,0,,0.0,0,,0.0,0,,0.0,0,,0.0,1.666666667,,0.0,2,,0.0,7,,0.0,0.0,,0.0,_,,0.0,-1,,0.0,999,,0.0,999,,0.0,1,,0.0,2,,0.0,-1,,0.0
Ritual461,0,,0.0,0,,0.0,0,,0.0,0,,0.0,0,,0.0,0,,0.0,0,,0.0,0,,0.0,0,,0.0,0,,0.0,0,,0.0,1,,0.0,0,,0.0,0,,0.0,0,,0.0,2,,0.0,3,,0.0,0,,0.0,0,,0.0,0,,0.0,1,,0.0,0,,0.0,0,,0.0,0,,0.0,0,,0.0,999,,0.0,5,,0.0,0,,0.0,1,,0.0,0,,0.0,0,,0.0,0,,0.0,0,,0.0,0,,0.0,0,,0.0,0,,0.0,0,,0.0,0,,0.0,0,,0.0,0,,0.0,0,,0.0,0,,0.0,0,,0.0,0,,0.0,0,,0.0,0,,0.0,0,,0.0,0,,0.0,0,,0.0,0,,0.0,0,,0.0,0,,0.0,0,,0.0,0,,0.0,0,,0.0,0,,0.0,0,,0.0,0,,0.0,0,,0.0,0,,0.0,0,,0.0,0,,0.0,0,,0.0,0,,0.0,0,,0.0,0,,0.0,0,,0.0,0,,0.0,0,,0.0,0,,0.0,0,,0.0,0,,0.0,0,,0.0,0,,0.0,0,,0.0,1,,0.0,0,,0.0,1,,0.0,0,,0.0,0,,0.0,1,,0.0,0,,0.0,0,,0.0,0,,0.0,0,,0.0,0,,0.0,0,,0.0,1,,0.0,0,,0.0,1,,0.0,0,,0.0,0,,0.0,0,,0.0,0,,0.0,0,,0.0,0,,0.0,0,,0.0,0,,0.0,0,,0.0,0,,0.0,0,,0.0,0,,0.0,0,,0.0,0,,0.0,1.0,,0.0,0,,0.0,7,,0.0,2.666666667,,0.0,2,,0.0,3,,0.0,999,,0.0,999,,0.0,1,,0.0,2,,0.0,-1,,0.0
Ritual462,0,,0.0,0,,0.0,0,,0.0,0,,0.0,0,,0.0,0,,0.0,0,,0.0,0,,0.0,0,,0.0,0,,0.0,0,,0.0,1,,0.0,0,,0.0,0,,0.0,0,,0.0,2,,0.0,3,,0.0,0,,0.0,0,,0.0,0,,0.0,0,,0.0,1,,0.0,0,,0.0,0,,0.0,0,,0.0,7,,0.0,6,,0.0,1,,0.0,1,,0.0,1,,0.0,0,,0.0,0,,0.0,0,,0.0,1,,0.0,0,,0.0,1,,0.0,0,,0.0,0,,0.0,0,,0.0,0,,0.0,0,,0.0,0,,0.0,0,,0.0,0,,0.0,0,,0.0,0,,0.0,0,,0.0,0,,0.0,0,,0.0,0,,0.0,0,,0.0,0,,0.0,0,,0.0,0,,0.0,0,,0.0,0,,0.0,0,,0.0,0,,0.0,0,,0.0,0,,0.0,0,,0.0,0,,0.0,0,,0.0,0,,0.0,0,,0.0,0,,0.0,0,,0.0,1,,0.0,0,,0.0,0,,0.0,0,,0.0,0,,0.0,0,,0.0,0,,0.0,0,,0.0,0,,0.0,0,,0.0,0,,0.0,0,,0.0,0,,0.0,0,,0.0,0,,0.0,0,,0.0,0,,0.0,0,,0.0,0,,0.0,0,,0.0,0,,0.0,0,,0.0,0,,0.0,0,,0.0,0,,0.0,0,,0.0,0,,0.0,0,,0.0,0,,0.0,0,,0.0,1,,0.0,0,,0.0,0,,0.0,0,,0.0,0,,0.0,0,,0.0,0,,0.0,3.333333333,,0.0,3,,0.0,7,,0.0,3.666666667,,0.0,3,,0.0,1,,0.0,999,,0.0,999,,0.0,1,,0.0,2,,0.0,-1,,0.0
Ritual463,0,,0.0,0,,0.0,0,,0.0,0,,0.0,0,,0.0,0,,0.0,0,,0.0,0,,0.0,0,,0.0,0,,0.0,0,,0.0,1,,0.0,0,,0.0,0,,0.0,0,,0.0,2,,0.0,3,,0.0,0,,0.0,0,,0.0,0,,0.0,1,,0.0,0,,0.0,0,,0.0,0,,0.0,0,,0.0,7,,0.0,6,,0.0,0,,0.0,1,,0.0,1,,0.0,1,,0.0,0,,0.0,0,,0.0,0,,0.0,0,,0.0,1,,0.0,0,,0.0,0,,0.0,0,,0.0,0,,0.0,0,,0.0,0,,0.0,0,,0.0,0,,0.0,0,,0.0,0,,0.0,0,,0.0,0,,0.0,0,,0.0,0,,0.0,0,,0.0,0,,0.0,0,,0.0,0,,0.0,0,,0.0,0,,0.0,0,,0.0,0,,0.0,0,,0.0,0,,0.0,0,,0.0,0,,0.0,0,,0.0,0,,0.0,0,,0.0,0,,0.0,0,,0.0,0,,0.0,0,,0.0,0,,0.0,0,,0.0,0,,0.0,0,,0.0,0,,0.0,0,,0.0,0,,0.0,0,,0.0,0,,0.0,0,,0.0,0,,0.0,0,,0.0,0,,0.0,0,,0.0,0,,0.0,0,,0.0,0,,0.0,0,,0.0,1,,0.0,0,,0.0,0,,0.0,0,,0.0,0,,0.0,0,,0.0,0,,0.0,0,,0.0,0,,0.0,0,,0.0,0,,0.0,0,,0.0,0,,0.0,0,,0.0,0,,0.0,0,,0.0,0,,0.0,1.666666667,,0.0,1,,0.0,7,,0.0,3.0,,0.0,3,,0.0,7,,0.0,999,,0.0,999,,0.0,1,,0.0,2,,0.0,-1,,0.0
Ritual464,0,,0.0,0,,0.0,0,,0.0,0,,0.0,0,,0.0,0,,0.0,0,,0.0,0,,0.0,0,,0.0,0,,0.0,0,,0.0,1,,0.0,0,,0.0,0,,0.0,0,,0.0,4,,0.0,3,,0.0,0,,0.0,1,,0.0,0,,0.0,1,,0.0,0,,0.0,0,,0.0,0,,0.0,0,,0.0,999,,0.0,6,,0.0,0,,0.0,0,,0.0,0,,0.0,0,,0.0,0,,0.0,0,,0.0,0,,0.0,0,,0.0,0,,0.0,0,,0.0,0,,0.0,0,,0.0,0,,0.0,0,,0.0,1,,0.0,0,,0.0,0,,0.0,0,,0.0,0,,0.0,0,,0.0,1,,0.0,0,,0.0,0,,0.0,0,,0.0,0,,0.0,0,,0.0,0,,0.0,0,,0.0,0,,0.0,0,,0.0,0,,0.0,0,,0.0,0,,0.0,0,,0.0,0,,0.0,0,,0.0,0,,0.0,0,,0.0,0,,0.0,0,,0.0,0,,0.0,0,,0.0,0,,0.0,0,,0.0,0,,0.0,0,,0.0,0,,0.0,0,,0.0,1,,0.0,0,,0.0,0,,0.0,0,,0.0,0,,0.0,0,,0.0,0,,0.0,0,,0.0,0,,0.0,0,,0.0,0,,0.0,0,,0.0,1,,0.0,0,,0.0,0,,0.0,0,,0.0,0,,0.0,0,,0.0,1,,0.0,0,,0.0,0,,0.0,0,,0.0,0,,0.0,0,,0.0,1,,0.0,0,,0.0,0,,0.0,0,,0.0,0,,0.0,3.666666667,,0.0,2,,0.0,7,,0.0,0.0,,0.0,0,,0.0,-1,,0.0,999,,0.0,3,,0.0,1,,0.0,2,,0.0,-1,,0.0
Ritual465,0,,0.0,0,,0.0,0,,0.0,0,,0.0,0,,0.0,0,,0.0,0,,0.0,0,,0.0,0,,0.0,0,,0.0,0,,0.0,1,,0.0,0,,0.0,0,,0.0,0,,0.0,1,,0.0,3,,0.0,0,,0.0,1,,0.0,0,,0.0,1,,0.0,0,,0.0,0,,0.0,0,,0.0,0,,0.0,999,,0.0,4,,0.0,0,,0.0,0,,0.0,0,,0.0,0,,0.0,0,,0.0,0,,0.0,0,,0.0,0,,0.0,0,,0.0,0,,0.0,0,,0.0,0,,0.0,0,,0.0,0,,0.0,0,,0.0,0,,0.0,0,,0.0,0,,0.0,0,,0.0,0,,0.0,0,,0.0,0,,0.0,0,,0.0,0,,0.0,0,,0.0,0,,0.0,0,,0.0,0,,0.0,0,,0.0,0,,0.0,0,,0.0,0,,0.0,0,,0.0,0,,0.0,0,,0.0,0,,0.0,0,,0.0,0,,0.0,0,,0.0,0,,0.0,0,,0.0,0,,0.0,0,,0.0,0,,0.0,0,,0.0,0,,0.0,0,,0.0,0,,0.0,1,,0.0,0,,0.0,0,,0.0,0,,0.0,0,,0.0,0,,0.0,0,,0.0,0,,0.0,0,,0.0,0,,0.0,0,,0.0,0,,0.0,1,,0.0,0,,0.0,0,,0.0,0,,0.0,0,,0.0,0,,0.0,0,,0.0,0,,0.0,0,,0.0,0,,0.0,0,,0.0,0,,0.0,0,,0.0,0,,0.0,0,,0.0,0,,0.0,0,,0.0,1.0,,0.0,1,,0.0,7,,0.0,0.0,,0.0,0,,0.0,-1,,0.0,999,,0.0,3,,0.0,1,,0.0,2,,0.0,-1,,0.0
Ritual466,0,,0.0,0,,0.0,0,,0.0,0,,0.0,0,,0.0,0,,0.0,0,,0.0,0,,0.0,0,,0.0,0,,0.0,0,,0.0,0,,0.0,0,,0.0,0,,0.0,0,,0.0,2,,0.0,3,,0.0,0,,0.0,0,,0.0,0,,0.0,1,,0.0,0,,0.0,0,,0.0,0,,0.0,0,,0.0,999,,0.0,4,,0.0,1,,0.0,1,,0.0,1,,0.0,0,,0.0,0,,0.0,1,,0.0,0,,0.0,0,,0.0,0,,0.0,0,,0.0,0,,0.0,0,,0.0,0,,0.0,0,,0.0,0,,0.0,0,,0.0,0,,0.0,0,,0.0,0,,0.0,0,,0.0,0,,0.0,0,,0.0,0,,0.0,0,,0.0,0,,0.0,0,,0.0,0,,0.0,0,,0.0,0,,0.0,0,,0.0,0,,0.0,0,,0.0,0,,0.0,0,,0.0,0,,0.0,0,,0.0,0,,0.0,0,,0.0,0,,0.0,0,,0.0,1,,0.0,0,,0.0,0,,0.0,0,,0.0,0,,0.0,0,,0.0,0,,0.0,0,,0.0,0,,0.0,0,,0.0,0,,0.0,0,,0.0,0,,0.0,0,,0.0,0,,0.0,0,,0.0,0,,0.0,0,,0.0,0,,0.0,0,,0.0,0,,0.0,0,,0.0,0,,0.0,0,,0.0,0,,0.0,0,,0.0,0,,0.0,0,,0.0,0,,0.0,0,,0.0,0,,0.0,0,,0.0,0,,0.0,0,,0.0,0,,0.0,0,,0.0,0,,0.0,3.333333333,,0.0,3,,0.0,7,,0.0,0.0,,0.0,0,,0.0,-1,,0.0,999,,0.0,999,,0.0,1,,0.0,2,,0.0,-1,,0.0
Ritual467,0,,0.0,0,,0.0,0,,0.0,1,,0.0,0,,0.0,0,,0.0,0,,0.0,0,,0.0,0,,0.0,0,,0.0,0,,0.0,0,,0.0,0,,0.0,0,,0.0,0,,0.0,3,,0.0,3,,0.0,0,,0.0,0,,0.0,0,,0.0,0,,0.0,1,,0.0,0,,0.0,0,,0.0,0,,0.0,999,,0.0,6,,0.0,0,,0.0,1,,0.0,0,,0.0,0,,0.0,0,,0.0,0,,0.0,0,,0.0,0,,0.0,0,,0.0,0,,0.0,0,,0.0,0,,0.0,0,,0.0,0,,0.0,0,,0.0,0,,0.0,0,,0.0,0,,0.0,0,,0.0,0,,0.0,0,,0.0,0,,0.0,0,,0.0,0,,0.0,0,,0.0,0,,0.0,0,,0.0,0,,0.0,0,,0.0,0,,0.0,0,,0.0,0,,0.0,0,,0.0,0,,0.0,0,,0.0,0,,0.0,0,,0.0,0,,0.0,0,,0.0,0,,0.0,0,,0.0,0,,0.0,0,,0.0,0,,0.0,0,,0.0,0,,0.0,0,,0.0,0,,0.0,0,,0.0,0,,0.0,0,,0.0,0,,0.0,0,,0.0,0,,0.0,0,,0.0,0,,0.0,0,,0.0,0,,0.0,0,,0.0,0,,0.0,1,,0.0,0,,0.0,0,,0.0,0,,0.0,0,,0.0,0,,0.0,0,,0.0,0,,0.0,0,,0.0,0,,0.0,0,,0.0,0,,0.0,0,,0.0,0,,0.0,0,,0.0,0,,0.0,0,,0.0,1.333333333,,0.0,1,,0.0,7,,0.0,0.0,,0.0,0,,0.0,-1,,0.0,999,,0.0,999,,0.0,1,,0.0,2,,0.0,-1,,0.0
Ritual468a,0,,0.0,0,,0.0,0,,0.0,1,,0.0,0,,0.0,0,,0.0,0,,0.0,0,,0.0,0,,0.0,0,,0.0,0,,0.0,1,,0.0,0,,0.0,0,,0.0,0,,0.0,4,,0.0,3,,0.0,0,,0.0,0,,0.0,0,,0.0,0,,0.0,1,,0.0,0,,0.0,0,,0.0,0,,0.0,6,,0.0,6,,0.0,1,,0.0,1,,0.0,1,,0.0,0,,0.0,0,,0.0,1,,0.0,0,,0.0,0,,0.0,0,,0.0,0,,0.0,0,,0.0,0,,0.0,0,,0.0,0,,0.0,0,,0.0,0,,0.0,0,,0.0,0,,0.0,0,,0.0,0,,0.0,1,,0.0,1,,0.0,0,,0.0,0,,0.0,0,,0.0,0,,0.0,0,,0.0,0,,0.0,0,,0.0,0,,0.0,0,,0.0,0,,0.0,0,,0.0,0,,0.0,0,,0.0,0,,0.0,0,,0.0,0,,0.0,0,,0.0,1,,0.0,0,,0.0,0,,0.0,0,,0.0,0,,0.0,0,,0.0,0,,0.0,0,,0.0,0,,0.0,0,,0.0,1,,0.0,1,,0.0,0,,0.0,0,,0.0,1,,0.0,0,,0.0,1,,0.0,0,,0.0,0,,0.0,0,,0.0,0,,0.0,0,,0.0,0,,0.0,0,,0.0,0,,0.0,0,,0.0,0,,0.0,0,,0.0,0,,0.0,0,,0.0,0,,0.0,0,,0.0,1,,0.0,1,,0.0,0,,0.0,0,,0.0,0,,0.0,0,,0.0,4.666666667,,0.0,4,,0.0,7,,0.0,1.0,,0.0,0,,0.0,7,,0.0,4,,0.0,2,,0.0,1,,0.0,2,,0.0,-1,,0.0
Ritual468b,0,,0.0,0,,0.0,0,,0.0,1,,0.0,0,,0.0,0,,0.0,0,,0.0,0,,0.0,0,,0.0,0,,0.0,0,,0.0,1,,0.0,0,,0.0,0,,0.0,0,,0.0,4,,0.0,3,,0.0,0,,0.0,0,,0.0,0,,0.0,0,,0.0,1,,0.0,0,,0.0,0,,0.0,0,,0.0,6,,0.0,6,,0.0,1,,0.0,1,,0.0,1,,0.0,0,,0.0,0,,0.0,1,,0.0,0,,0.0,0,,0.0,0,,0.0,0,,0.0,0,,0.0,0,,0.0,0,,0.0,0,,0.0,0,,0.0,0,,0.0,0,,0.0,0,,0.0,0,,0.0,0,,0.0,1,,0.0,1,,0.0,0,,0.0,0,,0.0,0,,0.0,0,,0.0,0,,0.0,0,,0.0,0,,0.0,0,,0.0,0,,0.0,0,,0.0,0,,0.0,0,,0.0,0,,0.0,0,,0.0,0,,0.0,0,,0.0,0,,0.0,1,,0.0,0,,0.0,0,,0.0,0,,0.0,0,,0.0,0,,0.0,0,,0.0,0,,0.0,0,,0.0,0,,0.0,1,,0.0,1,,0.0,0,,0.0,0,,0.0,1,,0.0,0,,0.0,1,,0.0,0,,0.0,0,,0.0,0,,0.0,0,,0.0,0,,0.0,0,,0.0,0,,0.0,0,,0.0,0,,0.0,0,,0.0,0,,0.0,0,,0.0,0,,0.0,0,,0.0,0,,0.0,1,,0.0,1,,0.0,0,,0.0,0,,0.0,0,,0.0,0,,0.0,4.666666667,,0.0,4,,0.0,7,,0.0,1.0,,0.0,0,,0.0,7,,0.0,4,,0.0,2,,0.0,1,,0.0,2,,0.0,-1,,0.0
Ritual468c,0,,0.0,0,,0.0,0,,0.0,1,,0.0,0,,0.0,0,,0.0,0,,0.0,0,,0.0,0,,0.0,0,,0.0,0,,0.0,1,,0.0,0,,0.0,0,,0.0,0,,0.0,4,,0.0,3,,0.0,0,,0.0,0,,0.0,0,,0.0,0,,0.0,1,,0.0,0,,0.0,0,,0.0,0,,0.0,6,,0.0,6,,0.0,1,,0.0,1,,0.0,1,,0.0,0,,0.0,0,,0.0,1,,0.0,0,,0.0,0,,0.0,0,,0.0,0,,0.0,0,,0.0,0,,0.0,0,,0.0,0,,0.0,0,,0.0,0,,0.0,0,,0.0,0,,0.0,0,,0.0,0,,0.0,1,,0.0,1,,0.0,0,,0.0,0,,0.0,0,,0.0,0,,0.0,0,,0.0,0,,0.0,0,,0.0,0,,0.0,0,,0.0,0,,0.0,0,,0.0,0,,0.0,0,,0.0,0,,0.0,0,,0.0,0,,0.0,0,,0.0,1,,0.0,0,,0.0,0,,0.0,0,,0.0,0,,0.0,0,,0.0,0,,0.0,0,,0.0,0,,0.0,0,,0.0,1,,0.0,1,,0.0,0,,0.0,0,,0.0,1,,0.0,0,,0.0,1,,0.0,0,,0.0,0,,0.0,0,,0.0,0,,0.0,0,,0.0,0,,0.0,0,,0.0,0,,0.0,0,,0.0,0,,0.0,0,,0.0,0,,0.0,0,,0.0,0,,0.0,0,,0.0,1,,0.0,1,,0.0,0,,0.0,0,,0.0,0,,0.0,0,,0.0,4.666666667,,0.0,4,,0.0,7,,0.0,1.0,,0.0,0,,0.0,7,,0.0,4,,0.0,2,,0.0,1,,0.0,2,,0.0,-1,,0.0
Ritual469,0,,0.0,0,,0.0,0,,0.0,0,,0.0,0,,0.0,0,,0.0,0,,0.0,0,,0.0,1,,0.0,0,,0.0,0,,0.0,0,,0.0,0,,0.0,0,,0.0,0,,0.0,2,,0.0,3,,0.0,0,,0.0,0,,0.0,0,,0.0,1,,0.0,0,,0.0,0,,0.0,0,,0.0,0,,0.0,999,,0.0,6,,0.0,0,,0.0,0,,0.0,0,,0.0,0,,0.0,0,,0.0,0,,0.0,0,,0.0,0,,0.0,0,,0.0,0,,0.0,0,,0.0,0,,0.0,0,,0.0,0,,0.0,0,,0.0,0,,0.0,0,,0.0,0,,0.0,0,,0.0,0,,0.0,0,,0.0,1,,0.0,0,,0.0,0,,0.0,0,,0.0,0,,0.0,0,,0.0,0,,0.0,0,,0.0,0,,0.0,0,,0.0,0,,0.0,0,,0.0,0,,0.0,0,,0.0,0,,0.0,0,,0.0,0,,0.0,0,,0.0,0,,0.0,0,,0.0,0,,0.0,0,,0.0,0,,0.0,0,,0.0,0,,0.0,0,,0.0,0,,0.0,0,,0.0,0,,0.0,0,,0.0,0,,0.0,0,,0.0,0,,0.0,0,,0.0,0,,0.0,0,,0.0,0,,0.0,0,,0.0,0,,0.0,0,,0.0,0,,0.0,0,,0.0,0,,0.0,0,,0.0,0,,0.0,0,,0.0,0,,0.0,0,,0.0,0,,0.0,0,,0.0,0,,0.0,0,,0.0,0,,0.0,0,,0.0,0,,0.0,0,,0.0,2.333333333,,0.0,1,,0.0,3,,0.0,2.666666667,,0.0,1,,0.0,3,,0.0,999,,0.0,999,,0.0,1,,0.0,2,,0.0,-1,,0.0
Ritual470,0,,0.0,0,,0.0,0,,0.0,0,,0.0,0,,0.0,0,,0.0,0,,0.0,0,,0.0,0,,0.0,0,,0.0,0,,0.0,1,,0.0,0,,0.0,0,,0.0,0,,0.0,1,,0.0,2,,0.0,0,,0.0,0,,0.0,0,,0.0,1,,0.0,0,,0.0,0,,0.0,0,,0.0,0,,0.0,999,,0.0,6,,0.0,0,,0.0,1,,0.0,0,,0.0,0,,0.0,0,,0.0,0,,0.0,0,,0.0,0,,0.0,0,,0.0,0,,0.0,0,,0.0,0,,0.0,0,,0.0,0,,0.0,0,,0.0,0,,0.0,0,,0.0,0,,0.0,0,,0.0,0,,0.0,0,,0.0,0,,0.0,0,,0.0,0,,0.0,0,,0.0,0,,0.0,0,,0.0,0,,0.0,0,,0.0,0,,0.0,0,,0.0,0,,0.0,0,,0.0,0,,0.0,0,,0.0,0,,0.0,0,,0.0,0,,0.0,0,,0.0,0,,0.0,0,,0.0,0,,0.0,0,,0.0,0,,0.0,0,,0.0,0,,0.0,0,,0.0,0,,0.0,0,,0.0,1,,0.0,1,,0.0,0,,0.0,0,,0.0,0,,0.0,0,,0.0,0,,0.0,0,,0.0,0,,0.0,0,,0.0,0,,0.0,0,,0.0,0,,0.0,0,,0.0,0,,0.0,0,,0.0,0,,0.0,0,,0.0,0,,0.0,0,,0.0,0,,0.0,0,,0.0,1,,0.0,1,,0.0,0,,0.0,0,,0.0,0,,0.0,0,,0.0,1.333333333,,0.0,2,,0.0,3,,0.0,1.333333333,,0.0,1,,0.0,3,,0.0,999,,0.0,999,,0.0,1,,0.0,2,,0.0,-1,,0.0
Ritual471,0,,0.0,0,,0.0,0,,0.0,0,,0.0,0,,0.0,0,,0.0,0,,0.0,0,,0.0,0,,0.0,0,,0.0,0,,0.0,1,,0.0,0,,0.0,0,,0.0,0,,0.0,2,,0.0,3,,0.0,0,,0.0,0,,0.0,0,,0.0,1,,0.0,0,,0.0,0,,0.0,0,,0.0,0,,0.0,7,,0.0,6,,0.0,0,,0.0,1,,0.0,0,,0.0,0,,0.0,0,,0.0,0,,0.0,0,,0.0,0,,0.0,0,,0.0,0,,0.0,0,,0.0,0,,0.0,0,,0.0,0,,0.0,0,,0.0,0,,0.0,0,,0.0,0,,0.0,0,,0.0,0,,0.0,1,,0.0,0,,0.0,0,,0.0,0,,0.0,0,,0.0,0,,0.0,0,,0.0,0,,0.0,0,,0.0,0,,0.0,0,,0.0,0,,0.0,0,,0.0,0,,0.0,0,,0.0,0,,0.0,0,,0.0,0,,0.0,0,,0.0,0,,0.0,0,,0.0,0,,0.0,0,,0.0,0,,0.0,0,,0.0,0,,0.0,0,,0.0,0,,0.0,0,,0.0,0,,0.0,0,,0.0,0,,0.0,0,,0.0,0,,0.0,0,,0.0,0,,0.0,0,,0.0,0,,0.0,0,,0.0,0,,0.0,0,,0.0,0,,0.0,0,,0.0,0,,0.0,0,,0.0,0,,0.0,0,,0.0,0,,0.0,0,,0.0,0,,0.0,0,,0.0,0,,0.0,1,,0.0,0,,0.0,0,,0.0,0,,0.0,0,,0.0,3.0,,0.0,2,,0.0,7,,0.0,0.0,,0.0,0,,0.0,-1,,0.0,999,,0.0,999,,0.0,1,,0.0,2,,0.0,-1,,0.0
Ritual472,0,,0.0,0,,0.0,0,,0.0,1,,0.0,0,,0.0,0,,0.0,0,,0.0,0,,0.0,0,,0.0,0,,0.0,0,,0.0,0,,0.0,0,,0.0,0,,0.0,0,,0.0,3,,0.0,3,,0.0,0,,0.0,0,,0.0,0,,0.0,1,,0.0,0,,0.0,0,,0.0,0,,0.0,0,,0.0,6,,0.0,5,,0.0,0,,0.0,1,,0.0,1,,0.0,0,,0.0,0,,0.0,0,,0.0,0,,0.0,0,,0.0,0,,0.0,0,,0.0,0,,0.0,0,,0.0,0,,0.0,1,,0.0,1,,0.0,0,,0.0,0,,0.0,0,,0.0,1,,0.0,0,,0.0,0,,0.0,0,,0.0,0,,0.0,0,,0.0,0,,0.0,0,,0.0,0,,0.0,0,,0.0,0,,0.0,0,,0.0,0,,0.0,0,,0.0,0,,0.0,0,,0.0,0,,0.0,0,,0.0,0,,0.0,0,,0.0,0,,0.0,0,,0.0,1,,0.0,0,,0.0,0,,0.0,0,,0.0,0,,0.0,0,,0.0,0,,0.0,0,,0.0,0,,0.0,0,,0.0,0,,0.0,0,,0.0,0,,0.0,0,,0.0,1,,0.0,0,,0.0,0,,0.0,0,,0.0,0,,0.0,0,,0.0,1,,0.0,0,,0.0,0,,0.0,0,,0.0,0,,0.0,0,,0.0,0,,0.0,0,,0.0,0,,0.0,0,,0.0,0,,0.0,1,,0.0,0,,0.0,0,,0.0,0,,0.0,0,,0.0,0,,0.0,4.0,,0.0,4,,0.0,7,,0.0,2.333333333,,0.0,1,,0.0,3,,0.0,4,,0.0,999,,0.0,1,,0.0,2,,0.0,-1,,0.0
Ritual473,0,,0.0,0,,0.0,0,,0.0,0,,0.0,0,,0.0,0,,0.0,1,,0.0,0,,0.0,0,,0.0,0,,0.0,0,,0.0,0,,0.0,0,,0.0,0,,0.0,0,,0.0,4,,0.0,3,,0.0,0,,0.0,1,,0.0,0,,0.0,1,,0.0,0,,0.0,0,,0.0,0,,0.0,1,,0.0,7,,0.0,6,,0.0,0,,0.0,1,,0.0,0,,0.0,0,,0.0,1,,0.0,0,,0.0,0,,0.0,0,,0.0,0,,0.0,0,,0.0,0,,0.0,0,,0.0,1,,0.0,1,,0.0,0,,0.0,0,,0.0,0,,0.0,0,,0.0,0,,0.0,0,,0.0,0,,0.0,0,,0.0,0,,0.0,0,,0.0,0,,0.0,0,,0.0,0,,0.0,0,,0.0,0,,0.0,0,,0.0,0,,0.0,0,,0.0,0,,0.0,0,,0.0,0,,0.0,0,,0.0,0,,0.0,0,,0.0,0,,0.0,0,,0.0,1,,0.0,0,,0.0,0,,0.0,0,,0.0,0,,0.0,0,,0.0,0,,0.0,0,,0.0,0,,0.0,0,,0.0,1,,0.0,0,,0.0,0,,0.0,1,,0.0,0,,0.0,0,,0.0,0,,0.0,0,,0.0,0,,0.0,0,,0.0,0,,0.0,0,,0.0,0,,0.0,0,,0.0,0,,0.0,0,,0.0,0,,0.0,0,,0.0,0,,0.0,0,,0.0,0,,0.0,1,,0.0,0,,0.0,0,,0.0,0,,0.0,0,,0.0,0,,0.0,2.666666667,,0.0,2,,0.0,2,,0.0,1.0,,0.0,1,,0.0,7,,0.0,2,,0.0,999,,0.0,1,,0.0,2,,0.0,-1,,0.0
Ritual474,0,,0.0,0,,0.0,0,,0.0,1,,0.0,0,,0.0,0,,0.0,0,,0.0,0,,0.0,0,,0.0,0,,0.0,0,,0.0,0,,0.0,0,,0.0,0,,0.0,0,,0.0,1,,0.0,3,,0.0,0,,0.0,1,,0.0,0,,0.0,1,,0.0,0,,0.0,0,,0.0,0,,0.0,0,,0.0,6,,0.0,5,,0.0,1,,0.0,1,,0.0,0,,0.0,0,,0.0,0,,0.0,0,,0.0,0,,0.0,0,,0.0,0,,0.0,0,,0.0,0,,0.0,0,,0.0,0,,0.0,0,,0.0,0,,0.0,0,,0.0,0,,0.0,0,,0.0,0,,0.0,0,,0.0,0,,0.0,0,,0.0,0,,0.0,0,,0.0,0,,0.0,0,,0.0,0,,0.0,0,,0.0,0,,0.0,0,,0.0,0,,0.0,0,,0.0,0,,0.0,0,,0.0,0,,0.0,0,,0.0,0,,0.0,0,,0.0,0,,0.0,0,,0.0,0,,0.0,0,,0.0,0,,0.0,0,,0.0,0,,0.0,0,,0.0,0,,0.0,0,,0.0,0,,0.0,0,,0.0,0,,0.0,0,,0.0,0,,0.0,0,,0.0,0,,0.0,0,,0.0,0,,0.0,0,,0.0,0,,0.0,0,,0.0,0,,0.0,0,,0.0,0,,0.0,0,,0.0,0,,0.0,0,,0.0,0,,0.0,0,,0.0,0,,0.0,0,,0.0,0,,0.0,0,,0.0,0,,0.0,0,,0.0,0,,0.0,0,,0.0,0,,0.0,1.666666667,,0.0,1,,0.0,2,,0.0,0.0,,0.0,0,,0.0,-1,,0.0,1,,0.0,999,,0.0,1,,0.0,2,,0.0,-1,,0.0
Ritual475,0,,0.0,0,,0.0,0,,0.0,1,,0.0,0,,0.0,0,,0.0,0,,0.0,0,,0.0,0,,0.0,0,,0.0,0,,0.0,0,,0.0,0,,0.0,0,,0.0,0,,0.0,2,,0.0,3,,0.0,0,,0.0,1,,0.0,0,,0.0,1,,0.0,0,,0.0,0,,0.0,0,,0.0,0,,0.0,6,,0.0,6,,0.0,0,,0.0,1,,0.0,0,,0.0,0,,0.0,0,,0.0,0,,0.0,0,,0.0,0,,0.0,1,,0.0,0,,0.0,0,,0.0,0,,0.0,0,,0.0,1,,0.0,0,,0.0,0,,0.0,0,,0.0,0,,0.0,0,,0.0,0,,0.0,0,,0.0,0,,0.0,0,,0.0,0,,0.0,0,,0.0,0,,0.0,0,,0.0,0,,0.0,0,,0.0,0,,0.0,0,,0.0,0,,0.0,0,,0.0,0,,0.0,0,,0.0,0,,0.0,0,,0.0,0,,0.0,0,,0.0,0,,0.0,0,,0.0,0,,0.0,0,,0.0,0,,0.0,0,,0.0,0,,0.0,0,,0.0,0,,0.0,1,,0.0,1,,0.0,0,,0.0,0,,0.0,0,,0.0,0,,0.0,0,,0.0,0,,0.0,0,,0.0,0,,0.0,0,,0.0,0,,0.0,1,,0.0,0,,0.0,0,,0.0,0,,0.0,0,,0.0,0,,0.0,0,,0.0,0,,0.0,0,,0.0,0,,0.0,0,,0.0,0,,0.0,0,,0.0,0,,0.0,0,,0.0,0,,0.0,0,,0.0,2.0,,0.0,1,,0.0,2,,0.0,0.0,,0.0,0,,0.0,-1,,0.0,2,,0.0,3,,0.0,1,,0.0,2,,0.0,-1,,0.0
Ritual476,0,,0.0,0,,0.0,0,,0.0,0,,0.0,0,,0.0,0,,0.0,0,,0.0,0,,0.0,1,,0.0,0,,0.0,0,,0.0,0,,0.0,0,,0.0,0,,0.0,0,,0.0,1,,0.0,3,,0.0,0,,0.0,1,,0.0,0,,0.0,1,,0.0,0,,0.0,0,,0.0,0,,0.0,0,,0.0,6,,0.0,5,,0.0,0,,0.0,1,,0.0,0,,0.0,0,,0.0,0,,0.0,0,,0.0,0,,0.0,0,,0.0,0,,0.0,0,,0.0,0,,0.0,0,,0.0,0,,0.0,1,,0.0,1,,0.0,0,,0.0,0,,0.0,0,,0.0,0,,0.0,0,,0.0,0,,0.0,0,,0.0,0,,0.0,0,,0.0,0,,0.0,0,,0.0,0,,0.0,0,,0.0,0,,0.0,0,,0.0,0,,0.0,0,,0.0,0,,0.0,0,,0.0,0,,0.0,0,,0.0,0,,0.0,0,,0.0,0,,0.0,0,,0.0,0,,0.0,0,,0.0,0,,0.0,0,,0.0,0,,0.0,0,,0.0,0,,0.0,0,,0.0,0,,0.0,0,,0.0,0,,0.0,0,,0.0,0,,0.0,0,,0.0,0,,0.0,0,,0.0,0,,0.0,0,,0.0,0,,0.0,0,,0.0,1,,0.0,0,,0.0,0,,0.0,0,,0.0,0,,0.0,0,,0.0,0,,0.0,0,,0.0,0,,0.0,0,,0.0,0,,0.0,0,,0.0,0,,0.0,0,,0.0,0,,0.0,0,,0.0,0,,0.0,2.0,,0.0,1,,0.0,2,,0.0,0.0,,0.0,0,,0.0,-1,,0.0,2,,0.0,2,,0.0,1,,0.0,2,,0.0,-1,,0.0
Ritual477,0,,0.0,0,,0.0,0,,0.0,1,,0.0,0,,0.0,0,,0.0,0,,0.0,0,,0.0,0,,0.0,0,,0.0,0,,0.0,0,,0.0,0,,0.0,0,,0.0,0,,0.0,4,,0.0,3,,0.0,0,,0.0,0,,0.0,0,,0.0,1,,0.0,0,,0.0,0,,0.0,0,,0.0,0,,0.0,6,,0.0,6,,0.0,0,,0.0,1,,0.0,1,,0.0,0,,0.0,0,,0.0,0,,0.0,0,,0.0,0,,0.0,0,,0.0,0,,0.0,0,,0.0,0,,0.0,1,,0.0,1,,0.0,0,,0.0,0,,0.0,0,,0.0,0,,0.0,0,,0.0,0,,0.0,0,,0.0,0,,0.0,0,,0.0,0,,0.0,0,,0.0,0,,0.0,0,,0.0,0,,0.0,0,,0.0,0,,0.0,0,,0.0,0,,0.0,0,,0.0,0,,0.0,1,,0.0,0,,0.0,0,,0.0,0,,0.0,0,,0.0,0,,0.0,1,,0.0,0,,0.0,0,,0.0,0,,0.0,0,,0.0,0,,0.0,0,,0.0,0,,0.0,0,,0.0,1,,0.0,0,,0.0,0,,0.0,0,,0.0,1,,0.0,0,,0.0,0,,0.0,0,,0.0,0,,0.0,0,,0.0,0,,0.0,1,,0.0,0,,0.0,0,,0.0,0,,0.0,0,,0.0,0,,0.0,0,,0.0,0,,0.0,0,,0.0,0,,0.0,0,,0.0,0,,0.0,0,,0.0,0,,0.0,0,,0.0,0,,0.0,0,,0.0,1.666666667,,0.0,1,,0.0,7,,0.0,3.666666667,,0.0,2,,0.0,2,,0.0,3,,0.0,999,,0.0,1,,0.0,2,,0.0,-1,,0.0
Ritual478,0,,0.0,0,,0.0,0,,0.0,0,,0.0,0,,0.0,0,,0.0,1,,0.0,0,,0.0,0,,0.0,0,,0.0,0,,0.0,0,,0.0,0,,0.0,0,,0.0,0,,0.0,4,,0.0,1,,0.0,0,,0.0,0,,0.0,0,,0.0,0,,0.0,1,,0.0,0,,0.0,0,,0.0,0,,0.0,7,,0.0,6,,0.0,0,,0.0,0,,0.0,0,,0.0,0,,0.0,1,,0.0,0,,0.0,0,,0.0,0,,0.0,1,,0.0,0,,0.0,0,,0.0,0,,0.0,0,,0.0,0,,0.0,0,,0.0,0,,0.0,0,,0.0,0,,0.0,0,,0.0,0,,0.0,0,,0.0,0,,0.0,0,,0.0,0,,0.0,0,,0.0,0,,0.0,0,,0.0,0,,0.0,1,,0.0,0,,0.0,0,,0.0,0,,0.0,0,,0.0,0,,0.0,0,,0.0,0,,0.0,0,,0.0,0,,0.0,1,,0.0,0,,0.0,1,,0.0,0,,0.0,0,,0.0,1,,0.0,1,,0.0,0,,0.0,0,,0.0,0,,0.0,0,,0.0,1,,0.0,1,,0.0,0,,0.0,1,,0.0,1,,0.0,0,,0.0,0,,0.0,0,,0.0,0,,0.0,0,,0.0,0,,0.0,0,,0.0,0,,0.0,0,,0.0,0,,0.0,1,,0.0,0,,0.0,0,,0.0,0,,0.0,0,,0.0,0,,0.0,0,,0.0,0,,0.0,0,,0.0,0,,0.0,0,,0.0,0,,0.0,0,,0.0,0.0,,0.0,0,,0.0,-1,,0.0,4.333333333,,0.0,5,,0.0,2,,0.0,5,,0.0,1,,0.0,1,,0.0,2,,0.0,-1,,0.0
Ritual479,0,,0.0,0,,0.0,0,,0.0,0,,0.0,0,,0.0,0,,0.0,1,,0.0,0,,0.0,0,,0.0,0,,0.0,0,,0.0,0,,0.0,0,,0.0,0,,0.0,0,,0.0,4,,0.0,3,,0.0,0,,0.0,0,,0.0,0,,0.0,0,,0.0,1,,0.0,0,,0.0,0,,0.0,0,,0.0,7,,0.0,6,,0.0,1,,0.0,0,,0.0,1,,0.0,0,,0.0,0,,0.0,0,,0.0,0,,0.0,0,,0.0,1,,0.0,0,,0.0,0,,0.0,1,,0.0,0,,0.0,1,,0.0,0,,0.0,0,,0.0,0,,0.0,0,,0.0,0,,0.0,0,,0.0,0,,0.0,0,,0.0,0,,0.0,0,,0.0,0,,0.0,0,,0.0,0,,0.0,0,,0.0,0,,0.0,0,,0.0,0,,0.0,0,,0.0,0,,0.0,0,,0.0,0,,0.0,0,,0.0,0,,0.0,0,,0.0,0,,0.0,0,,0.0,0,,0.0,0,,0.0,0,,0.0,1,,0.0,0,,0.0,0,,0.0,0,,0.0,0,,0.0,0,,0.0,0,,0.0,0,,0.0,0,,0.0,0,,0.0,1,,0.0,0,,0.0,0,,0.0,0,,0.0,0,,0.0,0,,0.0,0,,0.0,0,,0.0,0,,0.0,0,,0.0,0,,0.0,1,,0.0,0,,0.0,0,,0.0,0,,0.0,0,,0.0,0,,0.0,0,,0.0,1,,0.0,0,,0.0,0,,0.0,0,,0.0,0,,0.0,0,,0.0,2.0,,0.0,3,,0.0,7,,0.0,3.666666667,,0.0,3,,0.0,2,,0.0,3,,0.0,999,,0.0,1,,0.0,2,,0.0,-1,,0.0
Ritual480,0,,0.0,0,,0.0,0,,0.0,0,,0.0,0,,0.0,0,,0.0,0,,0.0,0,,0.0,0,,0.0,0,,0.0,0,,0.0,1,,0.0,0,,0.0,0,,0.0,0,,0.0,1,,0.0,3,,0.0,0,,0.0,0,,0.0,0,,0.0,1,,0.0,0,,0.0,0,,0.0,0,,0.0,0,,0.0,7,,0.0,6,,0.0,0,,0.0,0,,0.0,0,,0.0,0,,0.0,0,,0.0,0,,0.0,0,,0.0,0,,0.0,0,,0.0,0,,0.0,0,,0.0,0,,0.0,0,,0.0,0,,0.0,0,,0.0,0,,0.0,0,,0.0,0,,0.0,0,,0.0,0,,0.0,0,,0.0,0,,0.0,0,,0.0,0,,0.0,0,,0.0,0,,0.0,0,,0.0,0,,0.0,0,,0.0,0,,0.0,0,,0.0,0,,0.0,0,,0.0,0,,0.0,0,,0.0,0,,0.0,0,,0.0,0,,0.0,0,,0.0,0,,0.0,0,,0.0,0,,0.0,0,,0.0,0,,0.0,0,,0.0,0,,0.0,0,,0.0,0,,0.0,0,,0.0,0,,0.0,0,,0.0,0,,0.0,0,,0.0,0,,0.0,0,,0.0,0,,0.0,0,,0.0,0,,0.0,0,,0.0,0,,0.0,1,,0.0,0,,0.0,0,,0.0,0,,0.0,0,,0.0,0,,0.0,0,,0.0,0,,0.0,0,,0.0,0,,0.0,0,,0.0,0,,0.0,0,,0.0,0,,0.0,0,,0.0,0,,0.0,0,,0.0,0.0,,0.0,0,,0.0,-1,,0.0,3.333333333,,0.0,4,,0.0,3,,0.0,999,,0.0,999,,0.0,1,,0.0,2,,0.0,-1,,0.0
Ritual481,0,,0.0,0,,0.0,0,,0.0,0,,0.0,0,,0.0,0,,0.0,0,,0.0,0,,0.0,0,,0.0,0,,0.0,0,,0.0,1,,0.0,0,,0.0,0,,0.0,0,,0.0,2,,0.0,3,,0.0,0,,0.0,0,,0.0,0,,0.0,1,,0.0,0,,0.0,0,,0.0,0,,0.0,0,,0.0,999,,0.0,6,,0.0,1,,0.0,1,,0.0,1,,0.0,0,,0.0,1,,0.0,0,,0.0,0,,0.0,0,,0.0,0,,0.0,0,,0.0,0,,0.0,0,,0.0,0,,0.0,0,,0.0,0,,0.0,0,,0.0,0,,0.0,0,,0.0,0,,0.0,0,,0.0,0,,0.0,0,,0.0,0,,0.0,0,,0.0,0,,0.0,0,,0.0,0,,0.0,0,,0.0,0,,0.0,0,,0.0,0,,0.0,0,,0.0,0,,0.0,0,,0.0,0,,0.0,0,,0.0,0,,0.0,0,,0.0,0,,0.0,0,,0.0,0,,0.0,0,,0.0,0,,0.0,0,,0.0,0,,0.0,0,,0.0,0,,0.0,0,,0.0,0,,0.0,0,,0.0,0,,0.0,0,,0.0,0,,0.0,0,,0.0,0,,0.0,0,,0.0,0,,0.0,0,,0.0,0,,0.0,0,,0.0,0,,0.0,0,,0.0,0,,0.0,0,,0.0,0,,0.0,0,,0.0,0,,0.0,0,,0.0,0,,0.0,0,,0.0,0,,0.0,0,,0.0,0,,0.0,0,,0.0,0,,0.0,0,,0.0,0,,0.0,2.666666667,,0.0,2,,0.0,7,,0.0,2.0,,0.0,1,,0.0,7,,0.0,999,,0.0,999,,0.0,1,,0.0,2,,0.0,-1,,0.0
Ritual482,0,,0.0,0,,0.0,0,,0.0,0,,0.0,0,,0.0,0,,0.0,0,,0.0,0,,0.0,0,,0.0,0,,0.0,0,,0.0,1,,0.0,0,,0.0,0,,0.0,0,,0.0,2,,0.0,3,,0.0,0,,0.0,0,,0.0,0,,0.0,0,,0.0,1,,0.0,0,,0.0,0,,0.0,0,,0.0,7,,0.0,6,,0.0,1,,0.0,0,,0.0,1,,0.0,0,,0.0,0,,0.0,0,,0.0,1,,0.0,0,,0.0,1,,0.0,0,,0.0,0,,0.0,0,,0.0,0,,0.0,0,,0.0,0,,0.0,0,,0.0,0,,0.0,0,,0.0,0,,0.0,0,,0.0,0,,0.0,0,,0.0,0,,0.0,0,,0.0,0,,0.0,0,,0.0,0,,0.0,0,,0.0,0,,0.0,0,,0.0,0,,0.0,0,,0.0,0,,0.0,0,,0.0,0,,0.0,0,,0.0,0,,0.0,0,,0.0,0,,0.0,0,,0.0,0,,0.0,0,,0.0,0,,0.0,0,,0.0,0,,0.0,0,,0.0,0,,0.0,0,,0.0,0,,0.0,0,,0.0,0,,0.0,0,,0.0,0,,0.0,1,,0.0,0,,0.0,0,,0.0,0,,0.0,0,,0.0,0,,0.0,0,,0.0,0,,0.0,0,,0.0,0,,0.0,0,,0.0,0,,0.0,0,,0.0,0,,0.0,0,,0.0,0,,0.0,0,,0.0,0,,0.0,1,,0.0,1,,0.0,0,,0.0,0,,0.0,0,,0.0,0,,0.0,3.666666667,,0.0,3,,0.0,3,,0.0,3.0,,0.0,3,,0.0,2,,0.0,999,,0.0,999,,0.0,1,,0.0,2,,0.0,-1,,0.0
Ritual483,0,,0.0,0,,0.0,0,,0.0,1,,0.0,0,,0.0,0,,0.0,0,,0.0,0,,0.0,0,,0.0,0,,0.0,0,,0.0,0,,0.0,0,,0.0,0,,0.0,0,,0.0,2,,0.0,3,,0.0,0,,0.0,1,,0.0,0,,0.0,0,,0.0,1,,0.0,0,,0.0,0,,0.0,0,,0.0,999,,0.0,4,,0.0,0,,0.0,1,,0.0,1,,0.0,0,,0.0,1,,0.0,0,,0.0,0,,0.0,0,,0.0,1,,0.0,0,,0.0,0,,0.0,0,,0.0,0,,0.0,0,,0.0,0,,0.0,0,,0.0,0,,0.0,0,,0.0,0,,0.0,0,,0.0,0,,0.0,1,,0.0,0,,0.0,1,,0.0,0,,0.0,0,,0.0,0,,0.0,0,,0.0,0,,0.0,0,,0.0,0,,0.0,0,,0.0,0,,0.0,0,,0.0,0,,0.0,0,,0.0,0,,0.0,0,,0.0,0,,0.0,0,,0.0,1,,0.0,0,,0.0,0,,0.0,0,,0.0,0,,0.0,0,,0.0,0,,0.0,0,,0.0,0,,0.0,1,,0.0,1,,0.0,0,,0.0,0,,0.0,1,,0.0,1,,0.0,0,,0.0,0,,0.0,0,,0.0,0,,0.0,0,,0.0,0,,0.0,0,,0.0,0,,0.0,0,,0.0,0,,0.0,0,,0.0,0,,0.0,0,,0.0,0,,0.0,0,,0.0,0,,0.0,1,,0.0,0,,0.0,0,,0.0,0,,0.0,0,,0.0,0,,0.0,3.333333333,,0.0,3,,0.0,7,,0.0,3.333333333,,0.0,2,,0.0,3,,0.0,999,,0.0,999,,0.0,1,,0.0,2,,0.0,-1,,0.0
Ritual484,0,,0.0,0,,0.0,0,,0.0,1,,0.0,0,,0.0,0,,0.0,0,,0.0,0,,0.0,0,,0.0,0,,0.0,0,,0.0,0,,0.0,0,,0.0,0,,0.0,0,,0.0,2,,0.0,2,,0.0,0,,0.0,0,,0.0,0,,0.0,1,,0.0,0,,0.0,0,,0.0,0,,0.0,0,,0.0,999,,0.0,5,,0.0,0,,0.0,0,,0.0,1,,0.0,0,,0.0,0,,0.0,0,,0.0,0,,0.0,0,,0.0,1,,0.0,0,,0.0,0,,0.0,0,,0.0,0,,0.0,0,,0.0,0,,0.0,0,,0.0,0,,0.0,0,,0.0,0,,0.0,0,,0.0,0,,0.0,0,,0.0,0,,0.0,0,,0.0,0,,0.0,0,,0.0,0,,0.0,0,,0.0,0,,0.0,0,,0.0,0,,0.0,0,,0.0,0,,0.0,0,,0.0,0,,0.0,0,,0.0,0,,0.0,0,,0.0,0,,0.0,0,,0.0,0,,0.0,1,,0.0,0,,0.0,0,,0.0,0,,0.0,0,,0.0,0,,0.0,0,,0.0,1,,0.0,0,,0.0,0,,0.0,0,,0.0,0,,0.0,0,,0.0,0,,0.0,0,,0.0,0,,0.0,0,,0.0,0,,0.0,0,,0.0,0,,0.0,0,,0.0,0,,0.0,0,,0.0,0,,0.0,0,,0.0,0,,0.0,0,,0.0,0,,0.0,0,,0.0,0,,0.0,0,,0.0,1,,0.0,0,,0.0,0,,0.0,0,,0.0,0,,0.0,4.333333333,,0.0,4,,0.0,7,,0.0,2.333333333,,0.0,1,,0.0,7,,0.0,999,,0.0,3,,0.0,1,,0.0,2,,0.0,-1,,0.0
Ritual485,0,,0.0,0,,0.0,0,,0.0,1,,0.0,0,,0.0,0,,0.0,0,,0.0,0,,0.0,0,,0.0,0,,0.0,0,,0.0,0,,0.0,0,,0.0,0,,0.0,0,,0.0,3,,0.0,3,,0.0,0,,0.0,1,,0.0,0,,0.0,0,,0.0,1,,0.0,0,,0.0,0,,0.0,0,,0.0,6,,0.0,4,,0.0,0,,0.0,1,,0.0,1,,0.0,0,,0.0,1,,0.0,0,,0.0,0,,0.0,0,,0.0,0,,0.0,0,,0.0,0,,0.0,0,,0.0,0,,0.0,0,,0.0,0,,0.0,0,,0.0,0,,0.0,0,,0.0,0,,0.0,0,,0.0,0,,0.0,1,,0.0,0,,0.0,1,,0.0,0,,0.0,0,,0.0,0,,0.0,0,,0.0,0,,0.0,0,,0.0,0,,0.0,0,,0.0,0,,0.0,0,,0.0,0,,0.0,0,,0.0,0,,0.0,0,,0.0,0,,0.0,0,,0.0,1,,0.0,0,,0.0,0,,0.0,0,,0.0,0,,0.0,0,,0.0,0,,0.0,0,,0.0,0,,0.0,1,,0.0,0,,0.0,0,,0.0,0,,0.0,1,,0.0,1,,0.0,0,,0.0,0,,0.0,0,,0.0,0,,0.0,0,,0.0,0,,0.0,0,,0.0,0,,0.0,0,,0.0,0,,0.0,0,,0.0,0,,0.0,0,,0.0,0,,0.0,0,,0.0,0,,0.0,1,,0.0,0,,0.0,0,,0.0,0,,0.0,0,,0.0,0,,0.0,2.666666667,,0.0,3,,0.0,3,,0.0,3.0,,0.0,2,,0.0,2,,0.0,999,,0.0,999,,0.0,1,,0.0,2,,0.0,-1,,0.0
Ritual486,0,,0.0,0,,0.0,0,,0.0,1,,0.0,0,,0.0,0,,0.0,0,,0.0,0,,0.0,0,,0.0,0,,0.0,0,,0.0,0,,0.0,0,,0.0,0,,0.0,0,,0.0,2,,0.0,3,,0.0,0,,0.0,0,,0.0,0,,0.0,1,,0.0,0,,0.0,0,,0.0,0,,0.0,0,,0.0,999,,0.0,6,,0.0,0,,0.0,1,,0.0,1,,0.0,0,,0.0,1,,0.0,1,,0.0,0,,0.0,0,,0.0,0,,0.0,0,,0.0,0,,0.0,0,,0.0,0,,0.0,1,,0.0,0,,0.0,0,,0.0,0,,0.0,0,,0.0,0,,0.0,0,,0.0,0,,0.0,1,,0.0,0,,0.0,0,,0.0,0,,0.0,0,,0.0,0,,0.0,0,,0.0,0,,0.0,0,,0.0,0,,0.0,0,,0.0,0,,0.0,0,,0.0,0,,0.0,0,,0.0,0,,0.0,0,,0.0,0,,0.0,0,,0.0,0,,0.0,0,,0.0,0,,0.0,0,,0.0,0,,0.0,0,,0.0,0,,0.0,0,,0.0,0,,0.0,0,,0.0,0,,0.0,0,,0.0,0,,0.0,0,,0.0,0,,0.0,0,,0.0,0,,0.0,0,,0.0,0,,0.0,0,,0.0,0,,0.0,0,,0.0,0,,0.0,0,,0.0,0,,0.0,0,,0.0,0,,0.0,0,,0.0,0,,0.0,0,,0.0,0,,0.0,0,,0.0,0,,0.0,0,,0.0,0,,0.0,0,,0.0,0,,0.0,3.0,,0.0,4,,0.0,7,,0.0,2.666666667,,0.0,2,,0.0,3,,0.0,999,,0.0,999,,0.0,1,,0.0,2,,0.0,-1,,0.0
Ritual487,0,,0.0,0,,0.0,0,,0.0,1,,0.0,0,,0.0,0,,0.0,0,,0.0,0,,0.0,0,,0.0,0,,0.0,0,,0.0,0,,0.0,0,,0.0,0,,0.0,0,,0.0,2,,0.0,3,,0.0,0,,0.0,0,,0.0,0,,0.0,0,,0.0,0,,0.0,1,,0.0,0,,0.0,0,,0.0,999,,0.0,4,,0.0,0,,0.0,1,,0.0,0,,0.0,0,,0.0,0,,0.0,0,,0.0,0,,0.0,0,,0.0,0,,0.0,0,,0.0,0,,0.0,0,,0.0,0,,0.0,0,,0.0,0,,0.0,0,,0.0,0,,0.0,0,,0.0,0,,0.0,0,,0.0,0,,0.0,1,,0.0,0,,0.0,0,,0.0,0,,0.0,0,,0.0,0,,0.0,0,,0.0,0,,0.0,0,,0.0,0,,0.0,0,,0.0,0,,0.0,0,,0.0,0,,0.0,0,,0.0,0,,0.0,0,,0.0,0,,0.0,0,,0.0,0,,0.0,0,,0.0,0,,0.0,0,,0.0,0,,0.0,0,,0.0,0,,0.0,0,,0.0,1,,0.0,0,,0.0,0,,0.0,0,,0.0,0,,0.0,0,,0.0,0,,0.0,0,,0.0,0,,0.0,0,,0.0,0,,0.0,0,,0.0,1,,0.0,0,,0.0,0,,0.0,0,,0.0,0,,0.0,0,,0.0,0,,0.0,0,,0.0,0,,0.0,0,,0.0,0,,0.0,0,,0.0,0,,0.0,0,,0.0,0,,0.0,0,,0.0,0,,0.0,3.0,,0.0,3,,0.0,3,,0.0,3.333333333,,0.0,3,,0.0,3,,0.0,999,,0.0,999,,0.0,1,,0.0,2,,0.0,-1,,0.0
Ritual488,0,,0.0,0,,0.0,0,,0.0,0,,0.0,0,,0.0,0,,0.0,0,,0.0,1,,0.0,0,,0.0,0,,0.0,0,,0.0,0,,0.0,0,,0.0,0,,0.0,0,,0.0,2,,0.0,3,,0.0,0,,0.0,0,,0.0,0,,0.0,0,,0.0,1,,0.0,0,,0.0,0,,0.0,1,,0.0,7,,0.0,6,,0.0,0,,0.0,0,,0.0,0,,0.0,0,,0.0,1,,0.0,0,,0.0,0,,0.0,0,,0.0,0,,0.0,0,,0.0,0,,0.0,0,,0.0,0,,0.0,0,,0.0,0,,0.0,0,,0.0,0,,0.0,0,,0.0,0,,0.0,1,,0.0,0,,0.0,0,,0.0,0,,0.0,0,,0.0,0,,0.0,0,,0.0,0,,0.0,0,,0.0,0,,0.0,0,,0.0,0,,0.0,0,,0.0,0,,0.0,0,,0.0,0,,0.0,0,,0.0,0,,0.0,0,,0.0,0,,0.0,0,,0.0,0,,0.0,0,,0.0,0,,0.0,0,,0.0,0,,0.0,0,,0.0,0,,0.0,0,,0.0,1,,0.0,0,,0.0,0,,0.0,1,,0.0,1,,0.0,1,,0.0,0,,0.0,0,,0.0,0,,0.0,0,,0.0,0,,0.0,0,,0.0,1,,0.0,0,,0.0,0,,0.0,0,,0.0,1,,0.0,0,,0.0,0,,0.0,0,,0.0,0,,0.0,0,,0.0,0,,0.0,0,,0.0,0,,0.0,0,,0.0,0,,0.0,0,,0.0,0,,0.0,3.666666667,,0.0,4,,0.0,7,,0.0,3.0,,0.0,4,,0.0,6,,0.0,3,,0.0,999,,0.0,1,,0.0,2,,0.0,-1,,0.0
Ritual489,0,,0.0,0,,0.0,0,,0.0,0,,0.0,0,,0.0,0,,0.0,0,,0.0,0,,0.0,0,,0.0,0,,0.0,0,,0.0,0,,0.0,0,,0.0,0,,0.0,0,,0.0,2,,0.0,2,,0.0,0,,0.0,0,,0.0,0,,0.0,1,,0.0,0,,0.0,0,,0.0,0,,0.0,1,,0.0,999,,0.0,4,,0.0,0,,0.0,1,,0.0,0,,0.0,0,,0.0,0,,0.0,0,,0.0,0,,0.0,0,,0.0,0,,0.0,0,,0.0,0,,0.0,0,,0.0,0,,0.0,0,,0.0,0,,0.0,0,,0.0,0,,0.0,0,,0.0,0,,0.0,1,,0.0,0,,0.0,0,,0.0,0,,0.0,0,,0.0,0,,0.0,0,,0.0,0,,0.0,0,,0.0,0,,0.0,0,,0.0,0,,0.0,0,,0.0,0,,0.0,0,,0.0,0,,0.0,0,,0.0,0,,0.0,0,,0.0,0,,0.0,0,,0.0,0,,0.0,0,,0.0,0,,0.0,0,,0.0,0,,0.0,0,,0.0,0,,0.0,0,,0.0,0,,0.0,0,,0.0,0,,0.0,0,,0.0,0,,0.0,0,,0.0,0,,0.0,0,,0.0,0,,0.0,0,,0.0,0,,0.0,0,,0.0,0,,0.0,0,,0.0,0,,0.0,0,,0.0,0,,0.0,0,,0.0,0,,0.0,0,,0.0,0,,0.0,0,,0.0,0,,0.0,0,,0.0,0,,0.0,0,,0.0,0,,0.0,0,,0.0,0,,0.0,2.333333333,,0.0,2,,0.0,7,,0.0,0.0,,0.0,0,,0.0,-1,,0.0,999,,0.0,999,,0.0,1,,0.0,2,,0.0,-1,,0.0
Ritual490,0,,0.0,0,,0.0,0,,0.0,0,,0.0,0,,0.0,0,,0.0,0,,0.0,0,,0.0,0,,0.0,0,,0.0,0,,0.0,0,,0.0,0,,0.0,0,,0.0,0,,0.0,"2,3",,0.0,3,,0.0,0,,0.0,0,,0.0,0,,0.0,1,,0.0,1,,0.0,0,,0.0,0,,0.0,0,,0.0,999,,0.0,1,,0.0,0,,0.0,0,,0.0,0,,0.0,0,,0.0,0,,0.0,0,,0.0,0,,0.0,0,,0.0,0,,0.0,0,,0.0,0,,0.0,0,,0.0,0,,0.0,0,,0.0,0,,0.0,0,,0.0,0,,0.0,0,,0.0,0,,0.0,1,,0.0,0,,0.0,0,,0.0,0,,0.0,0,,0.0,0,,0.0,0,,0.0,0,,0.0,0,,0.0,0,,0.0,0,,0.0,0,,0.0,0,,0.0,0,,0.0,0,,0.0,0,,0.0,0,,0.0,0,,0.0,0,,0.0,0,,0.0,0,,0.0,0,,0.0,0,,0.0,0,,0.0,0,,0.0,0,,0.0,0,,0.0,0,,0.0,0,,0.0,0,,0.0,0,,0.0,0,,0.0,0,,0.0,0,,0.0,0,,0.0,0,,0.0,0,,0.0,0,,0.0,0,,0.0,0,,0.0,0,,0.0,0,,0.0,0,,0.0,0,,0.0,0,,0.0,0,,0.0,0,,0.0,0,,0.0,0,,0.0,0,,0.0,0,,0.0,0,,0.0,0,,0.0,1,,0.0,0,,0.0,0,,0.0,0,,0.0,0,,0.0,1.333333333,,0.0,1,,0.0,3,,0.0,0.0,,0.0,0,,0.0,-1,,0.0,999,,0.0,999,,0.0,1,,0.0,2,,0.0,-1,,0.0
Ritual491,0,,0.0,0,,0.0,0,,0.0,0,,0.0,0,,0.0,0,,0.0,0,,0.0,0,,0.0,0,,0.0,0,,0.0,1,,0.0,0,,0.0,0,,0.0,0,,0.0,0,,0.0,1,,0.0,1,,0.0,1,,0.0,0,,0.0,0,,0.0,0,,0.0,0,,0.0,0,,0.0,0,,0.0,0,,0.0,999,,0.0,6,,0.0,0,,0.0,0,,0.0,0,,0.0,0,,0.0,0,,0.0,0,,0.0,0,,0.0,0,,0.0,0,,0.0,0,,0.0,0,,0.0,0,,0.0,0,,0.0,0,,0.0,0,,0.0,0,,0.0,0,,0.0,0,,0.0,0,,0.0,0,,0.0,0,,0.0,0,,0.0,0,,0.0,0,,0.0,0,,0.0,0,,0.0,0,,0.0,0,,0.0,0,,0.0,0,,0.0,0,,0.0,0,,0.0,0,,0.0,0,,0.0,0,,0.0,0,,0.0,0,,0.0,0,,0.0,0,,0.0,0,,0.0,0,,0.0,0,,0.0,0,,0.0,0,,0.0,0,,0.0,0,,0.0,0,,0.0,0,,0.0,0,,0.0,0,,0.0,0,,0.0,0,,0.0,0,,0.0,0,,0.0,1,,0.0,0,,0.0,0,,0.0,0,,0.0,0,,0.0,0,,0.0,1,,0.0,0,,0.0,0,,0.0,0,,0.0,0,,0.0,0,,0.0,0,,0.0,1,,0.0,0,,0.0,0,,0.0,0,,0.0,0,,0.0,0,,0.0,0,,0.0,0,,0.0,0,,0.0,0,,0.0,1.0,,0.0,1,,0.0,2,,0.0,1.666666667,,0.0,2,,0.0,2,,0.0,1,,0.0,999,,0.0,1,,0.0,2,,0.0,-1,,0.0
Ritual492,0,,0.0,0,,0.0,0,,0.0,0,,0.0,0,,0.0,0,,0.0,0,,0.0,0,,0.0,0,,0.0,0,,0.0,1,,0.0,0,,0.0,0,,0.0,0,,0.0,0,,0.0,2,,0.0,3,,0.0,0,,0.0,1,,0.0,1,,0.0,0,,0.0,0,,0.0,0,,0.0,0,,0.0,0,,0.0,6,,0.0,6,,0.0,0,,0.0,0,,0.0,0,,0.0,0,,0.0,0,,0.0,0,,0.0,0,,0.0,0,,0.0,0,,0.0,0,,0.0,0,,0.0,0,,0.0,0,,0.0,0,,0.0,0,,0.0,0,,0.0,0,,0.0,0,,0.0,0,,0.0,1,,0.0,0,,0.0,0,,0.0,0,,0.0,0,,0.0,0,,0.0,0,,0.0,0,,0.0,0,,0.0,0,,0.0,0,,0.0,0,,0.0,0,,0.0,0,,0.0,0,,0.0,0,,0.0,0,,0.0,0,,0.0,0,,0.0,0,,0.0,0,,0.0,0,,0.0,0,,0.0,0,,0.0,0,,0.0,0,,0.0,0,,0.0,0,,0.0,0,,0.0,0,,0.0,0,,0.0,0,,0.0,0,,0.0,0,,0.0,0,,0.0,0,,0.0,0,,0.0,0,,0.0,0,,0.0,0,,0.0,0,,0.0,0,,0.0,0,,0.0,0,,0.0,0,,0.0,0,,0.0,0,,0.0,0,,0.0,0,,0.0,0,,0.0,0,,0.0,0,,0.0,0,,0.0,1,,0.0,0,,0.0,0,,0.0,0,,0.0,0,,0.0,2.666666667,,0.0,2,,0.0,3,,0.0,0.0,,0.0,0,,0.0,-1,,0.0,1,,0.0,999,,0.0,1,,0.0,2,,0.0,-1,,0.0
Ritual493,0,,0.0,0,,0.0,0,,0.0,0,,0.0,0,,0.0,0,,0.0,0,,0.0,0,,0.0,0,,0.0,0,,0.0,1,,0.0,0,,0.0,0,,0.0,0,,0.0,0,,0.0,2,,0.0,3,,0.0,0,,0.0,1,,0.0,1,,0.0,0,,0.0,0,,0.0,0,,0.0,0,,0.0,0,,0.0,6,,0.0,6,,0.0,0,,0.0,0,,0.0,0,,0.0,0,,0.0,0,,0.0,0,,0.0,0,,0.0,0,,0.0,0,,0.0,0,,0.0,0,,0.0,0,,0.0,0,,0.0,0,,0.0,0,,0.0,0,,0.0,0,,0.0,0,,0.0,0,,0.0,1,,0.0,0,,0.0,0,,0.0,0,,0.0,0,,0.0,0,,0.0,0,,0.0,0,,0.0,0,,0.0,0,,0.0,0,,0.0,0,,0.0,0,,0.0,0,,0.0,0,,0.0,0,,0.0,0,,0.0,0,,0.0,0,,0.0,0,,0.0,0,,0.0,0,,0.0,0,,0.0,0,,0.0,0,,0.0,0,,0.0,0,,0.0,0,,0.0,0,,0.0,0,,0.0,0,,0.0,0,,0.0,0,,0.0,0,,0.0,0,,0.0,0,,0.0,0,,0.0,0,,0.0,0,,0.0,0,,0.0,0,,0.0,0,,0.0,0,,0.0,0,,0.0,0,,0.0,0,,0.0,0,,0.0,0,,0.0,0,,0.0,0,,0.0,0,,0.0,0,,0.0,1,,0.0,1,,0.0,0,,0.0,0,,0.0,0,,0.0,0,,0.0,3.0,,0.0,2,,0.0,3,,0.0,0.3333333333,,0.0,0,,0.0,-1,,0.0,1,,0.0,999,,0.0,1,,0.0,2,,0.0,-1,,0.0
Ritual494,1,,0.0,0,,0.0,0,,0.0,0,,0.0,0,,0.0,0,,0.0,0,,0.0,0,,0.0,0,,0.0,0,,0.0,0,,0.0,0,,0.0,0,,0.0,0,,0.0,0,,0.0,2,,0.0,3,,0.0,0,,0.0,1,,0.0,1,,0.0,1,,0.0,0,,0.0,0,,0.0,0,,0.0,0,,0.0,7,,0.0,6,,0.0,0,,0.0,0,,0.0,0,,0.0,0,,0.0,0,,0.0,0,,0.0,0,,0.0,0,,0.0,0,,0.0,0,,0.0,0,,0.0,0,,0.0,0,,0.0,0,,0.0,0,,0.0,0,,0.0,0,,0.0,0,,0.0,0,,0.0,1,,0.0,0,,0.0,0,,0.0,0,,0.0,0,,0.0,0,,0.0,0,,0.0,0,,0.0,0,,0.0,0,,0.0,0,,0.0,0,,0.0,0,,0.0,0,,0.0,0,,0.0,0,,0.0,0,,0.0,0,,0.0,0,,0.0,0,,0.0,0,,0.0,0,,0.0,0,,0.0,0,,0.0,0,,0.0,0,,0.0,0,,0.0,0,,0.0,0,,0.0,0,,0.0,0,,0.0,0,,0.0,0,,0.0,0,,0.0,0,,0.0,0,,0.0,0,,0.0,0,,0.0,0,,0.0,0,,0.0,0,,0.0,0,,0.0,0,,0.0,0,,0.0,0,,0.0,0,,0.0,0,,0.0,0,,0.0,0,,0.0,0,,0.0,0,,0.0,0,,0.0,1,,0.0,1,,0.0,0,,0.0,0,,0.0,0,,0.0,0,,0.0,2.0,,0.0,3,,0.0,7,,0.0,0.0,,0.0,0,,0.0,-1,,0.0,2,,0.0,999,,0.0,1,,0.0,2,,0.0,-1,,0.0
Ritual495,0,,0.0,0,,0.0,0,,0.0,0,,0.0,0,,0.0,0,,0.0,0,,0.0,0,,0.0,0,,0.0,0,,0.0,0,,0.0,1,,0.0,0,,0.0,0,,0.0,0,,0.0,1,,0.0,3,,0.0,0,,0.0,1,,0.0,1,,0.0,1,,0.0,0,,0.0,0,,0.0,0,,0.0,0,,0.0,7,,0.0,6,,0.0,0,,0.0,1,,0.0,0,,0.0,0,,0.0,0,,0.0,0,,0.0,0,,0.0,0,,0.0,0,,0.0,0,,0.0,0,,0.0,0,,0.0,0,,0.0,0,,0.0,0,,0.0,0,,0.0,0,,0.0,0,,0.0,0,,0.0,0,,0.0,0,,0.0,0,,0.0,0,,0.0,0,,0.0,0,,0.0,0,,0.0,0,,0.0,0,,0.0,0,,0.0,0,,0.0,0,,0.0,0,,0.0,0,,0.0,0,,0.0,0,,0.0,0,,0.0,0,,0.0,0,,0.0,0,,0.0,0,,0.0,0,,0.0,0,,0.0,0,,0.0,0,,0.0,0,,0.0,0,,0.0,0,,0.0,0,,0.0,0,,0.0,0,,0.0,0,,0.0,0,,0.0,0,,0.0,0,,0.0,0,,0.0,0,,0.0,0,,0.0,0,,0.0,0,,0.0,0,,0.0,1,,0.0,0,,0.0,0,,0.0,0,,0.0,0,,0.0,0,,0.0,0,,0.0,0,,0.0,0,,0.0,0,,0.0,0,,0.0,0,,0.0,0,,0.0,0,,0.0,0,,0.0,0,,0.0,0,,0.0,1.0,,0.0,1,,0.0,3,,0.0,2.666666667,,0.0,3,,0.0,3,,0.0,999,,0.0,999,,0.0,1,,0.0,2,,0.0,-1,,0.0
Ritual496,0,,0.0,0,,0.0,0,,0.0,0,,0.0,0,,0.0,0,,0.0,0,,0.0,0,,0.0,0,,0.0,0,,0.0,0,,0.0,1,,0.0,0,,0.0,0,,0.0,0,,0.0,2,,0.0,3,,0.0,0,,0.0,1,,0.0,1,,0.0,1,,0.0,0,,0.0,0,,0.0,0,,0.0,0,,0.0,999,,0.0,6,,0.0,0,,0.0,0,,0.0,0,,0.0,0,,0.0,0,,0.0,0,,0.0,0,,0.0,0,,0.0,0,,0.0,0,,0.0,0,,0.0,0,,0.0,0,,0.0,0,,0.0,0,,0.0,0,,0.0,0,,0.0,0,,0.0,0,,0.0,1,,0.0,0,,0.0,0,,0.0,0,,0.0,0,,0.0,0,,0.0,0,,0.0,0,,0.0,0,,0.0,0,,0.0,0,,0.0,0,,0.0,0,,0.0,0,,0.0,0,,0.0,0,,0.0,0,,0.0,0,,0.0,0,,0.0,0,,0.0,0,,0.0,0,,0.0,0,,0.0,0,,0.0,0,,0.0,0,,0.0,0,,0.0,0,,0.0,0,,0.0,0,,0.0,0,,0.0,0,,0.0,0,,0.0,0,,0.0,0,,0.0,0,,0.0,0,,0.0,0,,0.0,0,,0.0,0,,0.0,0,,0.0,1,,0.0,0,,0.0,0,,0.0,0,,0.0,0,,0.0,0,,0.0,0,,0.0,0,,0.0,0,,0.0,0,,0.0,0,,0.0,0,,0.0,0,,0.0,1,,0.0,0,,0.0,0,,0.0,0,,0.0,1.0,,0.0,0,,0.0,3,,0.0,1.666666667,,0.0,2,,0.0,3,,0.0,999,,0.0,999,,0.0,1,,0.0,2,,0.0,-1,,0.0
Ritual497,0,,0.0,0,,0.0,0,,0.0,0,,0.0,0,,0.0,0,,0.0,0,,0.0,0,,0.0,0,,0.0,0,,0.0,0,,0.0,1,,0.0,0,,0.0,0,,0.0,0,,0.0,2,,0.0,3,,0.0,0,,0.0,1,,0.0,1,,0.0,0,,0.0,0,,0.0,0,,0.0,0,,0.0,0,,0.0,7,,0.0,6,,0.0,0,,0.0,0,,0.0,0,,0.0,0,,0.0,0,,0.0,0,,0.0,0,,0.0,0,,0.0,0,,0.0,0,,0.0,0,,0.0,0,,0.0,0,,0.0,0,,0.0,0,,0.0,0,,0.0,0,,0.0,0,,0.0,0,,0.0,1,,0.0,0,,0.0,0,,0.0,0,,0.0,0,,0.0,0,,0.0,0,,0.0,0,,0.0,0,,0.0,0,,0.0,0,,0.0,0,,0.0,0,,0.0,0,,0.0,0,,0.0,0,,0.0,0,,0.0,0,,0.0,0,,0.0,0,,0.0,0,,0.0,0,,0.0,0,,0.0,0,,0.0,0,,0.0,0,,0.0,0,,0.0,0,,0.0,0,,0.0,0,,0.0,0,,0.0,0,,0.0,0,,0.0,0,,0.0,0,,0.0,0,,0.0,0,,0.0,0,,0.0,0,,0.0,0,,0.0,0,,0.0,1,,0.0,0,,0.0,0,,0.0,0,,0.0,0,,0.0,0,,0.0,0,,0.0,0,,0.0,0,,0.0,0,,0.0,0,,0.0,1,,0.0,0,,0.0,0,,0.0,0,,0.0,0,,0.0,0,,0.0,1.0,,0.0,0,,0.0,7,,0.0,0.0,,0.0,2,,0.0,-1,,0.0,999,,0.0,999,,0.0,1,,0.0,2,,0.0,-1,,0.0
Ritual498,0,,0.0,0,,0.0,0,,0.0,0,,0.0,0,,0.0,0,,0.0,0,,0.0,0,,0.0,0,,0.0,0,,0.0,0,,0.0,1,,0.0,0,,0.0,0,,0.0,0,,0.0,3,,0.0,3,,0.0,0,,0.0,1,,0.0,1,,0.0,0,,0.0,1,,0.0,0,,0.0,0,,0.0,0,,0.0,999,,0.0,6,,0.0,1,,0.0,1,,0.0,1,,0.0,0,,0.0,0,,0.0,0,,0.0,0,,0.0,0,,0.0,0,,0.0,0,,0.0,0,,0.0,0,,0.0,0,,0.0,0,,0.0,0,,0.0,0,,0.0,0,,0.0,0,,0.0,0,,0.0,1,,0.0,0,,0.0,0,,0.0,0,,0.0,0,,0.0,0,,0.0,0,,0.0,0,,0.0,0,,0.0,0,,0.0,0,,0.0,0,,0.0,0,,0.0,0,,0.0,0,,0.0,0,,0.0,0,,0.0,0,,0.0,0,,0.0,0,,0.0,0,,0.0,0,,0.0,0,,0.0,0,,0.0,1,,0.0,0,,0.0,0,,0.0,0,,0.0,0,,0.0,0,,0.0,0,,0.0,0,,0.0,0,,0.0,0,,0.0,0,,0.0,0,,0.0,0,,0.0,0,,0.0,0,,0.0,0,,0.0,0,,0.0,0,,0.0,0,,0.0,0,,0.0,0,,0.0,0,,0.0,0,,0.0,0,,0.0,0,,0.0,0,,0.0,0,,0.0,0,,0.0,0,,0.0,1,,0.0,0,,0.0,0,,0.0,0,,0.0,0,,0.0,3.666666667,,0.0,3,,0.0,3,,0.0,0.0,,0.0,0,,0.0,-1,,0.0,999,,0.0,999,,0.0,1,,0.0,2,,0.0,-1,,0.0
Ritual499,0,,0.0,0,,0.0,0,,0.0,0,,0.0,0,,0.0,1,,0.0,0,,0.0,0,,0.0,0,,0.0,0,,0.0,0,,0.0,0,,0.0,0,,0.0,0,,0.0,0,,0.0,2,,0.0,3,,0.0,0,,0.0,0,,0.0,0,,0.0,1,,0.0,0,,0.0,0,,0.0,0,,0.0,0,,0.0,999,,0.0,2,,0.0,0,,0.0,0,,0.0,0,,0.0,0,,0.0,0,,0.0,0,,0.0,0,,0.0,0,,0.0,0,,0.0,0,,0.0,0,,0.0,0,,0.0,0,,0.0,0,,0.0,0,,0.0,0,,0.0,0,,0.0,0,,0.0,0,,0.0,0,,0.0,0,,0.0,0,,0.0,0,,0.0,0,,0.0,0,,0.0,0,,0.0,0,,0.0,0,,0.0,0,,0.0,0,,0.0,0,,0.0,0,,0.0,0,,0.0,0,,0.0,0,,0.0,0,,0.0,0,,0.0,0,,0.0,0,,0.0,0,,0.0,0,,0.0,0,,0.0,0,,0.0,0,,0.0,0,,0.0,0,,0.0,0,,0.0,0,,0.0,0,,0.0,0,,0.0,0,,0.0,0,,0.0,0,,0.0,0,,0.0,0,,0.0,0,,0.0,0,,0.0,0,,0.0,0,,0.0,0,,0.0,1,,0.0,0,,0.0,0,,0.0,0,,0.0,0,,0.0,0,,0.0,0,,0.0,0,,0.0,0,,0.0,0,,0.0,0,,0.0,1,,0.0,0,,0.0,0,,0.0,0,,0.0,0,,0.0,0,,0.0,1.333333333,,0.0,1,,0.0,7,,0.0,0.0,,0.0,0,,0.0,-1,,0.0,999,,0.0,999,,0.0,1,,0.0,2,,0.0,-1,,0.0
Ritual500,0,,0.0,0,,0.0,0,,0.0,0,,0.0,1,,0.0,0,,0.0,0,,0.0,0,,0.0,0,,0.0,0,,0.0,0,,0.0,0,,0.0,0,,0.0,0,,0.0,0,,0.0,3,,0.0,3,,0.0,0,,0.0,0,,0.0,0,,0.0,0,,0.0,0,,0.0,0,,0.0,1,,0.0,0,,0.0,999,,0.0,5,,0.0,1,,0.0,1,,0.0,1,,0.0,0,,0.0,0,,0.0,0,,0.0,0,,0.0,0,,0.0,0,,0.0,0,,0.0,0,,0.0,0,,0.0,0,,0.0,0,,0.0,0,,0.0,0,,0.0,0,,0.0,0,,0.0,0,,0.0,0,,0.0,0,,0.0,0,,0.0,0,,0.0,0,,0.0,0,,0.0,0,,0.0,0,,0.0,0,,0.0,0,,0.0,0,,0.0,0,,0.0,0,,0.0,0,,0.0,0,,0.0,0,,0.0,0,,0.0,0,,0.0,0,,0.0,0,,0.0,0,,0.0,1,,0.0,0,,0.0,0,,0.0,0,,0.0,0,,0.0,0,,0.0,0,,0.0,0,,0.0,0,,0.0,1,,0.0,0,,0.0,0,,0.0,1,,0.0,0,,0.0,0,,0.0,0,,0.0,0,,0.0,0,,0.0,0,,0.0,0,,0.0,0,,0.0,0,,0.0,0,,0.0,0,,0.0,1,,0.0,0,,0.0,0,,0.0,0,,0.0,0,,0.0,0,,0.0,1,,0.0,0,,0.0,1,,0.0,0,,0.0,0,,0.0,0,,0.0,0,,0.0,3.666666667,,0.0,3,,0.0,7,,0.0,0.0,,0.0,0,,0.0,-1,,0.0,999,,0.0,999,,0.0,1,,0.0,2,,0.0,-1,,0.0
Ritual501,0,,0.0,0,,0.0,0,,0.0,1,,0.0,0,,0.0,0,,0.0,0,,0.0,0,,0.0,0,,0.0,0,,0.0,0,,0.0,0,,0.0,0,,0.0,0,,0.0,0,,0.0,2,,0.0,3,,0.0,0,,0.0,0,,0.0,0,,0.0,0,,0.0,1,,0.0,0,,0.0,0,,0.0,0,,0.0,6,,0.0,5,,0.0,1,,0.0,0,,0.0,0,,0.0,0,,0.0,0,,0.0,0,,0.0,0,,0.0,0,,0.0,0,,0.0,0,,0.0,0,,0.0,0,,0.0,0,,0.0,0,,0.0,0,,0.0,0,,0.0,0,,0.0,0,,0.0,0,,0.0,0,,0.0,0,,0.0,0,,0.0,0,,0.0,0,,0.0,0,,0.0,0,,0.0,0,,0.0,0,,0.0,0,,0.0,0,,0.0,0,,0.0,0,,0.0,0,,0.0,0,,0.0,0,,0.0,0,,0.0,0,,0.0,0,,0.0,0,,0.0,0,,0.0,0,,0.0,0,,0.0,0,,0.0,0,,0.0,0,,0.0,0,,0.0,0,,0.0,0,,0.0,0,,0.0,0,,0.0,0,,0.0,0,,0.0,0,,0.0,0,,0.0,0,,0.0,0,,0.0,0,,0.0,0,,0.0,0,,0.0,0,,0.0,0,,0.0,0,,0.0,0,,0.0,0,,0.0,0,,0.0,0,,0.0,0,,0.0,0,,0.0,0,,0.0,0,,0.0,0,,0.0,0,,0.0,0,,0.0,0,,0.0,0,,0.0,0,,0.0,0,,0.0,1.666666667,,0.0,2,,0.0,3,,0.0,0.0,,0.0,_,,0.0,-1,,0.0,999,,0.0,999,,0.0,1,,0.0,2,,0.0,-1,,0.0
Ritual502,0,,0.0,0,,0.0,0,,0.0,0,,0.0,0,,0.0,0,,0.0,1,,0.0,0,,0.0,0,,0.0,0,,0.0,0,,0.0,0,,0.0,0,,0.0,0,,0.0,0,,0.0,4,,0.0,1,,0.0,0,,0.0,0,,0.0,0,,0.0,1,,0.0,0,,0.0,0,,0.0,0,,0.0,0,,0.0,7,,0.0,6,,0.0,0,,0.0,0,,0.0,0,,0.0,0,,0.0,0,,0.0,0,,0.0,0,,0.0,0,,0.0,0,,0.0,0,,0.0,0,,0.0,0,,0.0,0,,0.0,0,,0.0,0,,0.0,0,,0.0,0,,0.0,0,,0.0,0,,0.0,0,,0.0,0,,0.0,0,,0.0,0,,0.0,0,,0.0,1,,0.0,0,,0.0,0,,0.0,0,,0.0,0,,0.0,0,,0.0,0,,0.0,0,,0.0,0,,0.0,0,,0.0,0,,0.0,0,,0.0,0,,0.0,0,,0.0,0,,0.0,0,,0.0,0,,0.0,0,,0.0,0,,0.0,1,,0.0,0,,0.0,0,,0.0,0,,0.0,0,,0.0,0,,0.0,0,,0.0,0,,0.0,0,,0.0,0,,0.0,0,,0.0,0,,0.0,0,,0.0,0,,0.0,0,,0.0,0,,0.0,0,,0.0,0,,0.0,0,,0.0,0,,0.0,0,,0.0,0,,0.0,0,,0.0,0,,0.0,0,,0.0,0,,0.0,0,,0.0,0,,0.0,0,,0.0,0,,0.0,0,,0.0,0,,0.0,0,,0.0,0,,0.0,0.0,,0.0,0,,0.0,-1,,0.0,4.333333333,,0.0,4,,0.0,2,,0.0,4,,0.0,1,,0.0,1,,0.0,2,,0.0,-1,,0.0
Ritual503,0,,0.0,0,,0.0,0,,0.0,0,,0.0,1,,0.0,0,,0.0,0,,0.0,0,,0.0,0,,0.0,0,,0.0,0,,0.0,0,,0.0,0,,0.0,0,,0.0,0,,0.0,3,,0.0,3,,0.0,0,,0.0,1,,0.0,0,,0.0,1,,0.0,0,,0.0,0,,0.0,0,,0.0,0,,0.0,6,,0.0,6,,0.0,0,,0.0,0,,0.0,1,,0.0,0,,0.0,1,,0.0,0,,0.0,0,,0.0,0,,0.0,0,,0.0,0,,0.0,0,,0.0,0,,0.0,0,,0.0,0,,0.0,0,,0.0,0,,0.0,0,,0.0,0,,0.0,0,,0.0,0,,0.0,0,,0.0,1,,0.0,0,,0.0,0,,0.0,1,,0.0,0,,0.0,0,,0.0,0,,0.0,0,,0.0,0,,0.0,0,,0.0,0,,0.0,0,,0.0,0,,0.0,0,,0.0,0,,0.0,0,,0.0,0,,0.0,0,,0.0,0,,0.0,0,,0.0,0,,0.0,0,,0.0,0,,0.0,0,,0.0,0,,0.0,0,,0.0,0,,0.0,0,,0.0,0,,0.0,0,,0.0,0,,0.0,0,,0.0,0,,0.0,0,,0.0,0,,0.0,0,,0.0,0,,0.0,0,,0.0,1,,0.0,0,,0.0,0,,0.0,0,,0.0,0,,0.0,0,,0.0,0,,0.0,0,,0.0,0,,0.0,0,,0.0,0,,0.0,0,,0.0,0,,0.0,0,,0.0,0,,0.0,0,,0.0,0,,0.0,0,,0.0,1.666666667,,0.0,2,,0.0,2,,0.0,0.0,,0.0,0,,0.0,-1,,0.0,3,,0.0,2,,0.0,1,,0.0,2,,0.0,-1,,0.0
Ritual504,0,,0.0,0,,0.0,0,,0.0,0,,0.0,0,,0.0,0,,0.0,1,,0.0,0,,0.0,0,,0.0,0,,0.0,0,,0.0,0,,0.0,0,,0.0,0,,0.0,0,,0.0,4,,0.0,3,,0.0,1,,0.0,0,,0.0,0,,0.0,1,,0.0,0,,0.0,0,,0.0,0,,0.0,0,,0.0,7,,0.0,6,,0.0,0,,0.0,0,,0.0,0,,0.0,0,,0.0,0,,0.0,0,,0.0,0,,0.0,0,,0.0,0,,0.0,0,,0.0,0,,0.0,1,,0.0,1,,0.0,0,,0.0,0,,0.0,0,,0.0,0,,0.0,0,,0.0,0,,0.0,0,,0.0,0,,0.0,0,,0.0,0,,0.0,0,,0.0,0,,0.0,0,,0.0,0,,0.0,0,,0.0,0,,0.0,0,,0.0,0,,0.0,0,,0.0,0,,0.0,0,,0.0,0,,0.0,0,,0.0,0,,0.0,0,,0.0,1,,0.0,0,,0.0,0,,0.0,0,,0.0,0,,0.0,1,,0.0,0,,0.0,0,,0.0,0,,0.0,0,,0.0,0,,0.0,0,,0.0,0,,0.0,0,,0.0,0,,0.0,1,,0.0,0,,0.0,0,,0.0,0,,0.0,0,,0.0,0,,0.0,0,,0.0,0,,0.0,0,,0.0,0,,0.0,0,,0.0,0,,0.0,0,,0.0,0,,0.0,0,,0.0,0,,0.0,0,,0.0,0,,0.0,0,,0.0,0,,0.0,0,,0.0,0,,0.0,0,,0.0,1,,0.0,0.0,,0.0,0,,0.0,-1,,0.0,3.666666667,,0.0,3,,0.0,2,,0.0,4,,0.0,999,,0.0,1,,0.0,2,,0.0,-1,,0.0
Ritual505,0,,0.0,0,,0.0,0,,0.0,1,,0.0,0,,0.0,0,,0.0,0,,0.0,0,,0.0,0,,0.0,0,,0.0,0,,0.0,0,,0.0,0,,0.0,0,,0.0,0,,0.0,2,,0.0,3,,0.0,0,,0.0,0,,0.0,0,,0.0,1,,0.0,0,,0.0,0,,0.0,0,,0.0,0,,0.0,7,,0.0,6,,0.0,0,,0.0,1,,0.0,0,,0.0,0,,0.0,1,,0.0,0,,0.0,0,,0.0,0,,0.0,0,,0.0,0,,0.0,0,,0.0,0,,0.0,0,,0.0,0,,0.0,1,,0.0,0,,0.0,0,,0.0,0,,0.0,0,,0.0,0,,0.0,0,,0.0,0,,0.0,0,,0.0,0,,0.0,0,,0.0,0,,0.0,0,,0.0,0,,0.0,0,,0.0,0,,0.0,0,,0.0,0,,0.0,0,,0.0,0,,0.0,0,,0.0,0,,0.0,0,,0.0,0,,0.0,0,,0.0,0,,0.0,0,,0.0,0,,0.0,0,,0.0,0,,0.0,0,,0.0,0,,0.0,0,,0.0,0,,0.0,1,,0.0,0,,0.0,0,,0.0,0,,0.0,0,,0.0,0,,0.0,1,,0.0,0,,0.0,0,,0.0,0,,0.0,0,,0.0,0,,0.0,0,,0.0,1,,0.0,0,,0.0,0,,0.0,0,,0.0,0,,0.0,0,,0.0,0,,0.0,0,,0.0,0,,0.0,0,,0.0,1,,0.0,0,,0.0,0,,0.0,0,,0.0,0,,0.0,0,,0.0,2.333333333,,0.0,3,,0.0,2,,0.0,1.333333333,,0.0,3,,0.0,2,,0.0,4,,0.0,999,,0.0,1,,0.0,2,,0.0,-1,,0.0
Ritual506,0,,0.0,0,,0.0,0,,0.0,0,,0.0,0,,0.0,0,,0.0,0,,0.0,0,,0.0,0,,0.0,0,,0.0,0,,0.0,1,,0.0,0,,0.0,0,,0.0,0,,0.0,4,,0.0,3,,0.0,0,,0.0,1,,0.0,1,,0.0,1,,0.0,0,,0.0,0,,0.0,0,,0.0,0,,0.0,999,,0.0,6,,0.0,0,,0.0,1,,0.0,0,,0.0,0,,0.0,0,,0.0,0,,0.0,0,,0.0,0,,0.0,0,,0.0,0,,0.0,0,,0.0,0,,0.0,1,,0.0,0,,0.0,0,,0.0,0,,0.0,0,,0.0,0,,0.0,0,,0.0,0,,0.0,0,,0.0,0,,0.0,0,,0.0,0,,0.0,0,,0.0,0,,0.0,0,,0.0,0,,0.0,0,,0.0,0,,0.0,0,,0.0,0,,0.0,0,,0.0,0,,0.0,0,,0.0,0,,0.0,0,,0.0,0,,0.0,0,,0.0,0,,0.0,0,,0.0,0,,0.0,0,,0.0,0,,0.0,0,,0.0,0,,0.0,0,,0.0,0,,0.0,1,,0.0,0,,0.0,0,,0.0,0,,0.0,0,,0.0,0,,0.0,0,,0.0,0,,0.0,0,,0.0,0,,0.0,0,,0.0,0,,0.0,1,,0.0,1,,0.0,0,,0.0,0,,0.0,0,,0.0,0,,0.0,0,,0.0,0,,0.0,0,,0.0,0,,0.0,0,,0.0,1,,0.0,0,,0.0,0,,0.0,0,,0.0,0,,0.0,0,,0.0,1.0,,0.0,1,,0.0,7,,0.0,1.0,,0.0,1,,0.0,7,,0.0,999,,0.0,999,,0.0,1,,0.0,2,,0.0,-1,,0.0
Ritual507,0,,0.0,0,,0.0,0,,0.0,1,,0.0,0,,0.0,0,,0.0,0,,0.0,0,,0.0,0,,0.0,0,,0.0,0,,0.0,0,,0.0,0,,0.0,0,,0.0,0,,0.0,2,,0.0,3,,0.0,0,,0.0,0,,0.0,0,,0.0,0,,0.0,1,,0.0,0,,0.0,0,,0.0,0,,0.0,999,,0.0,5,,0.0,0,,0.0,0,,0.0,1,,0.0,0,,0.0,0,,0.0,0,,0.0,0,,0.0,0,,0.0,1,,0.0,0,,0.0,0,,0.0,0,,0.0,0,,0.0,0,,0.0,0,,0.0,0,,0.0,0,,0.0,0,,0.0,0,,0.0,0,,0.0,0,,0.0,0,,0.0,0,,0.0,0,,0.0,0,,0.0,0,,0.0,0,,0.0,0,,0.0,0,,0.0,0,,0.0,0,,0.0,0,,0.0,0,,0.0,0,,0.0,0,,0.0,0,,0.0,0,,0.0,0,,0.0,0,,0.0,0,,0.0,0,,0.0,0,,0.0,0,,0.0,0,,0.0,0,,0.0,0,,0.0,0,,0.0,0,,0.0,1,,0.0,0,,0.0,0,,0.0,0,,0.0,0,,0.0,1,,0.0,0,,0.0,1,,0.0,0,,0.0,0,,0.0,0,,0.0,0,,0.0,0,,0.0,0,,0.0,0,,0.0,0,,0.0,0,,0.0,0,,0.0,0,,0.0,0,,0.0,0,,0.0,0,,0.0,0,,0.0,0,,0.0,0,,0.0,0,,0.0,0,,0.0,0,,0.0,0,,0.0,2.0,,0.0,3,,0.0,7,,0.0,0.0,,0.0,0,,0.0,-1,,0.0,999,,0.0,3,,0.0,1,,0.0,2,,0.0,-1,,0.0
Ritual508,0,,0.0,0,,0.0,0,,0.0,1,,0.0,0,,0.0,0,,0.0,0,,0.0,0,,0.0,0,,0.0,0,,0.0,0,,0.0,0,,0.0,0,,0.0,0,,0.0,0,,0.0,1,,0.0,3,,0.0,0,,0.0,0,,0.0,0,,0.0,0,,0.0,0,,0.0,0,,0.0,0,,0.0,0,,0.0,6,,0.0,6,,0.0,0,,0.0,1,,0.0,0,,0.0,0,,0.0,0,,0.0,0,,0.0,0,,0.0,0,,0.0,0,,0.0,0,,0.0,0,,0.0,0,,0.0,0,,0.0,0,,0.0,0,,0.0,0,,0.0,0,,0.0,0,,0.0,0,,0.0,0,,0.0,0,,0.0,0,,0.0,0,,0.0,0,,0.0,0,,0.0,0,,0.0,0,,0.0,0,,0.0,0,,0.0,0,,0.0,0,,0.0,0,,0.0,0,,0.0,0,,0.0,0,,0.0,0,,0.0,0,,0.0,0,,0.0,0,,0.0,0,,0.0,0,,0.0,0,,0.0,0,,0.0,0,,0.0,0,,0.0,0,,0.0,0,,0.0,0,,0.0,0,,0.0,0,,0.0,0,,0.0,0,,0.0,0,,0.0,0,,0.0,0,,0.0,1,,0.0,0,,0.0,0,,0.0,0,,0.0,0,,0.0,1,,0.0,0,,0.0,0,,0.0,0,,0.0,0,,0.0,0,,0.0,0,,0.0,0,,0.0,0,,0.0,0,,0.0,0,,0.0,0,,0.0,0,,0.0,0,,0.0,0,,0.0,0,,0.0,0,,0.0,0.0,,0.0,0,,0.0,-1,,0.0,1.666666667,,0.0,1,,0.0,7,,0.0,1,,0.0,3,,0.0,1,,0.0,2,,0.0,-1,,0.0
Ritual509,0,,0.0,0,,0.0,0,,0.0,0,,0.0,0,,0.0,0,,0.0,0,,0.0,0,,0.0,0,,0.0,0,,0.0,0,,0.0,1,,0.0,1,,0.0,0,,0.0,0,,0.0,2,,0.0,3,,0.0,0,,0.0,0,,0.0,0,,0.0,0,,0.0,1,,0.0,0,,0.0,0,,0.0,0,,0.0,999,,0.0,5,,0.0,0,,0.0,1,,0.0,0,,0.0,0,,0.0,0,,0.0,0,,0.0,0,,0.0,0,,0.0,0,,0.0,0,,0.0,0,,0.0,0,,0.0,0,,0.0,0,,0.0,0,,0.0,0,,0.0,0,,0.0,0,,0.0,0,,0.0,0,,0.0,0,,0.0,0,,0.0,0,,0.0,0,,0.0,0,,0.0,0,,0.0,0,,0.0,0,,0.0,0,,0.0,0,,0.0,0,,0.0,0,,0.0,0,,0.0,0,,0.0,0,,0.0,0,,0.0,0,,0.0,0,,0.0,0,,0.0,0,,0.0,0,,0.0,0,,0.0,0,,0.0,0,,0.0,0,,0.0,0,,0.0,0,,0.0,0,,0.0,0,,0.0,1,,0.0,1,,0.0,1,,0.0,0,,0.0,0,,0.0,0,,0.0,0,,0.0,0,,0.0,0,,0.0,0,,0.0,0,,0.0,1,,0.0,1,,0.0,0,,0.0,0,,0.0,0,,0.0,0,,0.0,0,,0.0,0,,0.0,0,,0.0,0,,0.0,0,,0.0,1,,0.0,0,,0.0,0,,0.0,0,,0.0,0,,0.0,0,,0.0,1.0,,0.0,1,,0.0,3,,0.0,0.0,,0.0,0,,0.0,-1,,0.0,999,,0.0,999,,0.0,1,,0.0,2,,0.0,-1,,0.0
Ritual510,0,,0.0,0,,0.0,0,,0.0,0,,0.0,0,,0.0,0,,0.0,0,,0.0,0,,0.0,0,,0.0,0,,0.0,0,,0.0,1,,0.0,1,,0.0,0,,0.0,0,,0.0,2,,0.0,3,,0.0,0,,0.0,0,,0.0,0,,0.0,0,,0.0,1,,0.0,0,,0.0,0,,0.0,1,,0.0,999,,0.0,5,,0.0,0,,0.0,0,,0.0,1,,0.0,1,,0.0,0,,0.0,1,,0.0,0,,0.0,0,,0.0,1,,0.0,0,,0.0,0,,0.0,0,,0.0,0,,0.0,0,,0.0,0,,0.0,0,,0.0,0,,0.0,0,,0.0,0,,0.0,0,,0.0,0,,0.0,0,,0.0,0,,0.0,0,,0.0,0,,0.0,0,,0.0,1,,0.0,0,,0.0,0,,0.0,0,,0.0,0,,0.0,0,,0.0,0,,0.0,0,,0.0,0,,0.0,0,,0.0,0,,0.0,0,,0.0,0,,0.0,0,,0.0,0,,0.0,0,,0.0,0,,0.0,0,,0.0,0,,0.0,0,,0.0,0,,0.0,0,,0.0,0,,0.0,0,,0.0,0,,0.0,1,,0.0,1,,0.0,0,,0.0,0,,0.0,0,,0.0,0,,0.0,0,,0.0,0,,0.0,0,,0.0,0,,0.0,0,,0.0,0,,0.0,1,,0.0,1,,0.0,0,,0.0,0,,0.0,0,,0.0,0,,0.0,0,,0.0,0,,0.0,0,,0.0,0,,0.0,0,,0.0,0,,0.0,0,,0.0,0,,0.0,3.0,,0.0,4,,0.0,7,,0.0,5.0,,0.0,1,,0.0,3,,0.0,999,,0.0,999,,0.0,1,,0.0,2,,0.0,-1,,0.0
Ritual511,0,,0.0,1,,0.0,0,,0.0,0,,0.0,0,,0.0,0,,0.0,0,,0.0,0,,0.0,0,,0.0,0,,0.0,0,,0.0,0,,0.0,0,,0.0,0,,0.0,0,,0.0,1,,0.0,1,,0.0,0,,0.0,1,,0.0,0,,0.0,1,,0.0,0,,0.0,0,,0.0,0,,0.0,0,,0.0,7,,0.0,7,,0.0,0,,0.0,0,,0.0,0,,0.0,0,,0.0,0,,0.0,0,,0.0,0,,0.0,0,,0.0,0,,0.0,0,,0.0,1,,0.0,0,,0.0,0,,0.0,0,,0.0,0,,0.0,0,,0.0,0,,0.0,0,,0.0,0,,0.0,0,,0.0,0,,0.0,0,,0.0,0,,0.0,0,,0.0,0,,0.0,0,,0.0,0,,0.0,0,,0.0,0,,0.0,0,,0.0,0,,0.0,0,,0.0,0,,0.0,0,,0.0,0,,0.0,0,,0.0,0,,0.0,0,,0.0,0,,0.0,0,,0.0,0,,0.0,0,,0.0,0,,0.0,0,,0.0,0,,0.0,0,,0.0,0,,0.0,0,,0.0,1,,0.0,0,,0.0,0,,0.0,0,,0.0,0,,0.0,1,,0.0,0,,0.0,0,,0.0,0,,0.0,0,,0.0,0,,0.0,0,,0.0,0,,0.0,0,,0.0,1,,0.0,0,,0.0,0,,0.0,0,,0.0,0,,0.0,0,,0.0,0,,0.0,0,,0.0,0,,0.0,0,,0.0,0,,0.0,0,,0.0,0,,0.0,0,,0.0,0,,0.0,0.6666666667,,0.0,0,,0.0,2,,0.0,3.0,,0.0,4,,0.0,2,,0.0,0,,0.0,999,,0.0,1,,0.0,2,,0.0,-1,,0.0
Ritual512,0,,0.0,0,,0.0,0,,0.0,0,,0.0,0,,0.0,0,,0.0,1,,0.0,0,,0.0,0,,0.0,0,,0.0,0,,0.0,0,,0.0,0,,0.0,0,,0.0,0,,0.0,1,,0.0,1,,0.0,0,,0.0,0,,0.0,0,,0.0,1,,0.0,0,,0.0,0,,0.0,0,,0.0,0,,0.0,7,,0.0,6,,0.0,0,,0.0,1,,0.0,0,,0.0,0,,0.0,0,,0.0,0,,0.0,0,,0.0,0,,0.0,0,,0.0,0,,0.0,1,,0.0,0,,0.0,0,,0.0,0,,0.0,0,,0.0,0,,0.0,0,,0.0,0,,0.0,0,,0.0,0,,0.0,0,,0.0,0,,0.0,0,,0.0,0,,0.0,0,,0.0,0,,0.0,0,,0.0,0,,0.0,0,,0.0,0,,0.0,0,,0.0,0,,0.0,0,,0.0,0,,0.0,0,,0.0,0,,0.0,0,,0.0,0,,0.0,0,,0.0,0,,0.0,0,,0.0,0,,0.0,0,,0.0,0,,0.0,0,,0.0,0,,0.0,0,,0.0,0,,0.0,1,,0.0,0,,0.0,0,,0.0,0,,0.0,0,,0.0,0,,0.0,0,,0.0,0,,0.0,0,,0.0,0,,0.0,0,,0.0,0,,0.0,1,,0.0,0,,0.0,1,,0.0,0,,0.0,0,,0.0,0,,0.0,0,,0.0,0,,0.0,0,,0.0,0,,0.0,0,,0.0,0,,0.0,0,,0.0,0,,0.0,0,,0.0,0,,0.0,0,,0.0,1.0,,0.0,0,,0.0,2,,0.0,0.0,,0.0,0,,0.0,-1,,0.0,0,,0.0,999,,0.0,1,,0.0,2,,0.0,-1,,0.0
Ritual513,0,,0.0,0,,0.0,0,,0.0,0,,0.0,0,,0.0,0,,0.0,1,,0.0,0,,0.0,0,,0.0,0,,0.0,0,,0.0,0,,0.0,0,,0.0,0,,0.0,0,,0.0,2,,0.0,3,,0.0,0,,0.0,1,,0.0,1,,0.0,1,,0.0,0,,0.0,0,,0.0,0,,0.0,0,,0.0,7,,0.0,6,,0.0,0,,0.0,0,,0.0,0,,0.0,0,,0.0,0,,0.0,0,,0.0,0,,0.0,0,,0.0,0,,0.0,0,,0.0,1,,0.0,0,,0.0,0,,0.0,0,,0.0,0,,0.0,0,,0.0,0,,0.0,0,,0.0,0,,0.0,0,,0.0,0,,0.0,0,,0.0,0,,0.0,0,,0.0,0,,0.0,0,,0.0,0,,0.0,0,,0.0,0,,0.0,0,,0.0,0,,0.0,0,,0.0,0,,0.0,0,,0.0,0,,0.0,0,,0.0,0,,0.0,0,,0.0,0,,0.0,0,,0.0,0,,0.0,0,,0.0,0,,0.0,0,,0.0,0,,0.0,0,,0.0,0,,0.0,0,,0.0,1,,0.0,0,,0.0,0,,0.0,1,,0.0,0,,0.0,1,,0.0,0,,0.0,0,,0.0,0,,0.0,0,,0.0,0,,0.0,0,,0.0,1,,0.0,0,,0.0,0,,0.0,0,,0.0,0,,0.0,0,,0.0,0,,0.0,0,,0.0,0,,0.0,0,,0.0,0,,0.0,0,,0.0,0,,0.0,0,,0.0,0,,0.0,0,,0.0,0,,0.0,2.0,,0.0,2,,0.0,2,,0.0,0.0,,0.0,0,,0.0,-1,,0.0,2,,0.0,999,,0.0,1,,0.0,2,,0.0,-1,,0.0
Ritual514,0,,0.0,0,,0.0,0,,0.0,1,,0.0,0,,0.0,0,,0.0,0,,0.0,0,,0.0,0,,0.0,0,,0.0,0,,0.0,0,,0.0,0,,0.0,0,,0.0,0,,0.0,2,,0.0,1,,0.0,0,,0.0,0,,0.0,0,,0.0,1,,0.0,0,,0.0,0,,0.0,0,,0.0,1,,0.0,999,,0.0,4,,0.0,1,,0.0,1,,0.0,1,,0.0,0,,0.0,0,,0.0,0,,0.0,0,,0.0,0,,0.0,1,,0.0,1,,0.0,1,,0.0,0,,0.0,0,,0.0,0,,0.0,0,,0.0,0,,0.0,0,,0.0,0,,0.0,0,,0.0,0,,0.0,0,,0.0,0,,0.0,0,,0.0,0,,0.0,0,,0.0,0,,0.0,0,,0.0,0,,0.0,0,,0.0,0,,0.0,0,,0.0,0,,0.0,0,,0.0,0,,0.0,0,,0.0,0,,0.0,0,,0.0,0,,0.0,0,,0.0,0,,0.0,0,,0.0,0,,0.0,0,,0.0,0,,0.0,0,,0.0,0,,0.0,0,,0.0,0,,0.0,0,,0.0,1,,0.0,0,,0.0,0,,0.0,0,,0.0,0,,0.0,0,,0.0,1,,0.0,0,,0.0,0,,0.0,1,,0.0,0,,0.0,0,,0.0,0,,0.0,0,,0.0,1,,0.0,1,,0.0,0,,0.0,0,,0.0,1,,0.0,0,,0.0,0,,0.0,1,,0.0,0,,0.0,0,,0.0,0,,0.0,0,,0.0,0,,0.0,0,,0.0,2.333333333,,0.0,2,,0.0,7,,0.0,0.0,,0.0,0,,0.0,-1,,0.0,999,,0.0,3,,0.0,1,,0.0,2,,0.0,-1,,0.0
Ritual515,0,,0.0,0,,0.0,0,,0.0,0,,0.0,0,,0.0,1,,0.0,0,,0.0,0,,0.0,0,,0.0,0,,0.0,0,,0.0,0,,0.0,0,,0.0,0,,0.0,0,,0.0,3,,0.0,3,,0.0,0,,0.0,0,,0.0,0,,0.0,0,,0.0,1,,0.0,0,,0.0,0,,0.0,0,,0.0,999,,0.0,5,,0.0,0,,0.0,1,,0.0,1,,0.0,0,,0.0,0,,0.0,0,,0.0,0,,0.0,0,,0.0,1,,0.0,0,,0.0,0,,0.0,0,,0.0,0,,0.0,0,,0.0,0,,0.0,0,,0.0,0,,0.0,0,,0.0,0,,0.0,0,,0.0,0,,0.0,0,,0.0,0,,0.0,0,,0.0,0,,0.0,0,,0.0,0,,0.0,0,,0.0,0,,0.0,0,,0.0,0,,0.0,0,,0.0,0,,0.0,0,,0.0,0,,0.0,0,,0.0,0,,0.0,0,,0.0,0,,0.0,0,,0.0,0,,0.0,0,,0.0,0,,0.0,0,,0.0,0,,0.0,0,,0.0,0,,0.0,0,,0.0,0,,0.0,0,,0.0,0,,0.0,0,,0.0,0,,0.0,0,,0.0,0,,0.0,0,,0.0,0,,0.0,0,,0.0,0,,0.0,0,,0.0,0,,0.0,1,,0.0,0,,0.0,0,,0.0,0,,0.0,0,,0.0,0,,0.0,0,,0.0,0,,0.0,0,,0.0,0,,0.0,0,,0.0,0,,0.0,0,,0.0,0,,0.0,0,,0.0,0,,0.0,2.666666667,,0.0,1,,0.0,5,,0.0,0.0,,0.0,0,,0.0,-1,,0.0,999,,0.0,999,,0.0,1,,0.0,2,,0.0,-1,,0.0
Ritual516,0,,0.0,0,,0.0,0,,0.0,1,,0.0,0,,0.0,0,,0.0,0,,0.0,0,,0.0,0,,0.0,0,,0.0,0,,0.0,0,,0.0,0,,0.0,0,,0.0,0,,0.0,3,,0.0,3,,0.0,0,,0.0,0,,0.0,0,,0.0,1,,0.0,0,,0.0,0,,0.0,0,,0.0,0,,0.0,999,,0.0,4,,0.0,0,,0.0,1,,0.0,0,,0.0,0,,0.0,0,,0.0,0,,0.0,0,,0.0,0,,0.0,1,,0.0,0,,0.0,0,,0.0,0,,0.0,0,,0.0,0,,0.0,0,,0.0,0,,0.0,0,,0.0,0,,0.0,0,,0.0,0,,0.0,0,,0.0,0,,0.0,0,,0.0,0,,0.0,0,,0.0,0,,0.0,0,,0.0,0,,0.0,0,,0.0,0,,0.0,0,,0.0,0,,0.0,0,,0.0,0,,0.0,0,,0.0,0,,0.0,0,,0.0,0,,0.0,0,,0.0,0,,0.0,0,,0.0,0,,0.0,0,,0.0,0,,0.0,0,,0.0,0,,0.0,0,,0.0,0,,0.0,0,,0.0,0,,0.0,0,,0.0,0,,0.0,0,,0.0,0,,0.0,0,,0.0,0,,0.0,0,,0.0,0,,0.0,0,,0.0,0,,0.0,0,,0.0,0,,0.0,0,,0.0,0,,0.0,0,,0.0,0,,0.0,0,,0.0,0,,0.0,0,,0.0,0,,0.0,0,,0.0,0,,0.0,0,,0.0,0,,0.0,0,,0.0,0,,0.0,0,,0.0,1.333333333,,0.0,1,,0.0,3,,0.0,0.0,,0.0,0,,0.0,-1,,0.0,999,,0.0,999,,0.0,1,,0.0,2,,0.0,-1,,0.0
Ritual517,0,,0.0,0,,0.0,0,,0.0,0,,0.0,0,,0.0,0,,0.0,0,,0.0,0,,0.0,0,,0.0,0,,0.0,0,,0.0,0,,0.0,0,,0.0,0,,0.0,0,,0.0,3,,0.0,3,,0.0,0,,0.0,0,,0.0,0,,0.0,0,,0.0,0,,0.0,0,,0.0,1,,0.0,0,,0.0,7,,0.0,7,,0.0,1,,0.0,0,,0.0,0,,0.0,0,,0.0,0,,0.0,0,,0.0,0,,0.0,0,,0.0,0,,0.0,0,,0.0,0,,0.0,0,,0.0,1,,0.0,0,,0.0,1,,0.0,1,,0.0,0,,0.0,0,,0.0,0,,0.0,0,,0.0,0,,0.0,0,,0.0,0,,0.0,0,,0.0,0,,0.0,0,,0.0,0,,0.0,0,,0.0,0,,0.0,0,,0.0,0,,0.0,0,,0.0,0,,0.0,0,,0.0,0,,0.0,0,,0.0,0,,0.0,0,,0.0,0,,0.0,0,,0.0,0,,0.0,0,,0.0,0,,0.0,0,,0.0,0,,0.0,0,,0.0,0,,0.0,0,,0.0,0,,0.0,0,,0.0,0,,0.0,0,,0.0,0,,0.0,1,,0.0,0,,0.0,0,,0.0,0,,0.0,0,,0.0,0,,0.0,0,,0.0,1,,0.0,0,,0.0,0,,0.0,0,,0.0,0,,0.0,0,,0.0,0,,0.0,0,,0.0,0,,0.0,0,,0.0,0,,0.0,0,,0.0,0,,0.0,0,,0.0,0,,0.0,0,,0.0,0,,0.0,2.0,,0.0,4,,0.0,2,,0.0,0.0,,0.0,0,,0.0,-1,,0.0,3,,0.0,999,,0.0,1,,0.0,2,,0.0,-1,,0.0
Ritual518,0,,0.0,0,,0.0,0,,0.0,1,,0.0,0,,0.0,0,,0.0,0,,0.0,0,,0.0,0,,0.0,0,,0.0,0,,0.0,0,,0.0,0,,0.0,0,,0.0,0,,0.0,4,,0.0,3,,0.0,0,,0.0,1,,0.0,0,,0.0,0,,0.0,1,,0.0,0,,0.0,0,,0.0,0,,0.0,6,,0.0,6,,0.0,1,,0.0,1,,0.0,1,,0.0,1,,0.0,1,,0.0,0,,0.0,0,,0.0,0,,0.0,0,,0.0,1,,0.0,0,,0.0,0,,0.0,0,,0.0,0,,0.0,0,,0.0,0,,0.0,0,,0.0,0,,0.0,0,,0.0,0,,0.0,0,,0.0,0,,0.0,0,,0.0,0,,0.0,0,,0.0,0,,0.0,0,,0.0,0,,0.0,0,,0.0,0,,0.0,0,,0.0,0,,0.0,0,,0.0,0,,0.0,0,,0.0,0,,0.0,0,,0.0,0,,0.0,0,,0.0,0,,0.0,0,,0.0,0,,0.0,0,,0.0,0,,0.0,0,,0.0,0,,0.0,0,,0.0,0,,0.0,0,,0.0,1,,0.0,1,,0.0,0,,0.0,0,,0.0,0,,0.0,0,,0.0,0,,0.0,0,,0.0,0,,0.0,0,,0.0,0,,0.0,0,,0.0,1,,0.0,0,,0.0,0,,0.0,1,,0.0,0,,0.0,0,,0.0,1,,0.0,0,,0.0,0,,0.0,0,,0.0,0,,0.0,0,,0.0,0,,0.0,0,,0.0,0,,0.0,0,,0.0,2.333333333,,0.0,3,,0.0,7,,0.0,0.0,,0.0,0,,0.0,-1,,0.0,999,,0.0,999,,0.0,1,,0.0,2,,0.0,-1,,0.0
Ritual519,0,,0.0,0,,0.0,0,,0.0,0,,0.0,1,,0.0,0,,0.0,0,,0.0,0,,0.0,0,,0.0,0,,0.0,0,,0.0,0,,0.0,0,,0.0,0,,0.0,0,,0.0,2,,0.0,3,,0.0,0,,0.0,0,,0.0,0,,0.0,0,,0.0,1,,0.0,0,,0.0,0,,0.0,0,,0.0,999,,0.0,6,,0.0,1,,0.0,0,,0.0,1,,0.0,0,,0.0,1,,0.0,1,,0.0,0,,0.0,0,,0.0,0,,0.0,0,,0.0,0,,0.0,0,,0.0,0,,0.0,0,,0.0,0,,0.0,0,,0.0,0,,0.0,0,,0.0,0,,0.0,0,,0.0,1,,0.0,0,,0.0,0,,0.0,0,,0.0,0,,0.0,0,,0.0,0,,0.0,0,,0.0,0,,0.0,0,,0.0,0,,0.0,0,,0.0,0,,0.0,0,,0.0,0,,0.0,0,,0.0,0,,0.0,0,,0.0,0,,0.0,0,,0.0,0,,0.0,0,,0.0,0,,0.0,0,,0.0,0,,0.0,0,,0.0,0,,0.0,1,,0.0,0,,0.0,1,,0.0,0,,0.0,0,,0.0,1,,0.0,1,,0.0,0,,0.0,1,,0.0,0,,0.0,0,,0.0,0,,0.0,0,,0.0,0,,0.0,0,,0.0,0,,0.0,0,,0.0,0,,0.0,0,,0.0,0,,0.0,1,,0.0,0,,0.0,0,,0.0,0,,0.0,1,,0.0,0,,0.0,0,,0.0,0,,0.0,0,,0.0,0,,0.0,3.333333333,,0.0,3,,0.0,7,,0.0,3.0,,0.0,1,,0.0,7,,0.0,999,,0.0,3,,0.0,1,,0.0,2,,0.0,-1,,0.0
Ritual520,0,,0.0,0,,0.0,0,,0.0,1,,0.0,0,,0.0,0,,0.0,0,,0.0,0,,0.0,0,,0.0,0,,0.0,0,,0.0,0,,0.0,0,,0.0,0,,0.0,0,,0.0,3,,0.0,2,,0.0,0,,0.0,0,,0.0,0,,0.0,0,,0.0,1,,0.0,0,,0.0,0,,0.0,0,,0.0,999,,0.0,5,,0.0,0,,0.0,1,,0.0,0,,0.0,0,,0.0,0,,0.0,0,,0.0,0,,0.0,0,,0.0,1,,0.0,0,,0.0,0,,0.0,0,,0.0,0,,0.0,0,,0.0,0,,0.0,0,,0.0,0,,0.0,0,,0.0,0,,0.0,0,,0.0,0,,0.0,0,,0.0,0,,0.0,0,,0.0,0,,0.0,0,,0.0,0,,0.0,0,,0.0,0,,0.0,0,,0.0,0,,0.0,0,,0.0,0,,0.0,0,,0.0,0,,0.0,0,,0.0,0,,0.0,0,,0.0,0,,0.0,0,,0.0,0,,0.0,0,,0.0,0,,0.0,0,,0.0,0,,0.0,0,,0.0,0,,0.0,0,,0.0,1,,0.0,1,,0.0,0,,0.0,0,,0.0,0,,0.0,0,,0.0,0,,0.0,0,,0.0,0,,0.0,0,,0.0,0,,0.0,0,,0.0,0,,0.0,0,,0.0,0,,0.0,0,,0.0,0,,0.0,0,,0.0,0,,0.0,0,,0.0,0,,0.0,0,,0.0,0,,0.0,0,,0.0,0,,0.0,0,,0.0,0,,0.0,0,,0.0,0,,0.0,2.0,,0.0,3,,0.0,7,,0.0,0.0,,0.0,0,,0.0,-1,,0.0,999,,0.0,3,,0.0,1,,0.0,2,,0.0,-1,,0.0
Ritual521,0,,0.0,0,,0.0,0,,0.0,1,,0.0,0,,0.0,0,,0.0,0,,0.0,0,,0.0,0,,0.0,0,,0.0,0,,0.0,0,,0.0,0,,0.0,0,,0.0,0,,0.0,2,,0.0,3,,0.0,0,,0.0,0,,0.0,0,,0.0,0,,0.0,1,,0.0,0,,0.0,0,,0.0,0,,0.0,999,,0.0,5,,0.0,0,,0.0,0,,0.0,0,,0.0,0,,0.0,0,,0.0,0,,0.0,0,,0.0,0,,0.0,0,,0.0,0,,0.0,0,,0.0,0,,0.0,1,,0.0,0,,0.0,1,,0.0,1,,0.0,0,,0.0,0,,0.0,0,,0.0,0,,0.0,0,,0.0,0,,0.0,0,,0.0,0,,0.0,0,,0.0,0,,0.0,0,,0.0,0,,0.0,0,,0.0,0,,0.0,0,,0.0,0,,0.0,0,,0.0,0,,0.0,0,,0.0,0,,0.0,0,,0.0,0,,0.0,0,,0.0,0,,0.0,0,,0.0,0,,0.0,0,,0.0,0,,0.0,0,,0.0,0,,0.0,0,,0.0,0,,0.0,1,,0.0,0,,0.0,0,,0.0,0,,0.0,0,,0.0,0,,0.0,0,,0.0,0,,0.0,0,,0.0,0,,0.0,0,,0.0,0,,0.0,0,,0.0,0,,0.0,0,,0.0,0,,0.0,0,,0.0,0,,0.0,0,,0.0,0,,0.0,0,,0.0,0,,0.0,0,,0.0,0,,0.0,0,,0.0,0,,0.0,0,,0.0,0,,0.0,0,,0.0,1.333333333,,0.0,2,,0.0,7,,0.0,2.0,,0.0,2,,0.0,3,,0.0,999,,0.0,3,,0.0,1,,0.0,2,,0.0,-1,,0.0
Ritual522,0,,0.0,0,,0.0,0,,0.0,1,,0.0,0,,0.0,0,,0.0,0,,0.0,0,,0.0,0,,0.0,0,,0.0,0,,0.0,0,,0.0,0,,0.0,0,,0.0,0,,0.0,3,,0.0,3,,0.0,0,,0.0,0,,0.0,0,,0.0,0,,0.0,0,,0.0,0,,0.0,1,,0.0,0,,0.0,999,,0.0,5,,0.0,0,,0.0,1,,0.0,1,,0.0,0,,0.0,0,,0.0,0,,0.0,0,,0.0,0,,0.0,0,,0.0,0,,0.0,1,,0.0,0,,0.0,0,,0.0,0,,0.0,0,,0.0,0,,0.0,0,,0.0,0,,0.0,0,,0.0,0,,0.0,0,,0.0,0,,0.0,0,,0.0,0,,0.0,0,,0.0,0,,0.0,0,,0.0,0,,0.0,0,,0.0,0,,0.0,0,,0.0,0,,0.0,0,,0.0,0,,0.0,0,,0.0,0,,0.0,0,,0.0,0,,0.0,0,,0.0,0,,0.0,0,,0.0,0,,0.0,0,,0.0,0,,0.0,0,,0.0,0,,0.0,0,,0.0,0,,0.0,1,,0.0,0,,0.0,0,,0.0,1,,0.0,0,,0.0,0,,0.0,0,,0.0,1,,0.0,0,,0.0,0,,0.0,0,,0.0,0,,0.0,1,,0.0,0,,0.0,0,,0.0,0,,0.0,0,,0.0,0,,0.0,0,,0.0,0,,0.0,0,,0.0,0,,0.0,0,,0.0,0,,0.0,0,,0.0,0,,0.0,0,,0.0,0,,0.0,0,,0.0,3.0,,0.0,3,,0.0,3,,0.0,0.0,,0.0,0,,0.0,-1,,0.0,999,,0.0,3,,0.0,1,,0.0,2,,0.0,-1,,0.0
Ritual523,0,,0.0,0,,0.0,0,,0.0,1,,0.0,0,,0.0,0,,0.0,0,,0.0,0,,0.0,0,,0.0,0,,0.0,0,,0.0,0,,0.0,0,,0.0,0,,0.0,0,,0.0,2,,0.0,3,,0.0,0,,0.0,0,,0.0,0,,0.0,0,,0.0,0,,0.0,0,,0.0,1,,0.0,0,,0.0,999,,0.0,5,,0.0,1,,0.0,0,,0.0,0,,0.0,0,,0.0,0,,0.0,0,,0.0,0,,0.0,0,,0.0,0,,0.0,0,,0.0,0,,0.0,0,,0.0,0,,0.0,0,,0.0,0,,0.0,0,,0.0,0,,0.0,0,,0.0,0,,0.0,0,,0.0,0,,0.0,1,,0.0,0,,0.0,0,,0.0,0,,0.0,0,,0.0,0,,0.0,1,,0.0,0,,0.0,0,,0.0,0,,0.0,0,,0.0,0,,0.0,0,,0.0,0,,0.0,0,,0.0,0,,0.0,0,,0.0,0,,0.0,0,,0.0,0,,0.0,0,,0.0,0,,0.0,0,,0.0,0,,0.0,0,,0.0,0,,0.0,0,,0.0,0,,0.0,0,,0.0,0,,0.0,0,,0.0,0,,0.0,0,,0.0,0,,0.0,0,,0.0,0,,0.0,0,,0.0,0,,0.0,0,,0.0,0,,0.0,0,,0.0,0,,0.0,1,,0.0,0,,0.0,0,,0.0,0,,0.0,0,,0.0,0,,0.0,0,,0.0,0,,0.0,0,,0.0,0,,0.0,0,,0.0,0,,0.0,0,,0.0,0,,0.0,2.666666667,,0.0,3,,0.0,3,,0.0,3.666666667,,0.0,3,,0.0,3,,0.0,999,,0.0,2,,0.0,1,,0.0,2,,0.0,-1,,0.0
Ritual524,0,,0.0,0,,0.0,0,,0.0,1,,0.0,0,,0.0,0,,0.0,0,,0.0,0,,0.0,0,,0.0,0,,0.0,0,,0.0,0,,0.0,0,,0.0,0,,0.0,0,,0.0,2,,0.0,3,,0.0,0,,0.0,0,,0.0,0,,0.0,0,,0.0,0,,0.0,0,,0.0,1,,0.0,0,,0.0,999,,0.0,5,,0.0,1,,0.0,0,,0.0,0,,0.0,0,,0.0,1,,0.0,0,,0.0,0,,0.0,0,,0.0,0,,0.0,0,,0.0,0,,0.0,0,,0.0,0,,0.0,0,,0.0,0,,0.0,0,,0.0,0,,0.0,0,,0.0,0,,0.0,0,,0.0,0,,0.0,1,,0.0,0,,0.0,0,,0.0,0,,0.0,0,,0.0,0,,0.0,0,,0.0,0,,0.0,0,,0.0,0,,0.0,0,,0.0,0,,0.0,0,,0.0,0,,0.0,0,,0.0,0,,0.0,0,,0.0,0,,0.0,0,,0.0,0,,0.0,0,,0.0,0,,0.0,0,,0.0,0,,0.0,0,,0.0,0,,0.0,0,,0.0,0,,0.0,0,,0.0,0,,0.0,0,,0.0,0,,0.0,0,,0.0,0,,0.0,1,,0.0,0,,0.0,0,,0.0,0,,0.0,0,,0.0,0,,0.0,0,,0.0,0,,0.0,0,,0.0,0,,0.0,0,,0.0,0,,0.0,0,,0.0,0,,0.0,0,,0.0,0,,0.0,0,,0.0,0,,0.0,0,,0.0,0,,0.0,0,,0.0,0,,0.0,2.0,,0.0,1,,0.0,-1,,0.0,3.666666667,,0.0,3,,0.0,7,,0.0,999,,0.0,999,,0.0,1,,0.0,2,,0.0,-1,,0.0
Ritual525,0,,0.0,0,,0.0,0,,0.0,1,,0.0,0,,0.0,0,,0.0,0,,0.0,0,,0.0,0,,0.0,0,,0.0,0,,0.0,0,,0.0,0,,0.0,0,,0.0,0,,0.0,2,,0.0,3,,0.0,0,,0.0,0,,0.0,0,,0.0,0,,0.0,0,,0.0,0,,0.0,1,,0.0,0,,0.0,999,,0.0,5,,0.0,1,,0.0,0,,0.0,0,,0.0,0,,0.0,0,,0.0,0,,0.0,0,,0.0,0,,0.0,0,,0.0,1,,0.0,1,,0.0,0,,0.0,0,,0.0,0,,0.0,0,,0.0,0,,0.0,0,,0.0,0,,0.0,0,,0.0,0,,0.0,0,,0.0,0,,0.0,0,,0.0,0,,0.0,0,,0.0,0,,0.0,0,,0.0,0,,0.0,0,,0.0,0,,0.0,0,,0.0,0,,0.0,0,,0.0,0,,0.0,0,,0.0,0,,0.0,0,,0.0,0,,0.0,0,,0.0,0,,0.0,0,,0.0,0,,0.0,0,,0.0,0,,0.0,0,,0.0,0,,0.0,0,,0.0,0,,0.0,0,,0.0,0,,0.0,0,,0.0,0,,0.0,0,,0.0,0,,0.0,0,,0.0,0,,0.0,0,,0.0,0,,0.0,0,,0.0,0,,0.0,1,,0.0,0,,0.0,0,,0.0,0,,0.0,0,,0.0,0,,0.0,0,,0.0,0,,0.0,0,,0.0,0,,0.0,0,,0.0,0,,0.0,0,,0.0,0,,0.0,0,,0.0,0,,0.0,0,,0.0,2.333333333,,0.0,2,,0.0,3,,0.0,0.0,,0.0,0,,0.0,-1,,0.0,999,,0.0,3,,0.0,1,,0.0,2,,0.0,-1,,0.0
Ritual526,0,,0.0,0,,0.0,0,,0.0,1,,0.0,0,,0.0,0,,0.0,0,,0.0,0,,0.0,0,,0.0,0,,0.0,0,,0.0,0,,0.0,0,,0.0,0,,0.0,0,,0.0,2,,0.0,3,,0.0,0,,0.0,0,,0.0,0,,0.0,0,,0.0,0,,0.0,0,,0.0,1,,0.0,0,,0.0,999,,0.0,5,,0.0,1,,0.0,0,,0.0,0,,0.0,0,,0.0,0,,0.0,0,,0.0,0,,0.0,0,,0.0,0,,0.0,0,,0.0,0,,0.0,0,,0.0,0,,0.0,0,,0.0,0,,0.0,0,,0.0,0,,0.0,0,,0.0,0,,0.0,0,,0.0,0,,0.0,0,,0.0,0,,0.0,0,,0.0,0,,0.0,0,,0.0,0,,0.0,0,,0.0,0,,0.0,0,,0.0,0,,0.0,0,,0.0,0,,0.0,0,,0.0,0,,0.0,0,,0.0,0,,0.0,0,,0.0,0,,0.0,0,,0.0,0,,0.0,0,,0.0,0,,0.0,0,,0.0,0,,0.0,0,,0.0,0,,0.0,0,,0.0,0,,0.0,0,,0.0,0,,0.0,0,,0.0,0,,0.0,0,,0.0,0,,0.0,1,,0.0,0,,0.0,0,,0.0,0,,0.0,0,,0.0,0,,0.0,0,,0.0,0,,0.0,1,,0.0,0,,0.0,0,,0.0,0,,0.0,0,,0.0,0,,0.0,0,,0.0,0,,0.0,0,,0.0,0,,0.0,0,,0.0,0,,0.0,0,,0.0,0,,0.0,2.333333333,,0.0,1,,0.0,3,,0.0,1.666666667,,0.0,1,,0.0,7,,0.0,999,,0.0,3,,0.0,1,,0.0,2,,0.0,-1,,0.0
Ritual527a,0,,0.0,0,,0.0,0,,0.0,1,,0.0,0,,0.0,0,,0.0,0,,0.0,0,,0.0,0,,0.0,0,,0.0,0,,0.0,0,,0.0,0,,0.0,0,,0.0,0,,0.0,1,,0.0,3,,0.0,0,,0.0,0,,0.0,1,,0.0,1,,0.0,1,,0.0,0,,0.0,0,,0.0,0,,0.0,999,,0.0,3,,0.0,0,,0.0,0,,0.0,0,,0.0,0,,0.0,0,,0.0,0,,0.0,0,,0.0,0,,0.0,0,,0.0,0,,0.0,1,,0.0,0,,0.0,0,,0.0,0,,0.0,1,,0.0,1,,0.0,0,,0.0,0,,0.0,0,,0.0,0,,0.0,0,,0.0,0,,0.0,0,,0.0,0,,0.0,0,,0.0,0,,0.0,0,,0.0,0,,0.0,0,,0.0,0,,0.0,0,,0.0,0,,0.0,0,,0.0,0,,0.0,0,,0.0,0,,0.0,0,,0.0,0,,0.0,0,,0.0,0,,0.0,0,,0.0,0,,0.0,0,,0.0,0,,0.0,0,,0.0,0,,0.0,0,,0.0,0,,0.0,0,,0.0,0,,0.0,0,,0.0,0,,0.0,0,,0.0,0,,0.0,0,,0.0,0,,0.0,0,,0.0,0,,0.0,0,,0.0,0,,0.0,0,,0.0,0,,0.0,0,,0.0,0,,0.0,0,,0.0,0,,0.0,0,,0.0,0,,0.0,0,,0.0,0,,0.0,0,,0.0,0,,0.0,0,,0.0,0,,0.0,0,,0.0,0,,0.0,0,,0.0,1.333333333,,0.0,1,,0.0,7,,0.0,0.0,,0.0,0,,0.0,-1,,0.0,999,,0.0,999,,0.0,1,,0.0,2,,0.0,-1,,0.0
Ritual527b,0,,0.0,0,,0.0,0,,0.0,1,,0.0,0,,0.0,0,,0.0,0,,0.0,0,,0.0,0,,0.0,0,,0.0,0,,0.0,0,,0.0,0,,0.0,0,,0.0,0,,0.0,1,,0.0,3,,0.0,0,,0.0,0,,0.0,1,,0.0,1,,0.0,1,,0.0,0,,0.0,0,,0.0,0,,0.0,999,,0.0,3,,0.0,0,,0.0,0,,0.0,0,,0.0,0,,0.0,0,,0.0,0,,0.0,0,,0.0,0,,0.0,0,,0.0,0,,0.0,1,,0.0,0,,0.0,0,,0.0,0,,0.0,1,,0.0,1,,0.0,0,,0.0,0,,0.0,0,,0.0,0,,0.0,0,,0.0,0,,0.0,0,,0.0,0,,0.0,0,,0.0,0,,0.0,0,,0.0,0,,0.0,0,,0.0,0,,0.0,0,,0.0,0,,0.0,0,,0.0,0,,0.0,0,,0.0,0,,0.0,0,,0.0,0,,0.0,0,,0.0,0,,0.0,0,,0.0,0,,0.0,0,,0.0,0,,0.0,0,,0.0,0,,0.0,0,,0.0,0,,0.0,0,,0.0,0,,0.0,0,,0.0,0,,0.0,0,,0.0,0,,0.0,0,,0.0,0,,0.0,0,,0.0,0,,0.0,0,,0.0,0,,0.0,0,,0.0,0,,0.0,0,,0.0,0,,0.0,0,,0.0,0,,0.0,0,,0.0,0,,0.0,0,,0.0,0,,0.0,0,,0.0,0,,0.0,0,,0.0,0,,0.0,0,,0.0,0,,0.0,0,,0.0,1.333333333,,0.0,1,,0.0,7,,0.0,0.0,,0.0,0,,0.0,-1,,0.0,999,,0.0,999,,0.0,1,,0.0,2,,0.0,-1,,0.0
Ritual528,0,,0.0,0,,0.0,0,,0.0,1,,0.0,0,,0.0,0,,0.0,0,,0.0,0,,0.0,0,,0.0,0,,0.0,0,,0.0,0,,0.0,0,,0.0,0,,0.0,0,,0.0,1,,0.0,3,,0.0,0,,0.0,0,,0.0,0,,0.0,0,,0.0,0,,0.0,1,,0.0,0,,0.0,0,,0.0,999,,0.0,5,,0.0,1,,0.0,1,,0.0,1,,0.0,0,,0.0,0,,0.0,0,,0.0,0,,0.0,0,,0.0,0,,0.0,0,,0.0,1,,0.0,0,,0.0,0,,0.0,0,,0.0,1,,0.0,1,,0.0,0,,0.0,0,,0.0,0,,0.0,0,,0.0,0,,0.0,0,,0.0,0,,0.0,0,,0.0,0,,0.0,0,,0.0,0,,0.0,0,,0.0,0,,0.0,0,,0.0,0,,0.0,0,,0.0,0,,0.0,0,,0.0,0,,0.0,0,,0.0,0,,0.0,0,,0.0,0,,0.0,0,,0.0,0,,0.0,0,,0.0,0,,0.0,0,,0.0,0,,0.0,0,,0.0,0,,0.0,0,,0.0,0,,0.0,0,,0.0,1,,0.0,0,,0.0,0,,0.0,0,,0.0,1,,0.0,0,,0.0,0,,0.0,0,,0.0,0,,0.0,0,,0.0,1,,0.0,0,,0.0,0,,0.0,0,,0.0,0,,0.0,0,,0.0,0,,0.0,0,,0.0,0,,0.0,0,,0.0,0,,0.0,1,,0.0,0,,0.0,0,,0.0,0,,0.0,0,,0.0,0,,0.0,1.666666667,,0.0,1,,0.0,7,,0.0,0.0,,0.0,0,,0.0,-1,,0.0,999,,0.0,999,,0.0,1,,0.0,2,,0.0,-1,,0.0
Ritual529,0,,0.0,0,,0.0,0,,0.0,0,,0.0,1,,0.0,0,,0.0,0,,0.0,0,,0.0,0,,0.0,0,,0.0,0,,0.0,0,,0.0,0,,0.0,0,,0.0,0,,0.0,2,,0.0,3,,0.0,0,,0.0,0,,0.0,0,,0.0,1,,0.0,0,,0.0,0,,0.0,0,,0.0,0,,0.0,4,,0.0,6,,0.0,1,,0.0,1,,0.0,0,,0.0,0,,0.0,1,,0.0,0,,0.0,0,,0.0,0,,0.0,0,,0.0,0,,0.0,0,,0.0,0,,0.0,0,,0.0,1,,0.0,0,,0.0,0,,0.0,0,,0.0,0,,0.0,0,,0.0,0,,0.0,0,,0.0,0,,0.0,0,,0.0,0,,0.0,0,,0.0,0,,0.0,0,,0.0,0,,0.0,0,,0.0,0,,0.0,0,,0.0,0,,0.0,0,,0.0,0,,0.0,0,,0.0,0,,0.0,0,,0.0,0,,0.0,0,,0.0,0,,0.0,0,,0.0,0,,0.0,0,,0.0,0,,0.0,0,,0.0,0,,0.0,0,,0.0,0,,0.0,0,,0.0,0,,0.0,0,,0.0,0,,0.0,0,,0.0,1,,0.0,1,,0.0,0,,0.0,0,,0.0,0,,0.0,1,,0.0,0,,0.0,1,,0.0,0,,0.0,0,,0.0,0,,0.0,1,,0.0,0,,0.0,0,,0.0,0,,0.0,0,,0.0,0,,0.0,0,,0.0,0,,0.0,0,,0.0,0,,0.0,0,,0.0,0,,0.0,0,,0.0,3.0,,0.0,3,,0.0,3,,0.0,2.0,,0.0,1,,0.0,3,,0.0,2,,0.0,3,,0.0,1,,0.0,2,,0.0,-1,,0.0
Ritual530,0,,0.0,0,,0.0,0,,0.0,0,,0.0,0,,0.0,0,,0.0,0,,0.0,0,,0.0,0,,0.0,0,,0.0,1,,0.0,0,,0.0,0,,0.0,0,,0.0,0,,0.0,2,,0.0,3,,0.0,0,,0.0,1,,0.0,0,,0.0,1,,0.0,0,,0.0,0,,0.0,0,,0.0,0,,0.0,7,,0.0,6,,0.0,1,,0.0,1,,0.0,0,,0.0,0,,0.0,0,,0.0,0,,0.0,0,,0.0,0,,0.0,0,,0.0,0,,0.0,1,,0.0,0,,0.0,0,,0.0,0,,0.0,0,,0.0,0,,0.0,0,,0.0,0,,0.0,0,,0.0,0,,0.0,1,,0.0,0,,0.0,0,,0.0,0,,0.0,0,,0.0,0,,0.0,0,,0.0,0,,0.0,0,,0.0,0,,0.0,0,,0.0,0,,0.0,0,,0.0,0,,0.0,0,,0.0,0,,0.0,0,,0.0,0,,0.0,0,,0.0,0,,0.0,0,,0.0,0,,0.0,0,,0.0,0,,0.0,0,,0.0,0,,0.0,0,,0.0,0,,0.0,0,,0.0,0,,0.0,0,,0.0,0,,0.0,0,,0.0,0,,0.0,0,,0.0,0,,0.0,0,,0.0,0,,0.0,0,,0.0,0,,0.0,0,,0.0,0,,0.0,1,,0.0,0,,0.0,1,,0.0,0,,0.0,0,,0.0,0,,0.0,0,,0.0,0,,0.0,0,,0.0,1,,0.0,0,,0.0,0,,0.0,0,,0.0,0,,0.0,0,,0.0,1.666666667,,0.0,1,,0.0,3,,0.0,0.0,,0.0,0,,0.0,-1,,0.0,999,,0.0,1,,0.0,1,,0.0,2,,0.0,-1,,0.0
Ritual531,0,,0.0,0,,0.0,0,,0.0,1,,0.0,1,,0.0,0,,0.0,0,,0.0,0,,0.0,0,,0.0,0,,0.0,0,,0.0,0,,0.0,0,,0.0,0,,0.0,0,,0.0,3,,0.0,3,,0.0,0,,0.0,0,,0.0,0,,0.0,1,,0.0,0,,0.0,0,,0.0,0,,0.0,0,,0.0,999,,0.0,4,,0.0,0,,0.0,0,,0.0,0,,0.0,0,,0.0,0,,0.0,0,,0.0,0,,0.0,0,,0.0,0,,0.0,1,,0.0,1,,0.0,0,,0.0,0,,0.0,0,,0.0,0,,0.0,0,,0.0,0,,0.0,0,,0.0,0,,0.0,0,,0.0,0,,0.0,0,,0.0,0,,0.0,0,,0.0,0,,0.0,0,,0.0,0,,0.0,0,,0.0,0,,0.0,0,,0.0,0,,0.0,0,,0.0,0,,0.0,0,,0.0,0,,0.0,0,,0.0,0,,0.0,0,,0.0,0,,0.0,0,,0.0,0,,0.0,0,,0.0,0,,0.0,0,,0.0,0,,0.0,0,,0.0,0,,0.0,0,,0.0,0,,0.0,0,,0.0,0,,0.0,0,,0.0,0,,0.0,0,,0.0,1,,0.0,0,,0.0,0,,0.0,0,,0.0,0,,0.0,0,,0.0,0,,0.0,0,,0.0,0,,0.0,0,,0.0,0,,0.0,0,,0.0,0,,0.0,0,,0.0,0,,0.0,0,,0.0,0,,0.0,0,,0.0,0,,0.0,0,,0.0,0,,0.0,0,,0.0,0,,0.0,2.0,,0.0,2,,0.0,7,,0.0,0.0,,0.0,0,,0.0,-1,,0.0,999,,0.0,999,,0.0,1,,0.0,2,,0.0,-1,,0.0
Ritual532,0,,0.0,0,,0.0,0,,0.0,1,,0.0,0,,0.0,0,,0.0,0,,0.0,0,,0.0,0,,0.0,0,,0.0,0,,0.0,0,,0.0,0,,0.0,0,,0.0,0,,0.0,2,,0.0,3,,0.0,0,,0.0,0,,0.0,0,,0.0,1,,0.0,0,,0.0,0,,0.0,0,,0.0,0,,0.0,999,,0.0,6,,0.0,0,,0.0,0,,0.0,0,,0.0,0,,0.0,0,,0.0,0,,0.0,0,,0.0,0,,0.0,0,,0.0,0,,0.0,1,,0.0,0,,0.0,0,,0.0,0,,0.0,0,,0.0,0,,0.0,0,,0.0,0,,0.0,0,,0.0,0,,0.0,0,,0.0,0,,0.0,0,,0.0,0,,0.0,0,,0.0,0,,0.0,0,,0.0,0,,0.0,0,,0.0,0,,0.0,0,,0.0,0,,0.0,0,,0.0,0,,0.0,0,,0.0,0,,0.0,0,,0.0,0,,0.0,0,,0.0,0,,0.0,0,,0.0,0,,0.0,0,,0.0,0,,0.0,0,,0.0,0,,0.0,0,,0.0,0,,0.0,1,,0.0,0,,0.0,0,,0.0,0,,0.0,0,,0.0,0,,0.0,1,,0.0,0,,0.0,0,,0.0,0,,0.0,0,,0.0,0,,0.0,0,,0.0,0,,0.0,0,,0.0,0,,0.0,0,,0.0,0,,0.0,0,,0.0,0,,0.0,1,,0.0,0,,0.0,0,,0.0,1,,0.0,0,,0.0,0,,0.0,0,,0.0,0,,0.0,0,,0.0,2.333333333,,0.0,2,,0.0,7,,0.0,0.0,,0.0,0,,0.0,-1,,0.0,999,,0.0,999,,0.0,1,,0.0,2,,0.0,-1,,0.0
Ritual533,0,,0.0,0,,0.0,0,,0.0,1,,0.0,0,,0.0,0,,0.0,0,,0.0,0,,0.0,0,,0.0,0,,0.0,0,,0.0,0,,0.0,0,,0.0,0,,0.0,0,,0.0,3,,0.0,3,,0.0,0,,0.0,0,,0.0,0,,0.0,0,,0.0,1,,0.0,0,,0.0,0,,0.0,0,,0.0,999,,0.0,5,,0.0,1,,0.0,0,,0.0,1,,0.0,0,,0.0,0,,0.0,0,,0.0,0,,0.0,0,,0.0,0,,0.0,0,,0.0,0,,0.0,0,,0.0,0,,0.0,0,,0.0,0,,0.0,0,,0.0,0,,0.0,0,,0.0,0,,0.0,0,,0.0,0,,0.0,1,,0.0,1,,0.0,0,,0.0,0,,0.0,0,,0.0,0,,0.0,1,,0.0,0,,0.0,0,,0.0,0,,0.0,0,,0.0,0,,0.0,0,,0.0,0,,0.0,0,,0.0,0,,0.0,0,,0.0,0,,0.0,0,,0.0,0,,0.0,0,,0.0,0,,0.0,0,,0.0,0,,0.0,0,,0.0,0,,0.0,0,,0.0,0,,0.0,0,,0.0,1,,0.0,0,,0.0,0,,0.0,0,,0.0,0,,0.0,0,,0.0,0,,0.0,0,,0.0,0,,0.0,0,,0.0,0,,0.0,0,,0.0,0,,0.0,0,,0.0,0,,0.0,0,,0.0,0,,0.0,0,,0.0,0,,0.0,0,,0.0,0,,0.0,0,,0.0,0,,0.0,0,,0.0,0,,0.0,0,,0.0,0,,0.0,2.0,,0.0,3,,0.0,3,,0.0,3.666666667,,0.0,3,,0.0,7,,0.0,999,,0.0,3,,0.0,1,,0.0,2,,0.0,-1,,0.0
Ritual534,0,,0.0,0,,0.0,0,,0.0,0,,0.0,1,,0.0,0,,0.0,0,,0.0,0,,0.0,0,,0.0,0,,0.0,0,,0.0,0,,0.0,0,,0.0,0,,0.0,0,,0.0,2,,0.0,3,,0.0,0,,0.0,0,,0.0,0,,0.0,1,,0.0,0,,0.0,0,,0.0,0,,0.0,0,,0.0,999,,0.0,5,,0.0,0,,0.0,0,,0.0,0,,0.0,0,,0.0,0,,0.0,0,,0.0,0,,0.0,0,,0.0,0,,0.0,0,,0.0,1,,0.0,0,,0.0,1,,0.0,0,,0.0,0,,0.0,1,,0.0,0,,0.0,0,,0.0,0,,0.0,0,,0.0,0,,0.0,0,,0.0,0,,0.0,0,,0.0,0,,0.0,0,,0.0,0,,0.0,0,,0.0,0,,0.0,0,,0.0,0,,0.0,0,,0.0,0,,0.0,0,,0.0,0,,0.0,0,,0.0,0,,0.0,0,,0.0,0,,0.0,0,,0.0,0,,0.0,0,,0.0,0,,0.0,0,,0.0,0,,0.0,0,,0.0,0,,0.0,0,,0.0,0,,0.0,0,,0.0,0,,0.0,0,,0.0,0,,0.0,0,,0.0,0,,0.0,0,,0.0,0,,0.0,0,,0.0,0,,0.0,0,,0.0,0,,0.0,0,,0.0,0,,0.0,0,,0.0,1,,0.0,0,,0.0,0,,0.0,0,,0.0,0,,0.0,0,,0.0,0,,0.0,0,,0.0,0,,0.0,0,,0.0,0,,0.0,0,,0.0,0,,0.0,1.0,,0.0,1,,0.0,7,,0.0,0.0,,0.0,0,,0.0,-1,,0.0,999,,0.0,3,,0.0,1,,0.0,2,,0.0,-1,,0.0
Ritual535,0,,0.0,0,,0.0,0,,0.0,1,,0.0,0,,0.0,0,,0.0,0,,0.0,0,,0.0,0,,0.0,0,,0.0,0,,0.0,0,,0.0,0,,0.0,0,,0.0,0,,0.0,2,,0.0,3,,0.0,0,,0.0,0,,0.0,0,,0.0,1,,0.0,0,,0.0,0,,0.0,0,,0.0,0,,0.0,6,,0.0,6,,0.0,0,,0.0,0,,0.0,0,,0.0,0,,0.0,0,,0.0,0,,0.0,0,,0.0,0,,0.0,0,,0.0,0,,0.0,0,,0.0,0,,0.0,0,,0.0,0,,0.0,0,,0.0,1,,0.0,0,,0.0,0,,0.0,0,,0.0,0,,0.0,0,,0.0,0,,0.0,1,,0.0,0,,0.0,0,,0.0,0,,0.0,0,,0.0,1,,0.0,0,,0.0,0,,0.0,0,,0.0,0,,0.0,0,,0.0,0,,0.0,0,,0.0,0,,0.0,0,,0.0,0,,0.0,0,,0.0,0,,0.0,0,,0.0,0,,0.0,0,,0.0,0,,0.0,0,,0.0,0,,0.0,0,,0.0,0,,0.0,0,,0.0,0,,0.0,0,,0.0,0,,0.0,0,,0.0,0,,0.0,1,,0.0,0,,0.0,0,,0.0,0,,0.0,0,,0.0,0,,0.0,0,,0.0,0,,0.0,0,,0.0,0,,0.0,1,,0.0,0,,0.0,0,,0.0,0,,0.0,0,,0.0,0,,0.0,0,,0.0,0,,0.0,0,,0.0,0,,0.0,0,,0.0,0,,0.0,0,,0.0,3.0,,0.0,3,,0.0,6,,0.0,4.0,,0.0,0,,0.0,2,,0.0,5,,0.0,999,,0.0,1,,0.0,2,,0.0,-1,,0.0
Ritual536,0,,0.0,0,,0.0,0,,0.0,0,,0.0,1,,0.0,0,,0.0,0,,0.0,0,,0.0,0,,0.0,0,,0.0,0,,0.0,0,,0.0,0,,0.0,0,,0.0,0,,0.0,2,,0.0,3,,0.0,0,,0.0,1,,0.0,0,,0.0,1,,0.0,0,,0.0,0,,0.0,0,,0.0,0,,0.0,6,,0.0,6,,0.0,0,,0.0,0,,0.0,0,,0.0,0,,0.0,0,,0.0,0,,0.0,0,,0.0,0,,0.0,0,,0.0,0,,0.0,0,,0.0,0,,0.0,0,,0.0,0,,0.0,0,,0.0,0,,0.0,0,,0.0,0,,0.0,0,,0.0,0,,0.0,0,,0.0,0,,0.0,1,,0.0,0,,0.0,0,,0.0,0,,0.0,0,,0.0,0,,0.0,0,,0.0,0,,0.0,0,,0.0,0,,0.0,0,,0.0,0,,0.0,0,,0.0,0,,0.0,0,,0.0,0,,0.0,0,,0.0,0,,0.0,0,,0.0,0,,0.0,0,,0.0,0,,0.0,0,,0.0,0,,0.0,0,,0.0,0,,0.0,0,,0.0,0,,0.0,0,,0.0,0,,0.0,1,,0.0,0,,0.0,1,,0.0,1,,0.0,0,,0.0,0,,0.0,1,,0.0,0,,0.0,0,,0.0,0,,0.0,0,,0.0,1,,0.0,1,,0.0,0,,0.0,0,,0.0,0,,0.0,0,,0.0,0,,0.0,0,,0.0,0,,0.0,0,,0.0,0,,0.0,0,,0.0,0,,0.0,0,,0.0,3.666666667,,0.0,4,,0.0,7,,0.0,1.666666667,,0.0,0,,0.0,3,,0.0,999,,0.0,3,,0.0,1,,0.0,2,,0.0,-1,,0.0
Ritual537,1,,0.0,0,,0.0,0,,0.0,0,,0.0,0,,0.0,0,,0.0,0,,0.0,0,,0.0,0,,0.0,0,,0.0,0,,0.0,0,,0.0,0,,0.0,0,,0.0,0,,0.0,3,,0.0,3,,0.0,0,,0.0,1,,0.0,1,,0.0,0,,0.0,0,,0.0,0,,0.0,0,,0.0,1,,0.0,7,,0.0,6,,0.0,0,,0.0,0,,0.0,0,,0.0,0,,0.0,0,,0.0,0,,0.0,0,,0.0,0,,0.0,0,,0.0,0,,0.0,1,,0.0,0,,0.0,0,,0.0,0,,0.0,0,,0.0,0,,0.0,0,,0.0,0,,0.0,0,,0.0,0,,0.0,1,,0.0,0,,0.0,0,,0.0,0,,0.0,0,,0.0,0,,0.0,0,,0.0,0,,0.0,0,,0.0,0,,0.0,0,,0.0,0,,0.0,0,,0.0,0,,0.0,0,,0.0,0,,0.0,0,,0.0,0,,0.0,0,,0.0,0,,0.0,0,,0.0,1,,0.0,0,,0.0,0,,0.0,0,,0.0,0,,0.0,0,,0.0,0,,0.0,0,,0.0,0,,0.0,0,,0.0,0,,0.0,0,,0.0,0,,0.0,0,,0.0,0,,0.0,0,,0.0,0,,0.0,0,,0.0,0,,0.0,1,,0.0,0,,0.0,0,,0.0,0,,0.0,0,,0.0,0,,0.0,0,,0.0,0,,0.0,0,,0.0,0,,0.0,0,,0.0,1,,0.0,0,,0.0,0,,0.0,0,,0.0,0,,0.0,1,,0.0,2.666666667,,0.0,3,,0.0,7,,0.0,2.666666667,,0.0,1,,0.0,2,,0.0,2,,0.0,999,,0.0,1,,0.0,2,,0.0,-1,,0.0
Ritual538,0,,0.0,0,,0.0,0,,0.0,0,,0.0,1,,0.0,0,,0.0,0,,0.0,0,,0.0,0,,0.0,0,,0.0,0,,0.0,0,,0.0,0,,0.0,0,,0.0,0,,0.0,2,,0.0,3,,0.0,0,,0.0,0,,0.0,0,,0.0,1,,0.0,0,,0.0,0,,0.0,0,,0.0,0,,0.0,6,,0.0,6,,0.0,0,,0.0,0,,0.0,0,,0.0,0,,0.0,0,,0.0,0,,0.0,0,,0.0,0,,0.0,0,,0.0,0,,0.0,0,,0.0,0,,0.0,1,,0.0,0,,0.0,0,,0.0,0,,0.0,0,,0.0,0,,0.0,0,,0.0,0,,0.0,0,,0.0,0,,0.0,0,,0.0,0,,0.0,0,,0.0,0,,0.0,0,,0.0,0,,0.0,0,,0.0,0,,0.0,0,,0.0,0,,0.0,0,,0.0,0,,0.0,0,,0.0,0,,0.0,0,,0.0,0,,0.0,0,,0.0,0,,0.0,0,,0.0,0,,0.0,0,,0.0,0,,0.0,0,,0.0,0,,0.0,0,,0.0,0,,0.0,0,,0.0,0,,0.0,0,,0.0,0,,0.0,0,,0.0,0,,0.0,0,,0.0,0,,0.0,0,,0.0,1,,0.0,0,,0.0,0,,0.0,1,,0.0,0,,0.0,0,,0.0,0,,0.0,0,,0.0,0,,0.0,0,,0.0,0,,0.0,0,,0.0,0,,0.0,0,,0.0,0,,0.0,0,,0.0,0,,0.0,0,,0.0,0,,0.0,0,,0.0,1.666666667,,0.0,2,,0.0,2,,0.0,1.0,,0.0,0,,0.0,2,,0.0,2,,0.0,999,,0.0,1,,0.0,2,,0.0,-1,,0.0
Ritual539,0,,0.0,0,,0.0,0,,0.0,1,,0.0,0,,0.0,0,,0.0,0,,0.0,0,,0.0,0,,0.0,0,,0.0,0,,0.0,0,,0.0,0,,0.0,0,,0.0,0,,0.0,2,,0.0,3,,0.0,0,,0.0,0,,0.0,0,,0.0,1,,0.0,0,,0.0,0,,0.0,0,,0.0,0,,0.0,7,,0.0,6,,0.0,0,,0.0,0,,0.0,0,,0.0,0,,0.0,0,,0.0,0,,0.0,0,,0.0,0,,0.0,0,,0.0,0,,0.0,0,,0.0,0,,0.0,1,,0.0,0,,0.0,0,,0.0,0,,0.0,0,,0.0,0,,0.0,0,,0.0,0,,0.0,0,,0.0,0,,0.0,0,,0.0,0,,0.0,0,,0.0,0,,0.0,0,,0.0,0,,0.0,0,,0.0,0,,0.0,0,,0.0,0,,0.0,0,,0.0,0,,0.0,1,,0.0,0,,0.0,0,,0.0,0,,0.0,0,,0.0,0,,0.0,0,,0.0,0,,0.0,0,,0.0,0,,0.0,0,,0.0,0,,0.0,0,,0.0,0,,0.0,0,,0.0,1,,0.0,0,,0.0,0,,0.0,0,,0.0,0,,0.0,0,,0.0,0,,0.0,0,,0.0,0,,0.0,0,,0.0,0,,0.0,0,,0.0,0,,0.0,0,,0.0,0,,0.0,0,,0.0,0,,0.0,0,,0.0,0,,0.0,0,,0.0,0,,0.0,0,,0.0,0,,0.0,0,,0.0,0,,0.0,0,,0.0,0,,0.0,0,,0.0,1.666666667,,0.0,1,,0.0,2,,0.0,2.666666667,,0.0,1,,0.0,2,,0.0,3,,0.0,999,,0.0,1,,0.0,2,,0.0,-1,,0.0
Ritual540,0,,0.0,0,,0.0,0,,0.0,1,,0.0,0,,0.0,0,,0.0,0,,0.0,0,,0.0,0,,0.0,0,,0.0,0,,0.0,0,,0.0,0,,0.0,0,,0.0,0,,0.0,2,,0.0,3,,0.0,0,,0.0,0,,0.0,0,,0.0,1,,0.0,0,,0.0,0,,0.0,0,,0.0,0,,0.0,7,,0.0,6,,0.0,0,,0.0,0,,0.0,0,,0.0,0,,0.0,0,,0.0,0,,0.0,0,,0.0,0,,0.0,0,,0.0,0,,0.0,0,,0.0,0,,0.0,1,,0.0,0,,0.0,0,,0.0,0,,0.0,0,,0.0,0,,0.0,0,,0.0,0,,0.0,0,,0.0,0,,0.0,0,,0.0,0,,0.0,0,,0.0,0,,0.0,0,,0.0,0,,0.0,0,,0.0,0,,0.0,0,,0.0,0,,0.0,0,,0.0,0,,0.0,0,,0.0,0,,0.0,0,,0.0,0,,0.0,0,,0.0,0,,0.0,0,,0.0,0,,0.0,0,,0.0,0,,0.0,0,,0.0,0,,0.0,0,,0.0,0,,0.0,0,,0.0,0,,0.0,0,,0.0,0,,0.0,0,,0.0,0,,0.0,0,,0.0,0,,0.0,0,,0.0,1,,0.0,1,,0.0,0,,0.0,0,,0.0,0,,0.0,0,,0.0,0,,0.0,0,,0.0,0,,0.0,0,,0.0,0,,0.0,0,,0.0,0,,0.0,0,,0.0,0,,0.0,0,,0.0,0,,0.0,0,,0.0,0,,0.0,0,,0.0,1.0,,0.0,2,,0.0,2,,0.0,2.333333333,,0.0,2,,0.0,2,,0.0,4,,0.0,3,,0.0,1,,0.0,2,,0.0,-1,,0.0
Ritual541,0,,0.0,0,,0.0,0,,0.0,1,,0.0,0,,0.0,0,,0.0,0,,0.0,0,,0.0,0,,0.0,0,,0.0,0,,0.0,0,,0.0,0,,0.0,0,,0.0,0,,0.0,2,,0.0,3,,0.0,0,,0.0,0,,0.0,0,,0.0,1,,0.0,0,,0.0,0,,0.0,0,,0.0,0,,0.0,999,,0.0,3,,0.0,0,,0.0,0,,0.0,0,,0.0,0,,0.0,0,,0.0,0,,0.0,0,,0.0,0,,0.0,0,,0.0,0,,0.0,0,,0.0,0,,0.0,0,,0.0,0,,0.0,1,,0.0,0,,0.0,0,,0.0,0,,0.0,0,,0.0,0,,0.0,1,,0.0,0,,0.0,0,,0.0,0,,0.0,0,,0.0,0,,0.0,0,,0.0,0,,0.0,0,,0.0,0,,0.0,0,,0.0,0,,0.0,0,,0.0,0,,0.0,0,,0.0,0,,0.0,0,,0.0,0,,0.0,0,,0.0,0,,0.0,0,,0.0,0,,0.0,0,,0.0,0,,0.0,0,,0.0,0,,0.0,0,,0.0,0,,0.0,1,,0.0,0,,0.0,0,,0.0,0,,0.0,0,,0.0,0,,0.0,0,,0.0,0,,0.0,0,,0.0,0,,0.0,0,,0.0,0,,0.0,0,,0.0,0,,0.0,0,,0.0,0,,0.0,0,,0.0,0,,0.0,0,,0.0,0,,0.0,0,,0.0,0,,0.0,0,,0.0,1,,0.0,0,,0.0,0,,0.0,0,,0.0,0,,0.0,0,,0.0,1.333333333,,0.0,1,,0.0,7,,0.0,0.0,,0.0,0,,0.0,-1,,0.0,999,,0.0,3,,0.0,1,,0.0,2,,0.0,-1,,0.0
Ritual542,0,,0.0,0,,0.0,0,,0.0,0,,0.0,0,,0.0,0,,0.0,1,,0.0,0,,0.0,0,,0.0,0,,0.0,0,,0.0,0,,0.0,0,,0.0,0,,0.0,0,,0.0,3,,0.0,1,,0.0,0,,0.0,0,,0.0,0,,0.0,1,,0.0,0,,0.0,0,,0.0,0,,0.0,0,,0.0,7,,0.0,6,,0.0,0,,0.0,0,,0.0,0,,0.0,0,,0.0,0,,0.0,0,,0.0,0,,0.0,0,,0.0,0,,0.0,0,,0.0,0,,0.0,0,,0.0,0,,0.0,0,,0.0,0,,0.0,0,,0.0,0,,0.0,0,,0.0,0,,0.0,0,,0.0,0,,0.0,0,,0.0,0,,0.0,0,,0.0,0,,0.0,0,,0.0,0,,0.0,0,,0.0,0,,0.0,0,,0.0,0,,0.0,0,,0.0,0,,0.0,0,,0.0,0,,0.0,0,,0.0,0,,0.0,0,,0.0,0,,0.0,0,,0.0,0,,0.0,0,,0.0,0,,0.0,0,,0.0,1,,0.0,0,,0.0,0,,0.0,0,,0.0,1,,0.0,0,,0.0,0,,0.0,0,,0.0,0,,0.0,1,,0.0,0,,0.0,0,,0.0,0,,0.0,0,,0.0,0,,0.0,0,,0.0,1,,0.0,0,,0.0,0,,0.0,0,,0.0,0,,0.0,0,,0.0,0,,0.0,0,,0.0,0,,0.0,0,,0.0,0,,0.0,1,,0.0,0,,0.0,0,,0.0,0,,0.0,0,,0.0,0,,0.0,2.666666667,,0.0,3,,0.0,5,,0.0,3.666666667,,0.0,4,,0.0,2,,0.0,4,,0.0,1,,0.0,3,,0.0,1,,0.0,-1,,0.0
Ritual543,0,,0.0,0,,0.0,0,,0.0,1,,0.0,0,,0.0,0,,0.0,0,,0.0,0,,0.0,0,,0.0,0,,0.0,0,,0.0,0,,0.0,0,,0.0,0,,0.0,0,,0.0,1,,0.0,2,,0.0,0,,0.0,0,,0.0,0,,0.0,1,,0.0,0,,0.0,0,,0.0,0,,0.0,0,,0.0,3,,0.0,3,,0.0,0,,0.0,0,,0.0,0,,0.0,0,,0.0,0,,0.0,0,,0.0,0,,0.0,0,,0.0,0,,0.0,0,,0.0,0,,0.0,0,,0.0,1,,0.0,0,,0.0,0,,0.0,0,,0.0,0,,0.0,0,,0.0,0,,0.0,0,,0.0,0,,0.0,0,,0.0,0,,0.0,0,,0.0,0,,0.0,0,,0.0,0,,0.0,0,,0.0,0,,0.0,0,,0.0,0,,0.0,0,,0.0,0,,0.0,0,,0.0,0,,0.0,0,,0.0,0,,0.0,0,,0.0,0,,0.0,0,,0.0,0,,0.0,0,,0.0,0,,0.0,0,,0.0,0,,0.0,0,,0.0,0,,0.0,0,,0.0,0,,0.0,0,,0.0,0,,0.0,0,,0.0,0,,0.0,0,,0.0,0,,0.0,0,,0.0,0,,0.0,0,,0.0,0,,0.0,0,,0.0,0,,0.0,0,,0.0,0,,0.0,0,,0.0,0,,0.0,0,,0.0,0,,0.0,0,,0.0,0,,0.0,0,,0.0,0,,0.0,0,,0.0,0,,0.0,0,,0.0,0,,0.0,0,,0.0,0,,0.0,0.0,,0.0,0,,0.0,-1,,0.0,1.0,,0.0,0,,0.0,2,,0.0,1,,0.0,999,,0.0,1,,0.0,2,,0.0,-1,,0.0
Ritual544,0,,0.0,0,,0.0,0,,0.0,1,,0.0,0,,0.0,0,,0.0,0,,0.0,0,,0.0,0,,0.0,0,,0.0,0,,0.0,0,,0.0,0,,0.0,0,,0.0,0,,0.0,2,,0.0,3,,0.0,0,,0.0,1,,0.0,1,,0.0,0,,0.0,0,,0.0,0,,0.0,0,,0.0,0,,0.0,6,,0.0,6,,0.0,0,,0.0,0,,0.0,0,,0.0,0,,0.0,0,,0.0,0,,0.0,0,,0.0,0,,0.0,0,,0.0,0,,0.0,0,,0.0,0,,0.0,0,,0.0,0,,0.0,0,,0.0,0,,0.0,0,,0.0,0,,0.0,0,,0.0,0,,0.0,0,,0.0,0,,0.0,0,,0.0,0,,0.0,0,,0.0,0,,0.0,0,,0.0,0,,0.0,0,,0.0,0,,0.0,0,,0.0,0,,0.0,0,,0.0,0,,0.0,0,,0.0,0,,0.0,0,,0.0,0,,0.0,0,,0.0,0,,0.0,0,,0.0,0,,0.0,0,,0.0,0,,0.0,0,,0.0,0,,0.0,0,,0.0,0,,0.0,0,,0.0,0,,0.0,0,,0.0,0,,0.0,0,,0.0,0,,0.0,0,,0.0,0,,0.0,0,,0.0,0,,0.0,0,,0.0,0,,0.0,1,,0.0,0,,0.0,0,,0.0,0,,0.0,0,,0.0,0,,0.0,0,,0.0,0,,0.0,0,,0.0,0,,0.0,0,,0.0,0,,0.0,0,,0.0,0,,0.0,0,,0.0,1,,0.0,0,,0.0,1.0,,0.0,1,,0.0,2,,0.0,0.0,,0.0,0,,0.0,-1,,0.0,1,,0.0,3,,0.0,1,,0.0,2,,0.0,-1,,0.0
Ritual545,0,,0.0,0,,0.0,0,,0.0,0,,0.0,0,,0.0,0,,0.0,0,,0.0,0,,0.0,0,,0.0,0,,0.0,0,,0.0,0,,0.0,0,,0.0,0,,0.0,0,,0.0,1,,0.0,3,,0.0,0,,0.0,0,,0.0,1,,0.0,1,,0.0,0,,0.0,0,,0.0,0,,0.0,0,,0.0,999,,0.0,2,,0.0,0,,0.0,0,,0.0,0,,0.0,0,,0.0,0,,0.0,0,,0.0,0,,0.0,0,,0.0,0,,0.0,0,,0.0,0,,0.0,0,,0.0,0,,0.0,0,,0.0,0,,0.0,0,,0.0,0,,0.0,0,,0.0,0,,0.0,0,,0.0,0,,0.0,0,,0.0,0,,0.0,0,,0.0,0,,0.0,0,,0.0,0,,0.0,0,,0.0,0,,0.0,0,,0.0,0,,0.0,0,,0.0,0,,0.0,0,,0.0,0,,0.0,0,,0.0,0,,0.0,0,,0.0,0,,0.0,0,,0.0,0,,0.0,0,,0.0,0,,0.0,0,,0.0,0,,0.0,0,,0.0,0,,0.0,0,,0.0,0,,0.0,0,,0.0,0,,0.0,0,,0.0,0,,0.0,0,,0.0,0,,0.0,0,,0.0,0,,0.0,0,,0.0,0,,0.0,0,,0.0,1,,0.0,0,,0.0,0,,0.0,0,,0.0,0,,0.0,0,,0.0,0,,0.0,0,,0.0,0,,0.0,0,,0.0,0,,0.0,0,,0.0,0,,0.0,0,,0.0,0,,0.0,0,,0.0,0,,0.0,1.0,,0.0,1,,0.0,2,,0.0,0.0,,0.0,0,,0.0,-1,,0.0,1,,0.0,3,,0.0,1,,0.0,2,,0.0,-1,,0.0
Ritual546,0,,0.0,0,,0.0,0,,0.0,1,,0.0,0,,0.0,0,,0.0,0,,0.0,0,,0.0,0,,0.0,0,,0.0,0,,0.0,0,,0.0,0,,0.0,0,,0.0,0,,0.0,2,,0.0,3,,0.0,0,,0.0,1,,0.0,1,,0.0,1,,0.0,0,,0.0,0,,0.0,0,,0.0,0,,0.0,999,,0.0,6,,0.0,0,,0.0,0,,0.0,0,,0.0,0,,0.0,0,,0.0,0,,0.0,0,,0.0,0,,0.0,0,,0.0,0,,0.0,1,,0.0,0,,0.0,0,,0.0,0,,0.0,1,,0.0,0,,0.0,0,,0.0,0,,0.0,0,,0.0,0,,0.0,0,,0.0,0,,0.0,0,,0.0,0,,0.0,0,,0.0,0,,0.0,0,,0.0,0,,0.0,0,,0.0,0,,0.0,0,,0.0,0,,0.0,0,,0.0,0,,0.0,0,,0.0,0,,0.0,0,,0.0,0,,0.0,0,,0.0,0,,0.0,0,,0.0,0,,0.0,0,,0.0,0,,0.0,0,,0.0,0,,0.0,0,,0.0,0,,0.0,0,,0.0,0,,0.0,0,,0.0,0,,0.0,0,,0.0,0,,0.0,0,,0.0,1,,0.0,0,,0.0,0,,0.0,0,,0.0,0,,0.0,1,,0.0,0,,0.0,0,,0.0,1,,0.0,0,,0.0,0,,0.0,0,,0.0,0,,0.0,0,,0.0,0,,0.0,0,,0.0,0,,0.0,0,,0.0,0,,0.0,0,,0.0,1,,0.0,0,,0.0,1.333333333,,0.0,2,,0.0,3,,0.0,2.0,,0.0,2,,0.0,7,,0.0,999,,0.0,3,,0.0,1,,0.0,2,,0.0,-1,,0.0
Ritual547,0,,0.0,0,,0.0,0,,0.0,0,,0.0,0,,0.0,0,,0.0,0,,0.0,0,,0.0,0,,0.0,0,,0.0,0,,0.0,0,,0.0,0,,0.0,0,,0.0,0,,0.0,2,,0.0,3,,0.0,0,,0.0,1,,0.0,1,,0.0,0,,0.0,0,,0.0,0,,0.0,0,,0.0,1,,0.0,7,,0.0,6,,0.0,0,,0.0,0,,0.0,0,,0.0,0,,0.0,0,,0.0,0,,0.0,0,,0.0,0,,0.0,0,,0.0,0,,0.0,0,,0.0,0,,0.0,0,,0.0,0,,0.0,0,,0.0,0,,0.0,0,,0.0,0,,0.0,0,,0.0,0,,0.0,0,,0.0,0,,0.0,0,,0.0,0,,0.0,0,,0.0,0,,0.0,0,,0.0,0,,0.0,0,,0.0,0,,0.0,0,,0.0,0,,0.0,0,,0.0,0,,0.0,0,,0.0,0,,0.0,0,,0.0,0,,0.0,0,,0.0,0,,0.0,0,,0.0,0,,0.0,0,,0.0,0,,0.0,0,,0.0,0,,0.0,1,,0.0,0,,0.0,0,,0.0,0,,0.0,0,,0.0,0,,0.0,0,,0.0,0,,0.0,0,,0.0,1,,0.0,0,,0.0,0,,0.0,0,,0.0,0,,0.0,1,,0.0,0,,0.0,0,,0.0,0,,0.0,0,,0.0,0,,0.0,0,,0.0,0,,0.0,0,,0.0,0,,0.0,0,,0.0,0,,0.0,0,,0.0,0,,0.0,0,,0.0,0,,0.0,0,,0.0,0.0,,0.0,0,,0.0,-1,,0.0,4.0,,0.0,2,,0.0,2,,0.0,4,,0.0,999,,0.0,1,,0.0,2,,0.0,-1,,0.0
Ritual548,0,,0.0,0,,0.0,0,,0.0,0,,0.0,0,,0.0,0,,0.0,0,,0.0,0,,0.0,0,,0.0,0,,0.0,0,,0.0,1,,0.0,0,,0.0,0,,0.0,0,,0.0,2,,0.0,2,,0.0,0,,0.0,1,,0.0,0,,0.0,0,,0.0,0,,0.0,0,,0.0,0,,0.0,0,,0.0,7,,0.0,6,,0.0,0,,0.0,0,,0.0,0,,0.0,0,,0.0,0,,0.0,0,,0.0,0,,0.0,0,,0.0,0,,0.0,0,,0.0,0,,0.0,1,,0.0,1,,0.0,1,,0.0,0,,0.0,0,,0.0,0,,0.0,0,,0.0,0,,0.0,0,,0.0,0,,0.0,0,,0.0,0,,0.0,0,,0.0,0,,0.0,0,,0.0,0,,0.0,0,,0.0,0,,0.0,0,,0.0,0,,0.0,0,,0.0,0,,0.0,0,,0.0,0,,0.0,0,,0.0,0,,0.0,0,,0.0,0,,0.0,0,,0.0,0,,0.0,0,,0.0,0,,0.0,0,,0.0,0,,0.0,0,,0.0,0,,0.0,0,,0.0,0,,0.0,0,,0.0,0,,0.0,0,,0.0,0,,0.0,0,,0.0,0,,0.0,0,,0.0,0,,0.0,0,,0.0,0,,0.0,0,,0.0,0,,0.0,0,,0.0,0,,0.0,0,,0.0,0,,0.0,0,,0.0,0,,0.0,0,,0.0,0,,0.0,0,,0.0,0,,0.0,0,,0.0,0,,0.0,0,,0.0,0,,0.0,0,,0.0,0,,0.0,0.0,,0.0,0,,0.0,-1,,0.0,3.333333333,,0.0,4,,0.0,5,,0.0,999,,0.0,999,,0.0,1,,0.0,2,,0.0,-1,,0.0
Ritual549,0,,0.0,0,,0.0,0,,0.0,0,,0.0,0,,0.0,0,,0.0,0,,0.0,0,,0.0,0,,0.0,0,,0.0,0,,0.0,1,,0.0,0,,0.0,0,,0.0,0,,0.0,2,,0.0,2,,0.0,0,,0.0,1,,0.0,0,,0.0,0,,0.0,0,,0.0,0,,0.0,0,,0.0,0,,0.0,7,,0.0,7,,0.0,0,,0.0,0,,0.0,0,,0.0,0,,0.0,0,,0.0,0,,0.0,0,,0.0,0,,0.0,0,,0.0,0,,0.0,0,,0.0,0,,0.0,0,,0.0,0,,0.0,0,,0.0,0,,0.0,0,,0.0,0,,0.0,0,,0.0,0,,0.0,0,,0.0,0,,0.0,0,,0.0,0,,0.0,0,,0.0,0,,0.0,0,,0.0,0,,0.0,0,,0.0,0,,0.0,0,,0.0,0,,0.0,0,,0.0,0,,0.0,0,,0.0,0,,0.0,0,,0.0,0,,0.0,0,,0.0,0,,0.0,0,,0.0,0,,0.0,0,,0.0,0,,0.0,0,,0.0,0,,0.0,0,,0.0,0,,0.0,0,,0.0,0,,0.0,0,,0.0,0,,0.0,0,,0.0,0,,0.0,0,,0.0,1,,0.0,0,,0.0,0,,0.0,0,,0.0,0,,0.0,1,,0.0,0,,0.0,0,,0.0,0,,0.0,0,,0.0,0,,0.0,0,,0.0,0,,0.0,0,,0.0,0,,0.0,0,,0.0,0,,0.0,0,,0.0,0,,0.0,0,,0.0,0,,0.0,0,,0.0,1.333333333,,0.0,1,,0.0,3,,0.0,1.666666667,,0.0,1,,0.0,7,,0.0,2,,0.0,3,,0.0,1,,0.0,2,,0.0,-1,,0.0
Ritual550,0,,0.0,0,,0.0,0,,0.0,0,,0.0,0,,0.0,0,,0.0,0,,0.0,0,,0.0,0,,0.0,0,,0.0,0,,0.0,1,,0.0,0,,0.0,0,,0.0,0,,0.0,1,,0.0,3,,0.0,0,,0.0,0,,0.0,0,,0.0,1,,0.0,0,,0.0,0,,0.0,0,,0.0,0,,0.0,7,,0.0,6,,0.0,0,,0.0,0,,0.0,0,,0.0,0,,0.0,0,,0.0,0,,0.0,0,,0.0,0,,0.0,0,,0.0,0,,0.0,0,,0.0,0,,0.0,0,,0.0,0,,0.0,0,,0.0,0,,0.0,0,,0.0,0,,0.0,0,,0.0,0,,0.0,0,,0.0,0,,0.0,0,,0.0,0,,0.0,0,,0.0,0,,0.0,0,,0.0,0,,0.0,0,,0.0,0,,0.0,0,,0.0,0,,0.0,0,,0.0,0,,0.0,0,,0.0,0,,0.0,0,,0.0,0,,0.0,0,,0.0,0,,0.0,0,,0.0,0,,0.0,0,,0.0,0,,0.0,0,,0.0,0,,0.0,0,,0.0,0,,0.0,1,,0.0,0,,0.0,0,,0.0,0,,0.0,0,,0.0,0,,0.0,0,,0.0,1,,0.0,0,,0.0,0,,0.0,0,,0.0,0,,0.0,0,,0.0,0,,0.0,0,,0.0,1,,0.0,0,,0.0,0,,0.0,0,,0.0,0,,0.0,0,,0.0,0,,0.0,0,,0.0,0,,0.0,0,,0.0,0,,0.0,0,,0.0,0,,0.0,0,,0.0,0.0,,0.0,0,,0.0,-1,,0.0,1.666666667,,0.0,2,,0.0,-1,,0.0,999,,0.0,3,,0.0,1,,0.0,2,,0.0,-1,,0.0
Ritual551,0,,0.0,0,,0.0,0,,0.0,0,,0.0,0,,0.0,0,,0.0,0,,0.0,0,,0.0,0,,0.0,0,,0.0,0,,0.0,1,,0.0,0,,0.0,0,,0.0,0,,0.0,2,,0.0,3,,0.0,0,,0.0,1,,0.0,0,,0.0,1,,0.0,0,,0.0,0,,0.0,0,,0.0,0,,0.0,7,,0.0,6,,0.0,0,,0.0,0,,0.0,0,,0.0,0,,0.0,0,,0.0,0,,0.0,0,,0.0,0,,0.0,0,,0.0,0,,0.0,0,,0.0,0,,0.0,0,,0.0,0,,0.0,0,,0.0,0,,0.0,0,,0.0,0,,0.0,0,,0.0,0,,0.0,0,,0.0,0,,0.0,0,,0.0,0,,0.0,0,,0.0,0,,0.0,0,,0.0,0,,0.0,0,,0.0,0,,0.0,0,,0.0,0,,0.0,0,,0.0,0,,0.0,0,,0.0,0,,0.0,0,,0.0,0,,0.0,0,,0.0,0,,0.0,0,,0.0,0,,0.0,0,,0.0,0,,0.0,0,,0.0,0,,0.0,0,,0.0,0,,0.0,0,,0.0,0,,0.0,0,,0.0,0,,0.0,0,,0.0,0,,0.0,0,,0.0,1,,0.0,0,,0.0,0,,0.0,0,,0.0,0,,0.0,1,,0.0,0,,0.0,0,,0.0,1,,0.0,0,,0.0,0,,0.0,0,,0.0,0,,0.0,0,,0.0,0,,0.0,0,,0.0,0,,0.0,0,,0.0,0,,0.0,0,,0.0,0,,0.0,0,,0.0,0.0,,0.0,0,,0.0,-1,,0.0,3.333333333,,0.0,3,,0.0,7,,0.0,999,,0.0,999,,0.0,1,,0.0,2,,0.0,-1,,0.0
Ritual552,0,,0.0,0,,0.0,0,,0.0,1,,0.0,0,,0.0,0,,0.0,0,,0.0,0,,0.0,0,,0.0,0,,0.0,0,,0.0,0,,0.0,0,,0.0,0,,0.0,0,,0.0,1,,0.0,3,,0.0,0,,0.0,1,,0.0,1,,0.0,0,,0.0,0,,0.0,0,,0.0,0,,0.0,0,,0.0,999,,0.0,4,,0.0,0,,0.0,1,,0.0,0,,0.0,0,,0.0,0,,0.0,0,,0.0,0,,0.0,0,,0.0,0,,0.0,0,,0.0,0,,0.0,0,,0.0,0,,0.0,0,,0.0,0,,0.0,0,,0.0,0,,0.0,0,,0.0,0,,0.0,0,,0.0,0,,0.0,0,,0.0,0,,0.0,0,,0.0,0,,0.0,0,,0.0,0,,0.0,0,,0.0,0,,0.0,0,,0.0,0,,0.0,0,,0.0,0,,0.0,0,,0.0,0,,0.0,0,,0.0,0,,0.0,0,,0.0,0,,0.0,0,,0.0,0,,0.0,0,,0.0,0,,0.0,0,,0.0,0,,0.0,0,,0.0,0,,0.0,0,,0.0,0,,0.0,0,,0.0,0,,0.0,0,,0.0,0,,0.0,0,,0.0,0,,0.0,1,,0.0,0,,0.0,0,,0.0,0,,0.0,0,,0.0,0,,0.0,0,,0.0,0,,0.0,0,,0.0,0,,0.0,0,,0.0,0,,0.0,0,,0.0,0,,0.0,0,,0.0,0,,0.0,0,,0.0,0,,0.0,0,,0.0,0,,0.0,0,,0.0,0,,0.0,1.666666667,,0.0,2,,0.0,7,,0.0,1.666666667,,0.0,0,,0.0,7,,0.0,999,,0.0,3,,0.0,1,,0.0,2,,0.0,-1,,0.0
Ritual553,0,,0.0,0,,0.0,0,,0.0,1,,0.0,0,,0.0,0,,0.0,0,,0.0,0,,0.0,0,,0.0,0,,0.0,0,,0.0,0,,0.0,0,,0.0,0,,0.0,0,,0.0,2,,0.0,999,,0.0,0,,0.0,0,,0.0,0,,0.0,1,,0.0,0,,0.0,0,,0.0,0,,0.0,0,,0.0,999,,0.0,5,,0.0,1,,0.0,1,,0.0,1,,0.0,0,,0.0,0,,0.0,0,,0.0,0,,0.0,0,,0.0,0,,0.0,0,,0.0,0,,0.0,0,,0.0,0,,0.0,0,,0.0,0,,0.0,0,,0.0,0,,0.0,0,,0.0,0,,0.0,0,,0.0,0,,0.0,0,,0.0,0,,0.0,0,,0.0,0,,0.0,0,,0.0,0,,0.0,0,,0.0,0,,0.0,0,,0.0,0,,0.0,0,,0.0,0,,0.0,0,,0.0,0,,0.0,0,,0.0,0,,0.0,0,,0.0,0,,0.0,0,,0.0,0,,0.0,0,,0.0,0,,0.0,0,,0.0,0,,0.0,0,,0.0,0,,0.0,0,,0.0,0,,0.0,0,,0.0,0,,0.0,0,,0.0,0,,0.0,0,,0.0,0,,0.0,1,,0.0,0,,0.0,0,,0.0,0,,0.0,0,,0.0,0,,0.0,0,,0.0,0,,0.0,0,,0.0,0,,0.0,0,,0.0,0,,0.0,0,,0.0,0,,0.0,0,,0.0,0,,0.0,0,,0.0,0,,0.0,0,,0.0,0,,0.0,0,,0.0,0,,0.0,3.333333333,,0.0,3,,0.0,7,,0.0,2.0,,0.0,1,,0.0,3,,0.0,999,,0.0,999,,0.0,1,,0.0,2,,0.0,-1,,0.0
Ritual554,0,,0.0,0,,0.0,0,,0.0,0,,0.0,0,,0.0,0,,0.0,0,,0.0,0,,0.0,0,,0.0,0,,0.0,0,,0.0,0,,0.0,0,,0.0,0,,0.0,0,,0.0,3,,0.0,3,,0.0,0,,0.0,0,,0.0,0,,0.0,0,,0.0,1,,0.0,0,,0.0,0,,0.0,1,,0.0,999,,0.0,5,,0.0,1,,0.0,1,,0.0,1,,0.0,0,,0.0,0,,0.0,0,,0.0,0,,0.0,0,,0.0,1,,0.0,1,,0.0,0,,0.0,0,,0.0,0,,0.0,0,,0.0,0,,0.0,0,,0.0,0,,0.0,0,,0.0,0,,0.0,0,,0.0,0,,0.0,0,,0.0,0,,0.0,0,,0.0,0,,0.0,0,,0.0,0,,0.0,0,,0.0,0,,0.0,0,,0.0,0,,0.0,0,,0.0,0,,0.0,0,,0.0,0,,0.0,0,,0.0,0,,0.0,0,,0.0,1,,0.0,0,,0.0,0,,0.0,0,,0.0,0,,0.0,1,,0.0,0,,0.0,0,,0.0,0,,0.0,0,,0.0,0,,0.0,0,,0.0,0,,0.0,1,,0.0,1,,0.0,1,,0.0,0,,0.0,0,,0.0,1,,0.0,0,,0.0,0,,0.0,0,,0.0,0,,0.0,0,,0.0,0,,0.0,0,,0.0,1,,0.0,0,,0.0,0,,0.0,0,,0.0,0,,0.0,0,,0.0,0,,0.0,0,,0.0,0,,0.0,0,,0.0,0,,0.0,0,,0.0,0,,0.0,3.0,,0.0,4,,0.0,7,,0.0,3.333333333,,0.0,1,,0.0,7,,0.0,999,,0.0,999,,0.0,1,,0.0,2,,0.0,-1,,0.0
Ritual555,0,,0.0,0,,0.0,0,,0.0,0,,0.0,0,,0.0,0,,0.0,0,,0.0,1,,0.0,0,,0.0,0,,0.0,0,,0.0,1,,0.0,0,,0.0,0,,0.0,0,,0.0,2,,0.0,3,,0.0,0,,0.0,1,,0.0,1,,0.0,1,,0.0,0,,0.0,0,,0.0,0,,0.0,0,,0.0,7,,0.0,6,,0.0,0,,0.0,1,,0.0,0,,0.0,0,,0.0,0,,0.0,0,,0.0,0,,0.0,0,,0.0,0,,0.0,0,,0.0,0,,0.0,0,,0.0,0,,0.0,0,,0.0,1,,0.0,0,,0.0,0,,0.0,0,,0.0,0,,0.0,0,,0.0,1,,0.0,0,,0.0,0,,0.0,1,,0.0,0,,0.0,0,,0.0,0,,0.0,0,,0.0,0,,0.0,0,,0.0,0,,0.0,0,,0.0,0,,0.0,0,,0.0,0,,0.0,0,,0.0,0,,0.0,0,,0.0,0,,0.0,0,,0.0,0,,0.0,0,,0.0,0,,0.0,0,,0.0,0,,0.0,0,,0.0,0,,0.0,0,,0.0,1,,0.0,0,,0.0,0,,0.0,0,,0.0,0,,0.0,0,,0.0,0,,0.0,0,,0.0,0,,0.0,0,,0.0,0,,0.0,0,,0.0,1,,0.0,0,,0.0,0,,0.0,0,,0.0,1,,0.0,0,,0.0,0,,0.0,0,,0.0,0,,0.0,0,,0.0,0,,0.0,1,,0.0,0,,0.0,0,,0.0,0,,0.0,0,,0.0,1,,0.0,2.666666667,,0.0,3,,0.0,7,,0.0,3.0,,0.0,0,,0.0,-1,,0.0,3,,0.0,999,,0.0,1,,0.0,2,,0.0,-1,,0.0
Ritual556,0,,0.0,0,,0.0,0,,0.0,0,,0.0,0,,0.0,0,,0.0,0,,0.0,0,,0.0,0,,0.0,0,,0.0,1,,0.0,0,,0.0,0,,0.0,0,,0.0,0,,0.0,1,,0.0,3,,0.0,0,,0.0,1,,0.0,0,,0.0,0,,0.0,0,,0.0,0,,0.0,0,,0.0,0,,0.0,6,,0.0,6,,0.0,0,,0.0,0,,0.0,0,,0.0,0,,0.0,1,,0.0,0,,0.0,0,,0.0,0,,0.0,0,,0.0,0,,0.0,0,,0.0,0,,0.0,0,,0.0,0,,0.0,0,,0.0,0,,0.0,0,,0.0,0,,0.0,0,,0.0,0,,0.0,0,,0.0,0,,0.0,0,,0.0,0,,0.0,0,,0.0,0,,0.0,0,,0.0,0,,0.0,0,,0.0,0,,0.0,0,,0.0,0,,0.0,0,,0.0,0,,0.0,0,,0.0,0,,0.0,0,,0.0,0,,0.0,0,,0.0,0,,0.0,0,,0.0,0,,0.0,0,,0.0,1,,0.0,0,,0.0,0,,0.0,0,,0.0,0,,0.0,0,,0.0,0,,0.0,1,,0.0,0,,0.0,0,,0.0,0,,0.0,0,,0.0,0,,0.0,0,,0.0,0,,0.0,0,,0.0,0,,0.0,0,,0.0,0,,0.0,0,,0.0,0,,0.0,0,,0.0,0,,0.0,0,,0.0,0,,0.0,0,,0.0,0,,0.0,0,,0.0,1,,0.0,1,,0.0,0,,0.0,0,,0.0,0,,0.0,0,,0.0,2.333333333,,0.0,3,,0.0,6,,0.0,2.333333333,,0.0,0,,0.0,2,,0.0,2,,0.0,999,,0.0,1,,0.0,2,,0.0,-1,,0.0
Ritual557,0,,0.0,0,,0.0,0,,0.0,0,,0.0,0,,0.0,0,,0.0,0,,0.0,0,,0.0,0,,0.0,0,,0.0,1,,0.0,0,,0.0,0,,0.0,0,,0.0,0,,0.0,1,,0.0,3,,0.0,0,,0.0,1,,0.0,1,,0.0,0,,0.0,0,,0.0,0,,0.0,0,,0.0,0,,0.0,7,,0.0,6,,0.0,1,,0.0,0,,0.0,0,,0.0,0,,0.0,0,,0.0,0,,0.0,0,,0.0,0,,0.0,0,,0.0,0,,0.0,0,,0.0,0,,0.0,0,,0.0,0,,0.0,0,,0.0,0,,0.0,0,,0.0,0,,0.0,0,,0.0,0,,0.0,0,,0.0,0,,0.0,0,,0.0,0,,0.0,0,,0.0,0,,0.0,0,,0.0,0,,0.0,0,,0.0,0,,0.0,0,,0.0,0,,0.0,0,,0.0,0,,0.0,0,,0.0,0,,0.0,0,,0.0,0,,0.0,0,,0.0,0,,0.0,0,,0.0,0,,0.0,0,,0.0,0,,0.0,0,,0.0,0,,0.0,0,,0.0,0,,0.0,0,,0.0,0,,0.0,0,,0.0,0,,0.0,0,,0.0,0,,0.0,0,,0.0,0,,0.0,0,,0.0,0,,0.0,0,,0.0,0,,0.0,0,,0.0,0,,0.0,1,,0.0,0,,0.0,0,,0.0,0,,0.0,0,,0.0,0,,0.0,0,,0.0,0,,0.0,0,,0.0,1,,0.0,0,,0.0,0,,0.0,0,,0.0,0,,0.0,0,,0.0,2.0,,0.0,2,,0.0,7,,0.0,0.0,,0.0,0,,0.0,-1,,0.0,2,,0.0,999,,0.0,1,,0.0,2,,0.0,-1,,0.0
Ritual558,0,,0.0,1,,0.0,0,,0.0,0,,0.0,0,,0.0,0,,0.0,0,,0.0,0,,0.0,0,,0.0,0,,0.0,0,,0.0,0,,0.0,0,,0.0,0,,0.0,0,,0.0,2,,0.0,3,,0.0,0,,0.0,1,,0.0,0,,0.0,1,,0.0,0,,0.0,0,,0.0,0,,0.0,0,,0.0,7,,0.0,6,,0.0,0,,0.0,0,,0.0,0,,0.0,0,,0.0,0,,0.0,0,,0.0,0,,0.0,0,,0.0,0,,0.0,0,,0.0,0,,0.0,1,,0.0,0,,0.0,0,,0.0,0,,0.0,0,,0.0,0,,0.0,0,,0.0,0,,0.0,0,,0.0,0,,0.0,0,,0.0,0,,0.0,1,,0.0,0,,0.0,0,,0.0,0,,0.0,1,,0.0,0,,0.0,0,,0.0,0,,0.0,0,,0.0,0,,0.0,0,,0.0,0,,0.0,0,,0.0,0,,0.0,0,,0.0,0,,0.0,0,,0.0,0,,0.0,0,,0.0,0,,0.0,0,,0.0,0,,0.0,0,,0.0,0,,0.0,0,,0.0,0,,0.0,0,,0.0,0,,0.0,0,,0.0,0,,0.0,0,,0.0,0,,0.0,0,,0.0,0,,0.0,0,,0.0,0,,0.0,0,,0.0,1,,0.0,0,,0.0,0,,0.0,0,,0.0,0,,0.0,0,,0.0,0,,0.0,0,,0.0,0,,0.0,0,,0.0,0,,0.0,1,,0.0,1,,0.0,0,,0.0,0,,0.0,0,,0.0,0,,0.0,2.333333333,,0.0,2,,0.0,2,,0.0,3.666666667,,0.0,1,,0.0,2,,0.0,4,,0.0,999,,0.0,1,,0.0,2,,0.0,-1,,0.0
Ritual559,0,,0.0,1,,0.0,0,,0.0,0,,0.0,0,,0.0,0,,0.0,0,,0.0,0,,0.0,0,,0.0,0,,0.0,0,,0.0,0,,0.0,0,,0.0,0,,0.0,0,,0.0,1,,0.0,3,,0.0,0,,0.0,0,,0.0,0,,0.0,1,,0.0,0,,0.0,0,,0.0,0,,0.0,0,,0.0,7,,0.0,6,,0.0,0,,0.0,0,,0.0,0,,0.0,0,,0.0,0,,0.0,0,,0.0,0,,0.0,0,,0.0,0,,0.0,0,,0.0,0,,0.0,0,,0.0,0,,0.0,0,,0.0,0,,0.0,0,,0.0,0,,0.0,0,,0.0,0,,0.0,0,,0.0,1,,0.0,0,,0.0,0,,0.0,0,,0.0,0,,0.0,0,,0.0,0,,0.0,0,,0.0,0,,0.0,0,,0.0,0,,0.0,0,,0.0,0,,0.0,0,,0.0,0,,0.0,0,,0.0,0,,0.0,0,,0.0,0,,0.0,0,,0.0,0,,0.0,0,,0.0,0,,0.0,0,,0.0,0,,0.0,0,,0.0,0,,0.0,0,,0.0,0,,0.0,0,,0.0,0,,0.0,0,,0.0,0,,0.0,0,,0.0,0,,0.0,0,,0.0,0,,0.0,0,,0.0,0,,0.0,0,,0.0,0,,0.0,0,,0.0,0,,0.0,0,,0.0,0,,0.0,0,,0.0,0,,0.0,0,,0.0,0,,0.0,0,,0.0,0,,0.0,1,,0.0,0,,0.0,0,,0.0,0,,0.0,0,,0.0,0,,0.0,1.333333333,,0.0,2,,0.0,2,,0.0,0.0,,0.0,0,,0.0,-1,,0.0,1,,0.0,999,,0.0,1,,0.0,2,,0.0,-1,,0.0
Ritual560,0,,0.0,0,,0.0,1,,0.0,0,,0.0,0,,0.0,0,,0.0,0,,0.0,0,,0.0,0,,0.0,0,,0.0,0,,0.0,0,,0.0,0,,0.0,0,,0.0,0,,0.0,1,,0.0,3,,0.0,0,,0.0,0,,0.0,0,,0.0,0,,0.0,0,,0.0,0,,0.0,0,,0.0,0,,0.0,7,,0.0,6,,0.0,0,,0.0,0,,0.0,0,,0.0,0,,0.0,0,,0.0,0,,0.0,0,,0.0,0,,0.0,0,,0.0,0,,0.0,0,,0.0,0,,0.0,0,,0.0,0,,0.0,0,,0.0,0,,0.0,0,,0.0,0,,0.0,0,,0.0,0,,0.0,0,,0.0,0,,0.0,0,,0.0,0,,0.0,0,,0.0,0,,0.0,0,,0.0,0,,0.0,0,,0.0,0,,0.0,0,,0.0,0,,0.0,0,,0.0,0,,0.0,0,,0.0,0,,0.0,0,,0.0,0,,0.0,0,,0.0,0,,0.0,0,,0.0,0,,0.0,0,,0.0,0,,0.0,0,,0.0,0,,0.0,0,,0.0,0,,0.0,0,,0.0,0,,0.0,0,,0.0,0,,0.0,0,,0.0,0,,0.0,0,,0.0,0,,0.0,0,,0.0,0,,0.0,0,,0.0,0,,0.0,0,,0.0,0,,0.0,0,,0.0,0,,0.0,0,,0.0,0,,0.0,0,,0.0,0,,0.0,0,,0.0,0,,0.0,0,,0.0,0,,0.0,0,,0.0,0,,0.0,0,,0.0,0,,0.0,0,,0.0,0.0,,0.0,0,,0.0,-1,,0.0,1.666666667,,0.0,1,,0.0,2,,0.0,1,,0.0,999,,0.0,1,,0.0,2,,0.0,-1,,0.0
Ritual561,0,,0.0,0,,0.0,0,,0.0,1,,0.0,0,,0.0,0,,0.0,0,,0.0,0,,0.0,0,,0.0,0,,0.0,0,,0.0,0,,0.0,0,,0.0,0,,0.0,0,,0.0,3,,0.0,3,,0.0,0,,0.0,1,,0.0,1,,0.0,1,,0.0,0,,0.0,0,,0.0,0,,0.0,0,,0.0,999,,0.0,6,,0.0,1,,0.0,1,,0.0,1,,0.0,1,,0.0,1,,0.0,0,,0.0,0,,0.0,0,,0.0,0,,0.0,0,,0.0,0,,0.0,0,,0.0,0,,0.0,0,,0.0,0,,0.0,0,,0.0,0,,0.0,0,,0.0,0,,0.0,0,,0.0,0,,0.0,1,,0.0,1,,0.0,0,,0.0,0,,0.0,0,,0.0,0,,0.0,0,,0.0,0,,0.0,0,,0.0,0,,0.0,0,,0.0,0,,0.0,0,,0.0,0,,0.0,0,,0.0,0,,0.0,0,,0.0,0,,0.0,0,,0.0,0,,0.0,0,,0.0,0,,0.0,0,,0.0,0,,0.0,0,,0.0,0,,0.0,0,,0.0,0,,0.0,0,,0.0,0,,0.0,0,,0.0,0,,0.0,1,,0.0,0,,0.0,0,,0.0,0,,0.0,0,,0.0,0,,0.0,0,,0.0,0,,0.0,0,,0.0,0,,0.0,0,,0.0,1,,0.0,1,,0.0,0,,0.0,0,,0.0,0,,0.0,0,,0.0,0,,0.0,1,,0.0,1,,0.0,0,,0.0,0,,0.0,0,,0.0,0,,0.0,5.0,,0.0,4,,0.0,7,,0.0,0.0,,0.0,0,,0.0,-1,,0.0,4,,0.0,2,,0.0,1,,0.0,999,,0.0,-1,,0.0
Ritual562,0,,0.0,0,,0.0,0,,0.0,0,,0.0,0,,0.0,0,,0.0,1,,0.0,0,,0.0,0,,0.0,0,,0.0,0,,0.0,0,,0.0,0,,0.0,0,,0.0,0,,0.0,3,,0.0,3,,0.0,0,,0.0,1,,0.0,1,,0.0,1,,0.0,0,,0.0,0,,0.0,0,,0.0,0,,0.0,7,,0.0,6,,0.0,1,,0.0,1,,0.0,1,,0.0,1,,0.0,1,,0.0,0,,0.0,0,,0.0,0,,0.0,0,,0.0,0,,0.0,0,,0.0,0,,0.0,0,,0.0,0,,0.0,0,,0.0,0,,0.0,0,,0.0,0,,0.0,0,,0.0,0,,0.0,0,,0.0,1,,0.0,1,,0.0,0,,0.0,0,,0.0,0,,0.0,0,,0.0,0,,0.0,0,,0.0,0,,0.0,0,,0.0,0,,0.0,0,,0.0,0,,0.0,0,,0.0,0,,0.0,1,,0.0,0,,0.0,0,,0.0,0,,0.0,0,,0.0,0,,0.0,0,,0.0,0,,0.0,1,,0.0,0,,0.0,0,,0.0,0,,0.0,1,,0.0,0,,0.0,0,,0.0,0,,0.0,0,,0.0,1,,0.0,0,,0.0,0,,0.0,0,,0.0,0,,0.0,0,,0.0,0,,0.0,0,,0.0,0,,0.0,0,,0.0,0,,0.0,1,,0.0,1,,0.0,0,,0.0,0,,0.0,0,,0.0,0,,0.0,0,,0.0,1,,0.0,0,,0.0,0,,0.0,0,,0.0,0,,0.0,0,,0.0,4.666666667,,0.0,4,,0.0,7,,0.0,3.0,,0.0,0,,0.0,2,,0.0,5,,0.0,999,,0.0,1,,0.0,1,,0.0,-1,,0.0
Ritual563,0,,0.0,0,,0.0,0,,0.0,1,,0.0,0,,0.0,0,,0.0,0,,0.0,0,,0.0,0,,0.0,0,,0.0,0,,0.0,0,,0.0,0,,0.0,0,,0.0,0,,0.0,2,,0.0,1,,0.0,0,,0.0,0,,0.0,0,,0.0,1,,0.0,0,,0.0,0,,0.0,0,,0.0,0,,0.0,5,,0.0,5,,0.0,1,,0.0,1,,0.0,0,,0.0,0,,0.0,0,,0.0,0,,0.0,0,,0.0,0,,0.0,0,,0.0,0,,0.0,0,,0.0,0,,0.0,0,,0.0,0,,0.0,1,,0.0,0,,0.0,0,,0.0,0,,0.0,0,,0.0,0,,0.0,1,,0.0,0,,0.0,0,,0.0,0,,0.0,0,,0.0,0,,0.0,0,,0.0,0,,0.0,0,,0.0,0,,0.0,0,,0.0,0,,0.0,0,,0.0,0,,0.0,0,,0.0,0,,0.0,0,,0.0,0,,0.0,0,,0.0,0,,0.0,0,,0.0,0,,0.0,0,,0.0,1,,0.0,0,,0.0,0,,0.0,0,,0.0,0,,0.0,0,,0.0,0,,0.0,0,,0.0,0,,0.0,0,,0.0,0,,0.0,0,,0.0,1,,0.0,0,,0.0,0,,0.0,0,,0.0,0,,0.0,0,,0.0,0,,0.0,0,,0.0,0,,0.0,1,,0.0,0,,0.0,0,,0.0,0,,0.0,0,,0.0,0,,0.0,0,,0.0,0,,0.0,0,,0.0,0,,0.0,0,,0.0,0,,0.0,0,,0.0,1.0,,0.0,1,,0.0,7,,0.0,1.666666667,,0.0,1,,0.0,2,,0.0,1,,0.0,999,,0.0,1,,0.0,2,,0.0,-1,,0.0
Ritual564,0,,0.0,0,,0.0,0,,0.0,0,,0.0,0,,0.0,0,,0.0,0,,0.0,0,,0.0,0,,0.0,0,,0.0,0,,0.0,0,,0.0,0,,0.0,0,,0.0,0,,0.0,1,,0.0,3,,0.0,0,,0.0,0,,0.0,0,,0.0,1,,0.0,0,,0.0,0,,0.0,0,,0.0,0,,0.0,4,,0.0,4,,0.0,0,,0.0,0,,0.0,0,,0.0,0,,0.0,0,,0.0,0,,0.0,0,,0.0,0,,0.0,0,,0.0,0,,0.0,0,,0.0,0,,0.0,0,,0.0,0,,0.0,1,,0.0,0,,0.0,0,,0.0,0,,0.0,0,,0.0,0,,0.0,0,,0.0,0,,0.0,0,,0.0,0,,0.0,0,,0.0,0,,0.0,0,,0.0,0,,0.0,0,,0.0,0,,0.0,0,,0.0,0,,0.0,0,,0.0,0,,0.0,0,,0.0,0,,0.0,0,,0.0,0,,0.0,0,,0.0,0,,0.0,0,,0.0,0,,0.0,0,,0.0,0,,0.0,0,,0.0,0,,0.0,0,,0.0,0,,0.0,0,,0.0,0,,0.0,0,,0.0,0,,0.0,0,,0.0,0,,0.0,0,,0.0,0,,0.0,0,,0.0,0,,0.0,0,,0.0,0,,0.0,0,,0.0,0,,0.0,0,,0.0,1,,0.0,0,,0.0,0,,0.0,0,,0.0,0,,0.0,0,,0.0,0,,0.0,0,,0.0,0,,0.0,0,,0.0,0,,0.0,0,,0.0,0,,0.0,0,,0.0,1.0,,0.0,1,,0.0,7,,0.0,0.0,,0.0,0,,0.0,-1,,0.0,999,,0.0,999,,0.0,1,,0.0,2,,0.0,-1,,0.0
Ritual565,0,,0.0,0,,0.0,0,,0.0,0,,0.0,0,,0.0,0,,0.0,0,,0.0,0,,0.0,0,,0.0,0,,0.0,0,,0.0,0,,0.0,1,,0.0,0,,0.0,0,,0.0,4,,0.0,1,,0.0,1,,0.0,0,,0.0,0,,0.0,0,,0.0,0,,0.0,0,,0.0,0,,0.0,0,,0.0,7,,0.0,7,,0.0,0,,0.0,0,,0.0,0,,0.0,0,,0.0,0,,0.0,0,,0.0,0,,0.0,0,,0.0,0,,0.0,0,,0.0,0,,0.0,0,,0.0,0,,0.0,0,,0.0,0,,0.0,0,,0.0,0,,0.0,0,,0.0,0,,0.0,0,,0.0,0,,0.0,0,,0.0,0,,0.0,0,,0.0,0,,0.0,0,,0.0,0,,0.0,0,,0.0,0,,0.0,0,,0.0,0,,0.0,0,,0.0,0,,0.0,0,,0.0,0,,0.0,0,,0.0,0,,0.0,0,,0.0,0,,0.0,0,,0.0,0,,0.0,0,,0.0,0,,0.0,0,,0.0,0,,0.0,0,,0.0,0,,0.0,0,,0.0,0,,0.0,0,,0.0,0,,0.0,0,,0.0,0,,0.0,0,,0.0,0,,0.0,0,,0.0,0,,0.0,0,,0.0,0,,0.0,0,,0.0,0,,0.0,0,,0.0,0,,0.0,0,,0.0,0,,0.0,1,,0.0,0,,0.0,0,,0.0,0,,0.0,0,,0.0,0,,0.0,1,,0.0,0,,0.0,0,,0.0,0,,0.0,0,,0.0,0,,0.0,5.0,,0.0,5,,0.0,2,,0.0,4.666666667,,0.0,5,,0.0,2,,0.0,5,,0.0,2,,0.0,1,,0.0,2,,0.0,-1,,0.0
Ritual566,0,,0.0,0,,0.0,0,,0.0,1,,0.0,0,,0.0,0,,0.0,0,,0.0,0,,0.0,0,,0.0,0,,0.0,0,,0.0,0,,0.0,0,,0.0,0,,0.0,0,,0.0,1,,0.0,3,,0.0,0,,0.0,1,,0.0,0,,0.0,0,,0.0,0,,0.0,0,,0.0,1,,0.0,1,,0.0,999,,0.0,4,,0.0,0,,0.0,0,,0.0,0,,0.0,0,,0.0,0,,0.0,0,,0.0,0,,0.0,0,,0.0,0,,0.0,0,,0.0,0,,0.0,0,,0.0,0,,0.0,0,,0.0,0,,0.0,0,,0.0,0,,0.0,0,,0.0,0,,0.0,0,,0.0,0,,0.0,0,,0.0,0,,0.0,0,,0.0,0,,0.0,0,,0.0,0,,0.0,0,,0.0,0,,0.0,0,,0.0,0,,0.0,0,,0.0,0,,0.0,0,,0.0,0,,0.0,0,,0.0,0,,0.0,0,,0.0,0,,0.0,0,,0.0,0,,0.0,0,,0.0,0,,0.0,0,,0.0,0,,0.0,0,,0.0,0,,0.0,0,,0.0,0,,0.0,0,,0.0,0,,0.0,0,,0.0,0,,0.0,0,,0.0,0,,0.0,1,,0.0,0,,0.0,0,,0.0,0,,0.0,0,,0.0,1,,0.0,0,,0.0,0,,0.0,0,,0.0,0,,0.0,0,,0.0,0,,0.0,0,,0.0,0,,0.0,0,,0.0,0,,0.0,0,,0.0,0,,0.0,0,,0.0,0,,0.0,1,,0.0,0,,0.0,0.6666666667,,0.0,0,,0.0,7,,0.0,1.666666667,,0.0,1,,0.0,7,,0.0,999,,0.0,3,,0.0,1,,0.0,2,,0.0,-1,,0.0
Ritual567,0,,0.0,0,,0.0,0,,0.0,0,,0.0,0,,0.0,0,,0.0,1,,0.0,0,,0.0,0,,0.0,0,,0.0,0,,0.0,0,,0.0,0,,0.0,0,,0.0,0,,0.0,2,,0.0,3,,0.0,0,,0.0,0,,0.0,0,,0.0,1,,0.0,0,,0.0,0,,0.0,0,,0.0,0,,0.0,7,,0.0,6,,0.0,0,,0.0,0,,0.0,1,,0.0,0,,0.0,0,,0.0,0,,0.0,0,,0.0,0,,0.0,0,,0.0,0,,0.0,0,,0.0,0,,0.0,0,,0.0,0,,0.0,0,,0.0,0,,0.0,0,,0.0,1,,0.0,0,,0.0,0,,0.0,0,,0.0,0,,0.0,0,,0.0,0,,0.0,0,,0.0,0,,0.0,0,,0.0,0,,0.0,0,,0.0,0,,0.0,0,,0.0,1,,0.0,0,,0.0,0,,0.0,0,,0.0,0,,0.0,0,,0.0,0,,0.0,0,,0.0,0,,0.0,0,,0.0,0,,0.0,0,,0.0,0,,0.0,0,,0.0,0,,0.0,0,,0.0,0,,0.0,0,,0.0,0,,0.0,0,,0.0,0,,0.0,0,,0.0,0,,0.0,0,,0.0,1,,0.0,0,,0.0,0,,0.0,0,,0.0,0,,0.0,1,,0.0,0,,0.0,0,,0.0,0,,0.0,0,,0.0,0,,0.0,0,,0.0,0,,0.0,0,,0.0,0,,0.0,0,,0.0,1,,0.0,0,,0.0,0,,0.0,0,,0.0,0,,0.0,0,,0.0,1.333333333,,0.0,2,,0.0,5,,0.0,3.666666667,,0.0,0,,0.0,7,,0.0,2,,0.0,999,,0.0,1,,0.0,2,,0.0,-1,,0.0
Ritual568,0,,0.0,0,,0.0,0,,0.0,1,,0.0,0,,0.0,0,,0.0,0,,0.0,0,,0.0,1,,0.0,0,,0.0,0,,0.0,0,,0.0,0,,0.0,0,,0.0,0,,0.0,4,,0.0,3,,0.0,0,,0.0,0,,0.0,0,,0.0,0,,0.0,0,,0.0,0,,0.0,1,,0.0,1,,0.0,999,,0.0,6,,0.0,1,,0.0,0,,0.0,0,,0.0,0,,0.0,0,,0.0,0,,0.0,0,,0.0,0,,0.0,0,,0.0,0,,0.0,0,,0.0,0,,0.0,1,,0.0,0,,0.0,0,,0.0,0,,0.0,0,,0.0,0,,0.0,0,,0.0,0,,0.0,0,,0.0,0,,0.0,0,,0.0,0,,0.0,0,,0.0,0,,0.0,0,,0.0,0,,0.0,0,,0.0,0,,0.0,0,,0.0,0,,0.0,0,,0.0,0,,0.0,0,,0.0,0,,0.0,0,,0.0,0,,0.0,0,,0.0,0,,0.0,0,,0.0,0,,0.0,0,,0.0,0,,0.0,0,,0.0,0,,0.0,0,,0.0,0,,0.0,0,,0.0,1,,0.0,0,,0.0,1,,0.0,0,,0.0,0,,0.0,0,,0.0,1,,0.0,0,,0.0,0,,0.0,0,,0.0,0,,0.0,1,,0.0,0,,0.0,0,,0.0,0,,0.0,0,,0.0,0,,0.0,0,,0.0,0,,0.0,0,,0.0,0,,0.0,0,,0.0,1,,0.0,0,,0.0,0,,0.0,0,,0.0,1,,0.0,0,,0.0,2.666666667,,0.0,3,,0.0,3,,0.0,1.333333333,,0.0,0,,0.0,7,,0.0,999,,0.0,3,,0.0,1,,0.0,2,,0.0,-1,,0.0
Ritual569,0,,0.0,0,,0.0,0,,0.0,1,,0.0,0,,0.0,0,,0.0,0,,0.0,0,,0.0,0,,0.0,0,,0.0,0,,0.0,0,,0.0,0,,0.0,0,,0.0,0,,0.0,4,,0.0,3,,0.0,0,,0.0,1,,0.0,0,,0.0,0,,0.0,0,,0.0,0,,0.0,0,,0.0,0,,0.0,999,,0.0,6,,0.0,0,,0.0,0,,0.0,0,,0.0,0,,0.0,0,,0.0,0,,0.0,0,,0.0,0,,0.0,0,,0.0,0,,0.0,0,,0.0,0,,0.0,1,,0.0,0,,0.0,0,,0.0,0,,0.0,0,,0.0,0,,0.0,0,,0.0,0,,0.0,0,,0.0,0,,0.0,0,,0.0,0,,0.0,0,,0.0,0,,0.0,0,,0.0,0,,0.0,0,,0.0,0,,0.0,0,,0.0,0,,0.0,0,,0.0,0,,0.0,0,,0.0,0,,0.0,0,,0.0,0,,0.0,0,,0.0,0,,0.0,0,,0.0,0,,0.0,0,,0.0,0,,0.0,0,,0.0,0,,0.0,0,,0.0,0,,0.0,0,,0.0,0,,0.0,0,,0.0,0,,0.0,0,,0.0,0,,0.0,0,,0.0,1,,0.0,0,,0.0,0,,0.0,0,,0.0,0,,0.0,1,,0.0,0,,0.0,0,,0.0,0,,0.0,0,,0.0,0,,0.0,0,,0.0,0,,0.0,0,,0.0,0,,0.0,0,,0.0,1,,0.0,0,,0.0,0,,0.0,0,,0.0,1,,0.0,0,,0.0,1.333333333,,0.0,2,,0.0,7,,0.0,1.666666667,,0.0,0,,0.0,7,,0.0,999,,0.0,3,,0.0,1,,0.0,2,,0.0,-1,,0.0
Ritual570,0,,0.0,0,,0.0,0,,0.0,1,,0.0,0,,0.0,0,,0.0,0,,0.0,0,,0.0,0,,0.0,0,,0.0,0,,0.0,0,,0.0,0,,0.0,0,,0.0,0,,0.0,1,,0.0,3,,0.0,0,,0.0,1,,0.0,0,,0.0,0,,0.0,0,,0.0,0,,0.0,0,,0.0,0,,0.0,999,,0.0,1,,0.0,0,,0.0,0,,0.0,0,,0.0,0,,0.0,0,,0.0,0,,0.0,0,,0.0,0,,0.0,0,,0.0,0,,0.0,0,,0.0,0,,0.0,0,,0.0,0,,0.0,0,,0.0,0,,0.0,0,,0.0,0,,0.0,0,,0.0,0,,0.0,0,,0.0,0,,0.0,0,,0.0,0,,0.0,0,,0.0,0,,0.0,0,,0.0,0,,0.0,0,,0.0,0,,0.0,0,,0.0,0,,0.0,0,,0.0,0,,0.0,0,,0.0,0,,0.0,0,,0.0,0,,0.0,0,,0.0,0,,0.0,0,,0.0,0,,0.0,0,,0.0,0,,0.0,0,,0.0,0,,0.0,0,,0.0,0,,0.0,0,,0.0,0,,0.0,0,,0.0,0,,0.0,0,,0.0,0,,0.0,0,,0.0,0,,0.0,0,,0.0,0,,0.0,0,,0.0,0,,0.0,1,,0.0,0,,0.0,0,,0.0,0,,0.0,0,,0.0,0,,0.0,0,,0.0,0,,0.0,0,,0.0,0,,0.0,0,,0.0,0,,0.0,0,,0.0,0,,0.0,0,,0.0,0,,0.0,0,,0.0,0.6666666667,,0.0,0,,0.0,1,,0.0,0.0,,0.0,0,,0.0,-1,,0.0,999,,0.0,3,,0.0,1,,0.0,2,,0.0,-1,,0.0
Ritual571,0,,0.0,0,,0.0,0,,0.0,1,,0.0,0,,0.0,0,,0.0,0,,0.0,0,,0.0,0,,0.0,0,,0.0,0,,0.0,0,,0.0,0,,0.0,0,,0.0,0,,0.0,2,,0.0,3,,0.0,0,,0.0,0,,0.0,0,,0.0,0,,0.0,0,,0.0,1,,0.0,0,,0.0,0,,0.0,999,,0.0,4,,0.0,1,,0.0,0,,0.0,0,,0.0,0,,0.0,1,,0.0,1,,0.0,0,,0.0,0,,0.0,0,,0.0,0,,0.0,0,,0.0,0,,0.0,0,,0.0,0,,0.0,0,,0.0,0,,0.0,0,,0.0,0,,0.0,0,,0.0,0,,0.0,0,,0.0,0,,0.0,1,,0.0,0,,0.0,0,,0.0,0,,0.0,0,,0.0,0,,0.0,0,,0.0,0,,0.0,0,,0.0,0,,0.0,0,,0.0,0,,0.0,0,,0.0,0,,0.0,0,,0.0,0,,0.0,0,,0.0,0,,0.0,0,,0.0,0,,0.0,0,,0.0,0,,0.0,0,,0.0,0,,0.0,0,,0.0,0,,0.0,0,,0.0,0,,0.0,0,,0.0,0,,0.0,0,,0.0,1,,0.0,0,,0.0,0,,0.0,0,,0.0,0,,0.0,0,,0.0,0,,0.0,0,,0.0,0,,0.0,0,,0.0,0,,0.0,0,,0.0,0,,0.0,0,,0.0,0,,0.0,0,,0.0,0,,0.0,0,,0.0,1,,0.0,0,,0.0,0,,0.0,0,,0.0,0,,0.0,0,,0.0,3.333333333,,0.0,3,,0.0,3,,0.0,3.0,,0.0,3,,0.0,7,,0.0,999,,0.0,1,,0.0,1,,0.0,2,,0.0,-1,,0.0
Ritual572,0,,0.0,0,,0.0,0,,0.0,1,,0.0,0,,0.0,0,,0.0,0,,0.0,0,,0.0,0,,0.0,0,,0.0,0,,0.0,0,,0.0,0,,0.0,0,,0.0,0,,0.0,4,,0.0,1,,0.0,0,,0.0,0,,0.0,0,,0.0,1,,0.0,0,,0.0,0,,0.0,0,,0.0,0,,0.0,7,,0.0,7,,0.0,0,,0.0,1,,0.0,0,,0.0,0,,0.0,0,,0.0,0,,0.0,0,,0.0,0,,0.0,1,,0.0,0,,0.0,0,,0.0,0,,0.0,1,,0.0,0,,0.0,0,,0.0,0,,0.0,0,,0.0,0,,0.0,0,,0.0,0,,0.0,0,,0.0,0,,0.0,0,,0.0,1,,0.0,0,,0.0,0,,0.0,0,,0.0,0,,0.0,0,,0.0,0,,0.0,0,,0.0,0,,0.0,0,,0.0,0,,0.0,0,,0.0,0,,0.0,0,,0.0,0,,0.0,1,,0.0,0,,0.0,0,,0.0,0,,0.0,0,,0.0,0,,0.0,0,,0.0,0,,0.0,0,,0.0,0,,0.0,1,,0.0,1,,0.0,0,,0.0,0,,0.0,0,,0.0,0,,0.0,0,,0.0,0,,0.0,0,,0.0,0,,0.0,0,,0.0,0,,0.0,0,,0.0,0,,0.0,0,,0.0,0,,0.0,0,,0.0,0,,0.0,0,,0.0,0,,0.0,0,,0.0,0,,0.0,0,,0.0,0,,0.0,0,,0.0,0,,0.0,0,,0.0,0,,0.0,0,,0.0,0.0,,0.0,2,,0.0,-1,,0.0,4.0,,0.0,4,,0.0,2,,0.0,4,,0.0,1,,0.0,1,,0.0,2,,0.0,-1,,0.0
Ritual573,0,,0.0,0,,0.0,0,,0.0,1,,0.0,0,,0.0,0,,0.0,0,,0.0,0,,0.0,0,,0.0,0,,0.0,0,,0.0,0,,0.0,0,,0.0,0,,0.0,0,,0.0,2,,0.0,1,,0.0,1,,0.0,0,,0.0,0,,0.0,0,,0.0,0,,0.0,0,,0.0,0,,0.0,0,,0.0,6,,0.0,6,,0.0,0,,0.0,0,,0.0,0,,0.0,0,,0.0,0,,0.0,0,,0.0,0,,0.0,0,,0.0,0,,0.0,0,,0.0,0,,0.0,0,,0.0,0,,0.0,0,,0.0,0,,0.0,0,,0.0,0,,0.0,0,,0.0,0,,0.0,0,,0.0,0,,0.0,0,,0.0,0,,0.0,1,,0.0,0,,0.0,0,,0.0,0,,0.0,0,,0.0,0,,0.0,0,,0.0,0,,0.0,0,,0.0,0,,0.0,0,,0.0,0,,0.0,0,,0.0,0,,0.0,0,,0.0,0,,0.0,0,,0.0,0,,0.0,0,,0.0,0,,0.0,0,,0.0,0,,0.0,0,,0.0,0,,0.0,0,,0.0,1,,0.0,0,,0.0,0,,0.0,0,,0.0,0,,0.0,0,,0.0,0,,0.0,0,,0.0,0,,0.0,0,,0.0,0,,0.0,0,,0.0,0,,0.0,0,,0.0,0,,0.0,0,,0.0,0,,0.0,0,,0.0,0,,0.0,0,,0.0,0,,0.0,0,,0.0,0,,0.0,0,,0.0,0,,0.0,0,,0.0,0,,0.0,0,,0.0,0,,0.0,1.333333333,,0.0,1,,0.0,2,,0.0,3.666666667,,0.0,3,,0.0,2,,0.0,4,,0.0,1,,0.0,1,,0.0,2,,0.0,-1,,0.0
Ritual574,0,,0.0,0,,0.0,0,,0.0,1,,0.0,0,,0.0,0,,0.0,0,,0.0,0,,0.0,0,,0.0,0,,0.0,0,,0.0,0,,0.0,0,,0.0,0,,0.0,0,,0.0,2,,0.0,3,,0.0,0,,0.0,0,,0.0,0,,0.0,1,,0.0,0,,0.0,0,,0.0,0,,0.0,0,,0.0,999,,0.0,6,,0.0,0,,0.0,1,,0.0,0,,0.0,0,,0.0,0,,0.0,0,,0.0,0,,0.0,0,,0.0,0,,0.0,0,,0.0,0,,0.0,0,,0.0,0,,0.0,0,,0.0,1,,0.0,0,,0.0,0,,0.0,0,,0.0,0,,0.0,0,,0.0,1,,0.0,0,,0.0,0,,0.0,0,,0.0,0,,0.0,0,,0.0,0,,0.0,0,,0.0,0,,0.0,0,,0.0,0,,0.0,0,,0.0,0,,0.0,0,,0.0,0,,0.0,0,,0.0,0,,0.0,0,,0.0,0,,0.0,0,,0.0,0,,0.0,0,,0.0,0,,0.0,0,,0.0,0,,0.0,0,,0.0,0,,0.0,0,,0.0,0,,0.0,0,,0.0,1,,0.0,0,,0.0,0,,0.0,0,,0.0,0,,0.0,1,,0.0,0,,0.0,0,,0.0,0,,0.0,0,,0.0,1,,0.0,0,,0.0,0,,0.0,0,,0.0,0,,0.0,0,,0.0,0,,0.0,0,,0.0,0,,0.0,0,,0.0,0,,0.0,1,,0.0,0,,0.0,0,,0.0,0,,0.0,0,,0.0,0,,0.0,1.0,,0.0,1,,0.0,7,,0.0,1.666666667,,0.0,1,,0.0,7,,0.0,999,,0.0,3,,0.0,3,,0.0,2,,0.0,-1,,0.0
Ritual575,0,,0.0,0,,0.0,0,,0.0,1,,0.0,0,,0.0,0,,0.0,0,,0.0,0,,0.0,0,,0.0,0,,0.0,0,,0.0,0,,0.0,0,,0.0,0,,0.0,0,,0.0,2,,0.0,3,,0.0,0,,0.0,0,,0.0,0,,0.0,1,,0.0,0,,0.0,0,,0.0,0,,0.0,0,,0.0,999,,0.0,6,,0.0,0,,0.0,1,,0.0,0,,0.0,0,,0.0,0,,0.0,0,,0.0,0,,0.0,0,,0.0,0,,0.0,0,,0.0,0,,0.0,0,,0.0,0,,0.0,0,,0.0,1,,0.0,0,,0.0,0,,0.0,0,,0.0,0,,0.0,0,,0.0,1,,0.0,0,,0.0,0,,0.0,0,,0.0,0,,0.0,0,,0.0,0,,0.0,0,,0.0,0,,0.0,0,,0.0,0,,0.0,0,,0.0,0,,0.0,0,,0.0,0,,0.0,0,,0.0,0,,0.0,0,,0.0,0,,0.0,0,,0.0,0,,0.0,0,,0.0,0,,0.0,0,,0.0,0,,0.0,0,,0.0,0,,0.0,0,,0.0,0,,0.0,1,,0.0,0,,0.0,0,,0.0,0,,0.0,0,,0.0,0,,0.0,1,,0.0,0,,0.0,0,,0.0,0,,0.0,0,,0.0,1,,0.0,0,,0.0,0,,0.0,0,,0.0,0,,0.0,0,,0.0,0,,0.0,0,,0.0,0,,0.0,0,,0.0,0,,0.0,1,,0.0,0,,0.0,0,,0.0,0,,0.0,0,,0.0,0,,0.0,1.0,,0.0,1,,0.0,7,,0.0,1.666666667,,0.0,1,,0.0,7,,0.0,999,,0.0,3,,0.0,3,,0.0,2,,0.0,-1,,0.0
Ritual576,0,,0.0,0,,0.0,0,,0.0,1,,0.0,0,,0.0,0,,0.0,0,,0.0,0,,0.0,0,,0.0,0,,0.0,0,,0.0,0,,0.0,0,,0.0,0,,0.0,0,,0.0,2,,0.0,3,,0.0,0,,0.0,0,,0.0,0,,0.0,1,,0.0,0,,0.0,0,,0.0,0,,0.0,0,,0.0,999,,0.0,6,,0.0,0,,0.0,1,,0.0,0,,0.0,0,,0.0,0,,0.0,0,,0.0,0,,0.0,0,,0.0,1,,0.0,0,,0.0,0,,0.0,0,,0.0,0,,0.0,0,,0.0,1,,0.0,0,,0.0,0,,0.0,0,,0.0,0,,0.0,0,,0.0,1,,0.0,0,,0.0,0,,0.0,0,,0.0,0,,0.0,0,,0.0,0,,0.0,0,,0.0,0,,0.0,0,,0.0,0,,0.0,0,,0.0,0,,0.0,0,,0.0,0,,0.0,0,,0.0,0,,0.0,0,,0.0,0,,0.0,0,,0.0,0,,0.0,0,,0.0,0,,0.0,0,,0.0,0,,0.0,0,,0.0,0,,0.0,0,,0.0,0,,0.0,1,,0.0,0,,0.0,0,,0.0,0,,0.0,0,,0.0,0,,0.0,1,,0.0,0,,0.0,0,,0.0,0,,0.0,0,,0.0,1,,0.0,0,,0.0,0,,0.0,0,,0.0,0,,0.0,0,,0.0,0,,0.0,0,,0.0,0,,0.0,0,,0.0,0,,0.0,1,,0.0,0,,0.0,0,,0.0,0,,0.0,0,,0.0,0,,0.0,1.0,,0.0,1,,0.0,7,,0.0,1.666666667,,0.0,1,,0.0,7,,0.0,999,,0.0,3,,0.0,3,,0.0,2,,0.0,-1,,0.0
Ritual577,0,,0.0,0,,0.0,0,,0.0,1,,0.0,0,,0.0,0,,0.0,0,,0.0,0,,0.0,0,,0.0,0,,0.0,0,,0.0,0,,0.0,0,,0.0,0,,0.0,1,,0.0,2,,0.0,3,,0.0,0,,0.0,0,,0.0,0,,0.0,1,,0.0,0,,0.0,0,,0.0,0,,0.0,0,,0.0,999,,0.0,6,,0.0,0,,0.0,1,,0.0,0,,0.0,0,,0.0,0,,0.0,0,,0.0,0,,0.0,0,,0.0,0,,0.0,0,,0.0,0,,0.0,0,,0.0,0,,0.0,0,,0.0,1,,0.0,0,,0.0,0,,0.0,0,,0.0,0,,0.0,0,,0.0,1,,0.0,0,,0.0,0,,0.0,0,,0.0,0,,0.0,0,,0.0,0,,0.0,0,,0.0,0,,0.0,0,,0.0,0,,0.0,0,,0.0,0,,0.0,0,,0.0,0,,0.0,0,,0.0,0,,0.0,0,,0.0,0,,0.0,0,,0.0,0,,0.0,0,,0.0,0,,0.0,0,,0.0,0,,0.0,0,,0.0,0,,0.0,0,,0.0,0,,0.0,1,,0.0,1,,0.0,0,,0.0,0,,0.0,0,,0.0,0,,0.0,1,,0.0,0,,0.0,0,,0.0,0,,0.0,0,,0.0,1,,0.0,0,,0.0,0,,0.0,0,,0.0,0,,0.0,0,,0.0,0,,0.0,0,,0.0,0,,0.0,0,,0.0,0,,0.0,1,,0.0,0,,0.0,0,,0.0,0,,0.0,0,,0.0,0,,0.0,1.0,,0.0,1,,0.0,7,,0.0,1.666666667,,0.0,1,,0.0,7,,0.0,999,,0.0,3,,0.0,3,,0.0,2,,0.0,-1,,0.0
Ritual578,0,,0.0,0,,0.0,0,,0.0,1,,0.0,0,,0.0,0,,0.0,0,,0.0,0,,0.0,0,,0.0,0,,0.0,0,,0.0,0,,0.0,0,,0.0,0,,0.0,0,,0.0,2,,0.0,3,,0.0,0,,0.0,0,,0.0,0,,0.0,0,,0.0,0,,0.0,0,,0.0,1,,0.0,0,,0.0,999,,0.0,6,,0.0,0,,0.0,1,,0.0,1,,0.0,0,,0.0,0,,0.0,0,,0.0,0,,0.0,0,,0.0,0,,0.0,0,,0.0,0,,0.0,0,,0.0,0,,0.0,0,,0.0,1,,0.0,0,,0.0,0,,0.0,0,,0.0,0,,0.0,0,,0.0,0,,0.0,0,,0.0,0,,0.0,0,,0.0,0,,0.0,0,,0.0,0,,0.0,0,,0.0,0,,0.0,0,,0.0,0,,0.0,0,,0.0,0,,0.0,0,,0.0,0,,0.0,0,,0.0,0,,0.0,0,,0.0,0,,0.0,0,,0.0,0,,0.0,0,,0.0,0,,0.0,0,,0.0,0,,0.0,0,,0.0,0,,0.0,0,,0.0,0,,0.0,0,,0.0,0,,0.0,0,,0.0,0,,0.0,0,,0.0,0,,0.0,1,,0.0,0,,0.0,0,,0.0,0,,0.0,0,,0.0,1,,0.0,0,,0.0,0,,0.0,0,,0.0,1,,0.0,0,,0.0,0,,0.0,0,,0.0,0,,0.0,0,,0.0,0,,0.0,0,,0.0,0,,0.0,0,,0.0,0,,0.0,0,,0.0,0,,0.0,2.0,,0.0,3,,0.0,7,,0.0,1.666666667,,0.0,1,,0.0,7,,0.0,3,,0.0,2,,0.0,3,,0.0,2,,0.0,-1,,0.0
Ritual579,0,,0.0,0,,0.0,0,,0.0,1,,0.0,0,,0.0,0,,0.0,0,,0.0,0,,0.0,0,,0.0,0,,0.0,0,,0.0,0,,0.0,0,,0.0,0,,0.0,0,,0.0,1,,0.0,3,,0.0,0,,0.0,0,,0.0,0,,0.0,1,,0.0,0,,0.0,0,,0.0,1,,0.0,0,,0.0,999,,0.0,4,,0.0,0,,0.0,0,,0.0,0,,0.0,0,,0.0,0,,0.0,0,,0.0,0,,0.0,0,,0.0,0,,0.0,0,,0.0,0,,0.0,0,,0.0,0,,0.0,0,,0.0,1,,0.0,0,,0.0,0,,0.0,0,,0.0,0,,0.0,0,,0.0,0,,0.0,0,,0.0,0,,0.0,0,,0.0,0,,0.0,0,,0.0,0,,0.0,0,,0.0,0,,0.0,0,,0.0,0,,0.0,0,,0.0,0,,0.0,0,,0.0,0,,0.0,0,,0.0,0,,0.0,0,,0.0,0,,0.0,0,,0.0,0,,0.0,0,,0.0,0,,0.0,0,,0.0,0,,0.0,0,,0.0,0,,0.0,0,,0.0,0,,0.0,0,,0.0,0,,0.0,0,,0.0,0,,0.0,0,,0.0,0,,0.0,1,,0.0,0,,0.0,0,,0.0,0,,0.0,0,,0.0,1,,0.0,0,,0.0,0,,0.0,0,,0.0,0,,0.0,0,,0.0,0,,0.0,0,,0.0,0,,0.0,0,,0.0,0,,0.0,0,,0.0,0,,0.0,0,,0.0,0,,0.0,0,,0.0,0,,0.0,1.333333333,,0.0,1,,0.0,7,,0.0,1.666666667,,0.0,1,,0.0,7,,0.0,999,,0.0,3,,0.0,1,,0.0,2,,0.0,-1,,0.0
Ritual580,0,,0.0,0,,0.0,0,,0.0,1,,0.0,0,,0.0,0,,0.0,0,,0.0,0,,0.0,1,,0.0,0,,0.0,0,,0.0,0,,0.0,0,,0.0,0,,0.0,0,,0.0,3,,0.0,1,,0.0,0,,0.0,0,,0.0,0,,0.0,1,,0.0,0,,0.0,0,,0.0,0,,0.0,0,,0.0,6,,0.0,6,,0.0,0,,0.0,0,,0.0,0,,0.0,0,,0.0,0,,0.0,0,,0.0,0,,0.0,0,,0.0,0,,0.0,0,,0.0,0,,0.0,0,,0.0,0,,0.0,0,,0.0,0,,0.0,0,,0.0,0,,0.0,0,,0.0,0,,0.0,0,,0.0,0,,0.0,0,,0.0,0,,0.0,0,,0.0,0,,0.0,0,,0.0,0,,0.0,0,,0.0,0,,0.0,0,,0.0,0,,0.0,0,,0.0,0,,0.0,0,,0.0,0,,0.0,0,,0.0,0,,0.0,0,,0.0,0,,0.0,0,,0.0,0,,0.0,0,,0.0,0,,0.0,0,,0.0,0,,0.0,0,,0.0,0,,0.0,0,,0.0,0,,0.0,0,,0.0,1,,0.0,0,,0.0,0,,0.0,0,,0.0,0,,0.0,0,,0.0,0,,0.0,0,,0.0,0,,0.0,0,,0.0,1,,0.0,0,,0.0,0,,0.0,0,,0.0,0,,0.0,0,,0.0,0,,0.0,0,,0.0,0,,0.0,0,,0.0,0,,0.0,0,,0.0,0,,0.0,0,,0.0,0,,0.0,0,,0.0,0,,0.0,1.666666667,,0.0,3,,0.0,7,,0.0,0.0,,0.0,0,,0.0,-1,,0.0,3,,0.0,3,,0.0,1,,0.0,2,,0.0,-1,,0.0
Ritual581,0,,0.0,0,,0.0,0,,0.0,1,,0.0,0,,0.0,0,,0.0,0,,0.0,0,,0.0,0,,0.0,1,,0.0,0,,0.0,0,,0.0,0,,0.0,0,,0.0,0,,0.0,2,,0.0,3,,0.0,0,,0.0,0,,0.0,0,,0.0,1,,0.0,0,,0.0,0,,0.0,0,,0.0,0,,0.0,6,,0.0,4,,0.0,0,,0.0,1,,0.0,0,,0.0,0,,0.0,0,,0.0,0,,0.0,0,,0.0,0,,0.0,0,,0.0,0,,0.0,0,,0.0,0,,0.0,0,,0.0,0,,0.0,0,,0.0,0,,0.0,0,,0.0,0,,0.0,0,,0.0,0,,0.0,0,,0.0,0,,0.0,0,,0.0,0,,0.0,0,,0.0,0,,0.0,0,,0.0,0,,0.0,0,,0.0,0,,0.0,0,,0.0,0,,0.0,0,,0.0,0,,0.0,0,,0.0,0,,0.0,0,,0.0,0,,0.0,0,,0.0,0,,0.0,0,,0.0,0,,0.0,0,,0.0,0,,0.0,0,,0.0,0,,0.0,0,,0.0,0,,0.0,0,,0.0,1,,0.0,0,,0.0,0,,0.0,0,,0.0,0,,0.0,0,,0.0,0,,0.0,0,,0.0,0,,0.0,0,,0.0,0,,0.0,1,,0.0,0,,0.0,0,,0.0,0,,0.0,0,,0.0,0,,0.0,0,,0.0,0,,0.0,0,,0.0,0,,0.0,0,,0.0,1,,0.0,0,,0.0,0,,0.0,0,,0.0,0,,0.0,0,,0.0,1.333333333,,0.0,2,,0.0,7,,0.0,0.0,,0.0,0,,0.0,-1,,0.0,3,,0.0,999,,0.0,1,,0.0,2,,0.0,-1,,0.0
Ritual582,0,,0.0,0,,0.0,0,,0.0,1,,0.0,0,,0.0,0,,0.0,0,,0.0,0,,0.0,0,,0.0,0,,0.0,0,,0.0,0,,0.0,0,,0.0,0,,0.0,0,,0.0,2,,0.0,3,,0.0,0,,0.0,1,,0.0,0,,0.0,0,,0.0,0,,0.0,0,,0.0,0,,0.0,0,,0.0,6,,0.0,6,,0.0,0,,0.0,1,,0.0,0,,0.0,0,,0.0,0,,0.0,0,,0.0,0,,0.0,0,,0.0,0,,0.0,0,,0.0,0,,0.0,0,,0.0,0,,0.0,0,,0.0,0,,0.0,0,,0.0,0,,0.0,0,,0.0,0,,0.0,0,,0.0,0,,0.0,0,,0.0,0,,0.0,0,,0.0,0,,0.0,0,,0.0,0,,0.0,0,,0.0,0,,0.0,0,,0.0,0,,0.0,0,,0.0,0,,0.0,0,,0.0,0,,0.0,0,,0.0,0,,0.0,0,,0.0,0,,0.0,0,,0.0,0,,0.0,0,,0.0,0,,0.0,0,,0.0,0,,0.0,0,,0.0,0,,0.0,0,,0.0,0,,0.0,0,,0.0,0,,0.0,0,,0.0,0,,0.0,0,,0.0,0,,0.0,0,,0.0,0,,0.0,0,,0.0,0,,0.0,0,,0.0,0,,0.0,0,,0.0,0,,0.0,0,,0.0,0,,0.0,0,,0.0,0,,0.0,0,,0.0,0,,0.0,0,,0.0,0,,0.0,1,,0.0,0,,0.0,0,,0.0,0,,0.0,0,,0.0,0,,0.0,1.0,,0.0,1,,0.0,7,,0.0,2.333333333,,0.0,2,,0.0,7,,0.0,999,,0.0,999,,0.0,1,,0.0,2,,0.0,-1,,0.0
Ritual583,0,,0.0,0,,0.0,0,,0.0,0,,0.0,0,,0.0,0,,0.0,0,,0.0,0,,0.0,0,,0.0,0,,0.0,0,,0.0,0,,0.0,0,,0.0,0,,0.0,0,,0.0,2,,0.0,3,,0.0,0,,0.0,0,,0.0,0,,0.0,1,,0.0,0,,0.0,0,,0.0,1,,0.0,0,,0.0,999,,0.0,4,,0.0,0,,0.0,1,,0.0,0,,0.0,0,,0.0,0,,0.0,0,,0.0,0,,0.0,0,,0.0,0,,0.0,0,,0.0,0,,0.0,0,,0.0,0,,0.0,0,,0.0,0,,0.0,0,,0.0,0,,0.0,0,,0.0,0,,0.0,0,,0.0,0,,0.0,0,,0.0,0,,0.0,0,,0.0,0,,0.0,0,,0.0,0,,0.0,0,,0.0,0,,0.0,0,,0.0,0,,0.0,0,,0.0,0,,0.0,0,,0.0,0,,0.0,0,,0.0,0,,0.0,0,,0.0,0,,0.0,0,,0.0,0,,0.0,0,,0.0,0,,0.0,0,,0.0,0,,0.0,0,,0.0,0,,0.0,0,,0.0,0,,0.0,1,,0.0,0,,0.0,0,,0.0,0,,0.0,0,,0.0,0,,0.0,0,,0.0,0,,0.0,0,,0.0,0,,0.0,0,,0.0,1,,0.0,0,,0.0,0,,0.0,0,,0.0,0,,0.0,0,,0.0,0,,0.0,0,,0.0,0,,0.0,0,,0.0,0,,0.0,0,,0.0,0,,0.0,0,,0.0,0,,0.0,0,,0.0,0,,0.0,1.333333333,,0.0,2,,0.0,7,,0.0,0.0,,0.0,0,,0.0,-1,,0.0,3,,0.0,999,,0.0,1,,0.0,2,,0.0,-1,,0.0
Ritual584,0,,0.0,0,,0.0,0,,0.0,1,,0.0,0,,0.0,0,,0.0,0,,0.0,0,,0.0,0,,0.0,0,,0.0,0,,0.0,0,,0.0,1,,0.0,0,,0.0,0,,0.0,4,,0.0,3,,0.0,0,,0.0,0,,0.0,0,,0.0,0,,0.0,0,,0.0,0,,0.0,1,,0.0,0,,0.0,999,,0.0,4,,0.0,0,,0.0,1,,0.0,0,,0.0,0,,0.0,0,,0.0,0,,0.0,0,,0.0,0,,0.0,0,,0.0,0,,0.0,0,,0.0,0,,0.0,0,,0.0,0,,0.0,0,,0.0,0,,0.0,0,,0.0,0,,0.0,0,,0.0,0,,0.0,0,,0.0,0,,0.0,0,,0.0,0,,0.0,0,,0.0,0,,0.0,0,,0.0,0,,0.0,0,,0.0,0,,0.0,0,,0.0,0,,0.0,0,,0.0,0,,0.0,0,,0.0,0,,0.0,0,,0.0,0,,0.0,0,,0.0,0,,0.0,0,,0.0,0,,0.0,0,,0.0,0,,0.0,0,,0.0,0,,0.0,0,,0.0,0,,0.0,1,,0.0,0,,0.0,0,,0.0,1,,0.0,0,,0.0,0,,0.0,0,,0.0,0,,0.0,0,,0.0,0,,0.0,0,,0.0,0,,0.0,0,,0.0,0,,0.0,0,,0.0,0,,0.0,0,,0.0,0,,0.0,0,,0.0,0,,0.0,0,,0.0,0,,0.0,0,,0.0,0,,0.0,0,,0.0,0,,0.0,0,,0.0,0,,0.0,0,,0.0,1.333333333,,0.0,1,,0.0,7,,0.0,1.0,,0.0,1,,0.0,7,,0.0,999,,0.0,999,,0.0,1,,0.0,2,,0.0,-1,,0.0
Ritual585,0,,0.0,0,,0.0,0,,0.0,1,,0.0,0,,0.0,0,,0.0,0,,0.0,0,,0.0,0,,0.0,0,,0.0,0,,0.0,0,,0.0,0,,0.0,0,,0.0,0,,0.0,3,,0.0,1,,0.0,0,,0.0,0,,0.0,0,,0.0,1,,0.0,0,,0.0,0,,0.0,0,,0.0,0,,0.0,6,,0.0,4,,0.0,0,,0.0,0,,0.0,0,,0.0,0,,0.0,1,,0.0,0,,0.0,0,,0.0,0,,0.0,0,,0.0,0,,0.0,0,,0.0,0,,0.0,0,,0.0,0,,0.0,0,,0.0,0,,0.0,0,,0.0,0,,0.0,0,,0.0,0,,0.0,1,,0.0,0,,0.0,0,,0.0,0,,0.0,1,,0.0,0,,0.0,0,,0.0,0,,0.0,0,,0.0,0,,0.0,0,,0.0,0,,0.0,0,,0.0,0,,0.0,0,,0.0,0,,0.0,0,,0.0,0,,0.0,0,,0.0,0,,0.0,1,,0.0,0,,0.0,0,,0.0,0,,0.0,0,,0.0,0,,0.0,0,,0.0,0,,0.0,0,,0.0,0,,0.0,0,,0.0,0,,0.0,0,,0.0,0,,0.0,0,,0.0,0,,0.0,0,,0.0,0,,0.0,0,,0.0,0,,0.0,0,,0.0,0,,0.0,0,,0.0,0,,0.0,0,,0.0,0,,0.0,0,,0.0,0,,0.0,0,,0.0,0,,0.0,0,,0.0,0,,0.0,0,,0.0,0,,0.0,0,,0.0,1,,0.0,0,,0.0,3.333333333,,0.0,4,,0.0,2,,0.0,1.666666667,,0.0,1,,0.0,2,,0.0,3,,0.0,999,,0.0,1,,0.0,2,,0.0,-1,,0.0
Ritual586,0,,0.0,0,,0.0,0,,0.0,1,,0.0,0,,0.0,0,,0.0,0,,0.0,0,,0.0,0,,0.0,0,,0.0,0,,0.0,0,,0.0,0,,0.0,1,,0.0,0,,0.0,2,,0.0,3,,0.0,0,,0.0,0,,0.0,0,,0.0,1,,0.0,0,,0.0,0,,0.0,0,,0.0,0,,0.0,6,,0.0,4,,0.0,0,,0.0,0,,0.0,0,,0.0,0,,0.0,0,,0.0,0,,0.0,0,,0.0,0,,0.0,0,,0.0,0,,0.0,0,,0.0,0,,0.0,0,,0.0,0,,0.0,0,,0.0,0,,0.0,0,,0.0,1,,0.0,0,,0.0,0,,0.0,1,,0.0,0,,0.0,0,,0.0,0,,0.0,1,,0.0,0,,0.0,0,,0.0,0,,0.0,1,,0.0,0,,0.0,0,,0.0,0,,0.0,0,,0.0,0,,0.0,0,,0.0,0,,0.0,0,,0.0,0,,0.0,0,,0.0,0,,0.0,0,,0.0,0,,0.0,0,,0.0,0,,0.0,0,,0.0,0,,0.0,0,,0.0,0,,0.0,0,,0.0,0,,0.0,0,,0.0,0,,0.0,0,,0.0,0,,0.0,0,,0.0,0,,0.0,0,,0.0,0,,0.0,0,,0.0,0,,0.0,0,,0.0,0,,0.0,0,,0.0,0,,0.0,0,,0.0,0,,0.0,0,,0.0,0,,0.0,0,,0.0,0,,0.0,0,,0.0,0,,0.0,0,,0.0,0,,0.0,0,,0.0,0,,0.0,0,,0.0,3.0,,0.0,3,,0.0,3,,0.0,3.666666667,,0.0,2,,0.0,2,,0.0,3,,0.0,3,,0.0,1,,0.0,2,,0.0,-1,,0.0
Ritual587,0,,0.0,0,,0.0,0,,0.0,0,,0.0,1,,0.0,0,,0.0,0,,0.0,0,,0.0,0,,0.0,0,,0.0,0,,0.0,0,,0.0,0,,0.0,0,,0.0,0,,0.0,1,,0.0,3,,0.0,0,,0.0,0,,0.0,0,,0.0,1,,0.0,0,,0.0,0,,0.0,0,,0.0,0,,0.0,6,,0.0,6,,0.0,0,,0.0,0,,0.0,0,,0.0,0,,0.0,0,,0.0,0,,0.0,0,,0.0,0,,0.0,0,,0.0,0,,0.0,0,,0.0,0,,0.0,0,,0.0,0,,0.0,0,,0.0,0,,0.0,0,,0.0,1,,0.0,0,,0.0,0,,0.0,0,,0.0,0,,0.0,0,,0.0,0,,0.0,0,,0.0,0,,0.0,0,,0.0,0,,0.0,0,,0.0,0,,0.0,0,,0.0,0,,0.0,0,,0.0,0,,0.0,0,,0.0,0,,0.0,0,,0.0,0,,0.0,0,,0.0,0,,0.0,0,,0.0,0,,0.0,0,,0.0,0,,0.0,0,,0.0,0,,0.0,0,,0.0,0,,0.0,0,,0.0,0,,0.0,0,,0.0,0,,0.0,0,,0.0,0,,0.0,0,,0.0,0,,0.0,0,,0.0,0,,0.0,0,,0.0,0,,0.0,0,,0.0,0,,0.0,0,,0.0,0,,0.0,0,,0.0,0,,0.0,0,,0.0,0,,0.0,0,,0.0,0,,0.0,0,,0.0,0,,0.0,0,,0.0,0,,0.0,0,,0.0,0,,0.0,0,,0.0,1.333333333,,0.0,3,,0.0,7,,0.0,3.0,,0.0,1,,0.0,2,,0.0,2,,0.0,999,,0.0,1,,0.0,2,,0.0,-1,,0.0
Ritual588,0,,0.0,0,,0.0,0,,0.0,0,,0.0,0,,0.0,0,,0.0,0,,0.0,0,,0.0,0,,0.0,0,,0.0,0,,0.0,0,,0.0,0,,0.0,0,,0.0,0,,0.0,2,,0.0,3,,0.0,0,,0.0,1,,0.0,0,,0.0,1,,0.0,0,,0.0,0,,0.0,0,,0.0,0,,0.0,6,,0.0,6,,0.0,0,,0.0,0,,0.0,0,,0.0,0,,0.0,0,,0.0,0,,0.0,0,,0.0,0,,0.0,0,,0.0,0,,0.0,0,,0.0,0,,0.0,0,,0.0,0,,0.0,0,,0.0,0,,0.0,0,,0.0,0,,0.0,0,,0.0,0,,0.0,0,,0.0,0,,0.0,0,,0.0,0,,0.0,0,,0.0,0,,0.0,0,,0.0,0,,0.0,0,,0.0,0,,0.0,0,,0.0,0,,0.0,0,,0.0,0,,0.0,0,,0.0,0,,0.0,0,,0.0,0,,0.0,0,,0.0,0,,0.0,0,,0.0,0,,0.0,0,,0.0,0,,0.0,0,,0.0,0,,0.0,0,,0.0,0,,0.0,0,,0.0,0,,0.0,0,,0.0,0,,0.0,0,,0.0,0,,0.0,0,,0.0,1,,0.0,0,,0.0,0,,0.0,0,,0.0,0,,0.0,1,,0.0,0,,0.0,0,,0.0,0,,0.0,0,,0.0,0,,0.0,0,,0.0,0,,0.0,0,,0.0,0,,0.0,0,,0.0,1,,0.0,0,,0.0,0,,0.0,0,,0.0,0,,0.0,0,,0.0,1.0,,0.0,3,,0.0,7,,0.0,1.666666667,,0.0,0,,0.0,7,,0.0,2,,0.0,3,,0.0,1,,0.0,2,,0.0,-1,,0.0
Ritual589,0,,0.0,0,,0.0,0,,0.0,0,,0.0,0,,0.0,0,,0.0,0,,0.0,0,,0.0,0,,0.0,0,,0.0,0,,0.0,0,,0.0,0,,0.0,0,,0.0,0,,0.0,3,,0.0,3,,0.0,0,,0.0,0,,0.0,0,,0.0,0,,0.0,0,,0.0,0,,0.0,0,,0.0,0,,0.0,999,,0.0,6,,0.0,0,,0.0,1,,0.0,0,,0.0,0,,0.0,0,,0.0,0,,0.0,0,,0.0,0,,0.0,1,,0.0,0,,0.0,0,,0.0,0,,0.0,0,,0.0,0,,0.0,1,,0.0,0,,0.0,0,,0.0,0,,0.0,0,,0.0,0,,0.0,1,,0.0,0,,0.0,0,,0.0,0,,0.0,0,,0.0,0,,0.0,0,,0.0,0,,0.0,0,,0.0,0,,0.0,0,,0.0,0,,0.0,0,,0.0,0,,0.0,0,,0.0,0,,0.0,0,,0.0,0,,0.0,0,,0.0,0,,0.0,0,,0.0,0,,0.0,0,,0.0,0,,0.0,0,,0.0,0,,0.0,0,,0.0,0,,0.0,0,,0.0,1,,0.0,0,,0.0,0,,0.0,0,,0.0,0,,0.0,0,,0.0,1,,0.0,0,,0.0,0,,0.0,0,,0.0,0,,0.0,0,,0.0,0,,0.0,0,,0.0,0,,0.0,0,,0.0,0,,0.0,0,,0.0,0,,0.0,0,,0.0,0,,0.0,0,,0.0,0,,0.0,0,,0.0,0,,0.0,0,,0.0,0,,0.0,0,,0.0,2.666666667,,0.0,3,,0.0,3,,0.0,1.666666667,,0.0,0,,0.0,7,,0.0,999,,0.0,999,,0.0,3,,0.0,2,,0.0,-1,,0.0
Ritual590,0,,0.0,1,,0.0,0,,0.0,0,,0.0,0,,0.0,0,,0.0,0,,0.0,0,,0.0,0,,0.0,0,,0.0,0,,0.0,0,,0.0,0,,0.0,0,,0.0,0,,0.0,2,,0.0,3,,0.0,0,,0.0,0,,0.0,0,,0.0,1,,0.0,0,,0.0,0,,0.0,0,,0.0,0,,0.0,999,,0.0,6,,0.0,1,,0.0,0,,0.0,0,,0.0,0,,0.0,0,,0.0,0,,0.0,0,,0.0,0,,0.0,0,,0.0,0,,0.0,0,,0.0,0,,0.0,0,,0.0,0,,0.0,0,,0.0,0,,0.0,0,,0.0,0,,0.0,0,,0.0,0,,0.0,0,,0.0,0,,0.0,0,,0.0,0,,0.0,0,,0.0,0,,0.0,0,,0.0,0,,0.0,0,,0.0,0,,0.0,0,,0.0,0,,0.0,0,,0.0,0,,0.0,0,,0.0,0,,0.0,0,,0.0,0,,0.0,0,,0.0,0,,0.0,0,,0.0,0,,0.0,0,,0.0,0,,0.0,0,,0.0,0,,0.0,0,,0.0,0,,0.0,0,,0.0,0,,0.0,0,,0.0,0,,0.0,0,,0.0,0,,0.0,0,,0.0,0,,0.0,0,,0.0,0,,0.0,0,,0.0,0,,0.0,1,,0.0,0,,0.0,0,,0.0,0,,0.0,0,,0.0,0,,0.0,0,,0.0,0,,0.0,0,,0.0,0,,0.0,0,,0.0,1,,0.0,0,,0.0,0,,0.0,0,,0.0,0,,0.0,0,,0.0,1.666666667,,0.0,3,,0.0,7,,0.0,0.0,,0.0,0,,0.0,-1,,0.0,999,,0.0,999,,0.0,1,,0.0,2,,0.0,-1,,0.0
Ritual591,0,,0.0,0,,0.0,0,,0.0,1,,0.0,0,,0.0,0,,0.0,0,,0.0,0,,0.0,0,,0.0,0,,0.0,0,,0.0,0,,0.0,0,,0.0,0,,0.0,0,,0.0,1,,0.0,3,,0.0,0,,0.0,0,,0.0,0,,0.0,1,,0.0,0,,0.0,0,,0.0,0,,0.0,0,,0.0,7,,0.0,6,,0.0,0,,0.0,0,,0.0,0,,0.0,0,,0.0,0,,0.0,0,,0.0,0,,0.0,0,,0.0,0,,0.0,0,,0.0,0,,0.0,0,,0.0,0,,0.0,0,,0.0,1,,0.0,0,,0.0,0,,0.0,0,,0.0,0,,0.0,0,,0.0,0,,0.0,0,,0.0,0,,0.0,0,,0.0,0,,0.0,0,,0.0,0,,0.0,0,,0.0,0,,0.0,0,,0.0,0,,0.0,0,,0.0,0,,0.0,0,,0.0,0,,0.0,0,,0.0,0,,0.0,0,,0.0,0,,0.0,0,,0.0,0,,0.0,0,,0.0,0,,0.0,0,,0.0,0,,0.0,0,,0.0,0,,0.0,0,,0.0,0,,0.0,0,,0.0,0,,0.0,0,,0.0,0,,0.0,0,,0.0,0,,0.0,0,,0.0,0,,0.0,0,,0.0,0,,0.0,0,,0.0,1,,0.0,0,,0.0,0,,0.0,0,,0.0,0,,0.0,0,,0.0,0,,0.0,0,,0.0,0,,0.0,0,,0.0,0,,0.0,0,,0.0,0,,0.0,0,,0.0,0,,0.0,0,,0.0,0,,0.0,0.6666666667,,0.0,0,,0.0,-1,,0.0,0.6666666667,,0.0,0,,0.0,-1,,0.0,1,,0.0,3,,0.0,1,,0.0,2,,0.0,-1,,0.0
Ritual592,0,,0.0,1,,0.0,0,,0.0,0,,0.0,0,,0.0,0,,0.0,0,,0.0,0,,0.0,0,,0.0,0,,0.0,0,,0.0,0,,0.0,0,,0.0,0,,0.0,0,,0.0,2,,0.0,3,,0.0,0,,0.0,0,,0.0,0,,0.0,1,,0.0,0,,0.0,0,,0.0,0,,0.0,0,,0.0,6,,0.0,6,,0.0,0,,0.0,0,,0.0,0,,0.0,0,,0.0,0,,0.0,0,,0.0,0,,0.0,0,,0.0,0,,0.0,0,,0.0,0,,0.0,0,,0.0,1,,0.0,0,,0.0,0,,0.0,0,,0.0,0,,0.0,0,,0.0,0,,0.0,0,,0.0,1,,0.0,0,,0.0,0,,0.0,0,,0.0,1,,0.0,0,,0.0,0,,0.0,0,,0.0,0,,0.0,0,,0.0,0,,0.0,0,,0.0,0,,0.0,0,,0.0,0,,0.0,0,,0.0,0,,0.0,0,,0.0,0,,0.0,0,,0.0,0,,0.0,0,,0.0,0,,0.0,0,,0.0,0,,0.0,0,,0.0,0,,0.0,0,,0.0,0,,0.0,0,,0.0,0,,0.0,0,,0.0,0,,0.0,0,,0.0,0,,0.0,0,,0.0,0,,0.0,0,,0.0,0,,0.0,0,,0.0,0,,0.0,0,,0.0,0,,0.0,0,,0.0,0,,0.0,0,,0.0,0,,0.0,0,,0.0,0,,0.0,0,,0.0,0,,0.0,1,,0.0,0,,0.0,0,,0.0,0,,0.0,0,,0.0,0,,0.0,1.333333333,,0.0,2,,0.0,-1,,0.0,0.0,,0.0,0,,0.0,-1,,0.0,999,,0.0,999,,0.0,1,,0.0,2,,0.0,-1,,0.0
Ritual593,0,,0.0,0,,0.0,0,,0.0,0,,0.0,0,,0.0,0,,0.0,0,,0.0,0,,0.0,0,,0.0,0,,0.0,1,,0.0,0,,0.0,0,,0.0,0,,0.0,0,,0.0,2,,0.0,3,,0.0,0,,0.0,1,,0.0,0,,0.0,1,,0.0,0,,0.0,0,,0.0,0,,0.0,0,,0.0,7,,0.0,6,,0.0,1,,0.0,0,,0.0,0,,0.0,0,,0.0,0,,0.0,0,,0.0,0,,0.0,0,,0.0,0,,0.0,0,,0.0,0,,0.0,0,,0.0,0,,0.0,0,,0.0,0,,0.0,0,,0.0,0,,0.0,0,,0.0,0,,0.0,0,,0.0,0,,0.0,0,,0.0,0,,0.0,0,,0.0,0,,0.0,0,,0.0,0,,0.0,0,,0.0,0,,0.0,0,,0.0,0,,0.0,0,,0.0,0,,0.0,0,,0.0,0,,0.0,0,,0.0,0,,0.0,0,,0.0,0,,0.0,0,,0.0,0,,0.0,0,,0.0,0,,0.0,0,,0.0,0,,0.0,0,,0.0,0,,0.0,0,,0.0,0,,0.0,0,,0.0,0,,0.0,0,,0.0,0,,0.0,0,,0.0,0,,0.0,0,,0.0,0,,0.0,0,,0.0,0,,0.0,0,,0.0,1,,0.0,0,,0.0,0,,0.0,0,,0.0,0,,0.0,0,,0.0,0,,0.0,0,,0.0,0,,0.0,0,,0.0,0,,0.0,1,,0.0,0,,0.0,0,,0.0,0,,0.0,0,,0.0,0,,0.0,1.0,,0.0,1,,0.0,3,,0.0,0.0,,0.0,0,,0.0,-1,,0.0,2,,0.0,999,,0.0,1,,0.0,2,,0.0,-1,,0.0
Ritual594,0,,0.0,0,,0.0,0,,0.0,0,,0.0,0,,0.0,0,,0.0,0,,0.0,0,,0.0,0,,0.0,0,,0.0,0,,0.0,0,,0.0,1,,0.0,0,,0.0,0,,0.0,2,,0.0,3,,0.0,0,,0.0,1,,0.0,1,,0.0,0,,0.0,0,,0.0,0,,0.0,0,,0.0,0,,0.0,999,,0.0,4,,0.0,0,,0.0,0,,0.0,0,,0.0,0,,0.0,0,,0.0,0,,0.0,0,,0.0,0,,0.0,0,,0.0,0,,0.0,0,,0.0,0,,0.0,1,,0.0,0,,0.0,0,,0.0,0,,0.0,0,,0.0,0,,0.0,0,,0.0,0,,0.0,0,,0.0,0,,0.0,0,,0.0,0,,0.0,0,,0.0,0,,0.0,0,,0.0,0,,0.0,0,,0.0,0,,0.0,0,,0.0,0,,0.0,0,,0.0,0,,0.0,0,,0.0,0,,0.0,0,,0.0,0,,0.0,0,,0.0,0,,0.0,0,,0.0,0,,0.0,0,,0.0,0,,0.0,0,,0.0,0,,0.0,0,,0.0,0,,0.0,0,,0.0,0,,0.0,0,,0.0,0,,0.0,0,,0.0,0,,0.0,0,,0.0,0,,0.0,0,,0.0,0,,0.0,0,,0.0,0,,0.0,1,,0.0,0,,0.0,0,,0.0,0,,0.0,0,,0.0,0,,0.0,0,,0.0,0,,0.0,0,,0.0,0,,0.0,0,,0.0,1,,0.0,0,,0.0,0,,0.0,0,,0.0,0,,0.0,0,,0.0,1.333333333,,0.0,1,,0.0,3,,0.0,1.333333333,,0.0,1,,0.0,3,,0.0,999,,0.0,3,,0.0,1,,0.0,2,,0.0,-1,,0.0
Ritual595,0,,0.0,0,,0.0,0,,0.0,0,,0.0,0,,0.0,0,,0.0,0,,0.0,0,,0.0,0,,0.0,0,,0.0,0,,0.0,1,,0.0,0,,0.0,0,,0.0,0,,0.0,2,,0.0,3,,0.0,0,,0.0,1,,0.0,1,,0.0,0,,0.0,0,,0.0,0,,0.0,0,,0.0,0,,0.0,999,,0.0,6,,0.0,0,,0.0,0,,0.0,0,,0.0,0,,0.0,0,,0.0,0,,0.0,0,,0.0,0,,0.0,0,,0.0,0,,0.0,0,,0.0,0,,0.0,0,,0.0,0,,0.0,1,,0.0,0,,0.0,0,,0.0,0,,0.0,0,,0.0,0,,0.0,0,,0.0,0,,0.0,0,,0.0,0,,0.0,0,,0.0,0,,0.0,0,,0.0,0,,0.0,0,,0.0,0,,0.0,0,,0.0,0,,0.0,0,,0.0,0,,0.0,0,,0.0,0,,0.0,0,,0.0,0,,0.0,0,,0.0,0,,0.0,0,,0.0,0,,0.0,0,,0.0,0,,0.0,0,,0.0,0,,0.0,0,,0.0,0,,0.0,0,,0.0,0,,0.0,0,,0.0,0,,0.0,0,,0.0,0,,0.0,0,,0.0,0,,0.0,0,,0.0,0,,0.0,0,,0.0,0,,0.0,1,,0.0,0,,0.0,0,,0.0,0,,0.0,0,,0.0,0,,0.0,0,,0.0,0,,0.0,0,,0.0,0,,0.0,0,,0.0,0,,0.0,0,,0.0,0,,0.0,0,,0.0,0,,0.0,0,,0.0,0.0,,0.0,0,,0.0,-1,,0.0,2.666666667,,0.0,4,,0.0,3,,0.0,999,,0.0,999,,0.0,1,,0.0,2,,0.0,-1,,0.0
Ritual596,1,,0.0,0,,0.0,0,,0.0,0,,0.0,0,,0.0,0,,0.0,0,,0.0,0,,0.0,0,,0.0,0,,0.0,0,,0.0,0,,0.0,0,,0.0,0,,0.0,0,,0.0,2,,0.0,3,,0.0,0,,0.0,1,,0.0,1,,0.0,1,,0.0,0,,0.0,0,,0.0,0,,0.0,0,,0.0,7,,0.0,6,,0.0,1,,0.0,0,,0.0,1,,0.0,0,,0.0,0,,0.0,0,,0.0,0,,0.0,0,,0.0,0,,0.0,0,,0.0,0,,0.0,0,,0.0,0,,0.0,0,,0.0,0,,0.0,0,,0.0,0,,0.0,0,,0.0,0,,0.0,0,,0.0,1,,0.0,0,,0.0,0,,0.0,0,,0.0,1,,0.0,0,,0.0,0,,0.0,0,,0.0,0,,0.0,0,,0.0,0,,0.0,0,,0.0,0,,0.0,0,,0.0,0,,0.0,0,,0.0,0,,0.0,0,,0.0,0,,0.0,0,,0.0,0,,0.0,0,,0.0,0,,0.0,0,,0.0,0,,0.0,0,,0.0,0,,0.0,0,,0.0,0,,0.0,0,,0.0,0,,0.0,0,,0.0,0,,0.0,0,,0.0,0,,0.0,0,,0.0,0,,0.0,0,,0.0,0,,0.0,0,,0.0,1,,0.0,0,,0.0,0,,0.0,0,,0.0,0,,0.0,0,,0.0,0,,0.0,0,,0.0,0,,0.0,0,,0.0,0,,0.0,0,,0.0,0,,0.0,0,,0.0,0,,0.0,0,,0.0,0,,0.0,2.0,,0.0,2,,0.0,7,,0.0,0.0,,0.0,0,,0.0,-1,,0.0,2,,0.0,999,,0.0,1,,0.0,2,,0.0,-1,,0.0
Ritual597,1,,0.0,0,,0.0,0,,0.0,0,,0.0,0,,0.0,0,,0.0,0,,0.0,0,,0.0,0,,0.0,0,,0.0,0,,0.0,0,,0.0,0,,0.0,0,,0.0,0,,0.0,2,,0.0,3,,0.0,0,,0.0,0,,0.0,0,,0.0,1,,0.0,0,,0.0,0,,0.0,0,,0.0,0,,0.0,7,,0.0,6,,0.0,0,,0.0,0,,0.0,0,,0.0,0,,0.0,0,,0.0,0,,0.0,0,,0.0,0,,0.0,0,,0.0,0,,0.0,0,,0.0,0,,0.0,0,,0.0,0,,0.0,0,,0.0,0,,0.0,0,,0.0,0,,0.0,0,,0.0,0,,0.0,0,,0.0,0,,0.0,0,,0.0,0,,0.0,0,,0.0,0,,0.0,0,,0.0,0,,0.0,0,,0.0,0,,0.0,0,,0.0,0,,0.0,0,,0.0,0,,0.0,0,,0.0,0,,0.0,0,,0.0,0,,0.0,0,,0.0,0,,0.0,0,,0.0,0,,0.0,0,,0.0,0,,0.0,0,,0.0,0,,0.0,0,,0.0,0,,0.0,0,,0.0,0,,0.0,0,,0.0,0,,0.0,0,,0.0,0,,0.0,0,,0.0,0,,0.0,0,,0.0,0,,0.0,0,,0.0,0,,0.0,1,,0.0,0,,0.0,0,,0.0,0,,0.0,0,,0.0,0,,0.0,0,,0.0,0,,0.0,0,,0.0,0,,0.0,0,,0.0,0,,0.0,0,,0.0,0,,0.0,0,,0.0,0,,0.0,0,,0.0,0.6666666667,,0.0,0,,0.0,3,,0.0,0.0,,0.0,0,,0.0,-1,,0.0,1,,0.0,1,,0.0,1,,0.0,2,,0.0,-1,,0.0
Ritual598,0,,0.0,0,,0.0,0,,0.0,1,,0.0,0,,0.0,0,,0.0,0,,0.0,0,,0.0,0,,0.0,0,,0.0,0,,0.0,0,,0.0,0,,0.0,0,,0.0,0,,0.0,1,,0.0,1,,0.0,0,,0.0,0,,0.0,0,,0.0,1,,0.0,0,,0.0,0,,0.0,0,,0.0,0,,0.0,5,,0.0,5,,0.0,0,,0.0,1,,0.0,0,,0.0,0,,0.0,0,,0.0,0,,0.0,0,,0.0,0,,0.0,0,,0.0,0,,0.0,0,,0.0,0,,0.0,0,,0.0,0,,0.0,0,,0.0,0,,0.0,0,,0.0,0,,0.0,0,,0.0,0,,0.0,0,,0.0,0,,0.0,0,,0.0,0,,0.0,1,,0.0,0,,0.0,0,,0.0,0,,0.0,0,,0.0,0,,0.0,0,,0.0,0,,0.0,0,,0.0,0,,0.0,0,,0.0,0,,0.0,0,,0.0,0,,0.0,0,,0.0,0,,0.0,0,,0.0,0,,0.0,0,,0.0,0,,0.0,0,,0.0,0,,0.0,0,,0.0,0,,0.0,0,,0.0,0,,0.0,0,,0.0,0,,0.0,0,,0.0,0,,0.0,0,,0.0,0,,0.0,0,,0.0,0,,0.0,0,,0.0,0,,0.0,0,,0.0,0,,0.0,0,,0.0,0,,0.0,0,,0.0,0,,0.0,0,,0.0,0,,0.0,0,,0.0,0,,0.0,0,,0.0,0,,0.0,0,,0.0,0,,0.0,0,,0.0,0,,0.0,0,,0.0,1.333333333,,0.0,2,,0.0,7,,0.0,0.0,,0.0,0,,0.0,-1,,0.0,999,,0.0,999,,0.0,1,,0.0,2,,0.0,-1,,0.0
Ritual599,0,,0.0,0,,0.0,0,,0.0,1,,0.0,0,,0.0,0,,0.0,0,,0.0,0,,0.0,0,,0.0,0,,0.0,0,,0.0,0,,0.0,0,,0.0,0,,0.0,0,,0.0,4,,0.0,3,,0.0,0,,0.0,0,,0.0,0,,0.0,0,,0.0,1,,0.0,0,,0.0,0,,0.0,1,,0.0,999,,0.0,5,,0.0,1,,0.0,1,,0.0,1,,0.0,0,,0.0,0,,0.0,0,,0.0,0,,0.0,0,,0.0,0,,0.0,0,,0.0,0,,0.0,0,,0.0,1,,0.0,0,,0.0,0,,0.0,0,,0.0,0,,0.0,0,,0.0,0,,0.0,0,,0.0,0,,0.0,0,,0.0,0,,0.0,0,,0.0,0,,0.0,0,,0.0,0,,0.0,0,,0.0,0,,0.0,0,,0.0,0,,0.0,0,,0.0,0,,0.0,0,,0.0,0,,0.0,0,,0.0,0,,0.0,0,,0.0,0,,0.0,0,,0.0,0,,0.0,0,,0.0,0,,0.0,0,,0.0,0,,0.0,0,,0.0,0,,0.0,0,,0.0,0,,0.0,1,,0.0,0,,0.0,0,,0.0,0,,0.0,0,,0.0,1,,0.0,0,,0.0,0,,0.0,0,,0.0,0,,0.0,0,,0.0,0,,0.0,0,,0.0,0,,0.0,0,,0.0,0,,0.0,0,,0.0,0,,0.0,0,,0.0,0,,0.0,0,,0.0,0,,0.0,1,,0.0,0,,0.0,0,,0.0,0,,0.0,0,,0.0,0,,0.0,2.666666667,,0.0,2,,0.0,7,,0.0,0.0,,0.0,0,,0.0,-1,,0.0,999,,0.0,999,,0.0,1,,0.0,2,,0.0,-1,,0.0
Ritual600,0,,0.0,0,,0.0,0,,0.0,1,,0.0,0,,0.0,0,,0.0,0,,0.0,0,,0.0,0,,0.0,0,,0.0,0,,0.0,0,,0.0,0,,0.0,0,,0.0,0,,0.0,4,,0.0,3,,0.0,0,,0.0,0,,0.0,0,,0.0,0,,0.0,1,,0.0,0,,0.0,0,,0.0,1,,0.0,999,,0.0,5,,0.0,1,,0.0,1,,0.0,1,,0.0,0,,0.0,0,,0.0,0,,0.0,0,,0.0,0,,0.0,0,,0.0,0,,0.0,0,,0.0,0,,0.0,0,,0.0,0,,0.0,0,,0.0,0,,0.0,0,,0.0,0,,0.0,0,,0.0,0,,0.0,0,,0.0,0,,0.0,0,,0.0,0,,0.0,0,,0.0,0,,0.0,0,,0.0,0,,0.0,0,,0.0,0,,0.0,0,,0.0,0,,0.0,0,,0.0,0,,0.0,0,,0.0,0,,0.0,0,,0.0,0,,0.0,0,,0.0,0,,0.0,0,,0.0,0,,0.0,0,,0.0,0,,0.0,0,,0.0,0,,0.0,0,,0.0,0,,0.0,0,,0.0,1,,0.0,0,,0.0,0,,0.0,0,,0.0,0,,0.0,0,,0.0,0,,0.0,0,,0.0,0,,0.0,0,,0.0,0,,0.0,0,,0.0,0,,0.0,0,,0.0,0,,0.0,0,,0.0,0,,0.0,0,,0.0,0,,0.0,0,,0.0,0,,0.0,1,,0.0,1,,0.0,1,,0.0,0,,0.0,0,,0.0,0,,0.0,0,,0.0,3.0,,0.0,2,,0.0,7,,0.0,0.0,,0.0,0,,0.0,-1,,0.0,999,,0.0,999,,0.0,1,,0.0,2,,0.0,-1,,0.0
Ritual601,0,,0.0,0,,0.0,0,,0.0,1,,0.0,0,,0.0,0,,0.0,0,,0.0,0,,0.0,0,,0.0,0,,0.0,0,,0.0,0,,0.0,0,,0.0,0,,0.0,0,,0.0,2,,0.0,3,,0.0,0,,0.0,0,,0.0,0,,0.0,0,,0.0,1,,0.0,0,,0.0,0,,0.0,1,,0.0,999,,0.0,5,,0.0,1,,0.0,1,,0.0,1,,0.0,0,,0.0,0,,0.0,0,,0.0,0,,0.0,0,,0.0,0,,0.0,0,,0.0,0,,0.0,0,,0.0,0,,0.0,0,,0.0,0,,0.0,0,,0.0,0,,0.0,0,,0.0,0,,0.0,0,,0.0,0,,0.0,0,,0.0,0,,0.0,0,,0.0,0,,0.0,0,,0.0,0,,0.0,0,,0.0,0,,0.0,0,,0.0,0,,0.0,0,,0.0,0,,0.0,0,,0.0,0,,0.0,0,,0.0,0,,0.0,0,,0.0,0,,0.0,0,,0.0,0,,0.0,0,,0.0,0,,0.0,0,,0.0,0,,0.0,0,,0.0,0,,0.0,0,,0.0,1,,0.0,1,,0.0,0,,0.0,0,,0.0,0,,0.0,0,,0.0,0,,0.0,0,,0.0,0,,0.0,0,,0.0,0,,0.0,0,,0.0,0,,0.0,0,,0.0,0,,0.0,0,,0.0,0,,0.0,0,,0.0,0,,0.0,0,,0.0,0,,0.0,0,,0.0,1,,0.0,1,,0.0,0,,0.0,0,,0.0,0,,0.0,0,,0.0,0,,0.0,2.333333333,,0.0,2,,0.0,7,,0.0,0.0,,0.0,0,,0.0,-1,,0.0,999,,0.0,999,,0.0,1,,0.0,2,,0.0,-1,,0.0
Ritual602,0,,0.0,0,,0.0,0,,0.0,1,,0.0,0,,0.0,0,,0.0,0,,0.0,0,,0.0,0,,0.0,0,,0.0,0,,0.0,0,,0.0,0,,0.0,0,,0.0,0,,0.0,4,,0.0,3,,0.0,0,,0.0,0,,0.0,0,,0.0,0,,0.0,1,,0.0,0,,0.0,0,,0.0,1,,0.0,999,,0.0,5,,0.0,1,,0.0,1,,0.0,0,,0.0,0,,0.0,0,,0.0,0,,0.0,0,,0.0,0,,0.0,0,,0.0,0,,0.0,0,,0.0,0,,0.0,0,,0.0,0,,0.0,0,,0.0,0,,0.0,0,,0.0,0,,0.0,0,,0.0,0,,0.0,0,,0.0,0,,0.0,0,,0.0,0,,0.0,0,,0.0,0,,0.0,0,,0.0,0,,0.0,0,,0.0,0,,0.0,0,,0.0,0,,0.0,0,,0.0,0,,0.0,0,,0.0,0,,0.0,0,,0.0,0,,0.0,0,,0.0,1,,0.0,0,,0.0,0,,0.0,0,,0.0,0,,0.0,0,,0.0,0,,0.0,0,,0.0,0,,0.0,1,,0.0,0,,0.0,1,,0.0,0,,0.0,0,,0.0,0,,0.0,0,,0.0,0,,0.0,0,,0.0,0,,0.0,0,,0.0,0,,0.0,0,,0.0,0,,0.0,0,,0.0,0,,0.0,0,,0.0,0,,0.0,0,,0.0,0,,0.0,0,,0.0,0,,0.0,0,,0.0,1,,0.0,1,,0.0,0,,0.0,0,,0.0,0,,0.0,0,,0.0,3.0,,0.0,2,,0.0,7,,0.0,0.0,,0.0,0,,0.0,-1,,0.0,999,,0.0,999,,0.0,1,,0.0,2,,0.0,-1,,0.0
Ritual603,0,,0.0,0,,0.0,0,,0.0,1,,0.0,0,,0.0,0,,0.0,0,,0.0,0,,0.0,0,,0.0,0,,0.0,0,,0.0,0,,0.0,0,,0.0,0,,0.0,0,,0.0,4,,0.0,3,,0.0,0,,0.0,0,,0.0,0,,0.0,0,,0.0,1,,0.0,0,,0.0,0,,0.0,1,,0.0,999,,0.0,5,,0.0,1,,0.0,1,,0.0,1,,0.0,0,,0.0,0,,0.0,0,,0.0,0,,0.0,0,,0.0,0,,0.0,0,,0.0,0,,0.0,0,,0.0,0,,0.0,0,,0.0,0,,0.0,0,,0.0,0,,0.0,0,,0.0,0,,0.0,0,,0.0,0,,0.0,0,,0.0,0,,0.0,0,,0.0,0,,0.0,0,,0.0,0,,0.0,1,,0.0,0,,0.0,0,,0.0,0,,0.0,0,,0.0,0,,0.0,0,,0.0,0,,0.0,1,,0.0,0,,0.0,0,,0.0,0,,0.0,0,,0.0,0,,0.0,0,,0.0,0,,0.0,0,,0.0,0,,0.0,0,,0.0,0,,0.0,0,,0.0,1,,0.0,1,,0.0,0,,0.0,0,,0.0,0,,0.0,0,,0.0,1,,0.0,0,,0.0,0,,0.0,0,,0.0,0,,0.0,0,,0.0,1,,0.0,0,,0.0,1,,0.0,1,,0.0,1,,0.0,0,,0.0,0,,0.0,0,,0.0,0,,0.0,0,,0.0,1,,0.0,1,,0.0,1,,0.0,0,,0.0,0,,0.0,0,,0.0,0,,0.0,3.0,,0.0,3,,0.0,7,,0.0,4.333333333,,0.0,1,,0.0,3,,0.0,999,,0.0,999,,0.0,1,,0.0,2,,0.0,-1,,0.0
Ritual604,0,,0.0,0,,0.0,0,,0.0,1,,0.0,0,,0.0,0,,0.0,0,,0.0,0,,0.0,0,,0.0,0,,0.0,0,,0.0,0,,0.0,0,,0.0,0,,0.0,0,,0.0,3,,0.0,3,,0.0,0,,0.0,0,,0.0,0,,0.0,0,,0.0,1,,0.0,0,,0.0,0,,0.0,1,,0.0,999,,0.0,5,,0.0,0,,0.0,0,,0.0,0,,0.0,0,,0.0,0,,0.0,0,,0.0,0,,0.0,0,,0.0,0,,0.0,0,,0.0,0,,0.0,0,,0.0,0,,0.0,0,,0.0,0,,0.0,0,,0.0,0,,0.0,0,,0.0,0,,0.0,0,,0.0,0,,0.0,0,,0.0,0,,0.0,0,,0.0,0,,0.0,0,,0.0,0,,0.0,1,,0.0,0,,0.0,0,,0.0,0,,0.0,0,,0.0,0,,0.0,0,,0.0,0,,0.0,0,,0.0,0,,0.0,0,,0.0,0,,0.0,0,,0.0,0,,0.0,1,,0.0,0,,0.0,0,,0.0,0,,0.0,0,,0.0,0,,0.0,0,,0.0,1,,0.0,0,,0.0,0,,0.0,0,,0.0,0,,0.0,0,,0.0,0,,0.0,0,,0.0,0,,0.0,0,,0.0,0,,0.0,0,,0.0,0,,0.0,0,,0.0,0,,0.0,1,,0.0,0,,0.0,0,,0.0,0,,0.0,0,,0.0,0,,0.0,0,,0.0,0,,0.0,1,,0.0,0,,0.0,0,,0.0,0,,0.0,0,,0.0,0,,0.0,4.0,,0.0,2,,0.0,7,,0.0,4.0,,0.0,3,,0.0,7,,0.0,999,,0.0,999,,0.0,1,,0.0,2,,0.0,-1,,0.0
Ritual605,0,,0.0,0,,0.0,0,,0.0,0,,0.0,0,,0.0,0,,0.0,0,,0.0,0,,0.0,0,,0.0,0,,0.0,0,,0.0,0,,0.0,0,,0.0,0,,0.0,0,,0.0,1,,0.0,1,,0.0,1,,0.0,0,,0.0,0,,0.0,0,,0.0,0,,0.0,0,,0.0,0,,0.0,0,,0.0,999,,0.0,4,,0.0,0,,0.0,1,,0.0,0,,0.0,0,,0.0,0,,0.0,0,,0.0,0,,0.0,0,,0.0,0,,0.0,0,,0.0,0,,0.0,0,,0.0,0,,0.0,0,,0.0,0,,0.0,0,,0.0,0,,0.0,0,,0.0,0,,0.0,0,,0.0,0,,0.0,0,,0.0,0,,0.0,0,,0.0,0,,0.0,0,,0.0,0,,0.0,0,,0.0,0,,0.0,0,,0.0,0,,0.0,0,,0.0,0,,0.0,0,,0.0,0,,0.0,0,,0.0,0,,0.0,0,,0.0,0,,0.0,0,,0.0,0,,0.0,0,,0.0,0,,0.0,0,,0.0,0,,0.0,0,,0.0,0,,0.0,0,,0.0,0,,0.0,0,,0.0,0,,0.0,0,,0.0,0,,0.0,0,,0.0,0,,0.0,0,,0.0,0,,0.0,0,,0.0,0,,0.0,0,,0.0,0,,0.0,0,,0.0,0,,0.0,0,,0.0,0,,0.0,0,,0.0,0,,0.0,0,,0.0,0,,0.0,0,,0.0,0,,0.0,0,,0.0,0,,0.0,0,,0.0,0,,0.0,0,,0.0,0,,0.0,1.333333333,,0.0,1,,0.0,1,,0.0,0.0,,0.0,0,,0.0,-1,,0.0,999,,0.0,999,,0.0,1,,0.0,2,,0.0,-1,,0.0
Ritual606,0,,0.0,0,,0.0,0,,0.0,0,,0.0,0,,0.0,0,,0.0,0,,0.0,0,,0.0,0,,0.0,0,,0.0,0,,0.0,0,,0.0,0,,0.0,0,,0.0,0,,0.0,1,,0.0,3,,0.0,0,,0.0,0,,0.0,0,,0.0,1,,0.0,0,,0.0,0,,0.0,0,,0.0,0,,0.0,999,,0.0,4,,0.0,1,,0.0,1,,0.0,0,,0.0,0,,0.0,0,,0.0,0,,0.0,0,,0.0,0,,0.0,0,,0.0,0,,0.0,0,,0.0,0,,0.0,0,,0.0,0,,0.0,0,,0.0,0,,0.0,0,,0.0,0,,0.0,0,,0.0,0,,0.0,0,,0.0,0,,0.0,0,,0.0,0,,0.0,0,,0.0,0,,0.0,0,,0.0,0,,0.0,0,,0.0,0,,0.0,0,,0.0,0,,0.0,0,,0.0,0,,0.0,0,,0.0,0,,0.0,0,,0.0,0,,0.0,0,,0.0,0,,0.0,0,,0.0,0,,0.0,0,,0.0,0,,0.0,0,,0.0,0,,0.0,0,,0.0,0,,0.0,0,,0.0,0,,0.0,0,,0.0,0,,0.0,0,,0.0,0,,0.0,0,,0.0,0,,0.0,0,,0.0,0,,0.0,0,,0.0,0,,0.0,0,,0.0,0,,0.0,0,,0.0,0,,0.0,1,,0.0,0,,0.0,0,,0.0,0,,0.0,0,,0.0,0,,0.0,0,,0.0,0,,0.0,0,,0.0,0,,0.0,0,,0.0,0,,0.0,0,,0.0,3.0,,0.0,2,,0.0,7,,0.0,0.0,,0.0,0,,0.0,-1,,0.0,999,,0.0,999,,0.0,1,,0.0,2,,0.0,-1,,0.0
Ritual607,0,,0.0,0,,0.0,0,,0.0,0,,0.0,0,,0.0,0,,0.0,0,,0.0,0,,0.0,0,,0.0,0,,0.0,0,,0.0,0,,0.0,0,,0.0,0,,0.0,0,,0.0,1,,0.0,3,,0.0,0,,0.0,0,,0.0,0,,0.0,1,,0.0,0,,0.0,0,,0.0,0,,0.0,0,,0.0,999,,0.0,4,,0.0,1,,0.0,0,,0.0,0,,0.0,0,,0.0,0,,0.0,0,,0.0,0,,0.0,0,,0.0,0,,0.0,0,,0.0,0,,0.0,0,,0.0,0,,0.0,0,,0.0,0,,0.0,0,,0.0,0,,0.0,0,,0.0,0,,0.0,0,,0.0,0,,0.0,0,,0.0,0,,0.0,0,,0.0,0,,0.0,0,,0.0,0,,0.0,0,,0.0,0,,0.0,0,,0.0,0,,0.0,0,,0.0,0,,0.0,0,,0.0,0,,0.0,0,,0.0,0,,0.0,0,,0.0,0,,0.0,0,,0.0,0,,0.0,0,,0.0,0,,0.0,0,,0.0,0,,0.0,0,,0.0,0,,0.0,0,,0.0,0,,0.0,0,,0.0,0,,0.0,0,,0.0,0,,0.0,0,,0.0,0,,0.0,0,,0.0,0,,0.0,0,,0.0,0,,0.0,0,,0.0,0,,0.0,0,,0.0,0,,0.0,0,,0.0,0,,0.0,0,,0.0,0,,0.0,0,,0.0,0,,0.0,0,,0.0,0,,0.0,0,,0.0,0,,0.0,0,,0.0,0,,0.0,0,,0.0,0,,0.0,2.333333333,,0.0,1,,0.0,7,,0.0,0.0,,0.0,0,,0.0,-1,,0.0,999,,0.0,999,,0.0,1,,0.0,2,,0.0,-1,,0.0
Ritual608,0,,0.0,0,,0.0,0,,0.0,0,,0.0,0,,0.0,0,,0.0,0,,0.0,0,,0.0,0,,0.0,0,,0.0,0,,0.0,0,,0.0,0,,0.0,0,,0.0,0,,0.0,2,,0.0,3,,0.0,0,,0.0,0,,0.0,0,,0.0,1,,0.0,0,,0.0,0,,0.0,0,,0.0,0,,0.0,999,,0.0,4,,0.0,1,,0.0,0,,0.0,0,,0.0,0,,0.0,0,,0.0,0,,0.0,0,,0.0,0,,0.0,0,,0.0,0,,0.0,0,,0.0,0,,0.0,0,,0.0,0,,0.0,0,,0.0,0,,0.0,0,,0.0,0,,0.0,0,,0.0,0,,0.0,0,,0.0,0,,0.0,0,,0.0,0,,0.0,0,,0.0,0,,0.0,0,,0.0,0,,0.0,0,,0.0,0,,0.0,0,,0.0,0,,0.0,0,,0.0,0,,0.0,0,,0.0,0,,0.0,0,,0.0,0,,0.0,0,,0.0,1,,0.0,0,,0.0,0,,0.0,0,,0.0,0,,0.0,0,,0.0,0,,0.0,0,,0.0,0,,0.0,0,,0.0,0,,0.0,0,,0.0,0,,0.0,0,,0.0,0,,0.0,0,,0.0,0,,0.0,0,,0.0,0,,0.0,0,,0.0,0,,0.0,0,,0.0,0,,0.0,0,,0.0,0,,0.0,0,,0.0,0,,0.0,0,,0.0,0,,0.0,0,,0.0,0,,0.0,0,,0.0,0,,0.0,0,,0.0,0,,0.0,0,,0.0,0,,0.0,0,,0.0,3.333333333,,0.0,3,,0.0,7,,0.0,0.0,,0.0,1,,0.0,-1,,0.0,999,,0.0,999,,0.0,1,,0.0,2,,0.0,-1,,0.0
Ritual609,0,,0.0,0,,0.0,0,,0.0,0,,0.0,0,,0.0,1,,0.0,0,,0.0,0,,0.0,0,,0.0,0,,0.0,0,,0.0,0,,0.0,0,,0.0,0,,0.0,0,,0.0,2,,0.0,3,,0.0,0,,0.0,0,,0.0,0,,0.0,1,,0.0,0,,0.0,0,,0.0,0,,0.0,0,,0.0,999,,0.0,2,,0.0,1,,0.0,1,,0.0,0,,0.0,0,,0.0,0,,0.0,0,,0.0,0,,0.0,0,,0.0,0,,0.0,0,,0.0,0,,0.0,0,,0.0,0,,0.0,0,,0.0,0,,0.0,0,,0.0,0,,0.0,0,,0.0,0,,0.0,0,,0.0,0,,0.0,0,,0.0,0,,0.0,0,,0.0,0,,0.0,0,,0.0,0,,0.0,0,,0.0,0,,0.0,0,,0.0,0,,0.0,0,,0.0,0,,0.0,0,,0.0,0,,0.0,0,,0.0,0,,0.0,0,,0.0,0,,0.0,0,,0.0,0,,0.0,0,,0.0,0,,0.0,0,,0.0,0,,0.0,0,,0.0,0,,0.0,0,,0.0,0,,0.0,0,,0.0,0,,0.0,0,,0.0,0,,0.0,0,,0.0,0,,0.0,0,,0.0,0,,0.0,0,,0.0,0,,0.0,0,,0.0,1,,0.0,1,,0.0,0,,0.0,0,,0.0,0,,0.0,0,,0.0,0,,0.0,0,,0.0,0,,0.0,0,,0.0,0,,0.0,0,,0.0,0,,0.0,0,,0.0,0,,0.0,0,,0.0,0,,0.0,1.666666667,,0.0,2,,0.0,7,,0.0,2.333333333,,0.0,0,,0.0,3,,0.0,999,,0.0,999,,0.0,1,,0.0,2,,0.0,-1,,0.0
Ritual610,0,,0.0,0,,0.0,0,,0.0,0,,0.0,0,,0.0,1,,0.0,0,,0.0,0,,0.0,0,,0.0,0,,0.0,0,,0.0,0,,0.0,0,,0.0,0,,0.0,0,,0.0,1,,0.0,3,,0.0,0,,0.0,0,,0.0,0,,0.0,1,,0.0,0,,0.0,0,,0.0,0,,0.0,0,,0.0,7,,0.0,4,,0.0,1,,0.0,0,,0.0,0,,0.0,0,,0.0,0,,0.0,0,,0.0,0,,0.0,0,,0.0,0,,0.0,0,,0.0,0,,0.0,0,,0.0,0,,0.0,0,,0.0,0,,0.0,0,,0.0,0,,0.0,0,,0.0,0,,0.0,0,,0.0,0,,0.0,0,,0.0,0,,0.0,0,,0.0,0,,0.0,0,,0.0,0,,0.0,0,,0.0,0,,0.0,0,,0.0,0,,0.0,0,,0.0,0,,0.0,0,,0.0,0,,0.0,0,,0.0,0,,0.0,0,,0.0,0,,0.0,0,,0.0,0,,0.0,0,,0.0,0,,0.0,0,,0.0,0,,0.0,0,,0.0,0,,0.0,0,,0.0,1,,0.0,0,,0.0,0,,0.0,0,,0.0,0,,0.0,0,,0.0,0,,0.0,0,,0.0,0,,0.0,0,,0.0,0,,0.0,0,,0.0,1,,0.0,0,,0.0,0,,0.0,0,,0.0,0,,0.0,0,,0.0,0,,0.0,0,,0.0,0,,0.0,0,,0.0,0,,0.0,0,,0.0,0,,0.0,0,,0.0,0,,0.0,0,,0.0,0,,0.0,2.0,,0.0,1,,0.0,2,,0.0,0.0,,0.0,0,,0.0,-1,,0.0,999,,0.0,999,,0.0,1,,0.0,2,,0.0,-1,,0.0
Ritual611,0,,0.0,0,,0.0,0,,0.0,0,,0.0,0,,0.0,1,,0.0,0,,0.0,0,,0.0,0,,0.0,0,,0.0,0,,0.0,0,,0.0,0,,0.0,0,,0.0,0,,0.0,2,,0.0,3,,0.0,0,,0.0,0,,0.0,0,,0.0,1,,0.0,0,,0.0,0,,0.0,0,,0.0,1,,0.0,999,,0.0,2,,0.0,1,,0.0,1,,0.0,0,,0.0,0,,0.0,0,,0.0,0,,0.0,0,,0.0,0,,0.0,0,,0.0,0,,0.0,0,,0.0,0,,0.0,0,,0.0,0,,0.0,0,,0.0,0,,0.0,0,,0.0,0,,0.0,0,,0.0,0,,0.0,0,,0.0,0,,0.0,0,,0.0,0,,0.0,0,,0.0,0,,0.0,0,,0.0,0,,0.0,0,,0.0,0,,0.0,0,,0.0,0,,0.0,0,,0.0,0,,0.0,0,,0.0,0,,0.0,0,,0.0,0,,0.0,0,,0.0,0,,0.0,0,,0.0,0,,0.0,0,,0.0,0,,0.0,0,,0.0,0,,0.0,0,,0.0,0,,0.0,0,,0.0,0,,0.0,0,,0.0,0,,0.0,0,,0.0,0,,0.0,0,,0.0,0,,0.0,0,,0.0,0,,0.0,0,,0.0,0,,0.0,1,,0.0,1,,0.0,0,,0.0,0,,0.0,0,,0.0,0,,0.0,0,,0.0,0,,0.0,0,,0.0,0,,0.0,0,,0.0,0,,0.0,0,,0.0,0,,0.0,0,,0.0,0,,0.0,0,,0.0,2.0,,0.0,2,,0.0,7,,0.0,0.3333333333,,0.0,0,,0.0,3,,0.0,999,,0.0,999,,0.0,1,,0.0,2,,0.0,-1,,0.0
Ritual612,0,,0.0,0,,0.0,0,,0.0,0,,0.0,0,,0.0,1,,0.0,0,,0.0,0,,0.0,0,,0.0,0,,0.0,0,,0.0,0,,0.0,0,,0.0,0,,0.0,0,,0.0,2,,0.0,3,,0.0,0,,0.0,0,,0.0,0,,0.0,1,,0.0,0,,0.0,0,,0.0,0,,0.0,0,,0.0,999,,0.0,4,,0.0,0,,0.0,1,,0.0,0,,0.0,0,,0.0,0,,0.0,0,,0.0,0,,0.0,0,,0.0,0,,0.0,0,,0.0,0,,0.0,0,,0.0,0,,0.0,0,,0.0,0,,0.0,0,,0.0,0,,0.0,0,,0.0,0,,0.0,0,,0.0,0,,0.0,0,,0.0,0,,0.0,0,,0.0,0,,0.0,0,,0.0,0,,0.0,0,,0.0,0,,0.0,0,,0.0,0,,0.0,0,,0.0,0,,0.0,0,,0.0,0,,0.0,0,,0.0,0,,0.0,0,,0.0,1,,0.0,0,,0.0,0,,0.0,0,,0.0,0,,0.0,0,,0.0,0,,0.0,0,,0.0,0,,0.0,0,,0.0,0,,0.0,0,,0.0,0,,0.0,0,,0.0,0,,0.0,0,,0.0,0,,0.0,0,,0.0,0,,0.0,0,,0.0,0,,0.0,0,,0.0,1,,0.0,1,,0.0,0,,0.0,0,,0.0,0,,0.0,0,,0.0,0,,0.0,0,,0.0,0,,0.0,0,,0.0,0,,0.0,0,,0.0,0,,0.0,0,,0.0,0,,0.0,0,,0.0,0,,0.0,2.0,,0.0,2,,0.0,3,,0.0,1.666666667,,0.0,1,,0.0,7,,0.0,999,,0.0,999,,0.0,1,,0.0,2,,0.0,-1,,0.0
Ritual613,0,,0.0,0,,0.0,0,,0.0,0,,0.0,0,,0.0,1,,0.0,0,,0.0,0,,0.0,0,,0.0,0,,0.0,0,,0.0,0,,0.0,0,,0.0,0,,0.0,0,,0.0,2,,0.0,3,,0.0,0,,0.0,0,,0.0,0,,0.0,1,,0.0,0,,0.0,0,,0.0,0,,0.0,1,,0.0,999,,0.0,4,,0.0,1,,0.0,1,,0.0,0,,0.0,0,,0.0,0,,0.0,0,,0.0,1,,0.0,0,,0.0,1,,0.0,0,,0.0,0,,0.0,0,,0.0,0,,0.0,0,,0.0,0,,0.0,0,,0.0,0,,0.0,0,,0.0,0,,0.0,0,,0.0,0,,0.0,0,,0.0,0,,0.0,0,,0.0,0,,0.0,0,,0.0,0,,0.0,0,,0.0,0,,0.0,0,,0.0,0,,0.0,0,,0.0,0,,0.0,0,,0.0,0,,0.0,0,,0.0,0,,0.0,0,,0.0,0,,0.0,0,,0.0,0,,0.0,0,,0.0,0,,0.0,0,,0.0,0,,0.0,0,,0.0,0,,0.0,1,,0.0,0,,0.0,0,,0.0,0,,0.0,1,,0.0,0,,0.0,0,,0.0,0,,0.0,0,,0.0,0,,0.0,0,,0.0,0,,0.0,0,,0.0,1,,0.0,1,,0.0,0,,0.0,0,,0.0,0,,0.0,0,,0.0,0,,0.0,0,,0.0,0,,0.0,0,,0.0,0,,0.0,0,,0.0,0,,0.0,0,,0.0,0,,0.0,0,,0.0,0,,0.0,2.0,,0.0,3,,0.0,7,,0.0,2.0,,0.0,1,,0.0,3,,0.0,999,,0.0,999,,0.0,1,,0.0,2,,0.0,-1,,0.0
Ritual614,0,,0.0,0,,0.0,0,,0.0,0,,0.0,0,,0.0,0,,0.0,0,,0.0,0,,0.0,0,,0.0,1,,0.0,0,,0.0,0,,0.0,1,,0.0,0,,0.0,0,,0.0,2,,0.0,1,,0.0,0,,0.0,0,,0.0,0,,0.0,0,,0.0,1,,0.0,0,,0.0,0,,0.0,0,,0.0,999,,0.0,4,,0.0,0,,0.0,1,,0.0,0,,0.0,0,,0.0,0,,0.0,0,,0.0,0,,0.0,0,,0.0,1,,0.0,0,,0.0,0,,0.0,0,,0.0,0,,0.0,0,,0.0,0,,0.0,0,,0.0,0,,0.0,0,,0.0,0,,0.0,0,,0.0,0,,0.0,0,,0.0,0,,0.0,0,,0.0,0,,0.0,0,,0.0,0,,0.0,0,,0.0,0,,0.0,0,,0.0,0,,0.0,0,,0.0,0,,0.0,0,,0.0,0,,0.0,0,,0.0,0,,0.0,0,,0.0,0,,0.0,0,,0.0,0,,0.0,0,,0.0,0,,0.0,0,,0.0,0,,0.0,0,,0.0,0,,0.0,0,,0.0,0,,0.0,0,,0.0,0,,0.0,1,,0.0,0,,0.0,1,,0.0,0,,0.0,0,,0.0,0,,0.0,0,,0.0,0,,0.0,0,,0.0,1,,0.0,1,,0.0,0,,0.0,0,,0.0,0,,0.0,0,,0.0,0,,0.0,0,,0.0,0,,0.0,0,,0.0,0,,0.0,0,,0.0,0,,0.0,0,,0.0,0,,0.0,0,,0.0,0,,0.0,1.666666667,,0.0,1,,0.0,7,,0.0,0.0,,0.0,0,,0.0,-1,,0.0,999,,0.0,999,,0.0,1,,0.0,2,,0.0,-1,,0.0
Ritual615,0,,0.0,0,,0.0,0,,0.0,0,,0.0,0,,0.0,0,,0.0,0,,0.0,0,,0.0,0,,0.0,1,,0.0,0,,0.0,0,,0.0,0,,0.0,0,,0.0,0,,0.0,1,,0.0,1,,0.0,0,,0.0,0,,0.0,0,,0.0,1,,0.0,1,,0.0,0,,0.0,0,,0.0,0,,0.0,999,,0.0,4,,0.0,0,,0.0,1,,0.0,0,,0.0,0,,0.0,0,,0.0,0,,0.0,0,,0.0,0,,0.0,0,,0.0,0,,0.0,0,,0.0,0,,0.0,0,,0.0,0,,0.0,0,,0.0,0,,0.0,0,,0.0,0,,0.0,0,,0.0,0,,0.0,0,,0.0,0,,0.0,0,,0.0,0,,0.0,0,,0.0,0,,0.0,0,,0.0,0,,0.0,0,,0.0,0,,0.0,0,,0.0,0,,0.0,0,,0.0,0,,0.0,0,,0.0,0,,0.0,0,,0.0,0,,0.0,0,,0.0,0,,0.0,0,,0.0,0,,0.0,0,,0.0,0,,0.0,0,,0.0,0,,0.0,0,,0.0,0,,0.0,0,,0.0,0,,0.0,0,,0.0,0,,0.0,0,,0.0,0,,0.0,0,,0.0,0,,0.0,0,,0.0,0,,0.0,0,,0.0,0,,0.0,1,,0.0,0,,0.0,0,,0.0,0,,0.0,0,,0.0,0,,0.0,0,,0.0,0,,0.0,0,,0.0,0,,0.0,0,,0.0,0,,0.0,0,,0.0,0,,0.0,0,,0.0,0,,0.0,0,,0.0,1.0,,0.0,1,,0.0,7,,0.0,0.0,,0.0,0,,0.0,-1,,0.0,999,,0.0,999,,0.0,1,,0.0,2,,0.0,-1,,0.0
Ritual616,0,,0.0,0,,0.0,0,,0.0,0,,0.0,0,,0.0,1,,0.0,0,,0.0,0,,0.0,0,,0.0,0,,0.0,0,,0.0,0,,0.0,0,,0.0,0,,0.0,0,,0.0,1,,0.0,1,,0.0,0,,0.0,0,,0.0,0,,0.0,1,,0.0,1,,0.0,0,,0.0,0,,0.0,0,,0.0,999,,0.0,4,,0.0,0,,0.0,1,,0.0,0,,0.0,0,,0.0,0,,0.0,0,,0.0,0,,0.0,0,,0.0,1,,0.0,0,,0.0,0,,0.0,0,,0.0,0,,0.0,0,,0.0,0,,0.0,0,,0.0,0,,0.0,0,,0.0,0,,0.0,0,,0.0,0,,0.0,0,,0.0,0,,0.0,0,,0.0,0,,0.0,0,,0.0,0,,0.0,0,,0.0,0,,0.0,0,,0.0,0,,0.0,0,,0.0,0,,0.0,0,,0.0,0,,0.0,0,,0.0,0,,0.0,0,,0.0,0,,0.0,0,,0.0,0,,0.0,0,,0.0,0,,0.0,0,,0.0,0,,0.0,0,,0.0,0,,0.0,0,,0.0,0,,0.0,0,,0.0,0,,0.0,1,,0.0,0,,0.0,0,,0.0,0,,0.0,0,,0.0,0,,0.0,0,,0.0,0,,0.0,0,,0.0,0,,0.0,1,,0.0,0,,0.0,0,,0.0,0,,0.0,0,,0.0,0,,0.0,0,,0.0,0,,0.0,0,,0.0,0,,0.0,0,,0.0,0,,0.0,0,,0.0,0,,0.0,0,,0.0,0,,0.0,1.0,,0.0,1,,0.0,7,,0.0,0.0,,0.0,0,,0.0,-1,,0.0,999,,0.0,3,,0.0,1,,0.0,2,,0.0,-1,,0.0
Ritual617,0,,0.0,0,,0.0,0,,0.0,0,,0.0,0,,0.0,0,,0.0,0,,0.0,0,,0.0,0,,0.0,0,,0.0,0,,0.0,0,,0.0,0,,0.0,0,,0.0,0,,0.0,2,,0.0,3,,0.0,0,,0.0,0,,0.0,0,,0.0,1,,0.0,0,,0.0,0,,0.0,0,,0.0,1,,0.0,999,,0.0,5,,0.0,1,,0.0,1,,0.0,1,,0.0,1,,0.0,1,,0.0,1,,0.0,0,,0.0,0,,0.0,1,,0.0,1,,0.0,0,,0.0,0,,0.0,0,,0.0,0,,0.0,0,,0.0,0,,0.0,0,,0.0,0,,0.0,0,,0.0,0,,0.0,0,,0.0,0,,0.0,0,,0.0,0,,0.0,0,,0.0,0,,0.0,0,,0.0,0,,0.0,0,,0.0,0,,0.0,0,,0.0,0,,0.0,0,,0.0,0,,0.0,0,,0.0,0,,0.0,0,,0.0,0,,0.0,0,,0.0,0,,0.0,0,,0.0,0,,0.0,0,,0.0,0,,0.0,0,,0.0,0,,0.0,0,,0.0,0,,0.0,0,,0.0,1,,0.0,0,,0.0,1,,0.0,0,,0.0,0,,0.0,0,,0.0,0,,0.0,0,,0.0,0,,0.0,0,,0.0,0,,0.0,0,,0.0,0,,0.0,0,,0.0,0,,0.0,1,,0.0,0,,0.0,0,,0.0,0,,0.0,0,,0.0,0,,0.0,0,,0.0,0,,0.0,1,,0.0,0,,0.0,0,,0.0,0,,0.0,0,,0.0,3.666666667,,0.0,4,,0.0,7,,0.0,0.0,,0.0,0,,0.0,-1,,0.0,999,,0.0,999,,0.0,1,,0.0,2,,0.0,-1,,0.0
Ritual618,0,,0.0,0,,0.0,0,,0.0,0,,0.0,0,,0.0,0,,0.0,0,,0.0,0,,0.0,0,,0.0,0,,0.0,0,,0.0,0,,0.0,0,,0.0,0,,0.0,0,,0.0,2,,0.0,3,,0.0,0,,0.0,0,,0.0,0,,0.0,1,,0.0,0,,0.0,0,,0.0,0,,0.0,0,,0.0,6,,0.0,6,,0.0,1,,0.0,1,,0.0,1,,0.0,1,,0.0,0,,0.0,0,,0.0,0,,0.0,0,,0.0,1,,0.0,0,,0.0,0,,0.0,0,,0.0,0,,0.0,0,,0.0,0,,0.0,0,,0.0,0,,0.0,0,,0.0,0,,0.0,0,,0.0,0,,0.0,0,,0.0,0,,0.0,0,,0.0,0,,0.0,0,,0.0,0,,0.0,0,,0.0,0,,0.0,0,,0.0,0,,0.0,0,,0.0,0,,0.0,0,,0.0,0,,0.0,0,,0.0,0,,0.0,0,,0.0,0,,0.0,0,,0.0,0,,0.0,0,,0.0,0,,0.0,0,,0.0,0,,0.0,0,,0.0,0,,0.0,0,,0.0,0,,0.0,0,,0.0,0,,0.0,0,,0.0,0,,0.0,0,,0.0,0,,0.0,0,,0.0,0,,0.0,0,,0.0,0,,0.0,0,,0.0,1,,0.0,0,,0.0,0,,0.0,0,,0.0,0,,0.0,0,,0.0,0,,0.0,0,,0.0,0,,0.0,0,,0.0,0,,0.0,0,,0.0,0,,0.0,0,,0.0,0,,0.0,0,,0.0,0,,0.0,3.0,,0.0,2,,0.0,3,,0.0,3.0,,0.0,1,,0.0,6,,0.0,999,,0.0,999,,0.0,1,,0.0,2,,0.0,-1,,0.0
Ritual619a,0,,0.0,0,,0.0,0,,0.0,1,,0.0,0,,0.0,0,,0.0,0,,0.0,0,,0.0,0,,0.0,0,,0.0,0,,0.0,0,,0.0,0,,0.0,0,,0.0,0,,0.0,3,,0.0,3,,0.0,0,,0.0,0,,0.0,0,,0.0,0,,0.0,1,,0.0,0,,0.0,0,,0.0,0,,0.0,6,,0.0,2,,0.0,1,,0.0,1,,0.0,0,,0.0,0,,0.0,1,,0.0,0,,0.0,0,,0.0,0,,0.0,0,,0.0,0,,0.0,0,,0.0,0,,0.0,0,,0.0,0,,0.0,0,,0.0,0,,0.0,0,,0.0,0,,0.0,0,,0.0,0,,0.0,0,,0.0,0,,0.0,1,,0.0,0,,0.0,0,,0.0,0,,0.0,0,,0.0,0,,0.0,0,,0.0,0,,0.0,0,,0.0,0,,0.0,0,,0.0,0,,0.0,0,,0.0,0,,0.0,0,,0.0,0,,0.0,0,,0.0,0,,0.0,0,,0.0,0,,0.0,0,,0.0,0,,0.0,0,,0.0,0,,0.0,0,,0.0,0,,0.0,0,,0.0,0,,0.0,0,,0.0,0,,0.0,0,,0.0,0,,0.0,0,,0.0,0,,0.0,0,,0.0,0,,0.0,0,,0.0,0,,0.0,0,,0.0,0,,0.0,0,,0.0,0,,0.0,0,,0.0,0,,0.0,0,,0.0,0,,0.0,0,,0.0,0,,0.0,0,,0.0,0,,0.0,0,,0.0,0,,0.0,0,,0.0,0,,0.0,0,,0.0,2.666666667,,0.0,2,,0.0,7,,0.0,3.666666667,,0.0,2,,0.0,2,,0.0,4,,0.0,999,,0.0,1,,0.0,2,,0.0,-1,,0.0
Ritual619b,0,,0.0,0,,0.0,0,,0.0,1,,0.0,0,,0.0,0,,0.0,0,,0.0,0,,0.0,0,,0.0,0,,0.0,0,,0.0,0,,0.0,0,,0.0,0,,0.0,0,,0.0,3,,0.0,3,,0.0,0,,0.0,0,,0.0,0,,0.0,0,,0.0,1,,0.0,0,,0.0,0,,0.0,0,,0.0,6,,0.0,2,,0.0,1,,0.0,1,,0.0,0,,0.0,0,,0.0,1,,0.0,0,,0.0,0,,0.0,0,,0.0,0,,0.0,0,,0.0,0,,0.0,0,,0.0,0,,0.0,0,,0.0,0,,0.0,0,,0.0,0,,0.0,0,,0.0,0,,0.0,0,,0.0,0,,0.0,0,,0.0,1,,0.0,0,,0.0,0,,0.0,0,,0.0,0,,0.0,0,,0.0,0,,0.0,0,,0.0,0,,0.0,0,,0.0,0,,0.0,0,,0.0,0,,0.0,0,,0.0,0,,0.0,0,,0.0,0,,0.0,0,,0.0,0,,0.0,0,,0.0,0,,0.0,0,,0.0,0,,0.0,0,,0.0,0,,0.0,0,,0.0,0,,0.0,0,,0.0,0,,0.0,0,,0.0,0,,0.0,0,,0.0,0,,0.0,0,,0.0,0,,0.0,0,,0.0,0,,0.0,0,,0.0,0,,0.0,0,,0.0,0,,0.0,0,,0.0,0,,0.0,0,,0.0,0,,0.0,0,,0.0,0,,0.0,0,,0.0,0,,0.0,0,,0.0,0,,0.0,0,,0.0,0,,0.0,0,,0.0,0,,0.0,2.666666667,,0.0,2,,0.0,7,,0.0,3.666666667,,0.0,2,,0.0,2,,0.0,4,,0.0,999,,0.0,1,,0.0,2,,0.0,-1,,0.0
Ritual619c,0,,0.0,0,,0.0,0,,0.0,1,,0.0,0,,0.0,0,,0.0,0,,0.0,0,,0.0,0,,0.0,0,,0.0,0,,0.0,0,,0.0,0,,0.0,0,,0.0,0,,0.0,3,,0.0,3,,0.0,0,,0.0,0,,0.0,0,,0.0,0,,0.0,1,,0.0,0,,0.0,0,,0.0,0,,0.0,6,,0.0,2,,0.0,1,,0.0,1,,0.0,0,,0.0,0,,0.0,1,,0.0,0,,0.0,0,,0.0,0,,0.0,0,,0.0,0,,0.0,0,,0.0,0,,0.0,0,,0.0,0,,0.0,0,,0.0,0,,0.0,0,,0.0,0,,0.0,0,,0.0,0,,0.0,0,,0.0,0,,0.0,1,,0.0,0,,0.0,0,,0.0,0,,0.0,0,,0.0,0,,0.0,0,,0.0,0,,0.0,0,,0.0,0,,0.0,0,,0.0,0,,0.0,0,,0.0,0,,0.0,0,,0.0,0,,0.0,0,,0.0,0,,0.0,0,,0.0,0,,0.0,0,,0.0,0,,0.0,0,,0.0,0,,0.0,0,,0.0,0,,0.0,0,,0.0,0,,0.0,0,,0.0,0,,0.0,0,,0.0,0,,0.0,0,,0.0,0,,0.0,0,,0.0,0,,0.0,0,,0.0,0,,0.0,0,,0.0,0,,0.0,0,,0.0,0,,0.0,0,,0.0,0,,0.0,0,,0.0,0,,0.0,0,,0.0,0,,0.0,0,,0.0,0,,0.0,0,,0.0,0,,0.0,0,,0.0,0,,0.0,0,,0.0,2.666666667,,0.0,2,,0.0,7,,0.0,3.666666667,,0.0,2,,0.0,2,,0.0,4,,0.0,999,,0.0,1,,0.0,2,,0.0,-1,,0.0
Ritual620,0,,0.0,0,,0.0,0,,0.0,1,,0.0,0,,0.0,0,,0.0,0,,0.0,0,,0.0,0,,0.0,0,,0.0,0,,0.0,0,,0.0,0,,0.0,0,,0.0,0,,0.0,2,,0.0,2,,0.0,0,,0.0,0,,0.0,0,,0.0,1,,0.0,0,,0.0,0,,0.0,0,,0.0,0,,0.0,6,,0.0,6,,0.0,0,,0.0,0,,0.0,0,,0.0,0,,0.0,0,,0.0,0,,0.0,0,,0.0,0,,0.0,0,,0.0,0,,0.0,0,,0.0,0,,0.0,0,,0.0,1,,0.0,0,,0.0,0,,0.0,0,,0.0,0,,0.0,0,,0.0,0,,0.0,0,,0.0,0,,0.0,0,,0.0,0,,0.0,0,,0.0,0,,0.0,0,,0.0,1,,0.0,0,,0.0,0,,0.0,0,,0.0,1,,0.0,0,,0.0,0,,0.0,0,,0.0,0,,0.0,0,,0.0,0,,0.0,0,,0.0,0,,0.0,0,,0.0,0,,0.0,0,,0.0,0,,0.0,0,,0.0,0,,0.0,0,,0.0,0,,0.0,0,,0.0,0,,0.0,0,,0.0,0,,0.0,0,,0.0,0,,0.0,0,,0.0,0,,0.0,0,,0.0,0,,0.0,0,,0.0,0,,0.0,0,,0.0,0,,0.0,0,,0.0,1,,0.0,0,,0.0,0,,0.0,0,,0.0,0,,0.0,0,,0.0,0,,0.0,0,,0.0,1,,0.0,0,,0.0,0,,0.0,0,,0.0,0,,0.0,0,,0.0,2.0,,0.0,2,,0.0,7,,0.0,4.333333333,,0.0,2,,0.0,2,,0.0,4,,0.0,999,,0.0,1,,0.0,2,,0.0,-1,,0.0
Ritual621,0,,0.0,0,,0.0,0,,0.0,0,,0.0,0,,0.0,0,,0.0,0,,0.0,0,,0.0,1,,0.0,0,,0.0,0,,0.0,0,,0.0,0,,0.0,0,,0.0,0,,0.0,0,,0.0,3,,0.0,0,,0.0,0,,0.0,0,,0.0,1,,0.0,0,,0.0,0,,0.0,0,,0.0,0,,0.0,999,,0.0,4,,0.0,0,,0.0,1,,0.0,1,,0.0,1,,0.0,0,,0.0,0,,0.0,0,,0.0,0,,0.0,0,,0.0,0,,0.0,0,,0.0,0,,0.0,0,,0.0,0,,0.0,0,,0.0,0,,0.0,0,,0.0,0,,0.0,0,,0.0,0,,0.0,0,,0.0,0,,0.0,0,,0.0,0,,0.0,0,,0.0,0,,0.0,0,,0.0,0,,0.0,0,,0.0,0,,0.0,0,,0.0,0,,0.0,0,,0.0,0,,0.0,0,,0.0,0,,0.0,0,,0.0,0,,0.0,0,,0.0,0,,0.0,0,,0.0,0,,0.0,0,,0.0,0,,0.0,0,,0.0,0,,0.0,0,,0.0,0,,0.0,1,,0.0,0,,0.0,0,,0.0,0,,0.0,0,,0.0,1,,0.0,0,,0.0,0,,0.0,0,,0.0,0,,0.0,0,,0.0,0,,0.0,0,,0.0,0,,0.0,0,,0.0,0,,0.0,0,,0.0,0,,0.0,0,,0.0,0,,0.0,0,,0.0,0,,0.0,0,,0.0,0,,0.0,0,,0.0,0,,0.0,0,,0.0,0,,0.0,0,,0.0,2.333333333,,0.0,2,,0.0,7,,0.0,0.0,,0.0,0,,0.0,-1,,0.0,2,,0.0,999,,0.0,1,,0.0,2,,0.0,-1,,0.0
Ritual622,0,,0.0,0,,0.0,0,,0.0,1,,0.0,0,,0.0,0,,0.0,0,,0.0,0,,0.0,0,,0.0,0,,0.0,0,,0.0,0,,0.0,0,,0.0,0,,0.0,0,,0.0,1,,0.0,3,,0.0,0,,0.0,0,,0.0,0,,0.0,1,,0.0,0,,0.0,0,,0.0,0,,0.0,0,,0.0,6,,0.0,6,,0.0,0,,0.0,0,,0.0,1,,0.0,0,,0.0,0,,0.0,0,,0.0,0,,0.0,0,,0.0,0,,0.0,0,,0.0,0,,0.0,0,,0.0,1,,0.0,0,,0.0,0,,0.0,0,,0.0,0,,0.0,0,,0.0,0,,0.0,0,,0.0,0,,0.0,0,,0.0,0,,0.0,0,,0.0,0,,0.0,0,,0.0,0,,0.0,0,,0.0,0,,0.0,0,,0.0,0,,0.0,0,,0.0,0,,0.0,0,,0.0,0,,0.0,0,,0.0,0,,0.0,0,,0.0,0,,0.0,0,,0.0,0,,0.0,0,,0.0,0,,0.0,0,,0.0,0,,0.0,0,,0.0,0,,0.0,0,,0.0,0,,0.0,1,,0.0,0,,0.0,0,,0.0,0,,0.0,0,,0.0,0,,0.0,0,,0.0,0,,0.0,0,,0.0,0,,0.0,0,,0.0,0,,0.0,0,,0.0,0,,0.0,0,,0.0,0,,0.0,0,,0.0,0,,0.0,1,,0.0,0,,0.0,0,,0.0,0,,0.0,0,,0.0,0,,0.0,0,,0.0,0,,0.0,0,,0.0,0,,0.0,2.0,,0.0,2,,0.0,7,,0.0,3.0,,0.0,1,,0.0,2,,0.0,3,,0.0,999,,0.0,1,,0.0,2,,0.0,-1,,0.0
Ritual623,0,,0.0,0,,0.0,0,,0.0,1,,0.0,0,,0.0,0,,0.0,0,,0.0,0,,0.0,0,,0.0,0,,0.0,0,,0.0,0,,0.0,0,,0.0,0,,0.0,0,,0.0,2,,0.0,3,,0.0,0,,0.0,0,,0.0,0,,0.0,1,,0.0,0,,0.0,0,,0.0,0,,0.0,0,,0.0,999,,0.0,6,,0.0,1,,0.0,0,,0.0,1,,0.0,0,,0.0,0,,0.0,0,,0.0,0,,0.0,0,,0.0,0,,0.0,0,,0.0,0,,0.0,0,,0.0,0,,0.0,0,,0.0,0,,0.0,0,,0.0,0,,0.0,0,,0.0,0,,0.0,0,,0.0,0,,0.0,0,,0.0,0,,0.0,0,,0.0,0,,0.0,0,,0.0,0,,0.0,0,,0.0,0,,0.0,0,,0.0,0,,0.0,0,,0.0,0,,0.0,0,,0.0,0,,0.0,0,,0.0,0,,0.0,0,,0.0,0,,0.0,0,,0.0,0,,0.0,0,,0.0,0,,0.0,0,,0.0,0,,0.0,0,,0.0,0,,0.0,0,,0.0,0,,0.0,0,,0.0,0,,0.0,0,,0.0,0,,0.0,1,,0.0,0,,0.0,0,,0.0,0,,0.0,0,,0.0,0,,0.0,0,,0.0,0,,0.0,0,,0.0,0,,0.0,0,,0.0,0,,0.0,0,,0.0,0,,0.0,0,,0.0,0,,0.0,0,,0.0,0,,0.0,0,,0.0,0,,0.0,0,,0.0,0,,0.0,0,,0.0,0,,0.0,1.666666667,,0.0,2,,0.0,7,,0.0,0.0,,0.0,0,,0.0,-1,,0.0,999,,0.0,999,,0.0,1,,0.0,2,,0.0,-1,,0.0
Ritual624,0,,0.0,0,,0.0,0,,0.0,1,,0.0,0,,0.0,0,,0.0,0,,0.0,0,,0.0,0,,0.0,0,,0.0,0,,0.0,0,,0.0,0,,0.0,0,,0.0,0,,0.0,2,,0.0,3,,0.0,0,,0.0,0,,0.0,0,,0.0,0,,0.0,1,,0.0,0,,0.0,0,,0.0,0,,0.0,999,,0.0,6,,0.0,0,,0.0,0,,0.0,0,,0.0,0,,0.0,0,,0.0,0,,0.0,0,,0.0,0,,0.0,0,,0.0,0,,0.0,0,,0.0,0,,0.0,0,,0.0,0,,0.0,0,,0.0,0,,0.0,0,,0.0,0,,0.0,0,,0.0,0,,0.0,0,,0.0,0,,0.0,0,,0.0,0,,0.0,0,,0.0,0,,0.0,0,,0.0,0,,0.0,0,,0.0,0,,0.0,0,,0.0,0,,0.0,0,,0.0,0,,0.0,0,,0.0,0,,0.0,0,,0.0,0,,0.0,0,,0.0,0,,0.0,0,,0.0,0,,0.0,0,,0.0,0,,0.0,0,,0.0,0,,0.0,0,,0.0,0,,0.0,0,,0.0,0,,0.0,0,,0.0,0,,0.0,0,,0.0,0,,0.0,1,,0.0,1,,0.0,0,,0.0,0,,0.0,0,,0.0,0,,0.0,1,,0.0,0,,0.0,0,,0.0,1,,0.0,0,,0.0,0,,0.0,0,,0.0,0,,0.0,0,,0.0,0,,0.0,0,,0.0,1,,0.0,0,,0.0,0,,0.0,0,,0.0,0,,0.0,0,,0.0,2.333333333,,0.0,2,,0.0,7,,0.0,1.666666667,,0.0,0,,0.0,7,,0.0,999,,0.0,999,,0.0,1,,0.0,2,,0.0,-1,,0.0
Ritual625,0,,0.0,0,,0.0,0,,0.0,1,,0.0,0,,0.0,0,,0.0,0,,0.0,0,,0.0,0,,0.0,0,,0.0,0,,0.0,0,,0.0,0,,0.0,0,,0.0,0,,0.0,2,,0.0,1,,0.0,0,,0.0,0,,0.0,0,,0.0,1,,0.0,0,,0.0,0,,0.0,0,,0.0,0,,0.0,999,,0.0,6,,0.0,1,,0.0,0,,0.0,0,,0.0,0,,0.0,0,,0.0,0,,0.0,0,,0.0,0,,0.0,0,,0.0,0,,0.0,0,,0.0,0,,0.0,0,,0.0,0,,0.0,0,,0.0,0,,0.0,0,,0.0,0,,0.0,0,,0.0,0,,0.0,0,,0.0,0,,0.0,0,,0.0,0,,0.0,0,,0.0,0,,0.0,0,,0.0,0,,0.0,1,,0.0,0,,0.0,0,,0.0,0,,0.0,0,,0.0,0,,0.0,0,,0.0,0,,0.0,0,,0.0,0,,0.0,0,,0.0,0,,0.0,0,,0.0,0,,0.0,0,,0.0,0,,0.0,0,,0.0,0,,0.0,0,,0.0,0,,0.0,0,,0.0,0,,0.0,0,,0.0,0,,0.0,0,,0.0,0,,0.0,0,,0.0,0,,0.0,0,,0.0,0,,0.0,0,,0.0,0,,0.0,0,,0.0,0,,0.0,0,,0.0,0,,0.0,0,,0.0,0,,0.0,0,,0.0,0,,0.0,0,,0.0,0,,0.0,1,,0.0,0,,0.0,0,,0.0,0,,0.0,0,,0.0,0,,0.0,0,,0.0,2.0,,0.0,2,,0.0,7,,0.0,3.333333333,,0.0,3,,0.0,7,,0.0,999,,0.0,999,,0.0,1,,0.0,2,,0.0,-1,,0.0
Ritual626,0,,0.0,0,,0.0,0,,0.0,1,,0.0,0,,0.0,0,,0.0,0,,0.0,0,,0.0,0,,0.0,0,,0.0,0,,0.0,0,,0.0,0,,0.0,0,,0.0,0,,0.0,2,,0.0,3,,0.0,0,,0.0,0,,0.0,0,,0.0,0,,0.0,1,,0.0,0,,0.0,0,,0.0,0,,0.0,999,,0.0,5,,0.0,0,,0.0,0,,0.0,0,,0.0,0,,0.0,0,,0.0,0,,0.0,0,,0.0,0,,0.0,0,,0.0,0,,0.0,0,,0.0,0,,0.0,0,,0.0,0,,0.0,0,,0.0,0,,0.0,0,,0.0,0,,0.0,0,,0.0,0,,0.0,0,,0.0,0,,0.0,0,,0.0,0,,0.0,0,,0.0,0,,0.0,0,,0.0,0,,0.0,0,,0.0,0,,0.0,0,,0.0,0,,0.0,0,,0.0,0,,0.0,0,,0.0,0,,0.0,0,,0.0,0,,0.0,0,,0.0,0,,0.0,0,,0.0,0,,0.0,0,,0.0,0,,0.0,0,,0.0,0,,0.0,0,,0.0,0,,0.0,0,,0.0,1,,0.0,0,,0.0,0,,0.0,0,,0.0,0,,0.0,0,,0.0,0,,0.0,0,,0.0,0,,0.0,0,,0.0,0,,0.0,1,,0.0,0,,0.0,0,,0.0,0,,0.0,0,,0.0,0,,0.0,0,,0.0,0,,0.0,0,,0.0,0,,0.0,0,,0.0,0,,0.0,0,,0.0,0,,0.0,0,,0.0,0,,0.0,0,,0.0,1.333333333,,0.0,2,,0.0,7,,0.0,0.0,,0.0,0,,0.0,-1,,0.0,999,,0.0,3,,0.0,1,,0.0,2,,0.0,-1,,0.0
Ritual627,0,,0.0,0,,0.0,0,,0.0,1,,0.0,0,,0.0,0,,0.0,0,,0.0,0,,0.0,0,,0.0,0,,0.0,0,,0.0,0,,0.0,0,,0.0,0,,0.0,0,,0.0,2,,0.0,3,,0.0,0,,0.0,1,,0.0,0,,0.0,1,,0.0,0,,0.0,0,,0.0,0,,0.0,0,,0.0,6,,0.0,6,,0.0,0,,0.0,0,,0.0,0,,0.0,0,,0.0,0,,0.0,0,,0.0,0,,0.0,0,,0.0,0,,0.0,0,,0.0,0,,0.0,0,,0.0,0,,0.0,0,,0.0,0,,0.0,0,,0.0,0,,0.0,0,,0.0,0,,0.0,0,,0.0,0,,0.0,0,,0.0,0,,0.0,0,,0.0,0,,0.0,0,,0.0,0,,0.0,0,,0.0,0,,0.0,0,,0.0,0,,0.0,0,,0.0,0,,0.0,0,,0.0,0,,0.0,0,,0.0,0,,0.0,0,,0.0,0,,0.0,0,,0.0,0,,0.0,0,,0.0,0,,0.0,0,,0.0,0,,0.0,0,,0.0,0,,0.0,0,,0.0,0,,0.0,0,,0.0,0,,0.0,0,,0.0,0,,0.0,0,,0.0,0,,0.0,1,,0.0,0,,0.0,0,,0.0,0,,0.0,0,,0.0,1,,0.0,0,,0.0,0,,0.0,0,,0.0,0,,0.0,0,,0.0,0,,0.0,0,,0.0,0,,0.0,0,,0.0,0,,0.0,0,,0.0,0,,0.0,0,,0.0,0,,0.0,0,,0.0,0,,0.0,1.0,,0.0,1,,0.0,7,,0.0,2.333333333,,0.0,2,,0.0,7,,0.0,3,,0.0,3,,0.0,1,,0.0,2,,0.0,-1,,0.0
Ritual628,0,,0.0,0,,0.0,0,,0.0,1,,0.0,0,,0.0,0,,0.0,0,,0.0,0,,0.0,0,,0.0,0,,0.0,0,,0.0,0,,0.0,0,,0.0,0,,0.0,0,,0.0,3,,0.0,3,,0.0,0,,0.0,0,,0.0,0,,0.0,0,,0.0,1,,0.0,0,,0.0,0,,0.0,0,,0.0,999,,0.0,3,,0.0,0,,0.0,1,,0.0,1,,0.0,1,,0.0,1,,0.0,0,,0.0,0,,0.0,0,,0.0,1,,0.0,0,,0.0,0,,0.0,0,,0.0,0,,0.0,0,,0.0,0,,0.0,0,,0.0,0,,0.0,0,,0.0,0,,0.0,0,,0.0,0,,0.0,0,,0.0,0,,0.0,0,,0.0,0,,0.0,0,,0.0,0,,0.0,0,,0.0,0,,0.0,0,,0.0,0,,0.0,0,,0.0,0,,0.0,0,,0.0,0,,0.0,0,,0.0,0,,0.0,0,,0.0,0,,0.0,0,,0.0,0,,0.0,0,,0.0,0,,0.0,0,,0.0,0,,0.0,0,,0.0,0,,0.0,0,,0.0,0,,0.0,0,,0.0,0,,0.0,0,,0.0,0,,0.0,0,,0.0,1,,0.0,0,,0.0,0,,0.0,0,,0.0,0,,0.0,0,,0.0,0,,0.0,0,,0.0,0,,0.0,0,,0.0,0,,0.0,0,,0.0,0,,0.0,0,,0.0,0,,0.0,0,,0.0,0,,0.0,0,,0.0,0,,0.0,0,,0.0,0,,0.0,0,,0.0,0,,0.0,2.0,,0.0,2,,0.0,7,,0.0,0.0,,0.0,0,,0.0,-1,,0.0,999,,0.0,3,,0.0,1,,0.0,2,,0.0,-1,,0.0
Ritual629,0,,0.0,0,,0.0,0,,0.0,0,,0.0,0,,0.0,0,,0.0,0,,0.0,0,,0.0,0,,0.0,0,,0.0,0,,0.0,0,,0.0,0,,0.0,0,,0.0,0,,0.0,3,,0.0,3,,0.0,0,,0.0,0,,0.0,0,,0.0,0,,0.0,1,,0.0,0,,0.0,0,,0.0,1,,0.0,5,,0.0,5,,0.0,1,,0.0,0,,0.0,1,,0.0,1,,0.0,0,,0.0,0,,0.0,0,,0.0,0,,0.0,1,,0.0,0,,0.0,0,,0.0,0,,0.0,0,,0.0,0,,0.0,0,,0.0,0,,0.0,0,,0.0,0,,0.0,0,,0.0,0,,0.0,1,,0.0,0,,0.0,0,,0.0,0,,0.0,0,,0.0,0,,0.0,0,,0.0,0,,0.0,0,,0.0,0,,0.0,0,,0.0,0,,0.0,0,,0.0,0,,0.0,0,,0.0,0,,0.0,0,,0.0,0,,0.0,0,,0.0,0,,0.0,0,,0.0,0,,0.0,0,,0.0,0,,0.0,0,,0.0,0,,0.0,0,,0.0,0,,0.0,0,,0.0,0,,0.0,0,,0.0,0,,0.0,0,,0.0,1,,0.0,0,,0.0,0,,0.0,0,,0.0,0,,0.0,0,,0.0,0,,0.0,0,,0.0,0,,0.0,0,,0.0,0,,0.0,1,,0.0,0,,0.0,0,,0.0,0,,0.0,0,,0.0,0,,0.0,0,,0.0,0,,0.0,0,,0.0,0,,0.0,1,,0.0,1,,0.0,0,,0.0,4.0,,0.0,3,,0.0,7,,0.0,0.0,,0.0,0,,0.0,-1,,0.0,999,,0.0,999,,0.0,1,,0.0,2,,0.0,-1,,0.0
Ritual630,0,,0.0,0,,0.0,0,,0.0,1,,0.0,0,,0.0,0,,0.0,0,,0.0,0,,0.0,0,,0.0,0,,0.0,0,,0.0,0,,0.0,0,,0.0,0,,0.0,0,,0.0,2,,0.0,1,,0.0,1,,0.0,0,,0.0,0,,0.0,0,,0.0,0,,0.0,0,,0.0,0,,0.0,0,,0.0,999,,0.0,5,,0.0,0,,0.0,0,,0.0,0,,0.0,0,,0.0,0,,0.0,0,,0.0,0,,0.0,0,,0.0,0,,0.0,0,,0.0,0,,0.0,0,,0.0,0,,0.0,0,,0.0,0,,0.0,0,,0.0,0,,0.0,0,,0.0,0,,0.0,0,,0.0,0,,0.0,0,,0.0,0,,0.0,0,,0.0,0,,0.0,0,,0.0,0,,0.0,0,,0.0,0,,0.0,0,,0.0,0,,0.0,0,,0.0,0,,0.0,0,,0.0,0,,0.0,0,,0.0,0,,0.0,0,,0.0,0,,0.0,0,,0.0,0,,0.0,0,,0.0,0,,0.0,0,,0.0,0,,0.0,0,,0.0,0,,0.0,0,,0.0,0,,0.0,0,,0.0,0,,0.0,0,,0.0,0,,0.0,0,,0.0,1,,0.0,0,,0.0,0,,0.0,0,,0.0,1,,0.0,0,,0.0,0,,0.0,0,,0.0,0,,0.0,0,,0.0,0,,0.0,0,,0.0,0,,0.0,1,,0.0,0,,0.0,0,,0.0,0,,0.0,0,,0.0,0,,0.0,0,,0.0,0,,0.0,0,,0.0,0,,0.0,1.666666667,,0.0,2,,0.0,1,,0.0,0.0,,0.0,0,,0.0,-1,,0.0,999,,0.0,3,,0.0,1,,0.0,2,,0.0,-1,,0.0
Ritual631,0,,0.0,0,,0.0,0,,0.0,1,,0.0,0,,0.0,0,,0.0,0,,0.0,0,,0.0,0,,0.0,0,,0.0,0,,0.0,0,,0.0,0,,0.0,0,,0.0,0,,0.0,2,,0.0,3,,0.0,0,,0.0,0,,0.0,0,,0.0,0,,0.0,0,,0.0,1,,0.0,0,,0.0,0,,0.0,5,,0.0,5,,0.0,0,,0.0,0,,0.0,0,,0.0,0,,0.0,0,,0.0,0,,0.0,0,,0.0,0,,0.0,0,,0.0,0,,0.0,1,,0.0,0,,0.0,0,,0.0,0,,0.0,0,,0.0,0,,0.0,0,,0.0,1,,0.0,0,,0.0,0,,0.0,0,,0.0,0,,0.0,0,,0.0,0,,0.0,0,,0.0,0,,0.0,0,,0.0,0,,0.0,0,,0.0,0,,0.0,0,,0.0,0,,0.0,0,,0.0,0,,0.0,0,,0.0,0,,0.0,0,,0.0,0,,0.0,0,,0.0,0,,0.0,0,,0.0,0,,0.0,0,,0.0,0,,0.0,0,,0.0,0,,0.0,0,,0.0,0,,0.0,0,,0.0,0,,0.0,1,,0.0,0,,0.0,0,,0.0,0,,0.0,0,,0.0,0,,0.0,0,,0.0,0,,0.0,0,,0.0,0,,0.0,1,,0.0,0,,0.0,0,,0.0,0,,0.0,0,,0.0,0,,0.0,0,,0.0,0,,0.0,0,,0.0,0,,0.0,0,,0.0,1,,0.0,1,,0.0,0,,0.0,0,,0.0,0,,0.0,0,,0.0,1.333333333,,0.0,3,,0.0,7,,0.0,0.0,,0.0,0,,0.0,-1,,0.0,999,,0.0,999,,0.0,1,,0.0,2,,0.0,-1,,0.0
Ritual632,0,,0.0,0,,0.0,0,,0.0,0,,0.0,0,,0.0,0,,0.0,0,,0.0,0,,0.0,0,,0.0,0,,0.0,0,,0.0,0,,0.0,0,,0.0,0,,0.0,1,,0.0,1,,0.0,3,,0.0,0,,0.0,1,,0.0,0,,0.0,1,,0.0,0,,0.0,0,,0.0,0,,0.0,0,,0.0,999,,0.0,6,,0.0,0,,0.0,0,,0.0,0,,0.0,0,,0.0,0,,0.0,0,,0.0,0,,0.0,0,,0.0,0,,0.0,0,,0.0,0,,0.0,0,,0.0,0,,0.0,0,,0.0,0,,0.0,0,,0.0,0,,0.0,0,,0.0,0,,0.0,0,,0.0,0,,0.0,0,,0.0,0,,0.0,0,,0.0,0,,0.0,0,,0.0,0,,0.0,0,,0.0,0,,0.0,0,,0.0,0,,0.0,0,,0.0,0,,0.0,0,,0.0,0,,0.0,0,,0.0,0,,0.0,0,,0.0,0,,0.0,0,,0.0,0,,0.0,0,,0.0,0,,0.0,0,,0.0,0,,0.0,0,,0.0,0,,0.0,0,,0.0,0,,0.0,0,,0.0,0,,0.0,0,,0.0,0,,0.0,0,,0.0,0,,0.0,0,,0.0,0,,0.0,0,,0.0,0,,0.0,0,,0.0,1,,0.0,0,,0.0,0,,0.0,0,,0.0,0,,0.0,0,,0.0,0,,0.0,0,,0.0,1,,0.0,0,,0.0,0,,0.0,0,,0.0,0,,0.0,0,,0.0,0,,0.0,0,,0.0,0,,0.0,1.0,,0.0,1,,0.0,7,,0.0,0.0,,0.0,0,,0.0,-1,,0.0,999,,0.0,3,,0.0,1,,0.0,2,,0.0,-1,,0.0
Ritual633,0,,0.0,0,,0.0,0,,0.0,0,,0.0,0,,0.0,0,,0.0,0,,0.0,0,,0.0,0,,0.0,0,,0.0,0,,0.0,0,,0.0,0,,0.0,0,,0.0,1,,0.0,1,,0.0,1,,0.0,1,,0.0,0,,0.0,0,,0.0,0,,0.0,0,,0.0,0,,0.0,0,,0.0,0,,0.0,999,,0.0,4,,0.0,0,,0.0,0,,0.0,0,,0.0,0,,0.0,0,,0.0,0,,0.0,0,,0.0,0,,0.0,0,,0.0,0,,0.0,0,,0.0,0,,0.0,0,,0.0,0,,0.0,0,,0.0,0,,0.0,0,,0.0,0,,0.0,0,,0.0,0,,0.0,0,,0.0,0,,0.0,0,,0.0,0,,0.0,0,,0.0,0,,0.0,0,,0.0,0,,0.0,0,,0.0,0,,0.0,0,,0.0,0,,0.0,0,,0.0,0,,0.0,0,,0.0,0,,0.0,0,,0.0,0,,0.0,0,,0.0,0,,0.0,0,,0.0,0,,0.0,0,,0.0,0,,0.0,0,,0.0,0,,0.0,0,,0.0,0,,0.0,0,,0.0,0,,0.0,0,,0.0,0,,0.0,0,,0.0,0,,0.0,0,,0.0,1,,0.0,0,,0.0,0,,0.0,0,,0.0,0,,0.0,1,,0.0,0,,0.0,0,,0.0,1,,0.0,0,,0.0,0,,0.0,0,,0.0,0,,0.0,0,,0.0,0,,0.0,0,,0.0,0,,0.0,0,,0.0,0,,0.0,0,,0.0,0,,0.0,0,,0.0,1.333333333,,0.0,1,,0.0,1,,0.0,1.666666667,,0.0,1,,0.0,1,,0.0,999,,0.0,3,,0.0,1,,0.0,2,,0.0,-1,,0.0
Ritual634,0,,0.0,0,,0.0,0,,0.0,0,,0.0,0,,0.0,0,,0.0,0,,0.0,0,,0.0,0,,0.0,0,,0.0,0,,0.0,0,,0.0,0,,0.0,0,,0.0,1,,0.0,1,,0.0,1,,0.0,1,,0.0,0,,0.0,0,,0.0,0,,0.0,0,,0.0,0,,0.0,0,,0.0,0,,0.0,999,,0.0,4,,0.0,0,,0.0,0,,0.0,0,,0.0,0,,0.0,0,,0.0,0,,0.0,0,,0.0,0,,0.0,0,,0.0,0,,0.0,0,,0.0,0,,0.0,0,,0.0,0,,0.0,0,,0.0,0,,0.0,0,,0.0,0,,0.0,0,,0.0,0,,0.0,0,,0.0,0,,0.0,0,,0.0,0,,0.0,0,,0.0,0,,0.0,0,,0.0,0,,0.0,0,,0.0,0,,0.0,0,,0.0,0,,0.0,0,,0.0,0,,0.0,0,,0.0,0,,0.0,0,,0.0,0,,0.0,0,,0.0,0,,0.0,0,,0.0,0,,0.0,0,,0.0,0,,0.0,0,,0.0,0,,0.0,0,,0.0,0,,0.0,0,,0.0,0,,0.0,0,,0.0,0,,0.0,0,,0.0,0,,0.0,0,,0.0,0,,0.0,0,,0.0,0,,0.0,0,,0.0,0,,0.0,1,,0.0,0,,0.0,0,,0.0,0,,0.0,0,,0.0,0,,0.0,0,,0.0,0,,0.0,0,,0.0,0,,0.0,0,,0.0,0,,0.0,0,,0.0,0,,0.0,0,,0.0,0,,0.0,0,,0.0,1.0,,0.0,1,,0.0,1,,0.0,0.0,,0.0,0,,0.0,-1,,0.0,999,,0.0,3,,0.0,1,,0.0,2,,0.0,-1,,0.0
Ritual635,0,,0.0,0,,0.0,0,,0.0,1,,0.0,0,,0.0,0,,0.0,0,,0.0,0,,0.0,0,,0.0,0,,0.0,0,,0.0,0,,0.0,0,,0.0,0,,0.0,0,,0.0,2,,0.0,3,,0.0,0,,0.0,1,,0.0,0,,0.0,1,,0.0,0,,0.0,0,,0.0,0,,0.0,0,,0.0,5,,0.0,5,,0.0,0,,0.0,0,,0.0,0,,0.0,0,,0.0,0,,0.0,0,,0.0,0,,0.0,0,,0.0,0,,0.0,0,,0.0,0,,0.0,0,,0.0,0,,0.0,0,,0.0,0,,0.0,0,,0.0,0,,0.0,0,,0.0,0,,0.0,0,,0.0,0,,0.0,0,,0.0,0,,0.0,0,,0.0,0,,0.0,0,,0.0,0,,0.0,0,,0.0,0,,0.0,0,,0.0,0,,0.0,0,,0.0,0,,0.0,0,,0.0,0,,0.0,0,,0.0,0,,0.0,0,,0.0,0,,0.0,0,,0.0,0,,0.0,0,,0.0,0,,0.0,0,,0.0,0,,0.0,0,,0.0,0,,0.0,0,,0.0,0,,0.0,0,,0.0,0,,0.0,0,,0.0,0,,0.0,0,,0.0,0,,0.0,1,,0.0,0,,0.0,0,,0.0,0,,0.0,0,,0.0,1,,0.0,0,,0.0,0,,0.0,0,,0.0,0,,0.0,0,,0.0,0,,0.0,0,,0.0,0,,0.0,0,,0.0,0,,0.0,1,,0.0,0,,0.0,0,,0.0,0,,0.0,0,,0.0,0,,0.0,1.333333333,,0.0,1,,0.0,7,,0.0,2.333333333,,0.0,2,,0.0,7,,0.0,2,,0.0,3,,0.0,1,,0.0,2,,0.0,-1,,0.0
Ritual636,0,,0.0,0,,0.0,0,,0.0,1,,0.0,0,,0.0,0,,0.0,0,,0.0,0,,0.0,0,,0.0,0,,0.0,0,,0.0,0,,0.0,0,,0.0,0,,0.0,0,,0.0,1,,0.0,3,,0.0,0,,0.0,0,,0.0,0,,0.0,1,,0.0,0,,0.0,0,,0.0,0,,0.0,0,,0.0,999,,0.0,4,,0.0,0,,0.0,0,,0.0,0,,0.0,0,,0.0,0,,0.0,0,,0.0,0,,0.0,0,,0.0,0,,0.0,0,,0.0,0,,0.0,0,,0.0,0,,0.0,0,,0.0,1,,0.0,0,,0.0,0,,0.0,0,,0.0,0,,0.0,0,,0.0,0,,0.0,0,,0.0,0,,0.0,0,,0.0,0,,0.0,0,,0.0,0,,0.0,0,,0.0,0,,0.0,0,,0.0,0,,0.0,0,,0.0,0,,0.0,0,,0.0,0,,0.0,0,,0.0,0,,0.0,0,,0.0,0,,0.0,0,,0.0,0,,0.0,0,,0.0,0,,0.0,0,,0.0,0,,0.0,0,,0.0,0,,0.0,0,,0.0,0,,0.0,0,,0.0,0,,0.0,0,,0.0,0,,0.0,0,,0.0,0,,0.0,1,,0.0,0,,0.0,0,,0.0,0,,0.0,0,,0.0,0,,0.0,0,,0.0,0,,0.0,1,,0.0,0,,0.0,0,,0.0,0,,0.0,0,,0.0,0,,0.0,0,,0.0,0,,0.0,0,,0.0,0,,0.0,0,,0.0,0,,0.0,0,,0.0,0,,0.0,0.0,,0.0,0,,0.0,-1,,0.0,1.666666667,,0.0,2,,0.0,7,,0.0,999,,0.0,3,,0.0,1,,0.0,2,,0.0,-1,,0.0
Ritual637,0,,0.0,0,,0.0,0,,0.0,1,,0.0,0,,0.0,0,,0.0,0,,0.0,0,,0.0,0,,0.0,0,,0.0,0,,0.0,0,,0.0,0,,0.0,0,,0.0,0,,0.0,2,,0.0,3,,0.0,0,,0.0,1,,0.0,0,,0.0,0,,0.0,1,,0.0,0,,0.0,0,,0.0,0,,0.0,4,,0.0,4,,0.0,0,,0.0,1,,0.0,0,,0.0,0,,0.0,0,,0.0,0,,0.0,0,,0.0,0,,0.0,0,,0.0,0,,0.0,0,,0.0,0,,0.0,0,,0.0,0,,0.0,0,,0.0,0,,0.0,0,,0.0,0,,0.0,0,,0.0,0,,0.0,0,,0.0,0,,0.0,0,,0.0,0,,0.0,0,,0.0,0,,0.0,0,,0.0,0,,0.0,0,,0.0,0,,0.0,0,,0.0,0,,0.0,0,,0.0,0,,0.0,0,,0.0,0,,0.0,0,,0.0,0,,0.0,0,,0.0,0,,0.0,0,,0.0,0,,0.0,0,,0.0,0,,0.0,0,,0.0,0,,0.0,0,,0.0,0,,0.0,0,,0.0,0,,0.0,0,,0.0,0,,0.0,0,,0.0,0,,0.0,0,,0.0,0,,0.0,0,,0.0,0,,0.0,0,,0.0,0,,0.0,0,,0.0,0,,0.0,0,,0.0,0,,0.0,0,,0.0,0,,0.0,0,,0.0,0,,0.0,0,,0.0,0,,0.0,0,,0.0,0,,0.0,0,,0.0,0,,0.0,0,,0.0,0,,0.0,0,,0.0,1.666666667,,0.0,1,,0.0,7,,0.0,0.0,,0.0,0,,0.0,-1,,0.0,1,,0.0,3,,0.0,1,,0.0,2,,0.0,-1,,0.0
Ritual638,0,,0.0,0,,0.0,0,,0.0,1,,0.0,0,,0.0,0,,0.0,0,,0.0,0,,0.0,1,,0.0,0,,0.0,0,,0.0,0,,0.0,0,,0.0,0,,0.0,0,,0.0,2,,0.0,1,,0.0,0,,0.0,0,,0.0,0,,0.0,1,,0.0,0,,0.0,0,,0.0,0,,0.0,0,,0.0,999,,0.0,4,,0.0,0,,0.0,0,,0.0,0,,0.0,0,,0.0,0,,0.0,0,,0.0,0,,0.0,0,,0.0,0,,0.0,0,,0.0,0,,0.0,0,,0.0,1,,0.0,0,,0.0,0,,0.0,0,,0.0,0,,0.0,0,,0.0,0,,0.0,0,,0.0,0,,0.0,0,,0.0,0,,0.0,0,,0.0,0,,0.0,0,,0.0,0,,0.0,0,,0.0,0,,0.0,0,,0.0,0,,0.0,0,,0.0,0,,0.0,0,,0.0,0,,0.0,0,,0.0,0,,0.0,0,,0.0,0,,0.0,0,,0.0,0,,0.0,0,,0.0,0,,0.0,0,,0.0,0,,0.0,0,,0.0,0,,0.0,0,,0.0,0,,0.0,1,,0.0,1,,0.0,0,,0.0,0,,0.0,0,,0.0,0,,0.0,1,,0.0,0,,0.0,0,,0.0,1,,0.0,0,,0.0,1,,0.0,0,,0.0,0,,0.0,0,,0.0,0,,0.0,0,,0.0,0,,0.0,0,,0.0,0,,0.0,0,,0.0,0,,0.0,1,,0.0,0,,0.0,0,,0.0,0,,0.0,0,,0.0,0,,0.0,1.666666667,,0.0,2,,0.0,7,,0.0,0.0,,0.0,0,,0.0,-1,,0.0,999,,0.0,3,,0.0,1,,0.0,2,,0.0,-1,,0.0
Ritual639,0,,0.0,0,,0.0,0,,0.0,1,,0.0,0,,0.0,0,,0.0,0,,0.0,0,,0.0,1,,0.0,0,,0.0,0,,0.0,0,,0.0,0,,0.0,0,,0.0,0,,0.0,2,,0.0,2,,0.0,0,,0.0,0,,0.0,0,,0.0,1,,0.0,0,,0.0,0,,0.0,0,,0.0,0,,0.0,999,,0.0,4,,0.0,0,,0.0,0,,0.0,0,,0.0,0,,0.0,0,,0.0,0,,0.0,0,,0.0,0,,0.0,0,,0.0,0,,0.0,0,,0.0,0,,0.0,0,,0.0,0,,0.0,0,,0.0,0,,0.0,0,,0.0,0,,0.0,0,,0.0,0,,0.0,0,,0.0,0,,0.0,0,,0.0,0,,0.0,0,,0.0,0,,0.0,0,,0.0,0,,0.0,0,,0.0,0,,0.0,0,,0.0,0,,0.0,0,,0.0,0,,0.0,0,,0.0,0,,0.0,0,,0.0,0,,0.0,0,,0.0,0,,0.0,0,,0.0,0,,0.0,0,,0.0,0,,0.0,0,,0.0,0,,0.0,0,,0.0,0,,0.0,0,,0.0,1,,0.0,0,,0.0,0,,0.0,0,,0.0,0,,0.0,0,,0.0,1,,0.0,0,,0.0,0,,0.0,1,,0.0,0,,0.0,1,,0.0,0,,0.0,0,,0.0,0,,0.0,0,,0.0,0,,0.0,0,,0.0,0,,0.0,0,,0.0,0,,0.0,0,,0.0,1,,0.0,0,,0.0,0,,0.0,0,,0.0,0,,0.0,0,,0.0,1.666666667,,0.0,2,,0.0,7,,0.0,0.0,,0.0,0,,0.0,-1,,0.0,999,,0.0,3,,0.0,1,,0.0,2,,0.0,-1,,0.0
Ritual640,0,,0.0,0,,0.0,0,,0.0,0,,0.0,0,,0.0,0,,0.0,0,,0.0,0,,0.0,0,,0.0,0,,0.0,1,,0.0,0,,0.0,0,,0.0,0,,0.0,0,,0.0,2,,0.0,3,,0.0,0,,0.0,1,,0.0,1,,0.0,0,,0.0,0,,0.0,0,,0.0,0,,0.0,0,,0.0,7,,0.0,6,,0.0,0,,0.0,0,,0.0,0,,0.0,0,,0.0,0,,0.0,0,,0.0,0,,0.0,0,,0.0,0,,0.0,0,,0.0,0,,0.0,0,,0.0,0,,0.0,0,,0.0,0,,0.0,0,,0.0,0,,0.0,0,,0.0,0,,0.0,0,,0.0,0,,0.0,0,,0.0,0,,0.0,0,,0.0,0,,0.0,0,,0.0,0,,0.0,0,,0.0,0,,0.0,0,,0.0,0,,0.0,0,,0.0,0,,0.0,0,,0.0,0,,0.0,0,,0.0,0,,0.0,0,,0.0,0,,0.0,0,,0.0,0,,0.0,0,,0.0,0,,0.0,0,,0.0,0,,0.0,0,,0.0,0,,0.0,0,,0.0,0,,0.0,0,,0.0,0,,0.0,0,,0.0,0,,0.0,0,,0.0,0,,0.0,1,,0.0,0,,0.0,0,,0.0,0,,0.0,0,,0.0,1,,0.0,0,,0.0,0,,0.0,0,,0.0,0,,0.0,0,,0.0,0,,0.0,0,,0.0,0,,0.0,0,,0.0,0,,0.0,0,,0.0,0,,0.0,0,,0.0,0,,0.0,0,,0.0,0,,0.0,1.0,,0.0,1,,0.0,7,,0.0,0.0,,0.0,0,,0.0,-1,,0.0,999,,0.0,3,,0.0,1,,0.0,2,,0.0,-1,,0.0
Ritual641,1,,0.0,0,,0.0,0,,0.0,0,,0.0,0,,0.0,0,,0.0,0,,0.0,0,,0.0,0,,0.0,0,,0.0,0,,0.0,0,,0.0,0,,0.0,0,,0.0,0,,0.0,2,,0.0,3,,0.0,0,,0.0,1,,0.0,1,,0.0,0,,0.0,0,,0.0,0,,0.0,0,,0.0,0,,0.0,7,,0.0,6,,0.0,0,,0.0,0,,0.0,0,,0.0,0,,0.0,0,,0.0,0,,0.0,0,,0.0,0,,0.0,0,,0.0,0,,0.0,0,,0.0,0,,0.0,0,,0.0,0,,0.0,0,,0.0,0,,0.0,0,,0.0,0,,0.0,0,,0.0,0,,0.0,0,,0.0,0,,0.0,0,,0.0,0,,0.0,0,,0.0,0,,0.0,0,,0.0,0,,0.0,0,,0.0,0,,0.0,0,,0.0,0,,0.0,0,,0.0,0,,0.0,0,,0.0,0,,0.0,0,,0.0,0,,0.0,0,,0.0,0,,0.0,0,,0.0,0,,0.0,0,,0.0,0,,0.0,0,,0.0,0,,0.0,0,,0.0,0,,0.0,0,,0.0,0,,0.0,0,,0.0,0,,0.0,0,,0.0,0,,0.0,0,,0.0,0,,0.0,0,,0.0,0,,0.0,0,,0.0,0,,0.0,1,,0.0,0,,0.0,0,,0.0,0,,0.0,0,,0.0,0,,0.0,0,,0.0,0,,0.0,0,,0.0,0,,0.0,0,,0.0,1,,0.0,0,,0.0,0,,0.0,0,,0.0,0,,0.0,0,,0.0,1.333333333,,0.0,2,,0.0,7,,0.0,0.0,,0.0,0,,0.0,-1,,0.0,2,,0.0,3,,0.0,1,,0.0,2,,0.0,-1,,0.0
Ritual642,1,,0.0,0,,0.0,0,,0.0,0,,0.0,0,,0.0,0,,0.0,0,,0.0,0,,0.0,0,,0.0,0,,0.0,0,,0.0,0,,0.0,0,,0.0,0,,0.0,0,,0.0,3,,0.0,3,,0.0,0,,0.0,1,,0.0,1,,0.0,1,,0.0,0,,0.0,0,,0.0,0,,0.0,1,,0.0,7,,0.0,6,,0.0,1,,0.0,1,,0.0,1,,0.0,0,,0.0,0,,0.0,0,,0.0,0,,0.0,0,,0.0,1,,0.0,0,,0.0,0,,0.0,0,,0.0,0,,0.0,0,,0.0,0,,0.0,0,,0.0,0,,0.0,0,,0.0,0,,0.0,0,,0.0,0,,0.0,0,,0.0,0,,0.0,0,,0.0,0,,0.0,0,,0.0,0,,0.0,0,,0.0,0,,0.0,0,,0.0,0,,0.0,0,,0.0,0,,0.0,0,,0.0,0,,0.0,0,,0.0,0,,0.0,0,,0.0,0,,0.0,0,,0.0,0,,0.0,0,,0.0,0,,0.0,0,,0.0,0,,0.0,0,,0.0,0,,0.0,0,,0.0,0,,0.0,0,,0.0,0,,0.0,0,,0.0,0,,0.0,0,,0.0,0,,0.0,0,,0.0,0,,0.0,0,,0.0,0,,0.0,0,,0.0,1,,0.0,0,,0.0,0,,0.0,0,,0.0,0,,0.0,0,,0.0,0,,0.0,0,,0.0,0,,0.0,0,,0.0,0,,0.0,1,,0.0,0,,0.0,0,,0.0,0,,0.0,0,,0.0,0,,0.0,2.0,,0.0,3,,0.0,7,,0.0,1.666666667,,0.0,0,,0.0,7,,0.0,3,,0.0,999,,0.0,1,,0.0,2,,0.0,-1,,0.0
Ritual643,1,,0.0,0,,0.0,0,,0.0,0,,0.0,0,,0.0,0,,0.0,0,,0.0,0,,0.0,0,,0.0,0,,0.0,0,,0.0,0,,0.0,0,,0.0,0,,0.0,0,,0.0,3,,0.0,3,,0.0,0,,0.0,1,,0.0,1,,0.0,0,,0.0,0,,0.0,0,,0.0,0,,0.0,1,,0.0,7,,0.0,6,,0.0,0,,0.0,0,,0.0,0,,0.0,0,,0.0,0,,0.0,0,,0.0,0,,0.0,0,,0.0,1,,0.0,0,,0.0,0,,0.0,0,,0.0,0,,0.0,0,,0.0,1,,0.0,0,,0.0,0,,0.0,0,,0.0,0,,0.0,0,,0.0,0,,0.0,0,,0.0,0,,0.0,0,,0.0,0,,0.0,0,,0.0,0,,0.0,0,,0.0,0,,0.0,0,,0.0,0,,0.0,0,,0.0,0,,0.0,0,,0.0,0,,0.0,0,,0.0,0,,0.0,0,,0.0,0,,0.0,0,,0.0,0,,0.0,0,,0.0,0,,0.0,0,,0.0,0,,0.0,0,,0.0,0,,0.0,0,,0.0,0,,0.0,0,,0.0,0,,0.0,0,,0.0,0,,0.0,0,,0.0,0,,0.0,0,,0.0,0,,0.0,0,,0.0,0,,0.0,0,,0.0,1,,0.0,0,,0.0,0,,0.0,0,,0.0,0,,0.0,0,,0.0,0,,0.0,0,,0.0,0,,0.0,0,,0.0,0,,0.0,1,,0.0,0,,0.0,0,,0.0,0,,0.0,0,,0.0,0,,0.0,1.666666667,,0.0,2,,0.0,7,,0.0,0.0,,0.0,0,,0.0,-1,,0.0,2,,0.0,999,,0.0,1,,0.0,2,,0.0,-1,,0.0
Ritual644,0,,0.0,0,,0.0,0,,0.0,0,,0.0,0,,0.0,0,,0.0,0,,0.0,0,,0.0,0,,0.0,0,,0.0,0,,0.0,0,,0.0,0,,0.0,0,,0.0,0,,0.0,2,,0.0,3,,0.0,0,,0.0,1,,0.0,1,,0.0,0,,0.0,0,,0.0,0,,0.0,0,,0.0,1,,0.0,999,,0.0,5,,0.0,0,,0.0,0,,0.0,0,,0.0,0,,0.0,0,,0.0,0,,0.0,0,,0.0,0,,0.0,0,,0.0,0,,0.0,0,,0.0,0,,0.0,0,,0.0,0,,0.0,0,,0.0,0,,0.0,0,,0.0,0,,0.0,0,,0.0,0,,0.0,0,,0.0,0,,0.0,0,,0.0,0,,0.0,0,,0.0,0,,0.0,0,,0.0,0,,0.0,0,,0.0,0,,0.0,0,,0.0,0,,0.0,0,,0.0,0,,0.0,0,,0.0,0,,0.0,0,,0.0,0,,0.0,0,,0.0,0,,0.0,0,,0.0,0,,0.0,0,,0.0,0,,0.0,0,,0.0,0,,0.0,0,,0.0,0,,0.0,0,,0.0,0,,0.0,0,,0.0,0,,0.0,0,,0.0,0,,0.0,0,,0.0,0,,0.0,0,,0.0,0,,0.0,0,,0.0,0,,0.0,0,,0.0,0,,0.0,0,,0.0,0,,0.0,0,,0.0,0,,0.0,0,,0.0,0,,0.0,0,,0.0,0,,0.0,0,,0.0,1,,0.0,0,,0.0,0,,0.0,0,,0.0,0,,0.0,0,,0.0,2.0,,0.0,3,,0.0,7,,0.0,0.0,,0.0,0,,0.0,-1,,0.0,999,,0.0,999,,0.0,1,,0.0,2,,0.0,-1,,0.0
Ritual645,0,,0.0,0,,0.0,0,,0.0,0,,0.0,1,,0.0,0,,0.0,0,,0.0,0,,0.0,0,,0.0,0,,0.0,0,,0.0,0,,0.0,0,,0.0,0,,0.0,0,,0.0,3,,0.0,3,,0.0,0,,0.0,1,,0.0,1,,0.0,0,,0.0,0,,0.0,0,,0.0,0,,0.0,0,,0.0,999,,0.0,5,,0.0,0,,0.0,1,,0.0,0,,0.0,0,,0.0,0,,0.0,0,,0.0,0,,0.0,0,,0.0,1,,0.0,0,,0.0,0,,0.0,0,,0.0,0,,0.0,0,,0.0,1,,0.0,0,,0.0,0,,0.0,0,,0.0,0,,0.0,0,,0.0,0,,0.0,0,,0.0,1,,0.0,0,,0.0,0,,0.0,0,,0.0,0,,0.0,0,,0.0,0,,0.0,0,,0.0,0,,0.0,0,,0.0,0,,0.0,0,,0.0,0,,0.0,0,,0.0,0,,0.0,0,,0.0,0,,0.0,0,,0.0,0,,0.0,0,,0.0,0,,0.0,0,,0.0,0,,0.0,0,,0.0,0,,0.0,0,,0.0,0,,0.0,0,,0.0,0,,0.0,0,,0.0,0,,0.0,0,,0.0,0,,0.0,0,,0.0,0,,0.0,0,,0.0,1,,0.0,0,,0.0,0,,0.0,0,,0.0,0,,0.0,0,,0.0,0,,0.0,0,,0.0,0,,0.0,0,,0.0,0,,0.0,0,,0.0,0,,0.0,0,,0.0,0,,0.0,0,,0.0,0,,0.0,0,,0.0,0,,0.0,2.333333333,,0.0,3,,0.0,7,,0.0,0.0,,0.0,0,,0.0,-1,,0.0,999,,0.0,3,,0.0,1,,0.0,2,,0.0,-1,,0.0
Ritual646,0,,0.0,0,,0.0,0,,0.0,0,,0.0,0,,0.0,0,,0.0,0,,0.0,0,,0.0,0,,0.0,0,,0.0,0,,0.0,0,,0.0,0,,0.0,0,,0.0,0,,0.0,2,,0.0,3,,0.0,0,,0.0,1,,0.0,1,,0.0,0,,0.0,0,,0.0,0,,0.0,0,,0.0,0,,0.0,5,,0.0,5,,0.0,0,,0.0,0,,0.0,0,,0.0,0,,0.0,0,,0.0,0,,0.0,0,,0.0,0,,0.0,0,,0.0,0,,0.0,1,,0.0,0,,0.0,1,,0.0,0,,0.0,1,,0.0,0,,0.0,0,,0.0,0,,0.0,0,,0.0,0,,0.0,0,,0.0,0,,0.0,0,,0.0,0,,0.0,0,,0.0,0,,0.0,0,,0.0,0,,0.0,0,,0.0,0,,0.0,0,,0.0,0,,0.0,0,,0.0,0,,0.0,0,,0.0,0,,0.0,0,,0.0,0,,0.0,0,,0.0,0,,0.0,0,,0.0,0,,0.0,0,,0.0,0,,0.0,0,,0.0,0,,0.0,0,,0.0,0,,0.0,0,,0.0,0,,0.0,0,,0.0,0,,0.0,0,,0.0,0,,0.0,0,,0.0,1,,0.0,0,,0.0,0,,0.0,0,,0.0,0,,0.0,0,,0.0,0,,0.0,0,,0.0,0,,0.0,0,,0.0,0,,0.0,0,,0.0,0,,0.0,0,,0.0,0,,0.0,1,,0.0,1,,0.0,1,,0.0,0,,0.0,0,,0.0,0,,0.0,0,,0.0,1.0,,0.0,2,,0.0,7,,0.0,0.0,,0.0,0,,0.0,-1,,0.0,999,,0.0,999,,0.0,1,,0.0,2,,0.0,-1,,0.0
Ritual647,0,,0.0,0,,0.0,0,,0.0,1,,0.0,0,,0.0,0,,0.0,0,,0.0,0,,0.0,0,,0.0,0,,0.0,0,,0.0,0,,0.0,0,,0.0,0,,0.0,0,,0.0,2,,0.0,3,,0.0,0,,0.0,0,,0.0,0,,0.0,1,,0.0,0,,0.0,0,,0.0,0,,0.0,0,,0.0,999,,0.0,5,,0.0,0,,0.0,1,,0.0,1,,0.0,0,,0.0,0,,0.0,0,,0.0,0,,0.0,0,,0.0,1,,0.0,0,,0.0,0,,0.0,0,,0.0,0,,0.0,0,,0.0,0,,0.0,0,,0.0,0,,0.0,0,,0.0,0,,0.0,0,,0.0,0,,0.0,0,,0.0,0,,0.0,0,,0.0,0,,0.0,0,,0.0,0,,0.0,0,,0.0,0,,0.0,0,,0.0,0,,0.0,0,,0.0,0,,0.0,0,,0.0,0,,0.0,0,,0.0,0,,0.0,0,,0.0,0,,0.0,0,,0.0,0,,0.0,0,,0.0,0,,0.0,0,,0.0,0,,0.0,0,,0.0,0,,0.0,0,,0.0,0,,0.0,0,,0.0,0,,0.0,0,,0.0,0,,0.0,0,,0.0,0,,0.0,0,,0.0,0,,0.0,0,,0.0,0,,0.0,0,,0.0,1,,0.0,0,,0.0,0,,0.0,0,,0.0,0,,0.0,0,,0.0,0,,0.0,0,,0.0,0,,0.0,0,,0.0,0,,0.0,0,,0.0,0,,0.0,0,,0.0,0,,0.0,0,,0.0,0,,0.0,2.0,,0.0,2,,0.0,7,,0.0,0.0,,0.0,0,,0.0,-1,,0.0,999,,0.0,999,,0.0,1,,0.0,1,,0.0,-1,,0.0
Ritual648,0,,0.0,0,,0.0,0,,0.0,1,,0.0,0,,0.0,0,,0.0,0,,0.0,0,,0.0,0,,0.0,0,,0.0,0,,0.0,0,,0.0,0,,0.0,0,,0.0,0,,0.0,2,,0.0,3,,0.0,0,,0.0,0,,0.0,0,,0.0,0,,0.0,1,,0.0,0,,0.0,0,,0.0,0,,0.0,999,,0.0,5,,0.0,0,,0.0,0,,0.0,0,,0.0,0,,0.0,0,,0.0,0,,0.0,0,,0.0,0,,0.0,0,,0.0,0,,0.0,0,,0.0,0,,0.0,0,,0.0,0,,0.0,0,,0.0,0,,0.0,0,,0.0,0,,0.0,0,,0.0,0,,0.0,0,,0.0,0,,0.0,0,,0.0,0,,0.0,0,,0.0,0,,0.0,0,,0.0,0,,0.0,0,,0.0,0,,0.0,0,,0.0,0,,0.0,0,,0.0,0,,0.0,0,,0.0,0,,0.0,0,,0.0,0,,0.0,0,,0.0,0,,0.0,0,,0.0,0,,0.0,0,,0.0,0,,0.0,0,,0.0,0,,0.0,0,,0.0,0,,0.0,0,,0.0,0,,0.0,0,,0.0,0,,0.0,0,,0.0,0,,0.0,0,,0.0,1,,0.0,0,,0.0,0,,0.0,0,,0.0,0,,0.0,0,,0.0,0,,0.0,0,,0.0,0,,0.0,1,,0.0,0,,0.0,0,,0.0,0,,0.0,0,,0.0,0,,0.0,0,,0.0,1,,0.0,0,,0.0,0,,0.0,0,,0.0,0,,0.0,0,,0.0,1.666666667,,0.0,2,,0.0,7,,0.0,2.0,,0.0,1,,0.0,7,,0.0,999,,0.0,3,,0.0,1,,0.0,2,,0.0,-1,,0.0
Ritual649,0,,0.0,0,,0.0,0,,0.0,0,,0.0,0,,0.0,0,,0.0,0,,0.0,0,,0.0,0,,0.0,0,,0.0,1,,0.0,0,,0.0,0,,0.0,0,,0.0,0,,0.0,1,,0.0,3,,0.0,0,,0.0,1,,0.0,0,,0.0,1,,0.0,0,,0.0,0,,0.0,0,,0.0,0,,0.0,7,,0.0,6,,0.0,0,,0.0,0,,0.0,0,,0.0,0,,0.0,0,,0.0,0,,0.0,0,,0.0,0,,0.0,0,,0.0,0,,0.0,0,,0.0,1,,0.0,0,,0.0,0,,0.0,0,,0.0,0,,0.0,0,,0.0,0,,0.0,0,,0.0,0,,0.0,0,,0.0,0,,0.0,0,,0.0,0,,0.0,0,,0.0,0,,0.0,0,,0.0,0,,0.0,0,,0.0,0,,0.0,0,,0.0,0,,0.0,0,,0.0,0,,0.0,0,,0.0,0,,0.0,0,,0.0,0,,0.0,0,,0.0,0,,0.0,0,,0.0,0,,0.0,0,,0.0,0,,0.0,0,,0.0,0,,0.0,0,,0.0,0,,0.0,0,,0.0,0,,0.0,0,,0.0,0,,0.0,0,,0.0,0,,0.0,0,,0.0,1,,0.0,0,,0.0,0,,0.0,0,,0.0,0,,0.0,0,,0.0,0,,0.0,0,,0.0,0,,0.0,0,,0.0,0,,0.0,0,,0.0,0,,0.0,0,,0.0,0,,0.0,0,,0.0,0,,0.0,0,,0.0,0,,0.0,0,,0.0,0,,0.0,0,,0.0,1.333333333,,0.0,1,,0.0,7,,0.0,0.0,,0.0,0,,0.0,-1,,0.0,999,,0.0,999,,0.0,1,,0.0,2,,0.0,-1,,0.0
Ritual650,1,,0.0,0,,0.0,0,,0.0,0,,0.0,0,,0.0,0,,0.0,0,,0.0,0,,0.0,0,,0.0,0,,0.0,0,,0.0,0,,0.0,0,,0.0,0,,0.0,0,,0.0,2,,0.0,3,,0.0,0,,0.0,1,,0.0,1,,0.0,0,,0.0,0,,0.0,0,,0.0,0,,0.0,1,,0.0,7,,0.0,6,,0.0,1,,0.0,1,,0.0,0,,0.0,0,,0.0,0,,0.0,0,,0.0,0,,0.0,0,,0.0,1,,0.0,1,,0.0,0,,0.0,0,,0.0,0,,0.0,0,,0.0,0,,0.0,0,,0.0,0,,0.0,0,,0.0,0,,0.0,0,,0.0,0,,0.0,0,,0.0,0,,0.0,0,,0.0,0,,0.0,0,,0.0,0,,0.0,0,,0.0,0,,0.0,0,,0.0,0,,0.0,0,,0.0,0,,0.0,0,,0.0,0,,0.0,0,,0.0,0,,0.0,0,,0.0,0,,0.0,0,,0.0,0,,0.0,0,,0.0,0,,0.0,0,,0.0,0,,0.0,0,,0.0,0,,0.0,0,,0.0,0,,0.0,0,,0.0,0,,0.0,0,,0.0,0,,0.0,0,,0.0,0,,0.0,0,,0.0,0,,0.0,0,,0.0,0,,0.0,0,,0.0,0,,0.0,0,,0.0,0,,0.0,0,,0.0,0,,0.0,0,,0.0,0,,0.0,0,,0.0,0,,0.0,0,,0.0,0,,0.0,1,,0.0,0,,0.0,0,,0.0,0,,0.0,0,,0.0,0,,0.0,3.333333333,,0.0,3,,0.0,7,,0.0,0.0,,0.0,0,,0.0,-1,,0.0,3,,0.0,999,,0.0,1,,0.0,2,,0.0,-1,,0.0
Ritual651,0,,0.0,0,,0.0,0,,0.0,0,,0.0,0,,0.0,0,,0.0,0,,0.0,0,,0.0,0,,0.0,0,,0.0,1,,0.0,0,,0.0,0,,0.0,0,,0.0,0,,0.0,1,,0.0,3,,0.0,0,,0.0,1,,0.0,1,,0.0,0,,0.0,0,,0.0,0,,0.0,0,,0.0,0,,0.0,7,,0.0,6,,0.0,0,,0.0,0,,0.0,0,,0.0,0,,0.0,0,,0.0,0,,0.0,0,,0.0,0,,0.0,0,,0.0,0,,0.0,0,,0.0,0,,0.0,1,,0.0,0,,0.0,0,,0.0,0,,0.0,0,,0.0,0,,0.0,0,,0.0,0,,0.0,0,,0.0,0,,0.0,0,,0.0,0,,0.0,0,,0.0,0,,0.0,0,,0.0,0,,0.0,0,,0.0,0,,0.0,0,,0.0,0,,0.0,0,,0.0,0,,0.0,0,,0.0,0,,0.0,0,,0.0,0,,0.0,0,,0.0,0,,0.0,0,,0.0,0,,0.0,0,,0.0,0,,0.0,0,,0.0,0,,0.0,0,,0.0,0,,0.0,0,,0.0,0,,0.0,0,,0.0,0,,0.0,0,,0.0,0,,0.0,0,,0.0,0,,0.0,0,,0.0,0,,0.0,0,,0.0,0,,0.0,0,,0.0,0,,0.0,0,,0.0,0,,0.0,0,,0.0,0,,0.0,0,,0.0,0,,0.0,0,,0.0,0,,0.0,0,,0.0,0,,0.0,0,,0.0,0,,0.0,0,,0.0,0,,0.0,0,,0.0,1.333333333,,0.0,1,,0.0,7,,0.0,0.0,,0.0,0,,0.0,-1,,0.0,999,,0.0,999,,0.0,1,,0.0,2,,0.0,-1,,0.0
