ritual_number,ritual_name,feature_label,coder1,coder2,disagreement_type,text_excerpt
Ritual10,Ritual of Assembly,Synchronous Chanting,1,0,Coder1 Only,"Ritual of the Assembly.

The assembly of the tribe meets in a definite place, which thus traditionally represents the center of the social life of the various peoples who make up the tribe. The meetin"
Ritual101,The First Woodland Ceremony,Synchronous Chanting,1,0,Coder1 Only,"The First Woodland Ceremony

Taking them out to the bush (ukufumisha banacisungu mumpanga) . On the seventh day we were all summoned to the hut at about nine in the morning. The banacisungu were bundl"
Ritual107,Seventeeth Day,Synchronous Chanting,0,1,Coder2 Only,"Seventeeth Day The Second Woodland Ceremony

Bringing the girls out of doors (ukubafumya panse) . The day opened with a good deal of discussion and coming and going. I was told this was the day for br"
Ritual12,Ordination of Buddhist Priest,Synchronous Chanting,1,0,Coder1 Only,"For Priests and Nuns.

For these professional workers, there are several grades of initiation. Upon assuming the whole Ten Commandments a young boy was admitted to the Order as an acolyte. He was call"
Ritual126,Prophylactic Exorcism Rite (Shiehtuu),Synchronous Chanting,1,0,Coder1 Only,"Exorcism: The Shiehtuu

When the rite of passing through oil is performed in connection with a god's birthday, it is a prophylactic rite, and its performance is primarily a drama of what the god would"
Ritual134,Sigui Festival,Synchronous Chanting,1,0,Coder1 Only,"Becoming Fully Born: the Sigui

Once every sixty years, the villages in the central part of the Dogon area celebrate the coming of the sigui, an ambulant ritual lasting over five years, in which the l"
Ritual135,Dama Ritual Day 1,Synchronous Chanting,1,0,Coder1 Only,"Celebration of the Dama

First day. — The first day of the Dama is called warsigiri (5). It coincides with that of the Sanga market.

At sunrise the cry of the masks makes itself heard at Songoulou. I"
Ritual140,Feasts,Synchronous Chanting,1,0,Coder1 Only,"Feasts

Every important ceremony is marked by a feast, which is presented by one group to another, divided into shares, and distributed according to rank to both recipients and donors. Feasts vary in "
Ritual146,"Ceremonial Exchanges, Solevu",Synchronous Chanting,0,1,Coder2 Only,"Ceremonial Exchanges

Large competitive ceremonial exchanges ( solevu ) are made according to a definite ceremonial pattern based on the sevusevu rites which were formerly used to make offerings to th"
Ritual15,Yum Chun Yum Sa,Synchronous Chanting,0,1,Coder2 Only,-
Ritual151,The Festival in Memory of the Dead (patapáanomão),Synchronous Chanting,0,1,Coder2 Only,"Religious Festivals

Every year, toward the end of the dry season, March-April, the Surára and Pakidái jointly celebrate the festival in memory of the dead -- patapáanomão -- . It always takes place i"
Ritual152,Magical Cure,Synchronous Chanting,0,1,Coder2 Only,"b) Magic cure ( rekurá ) for Xunamí: c) Magic cure ( rekurá ) for Xanimá:

Xunamí, the young, pretty wife of Kurikayawö, fell ill quite suddenly. She had a high fever, lay apathetically in her hammock"
Ritual161,Jam,Synchronous Chanting,1,0,Coder1 Only,"The followers of all branches of the Cult of Angels have ritual gatherings called Jam, âyini Jam , or Jamkhâna (spelled [unknown]Cemhane in Turkey), in a designated enclosure where holy scripture is r"
Ritual166,Magical Ceremony to Cure Sickness,Synchronous Chanting,1,0,Coder1 Only,"The procedure is always about the same. The medicine-man begins his treatment by spitting and blowing vigorously on the particular spot of the body where the evil is seated, and this action is from ti"
Ritual168,Girka,Synchronous Chanting,1,0,Coder1 Only,"One final point can be made about the social dynamics of cult ritual, and that includes the differentiation and integration of initiates. During the girka ritual the poles of cult leadership are symbo"
Ritual17,"The Family Shamas, the Chunchei or Sanchet",Synchronous Chanting,1,0,Coder1 Only,"The Family Shamas, the Chunchei or Sanchet

Whether these should be called Shamanistic rites at all or not, I am not entirely persuaded, but they seem to be like those of the Family Shamans in Siberia"
Ritual170,"Divination Rite, Agba",Synchronous Chanting,1,0,Coder1 Only,"Agba — Divination Rites

Agba rites are used in divining the source of an affliction, thieves, the outcome of duels, head-hunting and ordeals. There are two forms: (1) the spanning of a stick, and (2)"
Ritual172,Rice Ritual,Synchronous Chanting,1,0,Coder1 Only,"Rice Ritual

The calendar of these rites that follow is based on the rites in Central Ifugao at the time that only one crop a year was raised. Since 1937 the practice of raising two crops a year has s"
Ritual175,General Ritual Elements,Synchronous Chanting,1,0,Coder1 Only,"Of Rites in General

General Ritual Elements. The ritual acts that enter into every complete rite are:

Gonob, the invocation of ancestors or deities by name.

Duyun, charge or “prayer” to the deities"
Ritual182,Fifth Day of the I′pad: The Ala′wit Sacrifice,Synchronous Chanting,1,0,Coder1 Only,"Fifth Day of the I′pad: The Ala′wit Sacrifice

The Ala′wit sacrifice is the complement of the solemn Pa′hang or the I′pad. During the feast a great quantity of rice has been consumed, and now they see"
Ritual195,Momparilangka,Synchronous Chanting,1,0,Coder1 Only,"Momparilangka

Similar to the head-hunting ritual, in many respects was the momparilangka or mompakawurake, an initiation ceremony for girls. According to the first edition the first of these names wa"
Ritual197,Funeral 1,Synchronous Chanting,1,0,Coder1 Only,"Funerals

The Toradja had two funerals, which were separated by a considerable length of time. At the first of these the bodies were placed in temporary huts outside the village; at the second the bon"
Ritual2,Ceremony of the Tongues,Synchronous Chanting,1,0,Coder1 Only,"Ceremony of the Tongues.

While it is obvious from the preceding, that the medicine woman takes her vow at no fixed period in the year, the order of procedure is such that as a rule, she must have tak"
Ritual226,Naming Ceremony,Synchronous Chanting,1,0,Coder1 Only,"The Naming

Early in the morning of the eighth day the formal naming ceremony is performed. As they do for all public gatherings, men and women go separately; the women, in groups formed into single f"
Ritual228,"Ngumri Ashembe, End of Ramadan",Synchronous Chanting,1,0,Coder1 Only,"As the sun set on Tuesday, April 30th, everyone looked closely for the new moon which would mark the beginning of the new month and the end of the fast. The sky was slightly cloudy and the silver of t"
Ritual229,Ngumri Laya (or Salla Laya),Synchronous Chanting,1,0,Coder1 Only,"Another extremely important yearly festival is called Ngum[unknown]ri Laya or Salla Laya. This is the festival at which sacrifice of a ram is made, corresponding to the Hebrew festival of Pesach and t"
Ritual250,The Momtcit Ceremony,Synchronous Chanting,0,1,Coder2 Only,"Until the cessation of Indian warfare, the Momtcit ceremony was celebrated annually in the Wiklavi kiva of Oraibi, in the fall of the year, not long after the close of the women's Marau ritual which g"
Ritual253,Nia Ikar,Synchronous Chanting,1,0,Coder1 Only,"Nia Ikar ('The Way of the Demon') and Demon Attack

According to Holmer & Wassén (1958), Nia Ikar (‘The Way of the Demon’) is a chant used by the Kuna to cure insanity. There are several difficulties "
Ritual254,"Conversing, Apsoket",Synchronous Chanting,0,1,Coder2 Only,"Conversing' (Apsoket)

The longest and most complex of all Kuna curing ceremonies is called Apsoket (‘Conversing’), or Nek Apsoket (‘Conversing with the Place’). It involves the entire community in on"
Ritual255,"Girls' puberty rites, Inna rites",Synchronous Chanting,0,1,Coder2 Only,"Puberty Rites and Festivities

The focus of the third Kuna ritual tradition is an important stage in the life cycle of a woman, puberty. Girls’ puberty rites—called inna rites, after the fermented dri"
Ritual256a,The Day of the Red Dance,Synchronous Chanting,1,0,Coder1 Only,"The 'E-Unoto' Ceremony of the Masai

The cycle of ceremonies connected with the forming of a Masai age set starts with that known as eimpolosata , performed by the members of the age set immediately s"
Ritual257,"The Day of the White Dance, Part 1",Synchronous Chanting,1,0,Coder1 Only,"The second day of e-unoto is called ‘The Day of the White Dance.’ Soon after sunrise the muran went off into the bush to paint their bodies with diatomite. This white, chalklike substance is brought o"
Ritual258,"The Day of the White Dance, Part 2",Synchronous Chanting,1,0,Coder1 Only,"Once painted, the young men formed into two columns, some so yards apart, and marched to the village. Many wore ostrich headdresses and some the lion-mane caps. Around their necks and waists they wore"
Ritual259a,The Day of the Sacred Hut,Synchronous Chanting,1,0,Coder1 Only,"The third day is called ‘The Day of the Sacred Hut.’ During the morning a heifer, a gift to the Ol-Otuno from his father, is driven into the bush and slaughtered. This animal, called ‘The Cow of the R"
Ritual264,Meditation,Synchronous Chanting,1,0,Coder1 Only,"Meditation

One of the skills, intimately linked with beneficial magical power, which greatly increases the store of merit, and which carries great prestige is the concentration in a proper manner: th"
Ritual268,Phapa Ceremony,Synchronous Chanting,1,0,Coder1 Only,"Phapa: The Phapa ceremonies occur from the end of Lent until the harvest season. In 1953, Wat Banghuad received three Phapas. In contrast to all other ceremonies and rituals, the Phapa is the one occa"
Ritual269,Makhabucha Ceremony,Synchronous Chanting,1,0,Coder1 Only,"Makhabucha: The next Buddhist ceremony occurs on the 15th day of the waxing moon of the third month (February), and is known as Makhabucha (see Glossary).

Starting at 9:00 a.m., the monks, in turn, r"
Ritual270,Rice Pagoda Ritual (Khawphrasajkhawphlyag),Synchronous Chanting,1,0,Coder1 Only,"The Rice Pagoda Ritual (Khawphrasajkhawphlyag): This ritual, involving the construction of a rice pagoda, is always held in the third lunar month (February) for a practical reason. The harvesting has "
Ritual271,Wissakhabucha Ceremony,Synchronous Chanting,1,0,Coder1 Only,"Wissakhabucha: Wissakhabucha is celebrated on the 15th day of the waxing moon of the sixth lunar month (May). It is the last Buddhist ceremony prior to Lent, and perhaps the most important insofar as "
Ritual273,Special Ritual of the Wat Artist,Synchronous Chanting,0,1,Coder2 Only,"Special Ritual of the Wat Artist: The wat artist, each time he finishes a set of decorations to be used for the crematory, performs a small ritual. He lights joss-sticks and a candle, then sprinkles h"
Ritual284,Nongkrem Puja,Synchronous Chanting,0,1,Coder2 Only,-
Ritual287,Death Ceremonies,Synchronous Chanting,1,0,Coder1 Only,"Ceremonies Attending Death

The death customs of the Khasis are not only very elaborate, but possess a significance of their own, it is, therefore, necessary to describe them in detail; they are as fo"
Ritual291,NA,Synchronous Chanting,1,0,Coder1 Only,-
Ritual294,False Face Ceremony,Synchronous Chanting,1,0,Coder1 Only,"False Face Ceremony

The False Face Ceremony, which occurs next on the calendar, is called ??ethi[unknown] hsot hena[unknown] d??ui ??athenada[unknown] wenye?? (“grandfathers hunchback they travel,” o"
Ritual299,Six Nations Convention,Synchronous Chanting,1,0,Coder1 Only,"The Six Nations Convention and Gaiwiio

After discussing the calendrical communal cycle and before discussing the shamanistic societies and practices, we must mention another main complex of the Longh"
Ritual31,Burial,Synchronous Chanting,1,0,Coder1 Only,"Death and Burial

THE Serbian peasant will speak quite simply and naturally about his own death, and even make due material preparations for it. The coffin, or at least the materials for it, will ofte"
Ritual310,Ceremonial Collection of Bride Price,Synchronous Chanting,0,1,Coder2 Only,"In most societies the ceremony that marks the start of married life and is called a wedding, usually centers around the groom and the bride and their unification. One would seek such a wedding among t"
Ritual312,Pre-Juwo Ritual,Synchronous Chanting,0,1,Coder2 Only,"ECONOMIC CEREMONIES By far the most spectacular and elaborate Kapauku ceremony is juwo, “the pig feast.” This is a rather protracted affair comprising several major events and innumerable night dancin"
Ritual313,"Juwo, The Pig Feast",Synchronous Chanting,0,1,Coder2 Only,"After this proper initiation the people begin to build the dance house. This has a rectangular floor plan, its dimensions being approximatly 7 by 6 meters. It consists of an elevated spring or jumping"
Ritual318,Mandi Rumah,Synchronous Chanting,1,0,Coder1 Only,"The Dyak Feast Called ""Mandi Rumah""

When a new house has been taken possession of by it's future inmates, certain ceremonies must be gone through to make it habitable, such as the rite making it lawf"
Ritual319,Nyabak Nerengka,Synchronous Chanting,1,0,Coder1 Only,"Dyak Burial Custom

It is necessary first of all to explain what a baya is. Baya are things given to a deceased person. These things are either buried with the deceased or placed on the grave. The bay"
Ritual324,Timang Gawai Amat,Synchronous Chanting,1,0,Coder1 Only,"Timang Gawai Amat

Sather has described the chants accompanying Iban headhunting rituals as being “rich in religious and historical allusion, symbolic metaphor, expressions of social values and shared"
Ritual333,Elegy-Weeping,Synchronous Chanting,1,0,Coder1 Only,"The elegy-weeping. The coldness and insensitivity with which these natives of the Uaupés see any member of the family waste away, even if it is their own father, mother, or child, is striking. The sic"
Ritual348,Iwo Yangen,Synchronous Chanting,1,0,Coder1 Only,"The Iwo Yangen

This was one of the ancient fertility rites that was still practised in the 1930s and which I witnessed in Turan (see Plate XXI). Like the ilyum its object was to overawe or to prevent"
Ritual349,Swende u ombor,Synchronous Chanting,1,0,Coder1 Only,"The Akombo Swende

This akombo is a rite that is performed as a precaution against dangers threatened by the blood-taint, or as a purging of the blood-taint actually incurred that has put the person o"
Ritual35,Blessing of the Water,Synchronous Chanting,1,0,Coder1 Only,"Some Other Seasons

CHRISTMAS and Epiphany were originally one festival, the purpose of which was to commemorate the Birth of Christ. But different reckonings existed as to the date upon which this ev"
Ritual350,Swende u ndor,Synchronous Chanting,1,0,Coder1 Only,"The Akombo Swende

This akombo is a rite that is performed as a precaution against dangers threatened by the blood-taint, or as a purging of the blood-taint actually incurred that has put the person o"
Ritual358,Ñimongaraí,Synchronous Chanting,1,0,Coder1 Only,"Ñimongaraí: Naming Ceremony

If the monthly ñembo’é reaches its peak with the drinking of kãnguijý, the annual religious cycle culminates with the ñimongaraí, the Chiripá’s most important religious ce"
Ritual37,"Final death ceremony (""When we write with ashes"")",Synchronous Chanting,1,0,Coder1 Only,"""When We Write with Ashes""

The final death fiesta is more elaborate than any of the previous ones and ideally should be given at least three years (four years for females) after death but not before "
Ritual38,Curing ritual including yumari dance,Synchronous Chanting,0,1,Coder2 Only,"Curing Rituals

Among the gentiles all major rituals are carried out at the level of the rancho; there is no central location which serves as a community center for ceremonial or other group activitie"
Ritual388,Promoting the Growth of the Breasts,Synchronous Chanting,0,1,Coder2 Only,"Promoting the Growth of the Breasts

To promote the growth of the breasts of a girl, the men assemble at the Ungunja, or men's camp, where they all join in singing long chants, the words of which expr"
Ritual39,Peyote ceremony,Synchronous Chanting,0,1,Coder2 Only,"Shamans and the Peyote Fiesta

The peyote shamans are the most powerful of all. Although they can cure fields and people and conduct ceremonies like other shamans, their specialty is the peyote cure. "
Ritual393,Abo Lese,Synchronous Chanting,1,0,Coder1 Only,"Another important sacrifice is made for the re-opening of the forest ( abo lese or sulia ). Continuously bad hunting may be attributed to the anger of the God of the Undergrowth, caused by some indivi"
Ritual394,Weather Invocation,Synchronous Chanting,1,0,Coder1 Only,"Invocations usually concern the weather (requests for a storm to pass over speedily or to be diverted) and are often accompanied by the blowing of the segbe magic pipe, indicating with the arm the dir"
Ritual395,Food Offering,Synchronous Chanting,1,0,Coder1 Only,All Mbuti are said by Schebesta to offer a portion of food to the God of the Undergrowth. We can take this to apply to the archers. The practice seems to concern only food that has been hunted or gath
Ritual396,"Village Festival, Denbilsia",Synchronous Chanting,0,1,Coder2 Only,"The first of the annual cycle of village festivals was called Denbilsia and was observed after the completion of the clearing of the new swiddens, generally in January to February. Denbilsia was a one"
Ritual397,"Village Festival, Agalmaka",Synchronous Chanting,0,1,Coder2 Only,"The second festival, Agalmaka, was observed after the swiddens had been fired. The festival began with the nokma sacrificing a cock in his own swidden, after which the head of every household in the v"
Ritual398,"Village Festival, Asiroka",Synchronous Chanting,0,1,Coder2 Only,"Before seeds were sown in the swiddens, the Garo would observe the festival called Asiroka. On this occasion the nokma sacrificed a cock at a bamboo altar erected somewhere within the village itself. "
Ritual399,"Village Festival, Miamua",Synchronous Chanting,0,1,Coder2 Only,"Around June to July, when the padi was growing in the swiddens, the Garo would observe a festival called Miamua. This festival lasted only a single day and, during it, the nokma would sacrifice a pig "
Ritual400,"Village Festival, Rongchugala",Synchronous Chanting,0,1,Coder2 Only,"Before they harvested their swidden crops, the villagers would observe the festival called Rongchugala. This usually fell in August. On this occasion the nokma would offer the mite a special dish call"
Ritual401,"Village Festival, Ahaia",Synchronous Chanting,0,1,Coder2 Only,"After the harvest, in September, the Garo villagers observed the festival called Ahaia. On this occasion each household head would prepare a fish for the mite, the offering being made in the farmer’s "
Ritual402,"Village Festival, Wangala",Synchronous Chanting,0,1,Coder2 Only,"The last festival of the annual cycle was Wangala and this was the greatest celebration of them all. It would be observed about a month after Ahaia, at a time when the Garo villagers were completely f"
Ritual413,Birth-related Ceremony,Synchronous Chanting,0,1,Coder2 Only,"When a woman is about to be confined, her husband vows to offer up a sacrifice of a bull, a goat, or a fowl, according to his means, if the child is safely born. The vow is fulfilled immediately after"
Ritual45,Rain Fiesta,Synchronous Chanting,1,0,Coder1 Only,"Rain Fiesta

Since the Tarahumaras are chiefly an agricultural people, most of the native fiestas pertain to the crops and their outcome. The treatment of the fields does not omit the “curing” ceremon"
Ritual48,Dutuburi Dance,Synchronous Chanting,0,1,Coder2 Only,"The men do not dance, but line up on the left side of the chanter as he faces the cross (i.e., the north side of the patio ) and march back and forth with him. They keep themselves wrapped in their bl"
Ritual501,Habi Sanuka,Synchronous Chanting,1,0,Coder1 Only,"The habi sanuka, or festival of the “small rattles,” is a ritual in its own right. It is described by Barral (1957:104) as a theurgic dance, which, celebrated separately, involves a communal meal and "
Ritual520,Procession with Sacred Books,Synchronous Chanting,0,1,Coder2 Only,"Procession with the Sacred Books

A chief is appointed for the performance of the rite. He goes, with 108 men of the village, to the lamasery to borrow the books. The village defrays the expenses of a"
Ritual529,Spirits Expelled from the Villages,Synchronous Chanting,0,1,Coder2 Only,"Spirits Expelled from the Villages

Not only individual families are supposed to be harmed by evil spirits. The entire village may be haunted by spirits, and so every year in wintertime the evil spiri"
Ritual54,Naming Ceremony,Synchronous Chanting,1,0,Coder1 Only,"The ceremony of naming baby boys is very interesting. Early in the morning the family and friends, with the little one coated and ornamented with feathers of crimson and white, accompanied by a priest"
Ritual550,NA,Synchronous Chanting,1,0,Coder1 Only,-
Ritual551,NA,Synchronous Chanting,1,0,Coder1 Only,-
Ritual578,The Rain Ceremony,Synchronous Chanting,1,0,Coder1 Only,"The Rain Ceremony

Ritual finds its most elaborate expression in the ceremony known as cħa-chaac (“bring-rain”). The reasons why this is so have already been indicated (p. 123). The cħa-chaac is not t"
Ritual581,The Novena,Synchronous Chanting,1,0,Coder1 Only,"The Novena

In speaking of the ritual prayers recited in honor of Dios and the santos, the terms “novena,” “ rosario,” and “ rezo” are used almost indiscriminately. When a villager speaks of a “novena"
Ritual584,"Noevna on the Name Day, Novenarios for Patron Saint",Synchronous Chanting,1,0,Coder1 Only,"The Novena

In speaking of the ritual prayers recited in honor of Dios and the santos, the terms “novena,” “ rosario,” and “ rezo” are used almost indiscriminately. When a villager speaks of a “novena"
Ritual609,Prayer Meeting,Synchronous Chanting,0,1,Coder2 Only,"Each week members of Seminole Baptist churches gather for a Mekusvpkv Nere (“Prayer Night”), or as it is glossed in English, Prayer Meeting. Some of the congregations have Prayer Meetings on Friday ev"
Ritual617,Procession,Synchronous Chanting,0,1,Coder2 Only,"The procession begins by bringing the Nebî Musâ banner from the place where it is kept all the year through, called ed-Dâr el-Kbîreh, belonging to the □usênî family, and situated west of the □aram are"
Ritual636,Initial Ceremony to Mung,Synchronous Chanting,1,0,Coder1 Only,"Initial Ceremony to Mung

A sacrifice is performed at Tingbung during the summer season before the tilling of the fields for millet and maize. The sacrifice is performed early in the morning in any pl"
Ritual644,The Common Meal,Synchronous Chanting,1,0,Coder1 Only,"On the last day of the old year all the members of the family, the father and mother, their children, the sons-in-law, the daughters-in-law, and the grandchildren assemble in the house of the family. "
Ritual645,The Ceremonial Figure of the Old Year,Synchronous Chanting,1,0,Coder1 Only,"The Ceremonial Figure of the Old Year

In the afternoon the bong thíng and the mŭn mould some rice into the shape of a figure representing the old year, place the figure on a large, round basket, and "
Ritual646,The Second Day of the New Year,Synchronous Chanting,1,0,Coder1 Only,"The Second Day of the New Year

Very early before dawn all the members of the family take a bath and put on new clothes. Before sunrise they assemble in front of the house altar, and while the head of"
Ritual7,Weather Dance,Synchronous Chanting,0,1,Coder2 Only,"The Weather Dancers.

Early on the fifth day, a booth is built inside the dancing lodge opposite the entrance. A slight excavation about six feet square is made over which is erected a shelter of gree"
Ritual77,Mesa Loqaña (Generaly Propitiatory Rite),Synchronous Chanting,1,0,Coder1 Only,"Generaly Propitiatory Rite, Mesa Loqaña, ""To Offer a Mesa""

Although the antiquity of this ceremony in its present form is uncertain, it seems quite clear that the great majority of the offerings as w"
Ritual90,"Baptism (""Throw the Water"")",Synchronous Chanting,1,0,Coder1 Only,"Baptism

After a month of seclusion when the child is hidden from public view, the soul is expected to have found its place in the child's body. A ceremony called ki'n ha[unknown] (water ceremony) the"
Ritual91,Baptism,Synchronous Chanting,1,0,Coder1 Only,"The church ceremony is followed by another ceremony in the house of the child's parents. As the group returning from the church enters the house, they are greeted with the pat[unknown]o[unknown]tan by"
Ritual94,Ceremonial Drinking,Synchronous Chanting,1,0,Coder1 Only,"Ceremonial Drinking

The full expression of a ceremonial drinking cycle has a number of performance correlates which permit its identification. While it is generally true that ceremonial drinking, in "
Ritual102,Test of Maturity,Synchronous Dancing,1,0,Coder1 Only,"The test of maturity

We crowded into the hut in which the fire had been extinguished preparatory to its ritual relighting later in the day. Two large water pots were set on the floor and into each wa"
Ritual109,Rites of the Last Night,Synchronous Dancing,0,1,Coder2 Only,"Rites of the Last Night

The blind bridegroom

We were called to the initiation hut at about eight o’clock in the evening. A big fire was lit on the hearth and water was already bubbling in three grea"
Ritual122,Am-hang,Synchronous Dancing,1,0,Coder1 Only,"One event that seems quintessentially Lukang is am-hang , a nocturnal procession of deities, mostly Ong Ia, for the purpose of expelling malign influences from an area. It is an occasional rite that c"
Ritual139,Kava Ceremony,Synchronous Dancing,1,0,Coder1 Only,"Kava Ceremony

Kava drinking is part of all important ceremonials. It is indispensable in rites connected with the chief--his death, marriage, circumcision; the reception of a visiting chief; and the "
Ritual157,Curing Ritual,Synchronous Dancing,0,1,Coder2 Only,"Curing

Curing practice lacks the mise en scène of the winter performance held in the figure-decked shaman’s lodge, for it always takes place in the patient’s home. Nevertheless, it must be quite an i"
Ritual164,Tattooing of Girls,Synchronous Dancing,1,0,Coder1 Only,There is one more custom which is practised among many Chaco [unavailable] at the time of puberty and therefore may be considered in this connection — the custom of tattooing . Tattooing is done by th
Ritual168,Girka,Synchronous Dancing,1,0,Coder1 Only,"One final point can be made about the social dynamics of cult ritual, and that includes the differentiation and integration of initiates. During the girka ritual the poles of cult leadership are symbo"
Ritual185,Exorcism,Synchronous Dancing,1,0,Coder1 Only,"Rites of exorcism are usually employed to combat disease, which is almost always thought to be occasioned by sorcery. They are presided over by a witch-doctor or fetish-expert, or by a diviner or, mor"
Ritual205,Molanggo,Synchronous Dancing,1,0,Coder1 Only,"They day before the rice was planted a big feast, molanggo , was given at which a large number of gods and spirits were invoked. It was sometimes said that it served to “bring the anitu and the lamoa "
Ritual23a,"Ritual cleaning of the grove, Baha festival",Synchronous Dancing,1,0,Coder1 Only,"The festival commences with the villagers washing and the priest, the godet or messenger and a few others going down to the grove in the morning to get it ready for the rites. They put up two sheds of"
Ritual243,NA,Synchronous Dancing,0,1,Coder2 Only,-
Ritual250,The Momtcit Ceremony,Synchronous Dancing,1,0,Coder1 Only,"Until the cessation of Indian warfare, the Momtcit ceremony was celebrated annually in the Wiklavi kiva of Oraibi, in the fall of the year, not long after the close of the women's Marau ritual which g"
Ritual282,"Pomblang Festival, Day 1 and 2",Synchronous Dancing,1,0,Coder1 Only,It is being held every year since the days of U Shillong who was supposed to be the founder of original Khyriem State. They celebrate it to perpetuate his memory and pay homage with a view to ensure r
Ritual287,Death Ceremonies,Synchronous Dancing,1,0,Coder1 Only,"Ceremonies Attending Death

The death customs of the Khasis are not only very elaborate, but possess a significance of their own, it is, therefore, necessary to describe them in detail; they are as fo"
Ritual3,Hundred Willow Sweat House,Synchronous Dancing,0,1,Coder2 Only,"The Hundred—Willow Sweathouse.

As stated before, a sweathouse of special form is constructed on the third day. This is said to have originated with Scar-face, it being the house into which he was tak"
Ritual335,Fruit House Ritual,Synchronous Dancing,0,1,Coder2 Only,"In the Pirá-paraná region, the most frequently held communal dance or ritual involves bringing large quantities of wild or cultivated tree-fruit ( He rika ) into the house to the sound of the He instr"
Ritual353,Akombo Agbande,Synchronous Dancing,1,0,Coder1 Only,"The Akombo Agbande

This rite is performed for a woman with child. The ceremony is as follows: The woman kneels on one knee before the performer of the rite. He takes a chicken and he touches her brea"
Ritual354,The Ingbianjol,Synchronous Dancing,1,0,Coder1 Only,"The Akombo Agbande

This rite is performed for a woman with child. The ceremony is as follows: The woman kneels on one knee before the performer of the rite. He takes a chicken and he touches her brea"
Ritual360,Circumcision,Synchronous Dancing,1,0,Coder1 Only,"Circumcision

Though female initiation takes place among the Mandinka and Jola, there is no such ceremony for Wolof women.

Boys are normally circumcised when aged between eight and twelve, though for"
Ritual361,Circumcision-related,Synchronous Dancing,1,0,Coder1 Only,"The first major ceremony in which the whole village is involved occurs with the appearance of a monster ( mam) who comes to “eat” the boys. The monster is heard roaring in the night, and as it approac"
Ritual362,Circumcision-related,Synchronous Dancing,1,0,Coder1 Only,The next major ceremony is the Samba s[unknown]ho which can be witnessed by women. The selbe begin by performing a whipping dance. They parade rhythmically round the s[unknown]chu mam with a long thin
Ritual363,Circumcision-related,Synchronous Dancing,1,0,Coder1 Only,"In the final ceremony, the shed is burnt early in the morning, and the boys are taken off to bathe. They put on new trousers and have their heads shaved into distinctive patterns. Henceforth they are "
Ritual372,Girls' Menstruation Rite,Synchronous Dancing,1,0,Coder1 Only,"The most important of the life cycle ceremonies was the puberty vision quest, performed by girls and boys alike, although girls had additional rites of seclusion and cleansing at the time of their fir"
Ritual379,Ritual to Bring Good Weather,Synchronous Dancing,1,0,Coder1 Only,"Ritual to Bring Good Weather

When bad weather, a snowfall or a rain storm, is threatening to begin or become worse, the counsellor orders that the chowh-toxen (‘water-cease’) rite be performed. In th"
Ritual38,Curing ritual including yumari dance,Synchronous Dancing,0,1,Coder2 Only,"Curing Rituals

Among the gentiles all major rituals are carried out at the level of the rancho; there is no central location which serves as a community center for ceremonial or other group activitie"
Ritual4,NA,Synchronous Dancing,0,1,Coder2 Only,-
Ritual418,Throwing the Firestick,Synchronous Dancing,0,1,Coder2 Only,"Throwing the Firestick

The opening rite of the ritual season is the “throwing of the firestick” (te pe o te potunea). The direction of this event is one of the special duties and privileges of the Ar"
Ritual428,Annual Dova for Rain,Synchronous Dancing,1,0,Coder1 Only,"Prayers at Muslim Shrines

The specific tradition in practiced and lived Islam whereby a person’s prayers to God via a mediator (a [unknown]sehit, hod[unknown]za, or bula ) are believed to be more pow"
Ritual431b,Mevlud,Synchronous Dancing,0,1,Coder2 Only,"Most villages of Skoplje Polje have one day of the year on which they traditionally demonstrate their unity to the outside world. In Moslem villages the occasion is a mevlud, a celebration in honor of"
Ritual432b,Private Mevlud,Synchronous Dancing,0,1,Coder2 Only,"Most villages of Skoplje Polje have one day of the year on which they traditionally demonstrate their unity to the outside world. In Moslem villages the occasion is a mevlud, a celebration in honor of"
Ritual433b,Recital and Chanting of Mevlud Poems,Synchronous Dancing,0,1,Coder2 Only,"Most villages of Skoplje Polje have one day of the year on which they traditionally demonstrate their unity to the outside world. In Moslem villages the occasion is a mevlud, a celebration in honor of"
Ritual437,Sveti Roko,Synchronous Dancing,0,1,Coder2 Only,"The Role of the Church

The historical prominence of Christianity and the Church is very much in evidence. The earliest church remains go back to a Roman occupation of the island. However, the more st"
Ritual449,Indio Bárbaro Procession,Synchronous Dancing,1,0,Coder1 Only,"1/15/88: End of the Christmas season, indio bárbaro procession. This event occurred in the afternoon. The single male dancer wore a black shirt, black pants, and a tight fitting black sweater cap. In "
Ritual463,"Wake, Funeral, and Burial for a Santa Fe Man",Synchronous Dancing,1,0,Coder1 Only,"Wake, Funeral, and Burial for a Santa Fe Man: This was a somber, formal affair in all respects. Death occurred at 1:30 a.m. in the Trujillo hospital, after which the body of the deceased was transferr"
Ritual501,Habi Sanuka,Synchronous Dancing,1,0,Coder1 Only,"The habi sanuka, or festival of the “small rattles,” is a ritual in its own right. It is described by Barral (1957:104) as a theurgic dance, which, celebrated separately, involves a communal meal and "
Ritual505,Wedding; Preliminary Ceremonies,Synchronous Dancing,1,0,Coder1 Only,"Preliminary Ceremonies

According to Hedayat, there must be no basement beneath the room chosen for the contract. The women who are there should not have had any recognized misfortune, should have no "
Ritual509,NA,Synchronous Dancing,1,0,Coder1 Only,-
Ritual52,Là na Ceísd (The Day of the Question),Synchronous Dancing,1,0,Coder1 Only,The Friday of Communion Week is observed as ‘ Là na Ceísd ’ (‘The Day of the Question’). The service takes the form of public discussion of a text or a religious problem. It is extemporary and unrehea
Ritual550,NA,Synchronous Dancing,1,0,Coder1 Only,-
Ritual551,NA,Synchronous Dancing,1,0,Coder1 Only,-
Ritual56,Funerary Proceedings: Death and Funerals,Synchronous Dancing,1,0,Coder1 Only,"Death and Funerals

When a boróro is already not eating and, his condition worsening, the bari has already pronounced death very close, the relatives anoint the entire body with urucú, decorate it wit"
Ritual561,Spirit Possession Ceremony,Synchronous Dancing,1,0,Coder1 Only,"Spirit Possession (Kubandwa)

It is certain that in most societies there has been some form of worship of the supernatural, just as there was spirit worship in Bunyoro.

In Bunyoro the practice of Mba"
Ritual562,Initiation Feast,Synchronous Dancing,1,0,Coder1 Only,Now let us try to understand what takes place during the spirit possession (kubandwa) ceremony. The initiation into the Mbandwa cult was always accompanied by a great deal of feasting. For a household
Ritual586,"Hadz Pach, Novenarios for Patron Saint",Synchronous Dancing,1,0,Coder1 Only,"The ceremony known as hadz pach (“strike the back”) takes place after the corrida ends. At the first jarana the girl-dancers wear men's hats; at the remaining three, they do not. But after the corrida"
Ritual625,Osaka,Synchronous Dancing,1,0,Coder1 Only,"Men are the musicians, and among these a high degree of specialization is observed. In a large village there are likely to be only a few competent drummers, and only a few men who play the small iron-"
Ritual639,Biannual Ceremony of Female pŭ tsho,Synchronous Dancing,1,0,Coder1 Only,"Biannual Ceremony of the Tamgsangmu pŭ tsho

On a fixed date a male member of the pŭ tsho selects a red cock for the ceremony to be celebrated at the beginning of the next season. He cleans the beak a"
Ritual69a,Apo festival,Synchronous Dancing,1,0,Coder1 Only,"Festivals

Many festivals exist among the Akan; their foundations and functions are found in the traditional religion. The Apo[unavailable] festival is celebrated yearly among the Brong; it is a feast"
Ritual70a,Bono Festival; the Yam Festival,Synchronous Dancing,1,0,Coder1 Only,"Festivals

Many festivals exist among the Akan; their foundations and functions are found in the traditional religion. The Apo[unavailable] festival is celebrated yearly among the Brong; it is a feast"
Ritual71a,Monocot Ceremony,Synchronous Dancing,1,0,Coder1 Only,"Festivals

Many festivals exist among the Akan; their foundations and functions are found in the traditional religion. The Apo[unavailable] festival is celebrated yearly among the Brong; it is a feast"
Ritual78,Uiwataki Mesa Loqaña (Animal Increase Rite),Synchronous Dancing,1,0,Coder1 Only,"Animal Increase Rite, uiwataki mesa loqaña, “ To Offer a mesa for the Animals ”

Animal increase rites, in one form or another, are practiced widely by the contemporary Aymara of both Peru and Bolivia"
Ritual8,sun god ceremony,Synchronous Dancing,1,0,Coder1 Only,-
Ritual80,First Fruit Ritual,Synchronous Dancing,1,0,Coder1 Only,"First Fruit Rite, manq'ataki loqaña p'awaqa, “ to make an offering to the food ”

Writing soon after the Conquest, Cieza de León described the potato harvest rite as one of the most important Aymara c"
Ritual81,Divinatory Agricultural Rite,Synchronous Dancing,1,0,Coder1 Only,"A second rite, which does not necessarily require the services of a magician, is performed for the growing potatoes during Carnival. The owner of a field burns coca, llama fat, and q'oa in a ring of m"
Ritual101,The First Woodland Ceremony,Synchronous Generic Movement,1,0,Coder1 Only,"The First Woodland Ceremony

Taking them out to the bush (ukufumisha banacisungu mumpanga) . On the seventh day we were all summoned to the hut at about nine in the morning. The banacisungu were bundl"
Ritual103,Ritual Lighting (?),Synchronous Generic Movement,0,1,Coder2 Only,"On important ritual occasions, such as the ‘warming’ of a new village site, the installation of a chief, a marriage, a death, or the protection rites for a young child, the old fire must be extinguish"
Ritual105,Eleventh Day,Synchronous Generic Movement,1,0,Coder1 Only,"Eleventh Day The Festive Porridge Easting (bwali bwa ukuangala)

I was called in the middle of the morning to see an enormous cooking-pot full of water being set on the fire in the hut of the mother o"
Ritual109,Rites of the Last Night,Synchronous Generic Movement,1,0,Coder1 Only,"Rites of the Last Night

The blind bridegroom

We were called to the initiation hut at about eight o’clock in the evening. A big fire was lit on the hearth and water was already bubbling in three grea"
Ritual113,Rite of Purification,Synchronous Generic Movement,1,0,Coder1 Only,"The purification of the priest.

Since sex intercourse makes it impossible to approach the imipashi or to enter their shrines, the ritual purification of the officiating priest and his wife, after the"
Ritual120a,The Cutting (Kuaq-tng),Synchronous Generic Movement,1,0,Coder1 Only,The most fundamental difference between the hall and the grave is that the grave is where the corpse of the dead person is located. Although an ancestor's soul is said to be present sometimes at the h
Ritual122,Am-hang,Synchronous Generic Movement,1,0,Coder1 Only,"One event that seems quintessentially Lukang is am-hang , a nocturnal procession of deities, mostly Ong Ia, for the purpose of expelling malign influences from an area. It is an occasional rite that c"
Ritual124,Merit-Making / Funeral Rituals (kong-tik),Synchronous Generic Movement,1,0,Coder1 Only,"Fat Thuan is Buried

Ong Thuan had once been the fattest man and the best drinker in Ploughshare, but he developed diabetes in his late forties, becoming too debilitated to do any work. Hence it was n"
Ritual126,Prophylactic Exorcism Rite (Shiehtuu),Synchronous Generic Movement,1,0,Coder1 Only,"Exorcism: The Shiehtuu

When the rite of passing through oil is performed in connection with a god's birthday, it is a prophylactic rite, and its performance is primarily a drama of what the god would"
Ritual128,Spirit Writing Seance,Synchronous Generic Movement,1,0,Coder1 Only,"The Spirit Writing Seance

The whole reason for being of the cult is to communicate with the gods, the representatives of the Jade Emperor's celestial bureaucracy. The gods are not only the source of "
Ritual129,Ritual during pai-pai commemoration of deity,Synchronous Generic Movement,1,0,Coder1 Only,"In midmorning, the lo cu and a few assistants enter the temple of Tho Te Kong to formally invite him and his spouse to come out and enjoy their festival. His consent to being moved about is sought thr"
Ritual130,Ritual to encourage fertility,Synchronous Generic Movement,1,0,Coder1 Only,"God, creator, head of this place,
who changes a bowl of leaves into food,
who changes a bowl of millet into leaves,
God, creator, who changes everything,
The day has passed, God,
the shadow of the eve"
Ritual135,Dama Ritual Day 1,Synchronous Generic Movement,1,0,Coder1 Only,"Celebration of the Dama

First day. — The first day of the Dama is called warsigiri (5). It coincides with that of the Sanga market.

At sunrise the cry of the masks makes itself heard at Songoulou. I"
Ritual139,Kava Ceremony,Synchronous Generic Movement,1,0,Coder1 Only,"Kava Ceremony

Kava drinking is part of all important ceremonials. It is indispensable in rites connected with the chief--his death, marriage, circumcision; the reception of a visiting chief; and the "
Ritual145,First Fruits Ceremony,Synchronous Generic Movement,1,0,Coder1 Only,"First Fruits

The ceremonial presentation pattern is a variation on the one formerly used for the offering of the first fruits of the land ( sevu ni vanua ) to the priest at the god house. Today first"
Ritual151,The Festival in Memory of the Dead (patapáanomão),Synchronous Generic Movement,1,0,Coder1 Only,"Religious Festivals

Every year, toward the end of the dry season, March-April, the Surára and Pakidái jointly celebrate the festival in memory of the dead -- patapáanomão -- . It always takes place i"
Ritual152,Magical Cure,Synchronous Generic Movement,1,0,Coder1 Only,"b) Magic cure ( rekurá ) for Xunamí: c) Magic cure ( rekurá ) for Xanimá:

Xunamí, the young, pretty wife of Kurikayawö, fell ill quite suddenly. She had a high fever, lay apathetically in her hammock"
Ritual154,Rain Magic,Synchronous Generic Movement,1,0,Coder1 Only,"Rain Magic

Although the Surára and Pakidái appreciate rain more than too strong a radiation from the sun , there are occasions when it is not needed, for example, before hunting expeditions or during"
Ritual159,5 Daily Prayers,Synchronous Generic Movement,1,0,Coder1 Only,"As we know, the five pillars of Islam are: The confession of faith, the five daily eulogies of Allah, generally known as the five daily “prayers”, the duty to give aims, the fast in the 9th month, and"
Ritual160,Pilgrimage to Mecca,Synchronous Generic Movement,1,0,Coder1 Only,"We have now reached the fifth and last pillar of Islam, the pilgrimage, in the 12th lunar month. The Coran says in Sure 3, verse 97, that “pilgrimage to the House is a duty unto Allah for mankind, for"
Ritual167,"Purification Ceremony, koyadanattí",Synchronous Generic Movement,1,0,Coder1 Only,"As soon as it became clear that the patient could not recover and that death was imminent, the female relatives of the sick man began loudly to wail and shout. At the same moment as he breathed his la"
Ritual175,General Ritual Elements,Synchronous Generic Movement,1,0,Coder1 Only,"Of Rites in General

General Ritual Elements. The ritual acts that enter into every complete rite are:

Gonob, the invocation of ancestors or deities by name.

Duyun, charge or “prayer” to the deities"
Ritual178,"Third Day of the Ipad. Punhicha′an, the Banquet (A) The Chalo′ng Rite",Synchronous Generic Movement,1,0,Coder1 Only,"Third Day of the Ipad. Punhicha′an, the Banquet (A) The Chalo′ng Rite

Early in the morning, as soon as the landscape is visible ( mati′go chi lu′ta) three men and a boy, — mostly relatives or neighbo"
Ritual18,Chesa (?),Synchronous Generic Movement,1,0,Coder1 Only,"The Care and Feeding of Ancestors

The father's sister is a restless ancestor.
The mother's sister is a restless ancestor.
Ky[unknown] onggi shaman chant

A division of labor bisects the ritual life o"
Ritual182,Fifth Day of the I′pad: The Ala′wit Sacrifice,Synchronous Generic Movement,1,0,Coder1 Only,"Fifth Day of the I′pad: The Ala′wit Sacrifice

The Ala′wit sacrifice is the complement of the solemn Pa′hang or the I′pad. During the feast a great quantity of rice has been consumed, and now they see"
Ritual186,"First Grand Inaugural Act, Ceremony",Synchronous Generic Movement,1,0,Coder1 Only,"On the morning of the day before the ceremony, the village is early astir. Two parties are setting off for a day's expedition. Most of the young men of the village prepare their baskets, fill them wit"
Ritual187,"First Grand Inaugural Act, Charming of the Axes",Synchronous Generic Movement,1,0,Coder1 Only,"After the magician has had his share of fish and the men have rested and eaten their meal, the first magical net of the whole system takes place. All the men bring their axes to the magician, who lays"
Ritual188,"First Grand Inaugural Act, Procession to Gardens",Synchronous Generic Movement,1,0,Coder1 Only,"Early next morning all the men of the village again assemble in front of the magician's but, who, unable to sleep for the excitement of the occasion and the preparations before him, has himself risen "
Ritual189,"Second Grand Inaugural Act, Days 1 and 2",Synchronous Generic Movement,1,0,Coder1 Only,"The Second Grand Inaugural Act: The Ritual Burning of the Gardens

This complex set of gardening activities, to which we shall return presently, is inaugurated by a four-fold magical ceremony. At this"
Ritual19,Ki-je,Synchronous Generic Movement,1,0,Coder1 Only,"Ancestor Worship by the Family Head

While worship of the household gods is the domain of the housewife, ancestor worship devolves upon the family head. From early childhood a first-born male learns t"
Ritual190,"Second Grand Inaugural Act, Day 3",Synchronous Generic Movement,1,0,Coder1 Only,"The rite of the third day, called by the strange name pelaka'ukwa (lit. “dog's excrement”), consists in the planting of a taro. Bagido'u goes to the leywota , accompanied by helpers who carry large bu"
Ritual191,"Second Grand Inaugural Act, Day 4",Synchronous Generic Movement,1,0,Coder1 Only,"On the fourth day a double rite is performed exactly on the spot where the first taro has been planted on the previous day. In the first of these rites, which is called kalimamata , a seed tuber of a "
Ritual192,"Funeral, Phase 1",Synchronous Generic Movement,1,0,Coder1 Only,"Phase 1: Yawari (Crying)

It is a truism that sound, for example, speech, provides a very efficient means of communication. Even the absence of certain sounds can be effective. The sounds that fill a "
Ritual195,Momparilangka,Synchronous Generic Movement,1,0,Coder1 Only,"Momparilangka

Similar to the head-hunting ritual, in many respects was the momparilangka or mompakawurake, an initiation ceremony for girls. According to the first edition the first of these names wa"
Ritual205,Molanggo,Synchronous Generic Movement,1,0,Coder1 Only,"They day before the rice was planted a big feast, molanggo , was given at which a large number of gods and spirits were invoked. It was sometimes said that it served to “bring the anitu and the lamoa "
Ritual217,Minor Potlatch,Synchronous Generic Movement,0,1,Coder2 Only,"The feasting and dancing that preceded the distribution of property might continue for several days. The dancers, dressed in ceremonial blankets or skin clothing, carried rattles, eagle tails, bows, s"
Ritual237,Young Corn Plant Ritual,Synchronous Generic Movement,1,0,Coder1 Only,"Young Corn Plant Ritual

The seed from the sacred ears of corn kept in the bundles was planted in particular mounds. The growth of this corn was carefully watched; and when the stalks reached a height"
Ritual239,Human Sacrifice to the Morning Star,Synchronous Generic Movement,1,0,Coder1 Only,"The Vision and the Capture

The human sacrifice was not carried on every year. Only when a man had a vision of the Morning Star commanding him to do so was it made. It was known by the older people th"
Ritual23a,"Ritual cleaning of the grove, Baha festival",Synchronous Generic Movement,1,0,Coder1 Only,"The festival commences with the villagers washing and the priest, the godet or messenger and a few others going down to the grove in the morning to get it ready for the rites. They put up two sheds of"
Ritual255,"Girls' puberty rites, Inna rites",Synchronous Generic Movement,1,0,Coder1 Only,"Puberty Rites and Festivities

The focus of the third Kuna ritual tradition is an important stage in the life cycle of a woman, puberty. Girls’ puberty rites—called inna rites, after the fermented dri"
Ritual265,Funeral,Synchronous Generic Movement,1,0,Coder1 Only,"The most important festivity for any person is his cremation, as distinct from his death. Except for special emergencies, the two are ordinarily separated by a time span varying from one hundred days "
Ritual267,Kathin Ceremony,Synchronous Generic Movement,1,0,Coder1 Only,"Thaud Kathin: This is the first post-Lenten festival and is one of the largest and gayest. Though most major wat ceremonies fall on the 15th day of the waxing or waning moon—holy days, Thaud Kathin ta"
Ritual268,Phapa Ceremony,Synchronous Generic Movement,1,0,Coder1 Only,"Phapa: The Phapa ceremonies occur from the end of Lent until the harvest season. In 1953, Wat Banghuad received three Phapas. In contrast to all other ceremonies and rituals, the Phapa is the one occa"
Ritual269,Makhabucha Ceremony,Synchronous Generic Movement,1,0,Coder1 Only,"Makhabucha: The next Buddhist ceremony occurs on the 15th day of the waxing moon of the third month (February), and is known as Makhabucha (see Glossary).

Starting at 9:00 a.m., the monks, in turn, r"
Ritual270,Rice Pagoda Ritual (Khawphrasajkhawphlyag),Synchronous Generic Movement,1,0,Coder1 Only,"The Rice Pagoda Ritual (Khawphrasajkhawphlyag): This ritual, involving the construction of a rice pagoda, is always held in the third lunar month (February) for a practical reason. The harvesting has "
Ritual271,Wissakhabucha Ceremony,Synchronous Generic Movement,1,0,Coder1 Only,"Wissakhabucha: Wissakhabucha is celebrated on the 15th day of the waxing moon of the sixth lunar month (May). It is the last Buddhist ceremony prior to Lent, and perhaps the most important insofar as "
Ritual273,Special Ritual of the Wat Artist,Synchronous Generic Movement,1,0,Coder1 Only,"Special Ritual of the Wat Artist: The wat artist, each time he finishes a set of decorations to be used for the crematory, performs a small ritual. He lights joss-sticks and a candle, then sprinkles h"
Ritual282,"Pomblang Festival, Day 1 and 2",Synchronous Generic Movement,1,0,Coder1 Only,It is being held every year since the days of U Shillong who was supposed to be the founder of original Khyriem State. They celebrate it to perpetuate his memory and pay homage with a view to ensure r
Ritual285,The Rooster Sacrifice,Synchronous Generic Movement,1,0,Coder1 Only,-
Ritual286,Naming of the Child Ceremony,Synchronous Generic Movement,1,0,Coder1 Only,"Ceremonies and Customs Attending Birth and Naming of Children

The Khasi birth ceremonies and customs are as follows:-- When a child is born the umbilical cord is cut by a sharp splinter of bamboo; no"
Ritual292,NA,Synchronous Generic Movement,1,0,Coder1 Only,-
Ritual296,Funeral,Synchronous Generic Movement,0,1,Coder2 Only,"Death of a Common Member

Introduction. The Ohgi[unknown] we is the only ceremony dedicated to all the dead of the nation collectively, and the rest of the observances discussed here concern either an"
Ritual299,Six Nations Convention,Synchronous Generic Movement,1,0,Coder1 Only,"The Six Nations Convention and Gaiwiio

After discussing the calendrical communal cycle and before discussing the shamanistic societies and practices, we must mention another main complex of the Longh"
Ritual3,Hundred Willow Sweat House,Synchronous Generic Movement,1,0,Coder1 Only,"The Hundred—Willow Sweathouse.

As stated before, a sweathouse of special form is constructed on the third day. This is said to have originated with Scar-face, it being the house into which he was tak"
Ritual300,Funeral,Synchronous Generic Movement,1,0,Coder1 Only,"Funerary Customs and Religious Symbolism Among the Kogi

Near the Caribbean seaboard in the northern lowlands of Colombia rises an isolated mountain massif, the Sierra Nevada de Santa Marta. At the ti"
Ritual303,Annual Ceremonies of the Dances of the Masks,Synchronous Generic Movement,0,1,Coder2 Only,"We shall now see how these annual ceremonies of the dances of the masks are performed. Once the day for the beginning of the ceremony has been determined by divination, the whole town is cleaned, and "
Ritual310,Ceremonial Collection of Bride Price,Synchronous Generic Movement,0,1,Coder2 Only,"In most societies the ceremony that marks the start of married life and is called a wedding, usually centers around the groom and the bride and their unification. One would seek such a wedding among t"
Ritual312,Pre-Juwo Ritual,Synchronous Generic Movement,0,1,Coder2 Only,"ECONOMIC CEREMONIES By far the most spectacular and elaborate Kapauku ceremony is juwo, “the pig feast.” This is a rather protracted affair comprising several major events and innumerable night dancin"
Ritual330,The Rice Harvest,Synchronous Generic Movement,1,0,Coder1 Only,"The Rie Harvest

When the rice ripens and is nearly ready to harvest, the introductory rites of matah padi take place. The tuai burong and family heads sit on a mat ( tikai ) at a point on the farm tr"
Ritual335,Fruit House Ritual,Synchronous Generic Movement,0,1,Coder2 Only,"In the Pirá-paraná region, the most frequently held communal dance or ritual involves bringing large quantities of wild or cultivated tree-fruit ( He rika ) into the house to the sound of the He instr"
Ritual336,Dance at the Fruit House,Synchronous Generic Movement,0,1,Coder2 Only,"The Dance

The overall pattern of the dance, consisting of a series of dance sets interspersed with sessions of chanting, is set out in table 2. What follows is a short account of the dance taken as a"
Ritual34,Slava ceremony,Synchronous Generic Movement,1,0,Coder1 Only,"The Slava

THE Slava is exclusively a Serbian custom. It is not found even among the Croats and Bulgars. There is a proverb which runs, “Where there is Slava, there is the Serb” (Gde je slava, tu je S"
Ritual344,Senda Hwav,Synchronous Generic Movement,1,0,Coder1 Only,"Senda Hwav

This is a ceremony for “closing the fontanelle.” It is particularly popular in Iharev, but it is found throughout those areas of Tivland where we have worked. This ceremony is related to t"
Ritual351,Itembe Mku,Synchronous Generic Movement,1,0,Coder1 Only,"The Itimbe Mku

Outside most compounds near a path on the eastward side of the hamlet are to be seen rows of small posts of hardwood ( gbaye ) with the pointed or rounded tops, the male and female sym"
Ritual353,Akombo Agbande,Synchronous Generic Movement,1,0,Coder1 Only,"The Akombo Agbande

This rite is performed for a woman with child. The ceremony is as follows: The woman kneels on one knee before the performer of the rite. He takes a chicken and he touches her brea"
Ritual354,The Ingbianjol,Synchronous Generic Movement,1,0,Coder1 Only,"The Akombo Agbande

This rite is performed for a woman with child. The ceremony is as follows: The woman kneels on one knee before the performer of the rite. He takes a chicken and he touches her brea"
Ritual36,Death ritual (first formal offerings),Synchronous Generic Movement,1,0,Coder1 Only,"Minor Death Rituals

The first formal offerings for the dead coincide with the conclusion of their journey across the face of the earth, three or four days after death. The women of the household, som"
Ritual37,"Final death ceremony (""When we write with ashes"")",Synchronous Generic Movement,1,0,Coder1 Only,"""When We Write with Ashes""

The final death fiesta is more elaborate than any of the previous ones and ideally should be given at least three years (four years for females) after death but not before "
Ritual370,Mitewie Ceremony,Synchronous Generic Movement,0,1,Coder2 Only,"The Mitewie Ceremony

The Mitewie is a mysterious ceremony, rather of the nature of our Free Masonry, but with this remarkable difference that both sexes are equally admitted as members. Those who put"
Ritual379,Ritual to Bring Good Weather,Synchronous Generic Movement,0,1,Coder2 Only,"Ritual to Bring Good Weather

When bad weather, a snowfall or a rain storm, is threatening to begin or become worse, the counsellor orders that the chowh-toxen (‘water-cease’) rite be performed. In th"
Ritual392,"Nkumbo, Boys Initiation",Synchronous Generic Movement,1,0,Coder1 Only,"Village Initiations and Magic

Of all the ways in which the villagers attempt to assert some kind of control over the BaMbuti, the one which is the most significant, and which they consider to be the "
Ritual393,Abo Lese,Synchronous Generic Movement,1,0,Coder1 Only,"Another important sacrifice is made for the re-opening of the forest ( abo lese or sulia ). Continuously bad hunting may be attributed to the anger of the God of the Undergrowth, caused by some indivi"
Ritual394,Weather Invocation,Synchronous Generic Movement,1,0,Coder1 Only,"Invocations usually concern the weather (requests for a storm to pass over speedily or to be diverted) and are often accompanied by the blowing of the segbe magic pipe, indicating with the arm the dir"
Ritual395,Food Offering,Synchronous Generic Movement,1,0,Coder1 Only,All Mbuti are said by Schebesta to offer a portion of food to the God of the Undergrowth. We can take this to apply to the archers. The practice seems to concern only food that has been hunted or gath
Ritual4,NA,Synchronous Generic Movement,1,0,Coder1 Only,-
Ritual409,Denjaringa Ceremony,Synchronous Generic Movement,1,0,Coder1 Only,"When it has been decided that an illness is either the bimarima or kambépéa, pigs and even cattle may have to be offered in sacrifice for the recovery of the patient; and in the case of a man of wealt"
Ritual422,Sacred Rites of Planting,Synchronous Generic Movement,1,0,Coder1 Only,"The next morning everyone of the yam group had to be awake long before dawn, for this was the day of planting. I was told “the yam is planted in the night” -- a statement too near truth for my comfort"
Ritual429,Friday Prayer,Synchronous Generic Movement,0,1,Coder2 Only,"During my stay in the village some of the prescribed key Islamic rituals, such as Ramadan, were mainly performed and observed by the women. However, some Islamic rituals are “obligatory” for men only "
Ritual43,Native Fiestas,Synchronous Generic Movement,1,0,Coder1 Only,"Native Fiestas

The native fiestas are those which involve the Tarahumara’s daily home life, as contrasted to the church fiestas, which are performed at the church on the Catholic holy days. The disti"
Ritual438,Return of Statue Procession,Synchronous Generic Movement,1,0,Coder1 Only,"One week after the Patron Saint’s day when the statue was brought down the hill to spend a week in the great church, there is a processional to return the statue to its church. This begins with he lat"
Ritual439,NA,Synchronous Generic Movement,1,0,Coder1 Only,-
Ritual44,Curing Fiestas,Synchronous Generic Movement,1,0,Coder1 Only,"Curing Fiestas

In order to illustrate some of the things mentioned before in this chapter, the following fiesta is described in some detail. Although the natives said that this was to be a fiesta for"
Ritual444,Indio Bárbaro Procession,Synchronous Generic Movement,0,1,Coder2 Only,"12/23/82: Beginning of the Christmas season, marked by an indio bárbaro procession. We were awakened at 6:30 a.m. by the sound of drums coming down the street. The procession was led by a man dressed "
Ritual447,New Year's Eve,Synchronous Generic Movement,0,1,Coder2 Only,"12/31/82–1/1/83: New Year's Eve. Punta dances accompanied by singing and drumming were held all night long in the two club salons. At midnight, a candlelight prayer session in Spanish was conducted in"
Ritual448,Día de los Reyes,Synchronous Generic Movement,0,1,Coder2 Only,"1/6/83: Día de los Reyes (Day of the Kings, Epiphany). A coropatillas (chorus of devils) masquerade dance began in the early afternoon. Ten males (seven men, three boys) in costume participated, accom"
Ritual449,Indio Bárbaro Procession,Synchronous Generic Movement,0,1,Coder2 Only,"1/15/88: End of the Christmas season, indio bárbaro procession. This event occurred in the afternoon. The single male dancer wore a black shirt, black pants, and a tight fitting black sweater cap. In "
Ritual45,Rain Fiesta,Synchronous Generic Movement,1,0,Coder1 Only,"Rain Fiesta

Since the Tarahumaras are chiefly an agricultural people, most of the native fiestas pertain to the crops and their outcome. The treatment of the fields does not omit the “curing” ceremon"
Ritual452,Viernes Santo (Event 2),Synchronous Generic Movement,1,0,Coder1 Only,"4/1/83: Viernes Santo (Good Friday). Three events occurred on this day.

2) Santo Entierro (Holy Funeral). This procession began at the church around 4:30 p.m. The focus of the procession was a glass "
Ritual454,Velada for San Antonio,Synchronous Generic Movement,0,1,Coder2 Only,6/12/83: Velada for San Antonio (St. Antony of Padua). The velada began at 6:00 p.m. in the home of a woman who said that she sponsored this event every year. I was told that two other veladas would b
Ritual455,Moros v Cristianos Dance,Synchronous Generic Movement,0,1,Coder2 Only,7/13/83: Moros v Cristianos dance (Moors and Christians). This event occurred around 4:30 p.m. in front of the Catholic church. There were 16 participants and a five-member band. The moros included on
Ritual458,Afternoon Procession for the Virgin del Carmen,Synchronous Generic Movement,1,0,Coder1 Only,"7/16/83: Afternoon procession for the Virgin del Carmen. At 5:00 p.m. four women carried the Virgin out of the church and into the street where another procession formed. The band went first, followed"
Ritual459,Velada for San Miguel,Synchronous Generic Movement,1,0,Coder1 Only,9/27/83: Velada for San Miguel (St. Michael the Archangel). During the day one of my neighbors placed a small metal tray and a picture of San Miguel slaying a dragon on a chair set against the outside
Ritual462,Wake for a Man in Triunfo de la Cruz,Synchronous Generic Movement,0,1,Coder2 Only,Wake for a Man in Triunfo de la Cruz: This ceremony was held for an old man who had died the previous morning. Approximately 150 people attended. The coffin was placed in the living room of the deceas
Ritual463,"Wake, Funeral, and Burial for a Santa Fe Man",Synchronous Generic Movement,0,1,Coder2 Only,"Wake, Funeral, and Burial for a Santa Fe Man: This was a somber, formal affair in all respects. Death occurred at 1:30 a.m. in the Trujillo hospital, after which the body of the deceased was transferr"
Ritual464,Novenas,Synchronous Generic Movement,0,1,Coder2 Only,"Novenas

During the fieldwork, I observed seven novenas although I was only able to attend three of them completely. For the others I was present for the first day (one novena); the ninth day prayer s"
Ritual465,Nightly Prayer Sessions During Novena,Synchronous Generic Movement,0,1,Coder2 Only,"Novenas

During the fieldwork, I observed seven novenas although I was only able to attend three of them completely. For the others I was present for the first day (one novena); the ninth day prayer s"
Ritual467,Chugú,Synchronous Generic Movement,0,1,Coder2 Only,"Chugú and düg□ differ from the preceding rituals in a number of respects. They require the services of a shaman, who helps the living communicate with the spirit who demands these rituals. In both cas"
Ritual469,Araíraguni,Synchronous Generic Movement,0,1,Coder2 Only,"Chugú and düg□ differ from the preceding rituals in a number of respects. They require the services of a shaman, who helps the living communicate with the spirit who demands these rituals. In both cas"
Ritual47,Yumari,Synchronous Generic Movement,1,0,Coder1 Only,"Many of the Tarahumaras-at the present time use the terms dutubúri and yúmari interchangeably. However, a ceremonial dance was performed at the end of most fiestas which was so definite that I describ"
Ritual472,Peyote Rituals,Synchronous Generic Movement,1,0,Coder1 Only,"Mike Kiyaani's Description of Ritual

Before the meeting, the family or the person who wants a meeting asks the road chief to perform it. Either the road chief or the family can set the date. [At this"
Ritual478,Embahi 'Separation' Ceremony,Synchronous Generic Movement,1,0,Coder1 Only,"Initiation Ceremonies

THE course of initiation ceremonies has been already summarized in Chapter VII. Except in reference to the southern tribes, where there are esoteric objects such as the bull-roa"
Ritual481,Jage,Synchronous Generic Movement,0,1,Coder2 Only,"A few days prior to the actual gorukari, or emergence of the widow, the principal man of the village performs an interesting rite called jage or ‘hailing’. Soon after dusk the people of the village ar"
Ritual482,Doru,Synchronous Generic Movement,0,1,Coder2 Only,"A number of people will have assembled to witness this formal reappearance of the widow, or doru. As so often on such occasions one and the same ceremony may suffice for a number of candidates, so tha"
Ritual483,Kasamba,Synchronous Generic Movement,0,1,Coder2 Only,"Ritual and Practice

The singing, drum-beating, and feasting—no very exacting ceremonies—which constitute the chief ritual of the Taro cult, are together known as kasamba. The word is one of those mad"
Ritual486,Kava-Keva Rites,Synchronous Generic Movement,0,1,Coder2 Only,"1. THE “KAVA-KEVA” RITES.—Boninia is an elderly native of Taututu, one of the villages of the Dowai-ia division of the Binandere tribe, on the lower Mamba River. He was a man of no reputation as a mag"
Ritual49,The Wake,Synchronous Generic Movement,1,0,Coder1 Only,"During the night the body is ‘watched’ by male relatives and friends and the closest adult female relatives. At least one of these persons, almost always male, maintains a vigil by the side of the bod"
Ritual494,Special Kava Ceremony Associated with Wedding,Synchronous Generic Movement,0,1,Coder2 Only,"Marriage Ceremony

The patterns governing the marriage ceremony in the village today show a natural blending of the old and the new. This may be best emphasized by outlining the formal marriage ceremo"
Ritual5,Cutting of Sun Pole,Synchronous Generic Movement,1,0,Coder1 Only,"The Dancing Lodge.

The dancing lodge may be said to take its origin on the fourth day, by which time the medicine woman has her tipi in place near its site and the camp circle has been formed. In con"
Ritual50,Lifting and Procession to Chapel,Synchronous Generic Movement,1,0,Coder1 Only,"The 'Lifting' and Procession to Chapel

On the afternoon following the wake, usually at about 4.0 o'clock, relatives and friends in large numbers gather at the house for the ceremony of the ‘lifting’ "
Ritual500,Nahanamu,Synchronous Generic Movement,0,1,Coder2 Only,"The Nahanamu Ritual Complex

The cycle of the nahanamu ritual begins with the priest-shaman's dream, in which the kanobo appears to him during the night and tells him: “I am coming amongst you all. No"
Ritual505,Wedding; Preliminary Ceremonies,Synchronous Generic Movement,1,0,Coder1 Only,"Preliminary Ceremonies

According to Hedayat, there must be no basement beneath the room chosen for the contract. The women who are there should not have had any recognized misfortune, should have no "
Ritual506,Post-Funeral Ceremonies,Synchronous Generic Movement,0,1,Coder2 Only,"Ceremonies Following the Funeral

Nowadays mourning is quite strict, and consists of wearing black: one year for close relatives (except for children who die in infancy), and six months for more dista"
Ritual509,NA,Synchronous Generic Movement,1,0,Coder1 Only,-
Ritual51,Funeral and Burial,Synchronous Generic Movement,1,0,Coder1 Only,"Funeral and Burial

A person whose death occurs on a Thursday or Friday is considered fortunate, for it is usual in such cases to hold the funeral and burial on Sunday morning after the High Mass, for"
Ritual515,Om Mani Rite,Synchronous Generic Movement,1,0,Coder1 Only,"Om Mani Days and Bumkhang

It has been noted that in many villages an additional temple besides the community temple, had been built and dedicated by zealous villagers to a Buddhist deity. Every year,"
Ritual516,Om Mani Rite (Second),Synchronous Generic Movement,1,0,Coder1 Only,"Another quite different Om Mani rite is enacted six times a year by older people, mostly women, members of an Om Mani society, which has a small fund for securing tea and rolls for the devotees. It co"
Ritual517,The Age-Blessing,Synchronous Generic Movement,1,0,Coder1 Only,"The Age-Blessing

Report

Old people, men and women, invite the lama to bless and instruct them. This is a great family festival. It is prepared a long time in advance.

On a certain day acquaintances"
Ritual518,Rites Concerning the Guardian Spirits of the Wealth of the Family,Synchronous Generic Movement,0,1,Coder2 Only,"Rites Concerning the Guardian Spirits of the Wealth of the Family

According to the Monguors, persons who commit injustices are pursued by the guardian spirit of the wealth of the victim of the injust"
Ritual519,Rite of the White Tiger,Synchronous Generic Movement,0,1,Coder2 Only,"Rite of the White Tiger

The most important rite against hail is the one called the Rite of the White Tiger, performed by the shaman. Once in a while a Taoist priest and even a Red lama try to enact i"
Ritual534,The Animal Consecration,Synchronous Generic Movement,0,1,Coder2 Only,"The Animal-Consecration

Report

When the children die, the cattle are stricken, the harvest is battered, or other great misfortunes befall a family, a god is angry. One must appease him. Sometimes th"
Ritual546,Sacrifice,Synchronous Generic Movement,1,0,Coder1 Only,"If the sacrifice is to be a “festival,” the lineage priest brings out the okposi sticks representing the dead and places his ɔfɔ staff upon them; beside these objects he sets the vessel representing h"
Ritual550,NA,Synchronous Generic Movement,1,0,Coder1 Only,-
Ritual551,NA,Synchronous Generic Movement,1,0,Coder1 Only,-
Ritual554,King's Annual Emergence,Synchronous Generic Movement,0,1,Coder2 Only,The climax of the sequence occurs on the following day with the king's annual emergence (ɔfala) from seclusion. He demonstrates that he has survived another year as a living atonement for the sins and
Ritual567,"Punèn Puénégètat, The Initiation of New Members of the Uma",Synchronous Generic Movement,0,1,Coder2 Only,"Punèn Puénégètat, The Initiation of New Members of the Uma

A great event was the initiation of candidates after the building of a new uma. Unless one had gone through this rite, one did not share in "
Ritual575,The Dinner of the Bees,Synchronous Generic Movement,1,0,Coder1 Only,"The Dinner of the Bees

Parallel to the u hanli col ceremony, in both meaning and form, is a ceremony known as u hanli cab (“dinner of the bees”). As the former ceremony is supposed to be performed at"
Ritual578,The Rain Ceremony,Synchronous Generic Movement,1,0,Coder1 Only,"The Rain Ceremony

Ritual finds its most elaborate expression in the ceremony known as cħa-chaac (“bring-rain”). The reasons why this is so have already been indicated (p. 123). The cħa-chaac is not t"
Ritual582,Prayers for the Dead,Synchronous Generic Movement,0,1,Coder2 Only,"Prayers for the Dead

The description given earlier in this chapter of the general social functions of the novena has included also the rezos commemorative of the dead, because in respect to these cha"
Ritual585,"Dza Akab, Novenarios for Patron Saint",Synchronous Generic Movement,0,1,Coder2 Only,"Dza Akab and Hadz Pach

In most of the villages of the Chan Kom region, as for example in X-Kopteil and X-Kalakdzonot, two related ceremonies are practiced which assert the sacred character of the ann"
Ritual590,Pledge of Compadre Relationship,Synchronous Generic Movement,1,0,Coder1 Only,"Baptism

Baptism is a matter of extreme importance; unbaptized children, except the very young, do not exist in Chan Kom. It is a great sorrow to the parents if their child dies unbaptized. A baptized"
Ritual591,Formal Baptism Ceremony,Synchronous Generic Movement,1,0,Coder1 Only,"Baptism

Baptism is a matter of extreme importance; unbaptized children, except the very young, do not exist in Chan Kom. It is a great sorrow to the parents if their child dies unbaptized. A baptized"
Ritual596,"Marriage, Return to the Bridal Party",Synchronous Generic Movement,1,0,Coder1 Only,"Marriage

The ritual of the marriage ceremony is an expression of the fundamental aspect of the marriage relation: a contractual undertaking between two groups of kin. Behind the bride and the bridegr"
Ritual597,Catholic Wedding Ceremony,Synchronous Generic Movement,1,0,Coder1 Only,"Marriage

The ritual of the marriage ceremony is an expression of the fundamental aspect of the marriage relation: a contractual undertaking between two groups of kin. Behind the bride and the bridegr"
Ritual6,Raising Sun Pole,Synchronous Generic Movement,1,0,Coder1 Only,"Raising the Sun Pole.

While the hide is being cut, all the woman who made vows to take some of the tongues come forward to the parfleche placed near the medicinemen and women. Each woman takes one of"
Ritual609,Prayer Meeting,Synchronous Generic Movement,0,1,Coder2 Only,"Each week members of Seminole Baptist churches gather for a Mekusvpkv Nere (“Prayer Night”), or as it is glossed in English, Prayer Meeting. Some of the congregations have Prayer Meetings on Friday ev"
Ritual618,Processions,Synchronous Generic Movement,0,1,Coder2 Only,"Processions

The word “processions” is not used here in the sense of pilgrimages to a welî, as already described above, but only □wâf performed in 8or around a holy place and only on special occasions"
Ritual644,The Common Meal,Synchronous Generic Movement,1,0,Coder1 Only,"On the last day of the old year all the members of the family, the father and mother, their children, the sons-in-law, the daughters-in-law, and the grandchildren assemble in the house of the family. "
Ritual645,The Ceremonial Figure of the Old Year,Synchronous Generic Movement,1,0,Coder1 Only,"The Ceremonial Figure of the Old Year

In the afternoon the bong thíng and the mŭn mould some rice into the shape of a figure representing the old year, place the figure on a large, round basket, and "
Ritual646,The Second Day of the New Year,Synchronous Generic Movement,1,0,Coder1 Only,"The Second Day of the New Year

Very early before dawn all the members of the family take a bath and put on new clothes. Before sunrise they assemble in front of the house altar, and while the head of"
Ritual647,The Initial Ceremony,Synchronous Generic Movement,1,0,Coder1 Only,"The Initial Ceremony

The initial ceremony takes place in the palace grounds at Gangtok. Headed by the priest about twenty men set out from Tingbung and walk to Gangtok. In the palace grounds the Maha"
Ritual648,The Sacrifice of the Yak at the hla thu Shrine,Synchronous Generic Movement,1,0,Coder1 Only,"The Sacrifice of the Yak at the hla thu Shrine

Very early next morning the people from Tingbung gather at hla thu bringing cí and rice, and soon the priest arrives accompanied by the men who have joi"
Ritual650,The Ceremony of Going and Fetching,Synchronous Generic Movement,0,1,Coder2 Only,"In the afternoon of the second day follows the ceremony of ‘going and fetching’ (wra) which is a collective term for what happens to and around the groom. The groom arrives at a certain place, where t"
Ritual66,Healing Ritual,Synchronous Generic Movement,0,1,Coder2 Only,"In healing services it always takes a long time to build up the necessary spiritual or suggestive atmosphere. Singing, long preaching and praying, and at some centres speaking in tongues precedes it. "
Ritual69a,Apo festival,Synchronous Generic Movement,1,0,Coder1 Only,"Festivals

Many festivals exist among the Akan; their foundations and functions are found in the traditional religion. The Apo[unavailable] festival is celebrated yearly among the Brong; it is a feast"
Ritual69b,Apo festival,Synchronous Generic Movement,1,0,Coder1 Only,"Festivals

The only state religious affairs which are public are two annual festivals, the Apo[unavailable] Festival, which usually occurs in March, and the Yam Festival which falls sometime in Octobe"
Ritual70a,Bono Festival; the Yam Festival,Synchronous Generic Movement,1,0,Coder1 Only,"Festivals

Many festivals exist among the Akan; their foundations and functions are found in the traditional religion. The Apo[unavailable] festival is celebrated yearly among the Brong; it is a feast"
Ritual70b,Bono Festival; the Yam Festival,Synchronous Generic Movement,1,0,Coder1 Only,"Festivals

The only state religious affairs which are public are two annual festivals, the Apo[unavailable] Festival, which usually occurs in March, and the Yam Festival which falls sometime in Octobe"
Ritual71a,Monocot Ceremony,Synchronous Generic Movement,1,0,Coder1 Only,"Festivals

Many festivals exist among the Akan; their foundations and functions are found in the traditional religion. The Apo[unavailable] festival is celebrated yearly among the Brong; it is a feast"
Ritual71b,Monocot Ceremony,Synchronous Generic Movement,1,0,Coder1 Only,"Festivals

The only state religious affairs which are public are two annual festivals, the Apo[unavailable] Festival, which usually occurs in March, and the Yam Festival which falls sometime in Octobe"
Ritual73,Rainmaking Ritual,Synchronous Generic Movement,1,0,Coder1 Only,"Of the public weather-controlling rites performed by the white magician ( paqo ), the rain ceremony held in times of drought in Chucuito is perhaps the most elaborate. The community engages a paqo thr"
Ritual74,Coqela Ritual,Synchronous Generic Movement,1,0,Coder1 Only,"The [unknown]coqela ceremony is performed regularly by the Peruvian Aymara in Ichu, Chucuito, and Juli and is also held, according to Bandelier, in western Bolivia (Bandelier, 1910, p. 103). Although "
Ritual75,Alasita,Synchronous Generic Movement,1,0,Coder1 Only,"A festival, called alasita , for the good-luck fertility spirit ( eq'eq'o ; see Supernatural Beings, p. 560) is performed everywhere in Aymara territory (Paredes, 1936, pp. 170-73). Often it takes pla"
Ritual76,Wilanca (House Dedication Rite),Synchronous Generic Movement,1,0,Coder1 Only,"House Dedication Rite , wilan[unknown]ca , “ Blood Sacrifice ”

That magical rites associated with the construction of houses were important in Inca times is made clear by the writings of Father Arria"
Ritual77,Mesa Loqaña (Generaly Propitiatory Rite),Synchronous Generic Movement,1,0,Coder1 Only,"Generaly Propitiatory Rite, Mesa Loqaña, ""To Offer a Mesa""

Although the antiquity of this ceremony in its present form is uncertain, it seems quite clear that the great majority of the offerings as w"
Ritual78,Uiwataki Mesa Loqaña (Animal Increase Rite),Synchronous Generic Movement,1,0,Coder1 Only,"Animal Increase Rite, uiwataki mesa loqaña, “ To Offer a mesa for the Animals ”

Animal increase rites, in one form or another, are practiced widely by the contemporary Aymara of both Peru and Bolivia"
Ritual8,sun god ceremony,Synchronous Generic Movement,1,0,Coder1 Only,-
Ritual82,Compadre Ritual,Synchronous Generic Movement,1,0,Coder1 Only,"Compadre rite , kompadre

Briefly, the term compadre (or comadre, depending on the sex of the person in question) designates an individual to whom one is bound by ties of “ceremonial kinship.” As empl"
Ritual94,Ceremonial Drinking,Synchronous Generic Movement,1,0,Coder1 Only,"Ceremonial Drinking

The full expression of a ceremonial drinking cycle has a number of performance correlates which permit its identification. While it is generally true that ceremonial drinking, in "
Ritual99,The Hierarchy of the Elders,Synchronous Generic Movement,1,0,Coder1 Only,The hierarchy of the elders . The ceremony opened with a ritual representation of the hierarchy of rank among the women present. It was the first of one of the series of such acts that took place over
Ritual135,Dama Ritual Day 1,Synchronous Marching,1,0,Coder1 Only,"Celebration of the Dama

First day. — The first day of the Dama is called warsigiri (5). It coincides with that of the Sanga market.

At sunrise the cry of the masks makes itself heard at Songoulou. I"
Ritual157,Curing Ritual,Synchronous Marching,0,1,Coder2 Only,"Curing

Curing practice lacks the mise en scène of the winter performance held in the figure-decked shaman’s lodge, for it always takes place in the patient’s home. Nevertheless, it must be quite an i"
Ritual2,Ceremony of the Tongues,Synchronous Marching,1,0,Coder1 Only,"Ceremony of the Tongues.

While it is obvious from the preceding, that the medicine woman takes her vow at no fixed period in the year, the order of procedure is such that as a rule, she must have tak"
Ritual236,The Corn Planting Ceremony,Synchronous Marching,0,1,Coder2 Only,"The Corn Planting Ceremony

The Corn Planting Ceremony of the Skull bundle was held when the willow leaves were out, but the preliminary sign was taken from the stars. The priests noted the position o"
Ritual292,NA,Synchronous Marching,1,0,Coder1 Only,-
Ritual294,False Face Ceremony,Synchronous Marching,1,0,Coder1 Only,"False Face Ceremony

The False Face Ceremony, which occurs next on the calendar, is called ??ethi[unknown] hsot hena[unknown] d??ui ??athenada[unknown] wenye?? (“grandfathers hunchback they travel,” o"
Ritual296,Funeral,Synchronous Marching,1,0,Coder1 Only,"Death of a Common Member

Introduction. The Ohgi[unknown] we is the only ceremony dedicated to all the dead of the nation collectively, and the rest of the observances discussed here concern either an"
Ritual303,Annual Ceremonies of the Dances of the Masks,Synchronous Marching,1,0,Coder1 Only,"We shall now see how these annual ceremonies of the dances of the masks are performed. Once the day for the beginning of the ceremony has been determined by divination, the whole town is cleaned, and "
Ritual312,Pre-Juwo Ritual,Synchronous Marching,0,1,Coder2 Only,"ECONOMIC CEREMONIES By far the most spectacular and elaborate Kapauku ceremony is juwo, “the pig feast.” This is a rather protracted affair comprising several major events and innumerable night dancin"
Ritual313,"Juwo, The Pig Feast",Synchronous Marching,0,1,Coder2 Only,"After this proper initiation the people begin to build the dance house. This has a rectangular floor plan, its dimensions being approximatly 7 by 6 meters. It consists of an elevated spring or jumping"
Ritual323b,Nganjong Mandi,Synchronous Marching,0,1,Coder2 Only,The ceremony of first taking a child to bathe is called by the Dyaks nganjong mandi which means to take to bathe. The mother calls a maiden and asks her to catch a fowl. The husband or anybody waves t
Ritual360,Circumcision,Synchronous Marching,1,0,Coder1 Only,"Circumcision

Though female initiation takes place among the Mandinka and Jola, there is no such ceremony for Wolof women.

Boys are normally circumcised when aged between eight and twelve, though for"
Ritual361,Circumcision-related,Synchronous Marching,1,0,Coder1 Only,"The first major ceremony in which the whole village is involved occurs with the appearance of a monster ( mam) who comes to “eat” the boys. The monster is heard roaring in the night, and as it approac"
Ritual362,Circumcision-related,Synchronous Marching,1,0,Coder1 Only,The next major ceremony is the Samba s[unknown]ho which can be witnessed by women. The selbe begin by performing a whipping dance. They parade rhythmically round the s[unknown]chu mam with a long thin
Ritual363,Circumcision-related,Synchronous Marching,1,0,Coder1 Only,"In the final ceremony, the shed is burnt early in the morning, and the boys are taken off to bathe. They put on new trousers and have their heads shaved into distinctive patterns. Henceforth they are "
Ritual370,Mitewie Ceremony,Synchronous Marching,1,0,Coder1 Only,"The Mitewie Ceremony

The Mitewie is a mysterious ceremony, rather of the nature of our Free Masonry, but with this remarkable difference that both sexes are equally admitted as members. Those who put"
Ritual40,Church Fiesta of Guadalupe,Synchronous Marching,1,0,Coder1 Only,"Guadalupe Fiesta

The following paragraphs describe the fiesta of Guadalupe as it was performed in Samachique in 1930. In the main, it is a typical fiesta, not only for Samachique but for the sierra a"
Ritual437,Sveti Roko,Synchronous Marching,1,0,Coder1 Only,"The Role of the Church

The historical prominence of Christianity and the Church is very much in evidence. The earliest church remains go back to a Roman occupation of the island. However, the more st"
Ritual438,Return of Statue Procession,Synchronous Marching,1,0,Coder1 Only,"One week after the Patron Saint’s day when the statue was brought down the hill to spend a week in the great church, there is a processional to return the statue to its church. This begins with he lat"
Ritual450,Miércoles Santo,Synchronous Marching,0,1,Coder2 Only,"3/30/83: Miércoles Santo (Holy Wednesday), Viacrucis procession. On Wednesday evening the procession started at the Catholic church. About 20 women and a few young men participated. One man carried a "
Ritual451,Viernes Santo (Event 1),Synchronous Marching,0,1,Coder2 Only,"4/1/83: Viernes Santo (Good Friday). Three events occurred on this day.

1) Viacrucis morning procession. A large framed picture of Christ holding the cross over his shoulder was carried through the v"
Ritual452,Viernes Santo (Event 2),Synchronous Marching,0,1,Coder2 Only,"4/1/83: Viernes Santo (Good Friday). Three events occurred on this day.

2) Santo Entierro (Holy Funeral). This procession began at the church around 4:30 p.m. The focus of the procession was a glass "
Ritual456,Velada for the Virgin del Carmen,Synchronous Marching,0,1,Coder2 Only,"7/15/83: Velada for the Virgin del Carmen (Our Lady of Mt. Carmel). This is the most important event during the annual festival to honor the patron saint of Santa Fe.

The calvario was the site of the"
Ritual457,Morning Procession for the Virgin del Carmen,Synchronous Marching,0,1,Coder2 Only,"7/16/83: Morning procession for the Virgin del Carmen. Before sunrise, the participants at the velada were served cups of strong, black coffee and coconut bread. The drums played as a few women danced"
Ritual458,Afternoon Procession for the Virgin del Carmen,Synchronous Marching,0,1,Coder2 Only,"7/16/83: Afternoon procession for the Virgin del Carmen. At 5:00 p.m. four women carried the Virgin out of the church and into the street where another procession formed. The band went first, followed"
Ritual459,Velada for San Miguel,Synchronous Marching,0,1,Coder2 Only,9/27/83: Velada for San Miguel (St. Michael the Archangel). During the day one of my neighbors placed a small metal tray and a picture of San Miguel slaying a dragon on a chair set against the outside
Ritual48,Dutuburi Dance,Synchronous Marching,1,0,Coder1 Only,"The men do not dance, but line up on the left side of the chanter as he faces the cross (i.e., the north side of the patio ) and march back and forth with him. They keep themselves wrapped in their bl"
Ritual49,The Wake,Synchronous Marching,1,0,Coder1 Only,"During the night the body is ‘watched’ by male relatives and friends and the closest adult female relatives. At least one of these persons, almost always male, maintains a vigil by the side of the bod"
Ritual50,Lifting and Procession to Chapel,Synchronous Marching,1,0,Coder1 Only,"The 'Lifting' and Procession to Chapel

On the afternoon following the wake, usually at about 4.0 o'clock, relatives and friends in large numbers gather at the house for the ceremony of the ‘lifting’ "
Ritual510,The Procession of the Tenth Day (Achoura),Synchronous Marching,0,1,Coder2 Only,"The Procession of the Tenth Day (Achoura)

In addition to the children's processions noted by Wilson, other processions of adults used to move through the streets from the seventh night on. But the mo"
Ritual614,The Little Festival,Synchronous Marching,1,0,Coder1 Only,"Religious Festivals

Only two religious festivals are celebrated at Baytīn. The first is called al-□īd al-□aghīr (the Little Festival) or □īd al Fi□r (the festival celebrating the breaking of the fast"
Ritual615,Little and Great Festival,Synchronous Marching,1,0,Coder1 Only,"Religious Festivals

Only two religious festivals are celebrated at Baytīn. The first is called al-□īd al-□aghīr (the Little Festival) or □īd al Fi□r (the festival celebrating the breaking of the fast"
Ritual616,Procession to Ceremony,Synchronous Marching,1,0,Coder1 Only,"The men then form lines across the road leading to the village cemetery and take up a chant as they proceed to the burial ground. Upon their arrival at the cemetery, they read the Fāti□a (the first ch"
Ritual617,Procession,Synchronous Marching,1,0,Coder1 Only,"The procession begins by bringing the Nebî Musâ banner from the place where it is kept all the year through, called ed-Dâr el-Kbîreh, belonging to the □usênî family, and situated west of the □aram are"
Ritual618,Processions,Synchronous Marching,1,0,Coder1 Only,"Processions

The word “processions” is not used here in the sense of pilgrimages to a welî, as already described above, but only □wâf performed in 8or around a holy place and only on special occasions"
Ritual639,Biannual Ceremony of Female pŭ tsho,Synchronous Marching,1,0,Coder1 Only,"Biannual Ceremony of the Tamgsangmu pŭ tsho

On a fixed date a male member of the pŭ tsho selects a red cock for the ceremony to be celebrated at the beginning of the next season. He cleans the beak a"
Ritual641,First Wedding Ceremony: pǎ nol,Synchronous Marching,1,0,Coder1 Only,"First Wedding Ceremony: pǎ nol

The young man's parents now make the necessary preparations for the pă nol, collecting for the ceremony two loins of a pig or an ox, a big load of cí, 25 rupees, and a "
Ritual642,Second Wedding Ceremony: a shek,Synchronous Marching,1,0,Coder1 Only,"Second Wedding Ceremony: a shek

When the men return from the above visit, the family make arrangements for the considerable gifts called nyóm să a far, the price of the bride, to be presented to the "
Ritual92,Fiesta for the Patron Saint,Synchronous Marching,1,0,Coder1 Only,"Fiesta for the Patron Saint

One of the major events in the religious life of the Indians is the annual fiesta in honor of the patron saint and the other saints kept in the church. The capitán princip"
Ritual1,Vow,Synchronous Praying,1,0,Coder1 Only,"The Vow.

The most important functionary in the Blackfoot sun dance is a woman, known among the whites as the medicine woman, and upon a clear comprehension of her functions and antecedents depends ou"
Ritual129,Ritual during pai-pai commemoration of deity,Synchronous Praying,1,0,Coder1 Only,"In midmorning, the lo cu and a few assistants enter the temple of Tho Te Kong to formally invite him and his spouse to come out and enjoy their festival. His consent to being moved about is sought thr"
Ritual150,Secondary Burial Ritual,Synchronous Praying,1,0,Coder1 Only,"Seventeen days after the death of Hokotómarimá the second part of the burial ceremony began. The male relatives cut down more trees, and, under the imbauba tree in whose crown the dead man hung, they "
Ritual159,5 Daily Prayers,Synchronous Praying,1,0,Coder1 Only,"As we know, the five pillars of Islam are: The confession of faith, the five daily eulogies of Allah, generally known as the five daily “prayers”, the duty to give aims, the fast in the 9th month, and"
Ritual160,Pilgrimage to Mecca,Synchronous Praying,1,0,Coder1 Only,"We have now reached the fifth and last pillar of Islam, the pilgrimage, in the 12th lunar month. The Coran says in Sure 3, verse 97, that “pilgrimage to the House is a duty unto Allah for mankind, for"
Ritual2,Ceremony of the Tongues,Synchronous Praying,1,0,Coder1 Only,"Ceremony of the Tongues.

While it is obvious from the preceding, that the medicine woman takes her vow at no fixed period in the year, the order of procedure is such that as a rule, she must have tak"
Ritual226,Naming Ceremony,Synchronous Praying,1,0,Coder1 Only,"The Naming

Early in the morning of the eighth day the formal naming ceremony is performed. As they do for all public gatherings, men and women go separately; the women, in groups formed into single f"
Ritual227,Death Ceremony,Synchronous Praying,1,0,Coder1 Only,"The ceremony itself is quite simple. The body is washed, wrapped in a white cloth and placed on a bier, and then taken out to the burial grounds by the men. Prayers are said continually and the family"
Ritual228,"Ngumri Ashembe, End of Ramadan",Synchronous Praying,1,0,Coder1 Only,"As the sun set on Tuesday, April 30th, everyone looked closely for the new moon which would mark the beginning of the new month and the end of the fast. The sky was slightly cloudy and the silver of t"
Ritual229,Ngumri Laya (or Salla Laya),Synchronous Praying,1,0,Coder1 Only,"Another extremely important yearly festival is called Ngum[unknown]ri Laya or Salla Laya. This is the festival at which sacrifice of a ram is made, corresponding to the Hebrew festival of Pesach and t"
Ritual230,Wedding,Synchronous Praying,1,0,Coder1 Only,"The girl is represented by her luwali in arranging a marriage. The luwali may be a relative or friend of the girl, but not her father (except in the case of a sadaka marriage noted above). The luwali "
Ritual237,Young Corn Plant Ritual,Synchronous Praying,1,0,Coder1 Only,"Young Corn Plant Ritual

The seed from the sacred ears of corn kept in the bundles was planted in particular mounds. The growth of this corn was carefully watched; and when the stalks reached a height"
Ritual256a,The Day of the Red Dance,Synchronous Praying,1,0,Coder1 Only,"The 'E-Unoto' Ceremony of the Masai

The cycle of ceremonies connected with the forming of a Masai age set starts with that known as eimpolosata , performed by the members of the age set immediately s"
Ritual257,"The Day of the White Dance, Part 1",Synchronous Praying,1,0,Coder1 Only,"The second day of e-unoto is called ‘The Day of the White Dance.’ Soon after sunrise the muran went off into the bush to paint their bodies with diatomite. This white, chalklike substance is brought o"
Ritual258,"The Day of the White Dance, Part 2",Synchronous Praying,1,0,Coder1 Only,"Once painted, the young men formed into two columns, some so yards apart, and marched to the village. Many wore ostrich headdresses and some the lion-mane caps. Around their necks and waists they wore"
Ritual259a,The Day of the Sacred Hut,Synchronous Praying,1,0,Coder1 Only,"The third day is called ‘The Day of the Sacred Hut.’ During the morning a heifer, a gift to the Ol-Otuno from his father, is driven into the bush and slaughtered. This animal, called ‘The Cow of the R"
Ritual284,Nongkrem Puja,Synchronous Praying,1,0,Coder1 Only,-
Ritual285,The Rooster Sacrifice,Synchronous Praying,1,0,Coder1 Only,-
Ritual288,Disposal of the Dead,Synchronous Praying,0,1,Coder2 Only,"The collection of the uncalcined bones and ashes of the deceased members of the clan and their bestowal in the mawbah , or great cinerarium of the clan, is without doubt the most important religious c"
Ritual330,The Rice Harvest,Synchronous Praying,1,0,Coder1 Only,"The Rie Harvest

When the rice ripens and is nearly ready to harvest, the introductory rites of matah padi take place. The tuai burong and family heads sit on a mat ( tikai ) at a point on the farm tr"
Ritual34,Slava ceremony,Synchronous Praying,1,0,Coder1 Only,"The Slava

THE Slava is exclusively a Serbian custom. It is not found even among the Croats and Bulgars. There is a proverb which runs, “Where there is Slava, there is the Serb” (Gde je slava, tu je S"
Ritual370,Mitewie Ceremony,Synchronous Praying,1,0,Coder1 Only,"The Mitewie Ceremony

The Mitewie is a mysterious ceremony, rather of the nature of our Free Masonry, but with this remarkable difference that both sexes are equally admitted as members. Those who put"
Ritual441,Good Friday Mass,Synchronous Praying,0,1,Coder2 Only,"Veliki Petak and Uskrs (Good Friday and Easter)

Traditionally on Good Friday there is a Mass in the evening at 7:30, followed by a processional through the village. People place candles or lights in "
Ritual442,Resurrection of Christ Celebration,Synchronous Praying,0,1,Coder2 Only,The Resurrection of Christ is celebrated with a 10 P.M. to midnight Mass on Velika Subota--Great Saturday. The church is completely darkened and a fire burns outside the church as an altar boy gathers
Ritual443,Funeral Procession,Synchronous Praying,0,1,Coder2 Only,"All Saints' Day and Funerals

The church, as one of the mechanisms of solidarity through its religious holidays, also performs the function of bringing the community together at the time of the death "
Ritual463,"Wake, Funeral, and Burial for a Santa Fe Man",Synchronous Praying,1,0,Coder1 Only,"Wake, Funeral, and Burial for a Santa Fe Man: This was a somber, formal affair in all respects. Death occurred at 1:30 a.m. in the Trujillo hospital, after which the body of the deceased was transferr"
Ritual487,Rites of Kekesi,Synchronous Praying,1,0,Coder1 Only,"2. THE KEKESI RITES.—Closely following the commencement of the Food Worship on the lower Mamba, a curious movement was introduced to the people of the village Manau, on the coast near the mouth of the"
Ritual51,Funeral and Burial,Synchronous Praying,1,0,Coder1 Only,"Funeral and Burial

A person whose death occurs on a Thursday or Friday is considered fortunate, for it is usual in such cases to hold the funeral and burial on Sunday morning after the High Mass, for"
Ritual555,"Feast, Mortuary Rite",Synchronous Praying,1,0,Coder1 Only,"On that day the heir is formally installed, and there is a feast. The feast is called ‘the emerging from death’. A goat or fowl from the dead man's estate may be slaughtered for it, and neighbours and"
Ritual578,The Rain Ceremony,Synchronous Praying,1,0,Coder1 Only,"The Rain Ceremony

Ritual finds its most elaborate expression in the ceremony known as cħa-chaac (“bring-rain”). The reasons why this is so have already been indicated (p. 123). The cħa-chaac is not t"
Ritual582,Prayers for the Dead,Synchronous Praying,1,0,Coder1 Only,"Prayers for the Dead

The description given earlier in this chapter of the general social functions of the novena has included also the rezos commemorative of the dead, because in respect to these cha"
Ritual6,Raising Sun Pole,Synchronous Praying,1,0,Coder1 Only,"Raising the Sun Pole.

While the hide is being cut, all the woman who made vows to take some of the tongues come forward to the parfleche placed near the medicinemen and women. Each woman takes one of"
Ritual609,Prayer Meeting,Synchronous Praying,1,0,Coder1 Only,"Each week members of Seminole Baptist churches gather for a Mekusvpkv Nere (“Prayer Night”), or as it is glossed in English, Prayer Meeting. Some of the congregations have Prayer Meetings on Friday ev"
Ritual612,The Fasting Service,Synchronous Praying,1,0,Coder1 Only,"Big Meetings

The third primary social occasion is the Big Meeting. These gatherings are referred to by various names: Tokvlketv rakkat (“big gathering”); Uehomecate esketv (“to drink red whiskey or w"
Ritual613,Communion Service,Synchronous Praying,1,0,Coder1 Only,"Big Meetings

The third primary social occasion is the Big Meeting. These gatherings are referred to by various names: Tokvlketv rakkat (“big gathering”); Uehomecate esketv (“to drink red whiskey or w"
Ritual618,Processions,Synchronous Praying,1,0,Coder1 Only,"Processions

The word “processions” is not used here in the sense of pilgrimages to a welî, as already described above, but only □wâf performed in 8or around a holy place and only on special occasions"
Ritual77,Mesa Loqaña (Generaly Propitiatory Rite),Synchronous Praying,1,0,Coder1 Only,"Generaly Propitiatory Rite, Mesa Loqaña, ""To Offer a Mesa""

Although the antiquity of this ceremony in its present form is uncertain, it seems quite clear that the great majority of the offerings as w"
Ritual9,Making of a Brave,Synchronous Praying,1,0,Coder1 Only,"One ancient custom, the “making of a brave,” has been so misinterpreted and criticized that I feel it my duty to explain it more fully here.

In case of the severe illness of a close relative, an Indi"
Ritual92,Fiesta for the Patron Saint,Synchronous Praying,1,0,Coder1 Only,"Fiesta for the Patron Saint

One of the major events in the religious life of the Indians is the annual fiesta in honor of the patron saint and the other saints kept in the church. The capitán princip"
Ritual93,Talking Saints,Synchronous Praying,1,0,Coder1 Only,"Talking Saints

Another religious form where Indian tradition is manifested through Christian formulae is the veneration of the talking saints, a widespread cult among the Tzeltal and Tzotzil. These s"
Ritual124,Merit-Making / Funeral Rituals (kong-tik),Synchronous Singing,1,0,Coder1 Only,"Fat Thuan is Buried

Ong Thuan had once been the fattest man and the best drinker in Ploughshare, but he developed diabetes in his late forties, becoming too debilitated to do any work. Hence it was n"
Ritual13,Public Worship and Sermon,Synchronous Singing,1,0,Coder1 Only,"Ceremonies.

All of the ceremonies, public and private, of the cult [ER: Chuntokyo] and most of its doctrines centre around that twenty-one character magic Formula which Choi Chei Oo received and made"
Ritual139,Kava Ceremony,Synchronous Singing,1,0,Coder1 Only,"Kava Ceremony

Kava drinking is part of all important ceremonials. It is indispensable in rites connected with the chief--his death, marriage, circumcision; the reception of a visiting chief; and the "
Ritual143,Funeral,Synchronous Singing,1,0,Coder1 Only,"Death

Dying or fainting is expressed by thimba . A man who is unconscious is said not to perceive his soul.

A dying man is dressed in a shirt and white kilt. Of old if he was a nobleman the house wo"
Ritual149,Funeral,Synchronous Singing,1,0,Coder1 Only,"Death and Burial Customs

As the previous comments have shown, there are neither birth nor marriage ceremonies among the Surára and Pakidái. The social and religious life is therefore dominated all th"
Ritual157,Curing Ritual,Synchronous Singing,1,0,Coder1 Only,"Curing

Curing practice lacks the mise en scène of the winter performance held in the figure-decked shaman’s lodge, for it always takes place in the patient’s home. Nevertheless, it must be quite an i"
Ritual168,Girka,Synchronous Singing,1,0,Coder1 Only,"One final point can be made about the social dynamics of cult ritual, and that includes the differentiation and integration of initiates. During the girka ritual the poles of cult leadership are symbo"
Ritual169,Periodic Possession-Trance Ceremonies,Synchronous Singing,1,0,Coder1 Only,"Periodic Possession-Trace Performances

As suggested above one of the obligations of a cult-adept is regularly to provide his services as a mount for the spirits on his head. There, perhaps, psycholog"
Ritual233,Corn Offering Ritual,Synchronous Singing,1,0,Coder1 Only,"Corn and Meat Offerings

The leading south side priest says, “It is time that we eat.” They place the first kettle between the entrance and the fire with the eight wooden bowls around it (Figure 24). "
Ritual234,Meat Offering Ritual,Synchronous Singing,1,0,Coder1 Only,"After they have eaten the corn, it is time to cut up the meat, put it in the kettle, and boil it. When all the meat is put into the kettle, a piece of it and a piece of fat are put in a wooden bowl an"
Ritual238,Great Washing Ceremony,Synchronous Singing,1,0,Coder1 Only,"Great Washing Ceremony

We now come to a very peculiar ceremony, the ritual for which belongs to the Big Black Meteoric Star bundle. Consequently, the leading bundle in charge now must give way to thi"
Ritual30,Marriage Ceremony,Synchronous Singing,1,0,Coder1 Only,"Marriage

THE choice of a bride is limited firstly by the strict observance of tribal endogamy. No Santal who forms an alliance with a non-Santal can hope to be reinstated in society. The only cases t"
Ritual300,Funeral,Synchronous Singing,1,0,Coder1 Only,"Funerary Customs and Religious Symbolism Among the Kogi

Near the Caribbean seaboard in the northern lowlands of Colombia rises an isolated mountain massif, the Sierra Nevada de Santa Marta. At the ti"
Ritual310,Ceremonial Collection of Bride Price,Synchronous Singing,1,0,Coder1 Only,"In most societies the ceremony that marks the start of married life and is called a wedding, usually centers around the groom and the bride and their unification. One would seek such a wedding among t"
Ritual41,Holy Week Fiesta,Synchronous Singing,0,1,Coder2 Only,"Holy Week

Before the fiesta started, arches were made of curved slender tree trunks and covered with pine branches. Twelve of these were placed around the church door, one next to the cross in the ch"
Ritual43,Native Fiestas,Synchronous Singing,0,1,Coder2 Only,"Native Fiestas

The native fiestas are those which involve the Tarahumara’s daily home life, as contrasted to the church fiestas, which are performed at the church on the Catholic holy days. The disti"
Ritual487,Rites of Kekesi,Synchronous Singing,1,0,Coder1 Only,"2. THE KEKESI RITES.—Closely following the commencement of the Food Worship on the lower Mamba, a curious movement was introduced to the people of the village Manau, on the coast near the mouth of the"
Ritual494,Special Kava Ceremony Associated with Wedding,Synchronous Singing,1,0,Coder1 Only,"Marriage Ceremony

The patterns governing the marriage ceremony in the village today show a natural blending of the old and the new. This may be best emphasized by outlining the formal marriage ceremo"
Ritual53,"Feast of Yulyuz to the Saint, Lalla Aziza",Synchronous Singing,1,0,Coder1 Only,"The Rite

First, there are, as has been seen, two great sacrifices to Lalla Aziza. The one is inserted in the naturist calendar already opened by all the collections of the first fruits, of which it i"
Ritual58,Funerary Proceedings: The Mori of the Spotted Ounce,Synchronous Singing,1,0,Coder1 Only,"The Mori of the Spotted Ounce

The man who received the hide of the ounce is required to make a bow and arrows and various ornaments of his own clan for the person who killed the ounce. After fifteen "
Ritual59,Funerary Proceedings: The Marrido,Synchronous Singing,1,0,Coder1 Only,"The Marrido

About fifteen days after the burial, when the bones are becoming defleshed, at twilight the songs start again up to dawn of the next day. Around noon the young men start the game of the m"
