Feature,Category,Precision,Recall,F1,ModelBase,Condition
Wedding,function,0.52,0.7647058823529411,0.6190476190476191,claudesonnet45,mtp
OtherUnion,function,1,0.25,0.4,claudesonnet45,mtp
WorldyPursuit,function,0.6148867313915858,0.8154506437768241,0.7011070110701108,claudesonnet45,mtp
Apotropaeic,function,0.2028985507246377,0.8235294117647058,0.32558139534883723,claudesonnet45,mtp
OtherWorldyPursuit,function,0.13380281690140844,0.4523809523809524,0.20652173913043478,claudesonnet45,mtp
Initiation,function,0.4263565891472868,0.9821428571428571,0.5945945945945945,claudesonnet45,mtp
Installation,function,0.16666666666666666,0.75,0.27272727272727276,claudesonnet45,mtp
Divination,function,0.53125,0.68,0.5964912280701754,claudesonnet45,mtp
Liturgical,function,0.10778443113772455,0.9473684210526315,0.1935483870967742,claudesonnet45,mtp
NewBorn,function,0.7441860465116279,0.9696969696969697,0.8421052631578948,claudesonnet45,mtp
Funerary,function,0.8571428571428571,0.759493670886076,0.8053691275167785,claudesonnet45,mtp
Commerative,function,0.16831683168316833,0.6296296296296297,0.265625,claudesonnet45,mtp
Protection,function,0.024630541871921183,0.8333333333333334,0.04784688995215312,claudesonnet45,mtp
HouseDedication,function,0.43478260869565216,0.9090909090909091,0.5882352941176471,claudesonnet45,mtp
RitualDuration,duration,NA,NA,NA,claudesonnet45,mtp
ParticipantsSex,participation,0.406479464710805,0.4723417679300032,0.42536815851106913,claudesonnet45,mtp
Solitary,participation,0.45454545454545453,0.18518518518518517,0.2631578947368421,claudesonnet45,mtp
ImmediateKin,participation,0.5471698113207547,0.21323529411764705,0.30687830687830686,claudesonnet45,mtp
ExtendedKin,participation,0.35377358490566035,0.8426966292134831,0.4983388704318937,claudesonnet45,mtp
Group15abs,participation,0.6708074534161491,0.36,0.4685466377440347,claudesonnet45,mtp
Group50percent,participation,0.2532467532467532,0.312,0.27956989247311825,claudesonnet45,mtp
Group5090percent,participation,0.12777777777777777,0.6764705882352942,0.21495327102803738,claudesonnet45,mtp
Group90100percent,participation,0.22448979591836735,0.3055555555555556,0.2588235294117647,claudesonnet45,mtp
Outsiders,participation,0.2631578947368421,0.7142857142857143,0.3846153846153846,claudesonnet45,mtp
AnnualPATIENT,frequency,0.22441053952177123,0.414151955122917,0.2720519153027975,claudesonnet45,mtp
AnnualPARTICIPANT,frequency,0.3987517499265958,0.34368376675806156,0.3584586860761684,claudesonnet45,mtp
Dancing,movement and sounds,0.7794117647058824,0.6503067484662577,0.709030100334448,claudesonnet45,mtp
Singing,movement and sounds,0.728448275862069,0.7100840336134454,0.7191489361702127,claudesonnet45,mtp
Percussion,movement and sounds,0.6779661016949152,0.6722689075630253,0.6751054852320676,claudesonnet45,mtp
OtherInstruments,movement and sounds,0.2845528455284553,0.8974358974358975,0.43209876543209874,claudesonnet45,mtp
NonRhythmic,movement and sounds,0.43089430894308944,0.7464788732394366,0.5463917525773195,claudesonnet45,mtp
IntenseMusicDance,movement and sounds,0.20618556701030927,0.7142857142857143,0.32,claudesonnet45,mtp
SorrowMusicDance,movement and sounds,0.06382978723404255,0.5,0.11320754716981131,claudesonnet45,mtp
LargescaleMusicDance,movement and sounds,0.03424657534246575,1,0.06622516556291391,claudesonnet45,mtp
Marching,movement and sounds,0.6230769230769231,0.7714285714285715,0.6893617021276597,claudesonnet45,mtp
Explosions,movement and sounds,0.5769230769230769,0.6818181818181818,0.6249999999999999,claudesonnet45,mtp
Bowing,movement and sounds,0.2631578947368421,0.9210526315789473,0.40935672514619886,claudesonnet45,mtp
Haircut,purification,0.5,0.631578947368421,0.5581395348837209,claudesonnet45,mtp
Washing,purification,0.4129032258064516,0.927536231884058,0.5714285714285714,claudesonnet45,mtp
Rubbing,purification,0.32,0.6956521739130435,0.4383561643835616,claudesonnet45,mtp
Sprinkling,purification,0.2913907284768212,0.8,0.4271844660194175,claudesonnet45,mtp
Fumigation,purification,0.10227272727272728,0.9,0.18367346938775514,claudesonnet45,mtp
InterdictionHands,purification,0.36363636363636365,0.8,0.5000000000000001,claudesonnet45,mtp
Spitting,purification,0.38461538461538464,0.9090909090909091,0.5405405405405405,claudesonnet45,mtp
Hallucinogen,altered states of consciousness,0.5714285714285714,0.6666666666666666,0.6153846153846153,claudesonnet45,mtp
Sedatives,altered states of consciousness,0.5,0.3333333333333333,0.4,claudesonnet45,mtp
Alcohol,altered states of consciousness,0.5,0.8767123287671232,0.6368159203980099,claudesonnet45,mtp
ExecutivePossession,altered states of consciousness,0.5581395348837209,0.6666666666666666,0.6075949367088608,claudesonnet45,mtp
PerformanceTrance,altered states of consciousness,0.41818181818181815,0.92,0.575,claudesonnet45,mtp
Stimulants,altered states of consciousness,0.3333333333333333,0.1111111111111111,0.16666666666666666,claudesonnet45,mtp
Smoking,altered states of consciousness,0.23076923076923078,0.8181818181818182,0.36000000000000004,claudesonnet45,mtp
BurningParticipants,negative bodily stimulation,0,0,0,claudesonnet45,mtp
WoundingSignificant,negative bodily stimulation,0.1,0.4,0.16000000000000003,claudesonnet45,mtp
WoundingSuperficial,negative bodily stimulation,0.38095238095238093,0.5333333333333333,0.4444444444444444,claudesonnet45,mtp
Beating,negative bodily stimulation,0.6,0.8181818181818182,0.6923076923076923,claudesonnet45,mtp
Piercing,negative bodily stimulation,0.2727272727272727,1,0.42857142857142855,claudesonnet45,mtp
Scarification,negative bodily stimulation,0.25,1,0.4,claudesonnet45,mtp
Tattooing,negative bodily stimulation,0.375,0.75,0.5,claudesonnet45,mtp
LacerationSensitive,negative bodily stimulation,0,0,0,claudesonnet45,mtp
Circumcision,negative bodily stimulation,0.7272727272727273,0.8888888888888888,0.7999999999999999,claudesonnet45,mtp
FoulOlfaction,negative bodily stimulation,0.08695652173913043,0.25,0.12903225806451613,claudesonnet45,mtp
Vomiting,negative bodily stimulation,0.25,1,0.4,claudesonnet45,mtp
SwallowingObjects,negative bodily stimulation,0.75,1,0.8571428571428571,claudesonnet45,mtp
SuckingofPatient,negative bodily stimulation,0.42857142857142855,1,0.6,claudesonnet45,mtp
Fasting,endurance ordeals,0.45454545454545453,0.6,0.5172413793103449,claudesonnet45,mtp
AthleticFeats,endurance ordeals,0.1415929203539823,0.8421052631578947,0.2424242424242424,claudesonnet45,mtp
SleepDeprivation,endurance ordeals,0.2222222222222222,0.7,0.3373493975903614,claudesonnet45,mtp
Dehydration,endurance ordeals,0.25,0.3333333333333333,0.28571428571428575,claudesonnet45,mtp
Immobility,endurance ordeals,0.11764705882352941,0.8571428571428571,0.2068965517241379,claudesonnet45,mtp
Isolation,psychological discomfort,0.43478260869565216,0.7407407407407407,0.5479452054794521,claudesonnet45,mtp
Fear,psychological discomfort,0.07476635514018691,1,0.1391304347826087,claudesonnet45,mtp
Humilation,psychological discomfort,0.07894736842105263,1,0.14634146341463414,claudesonnet45,mtp
DramaticActs,spectacle,0.03614457831325301,0.46153846153846156,0.0670391061452514,claudesonnet45,mtp
HolyObjects,spectacle,0.2513089005235602,0.631578947368421,0.35955056179775274,claudesonnet45,mtp
HolySite,spectacle,0.26785714285714285,0.54216867469879515,0.35856573705179284,claudesonnet45,mtp
RitualConstruction,spectacle,0.33035714285714285,0.5362318840579711,0.4088397790055249,claudesonnet45,mtp
LargeCrowd,spectacle,0.07588075880758807,0.9655172413793104,0.14070351758793967,claudesonnet45,mtp
MockConflict,spectacle,0.4074074074074074,0.3142857142857143,0.3548387096774193,claudesonnet45,mtp
Costume,spectacle,0.4386792452830189,0.808695652173913,0.5688073394495413,claudesonnet45,mtp
FireEmbers,spectacle,0.31125827814569534,0.8245614035087719,0.4519230769230769,claudesonnet45,mtp
SacrificeAnimal,spectacle,0.59375,0.9223300970873787,0.7224334600760456,claudesonnet45,mtp
SacrificeHuman,spectacle,0.42857142857142855,1,0.6,claudesonnet45,mtp
WaterOffering,spectacle,0.1411764705882353,0.6666666666666666,0.23300970873786406,claudesonnet45,mtp
Minatures,spectacle,0.2982456140350877,0.6071428571428571,0.4,claudesonnet45,mtp
PathogenicPossession,spectacle,0.2,0.75,0.31578947368421056,claudesonnet45,mtp
Speechmaking,spectacle,0.5727699530516432,0.5727699530516432,0.5727699530516432,claudesonnet45,mtp
TextRecitation,spectacle,0.12595419847328243,0.8918918918918919,0.22073578595317725,claudesonnet45,mtp
Naming,spectacle,0.3541666666666667,0.8095238095238095,0.4927536231884058,claudesonnet45,mtp
Blood,spectacle,0.44537815126050423,0.8412698412698413,0.5824175824175825,claudesonnet45,mtp
Weapons,spectacle,0.4074074074074074,0.8,0.5398773006134969,claudesonnet45,mtp
Sexual intercourse,spectacle,0.5,1,0.6666666666666666,claudesonnet45,mtp
StoryTelling,spectacle,0.1,0.8,0.1777777777777778,claudesonnet45,mtp
BurialOfferings,spectacle,0.14545454545454545,0.6153846153846154,0.2352941176470588,claudesonnet45,mtp
BurningOfferings,spectacle,0.16666666666666666,0.8888888888888888,0.2807017543859649,claudesonnet45,mtp
Confession,spectacle,0.14285714285714285,0.6,0.23076923076923073,claudesonnet45,mtp
Games,indicators of bonding,0.2,0.4,0.26666666666666666,claudesonnet45,mtp
CommunalEating,indicators of bonding,0.4359861591695502,0.9618320610687023,0.6,claudesonnet45,mtp
Joyful,indicators of bonding,0.2182741116751269,0.86,0.3481781376518218,claudesonnet45,mtp
TabooSmoke,taboos,0.2,1,0.33333333333333337,claudesonnet45,mtp
TabooAlcohol,taboos,0.1,0.4,0.16000000000000003,claudesonnet45,mtp
TabooSexual,taboos,0.1956521739130435,0.6,0.29508196721311475,claudesonnet45,mtp
TabooTalking,taboos,0.16666666666666666,0.8333333333333334,0.2777777777777778,claudesonnet45,mtp
PeakEuphoria,arousal,0.18944973860977776,0.20340594423071215,0.18802353786455037,claudesonnet45,mtp
AvgEuphoria,arousal,0.1496065765168755,0.1542842136854742,0.11527751901364627,claudesonnet45,mtp
ParticipantPeakEuphoria,arousal,0.21629665515207683,0.23047850779092866,0.2101022516223175,claudesonnet45,mtp
PeakDysphoria,arousal,0.44034688409365463,0.3690512654478837,0.34691259554669324,claudesonnet45,mtp
AvgDyphoria,arousal,0.19987593927811315,0.21520117338020875,0.19012652312069775,claudesonnet45,mtp
SensoryPageantry,ritual form,0.1089954542266766,0.20069956433826303,0.13800095721947495,claudesonnet45,mtp
SMarker,ritual form,0.09799293342542904,0.23022803114571747,0.07453929539295392,claudesonnet45,mtp
Exegesis,exegesis,0.1928869778869779,0.20004240882103477,0.07848266553666997,claudesonnet45,mtp
AcquisitionExegesis,exegesis,0.20902255639097742,0.20270793036750484,0.022609698500741394,claudesonnet45,mtp
Wedding,function,0.2830188679245283,0.8823529411764706,0.4285714285714286,claudesonnet45,baseline
OtherUnion,function,0.4,0.75,0.5217391304347827,claudesonnet45,baseline
WorldyPursuit,function,0.44509803921568625,0.9742489270386266,0.611036339165545,claudesonnet45,baseline
Apotropaeic,function,0.10559006211180125,1,0.19101123595505617,claudesonnet45,baseline
OtherWorldyPursuit,function,0.08042895442359249,0.6976744186046512,0.14423076923076925,claudesonnet45,baseline
Initiation,function,0.3352941176470588,1,0.5022026431718062,claudesonnet45,baseline
Installation,function,0.08571428571428572,0.75,0.15384615384615383,claudesonnet45,baseline
Divination,function,0.1693548387096774,0.84,0.28187919463087246,claudesonnet45,baseline
Liturgical,function,0.050397877984084884,1,0.09595959595959597,claudesonnet45,baseline
NewBorn,function,0.5,0.9411764705882353,0.6530612244897959,claudesonnet45,baseline
Funerary,function,0.7064220183486238,0.9746835443037974,0.8191489361702128,claudesonnet45,baseline
Commerative,function,0.07647058823529412,0.48148148148148145,0.1319796954314721,claudesonnet45,baseline
Protection,function,0.015384615384615385,1,0.030303030303030307,claudesonnet45,baseline
HouseDedication,function,0.2857142857142857,0.9090909090909091,0.43478260869565216,claudesonnet45,baseline
RitualDuration,duration,0.24753219326548256,0.27104163651478624,0.2311271894280744,claudesonnet45,baseline
ParticipantsSex,participation,0.42249320446994865,0.4696646307169693,0.4107388249493513,claudesonnet45,baseline
Solitary,participation,0.625,0.3448275862068966,0.4444444444444445,claudesonnet45,baseline
ImmediateKin,participation,0.45689655172413796,0.38686131386861317,0.41897233201581036,claudesonnet45,baseline
ExtendedKin,participation,0.3212669683257919,0.797752808988764,0.4580645161290323,claudesonnet45,baseline
Group15abs,participation,0.6829268292682927,0.2847457627118644,0.4019138755980861,claudesonnet45,baseline
Group50percent,participation,0.3128205128205128,0.49193548387096775,0.3824451410658307,claudesonnet45,baseline
Group5090percent,participation,0.15602836879432624,0.6470588235294118,0.25142857142857145,claudesonnet45,baseline
Group90100percent,participation,0.17094017094017094,0.5555555555555556,0.26143790849673204,claudesonnet45,baseline
Outsiders,participation,0.22093023255813954,0.5428571428571428,0.3140495867768595,claudesonnet45,baseline
AnnualPATIENT,frequency,0.2382210670709696,0.4197700025842407,0.27687828955171595,claudesonnet45,baseline
AnnualPARTICIPANT,frequency,0.3480629710533041,0.32472968364219773,0.2679705977979236,claudesonnet45,baseline
Dancing,movement and sounds,0.6523809523809524,0.8404907975460123,0.7345844504021449,claudesonnet45,baseline
Singing,movement and sounds,0.6996197718631179,0.773109243697479,0.7345309381237524,claudesonnet45,baseline
Percussion,movement and sounds,0.5935483870967742,0.773109243697479,0.6715328467153284,claudesonnet45,baseline
OtherInstruments,movement and sounds,0.2222222222222222,0.8717948717948718,0.35416666666666663,claudesonnet45,baseline
NonRhythmic,movement and sounds,0.3684210526315789,0.8873239436619719,0.5206611570247934,claudesonnet45,baseline
IntenseMusicDance,movement and sounds,0.14213197969543148,1,0.2488888888888889,claudesonnet45,baseline
SorrowMusicDance,movement and sounds,0.057971014492753624,0.6666666666666666,0.10666666666666666,claudesonnet45,baseline
LargescaleMusicDance,movement and sounds,0.0205761316872428,1,0.04032258064516129,claudesonnet45,baseline
Marching,movement and sounds,0.41379310344827586,0.9142857142857143,0.5697329376854599,claudesonnet45,baseline
Explosions,movement and sounds,0.6521739130434783,0.6818181818181818,0.6666666666666666,claudesonnet45,baseline
Bowing,movement and sounds,0.23129251700680273,0.8947368421052632,0.3675675675675676,claudesonnet45,baseline
Haircut,purification,0.35185185185185186,0.8636363636363636,0.5000000000000001,claudesonnet45,baseline
Washing,purification,0.35795454545454547,0.9130434782608695,0.5142857142857142,claudesonnet45,baseline
Rubbing,purification,0.2375,0.8260869565217391,0.3689320388349515,claudesonnet45,baseline
Sprinkling,purification,0.22018348623853212,0.8571428571428571,0.3503649635036496,claudesonnet45,baseline
Fumigation,purification,0.09174311926605505,1,0.16806722689075632,claudesonnet45,baseline
InterdictionHands,purification,0.08333333333333333,1,0.15384615384615385,claudesonnet45,baseline
Spitting,purification,0.2619047619047619,1,0.41509433962264153,claudesonnet45,baseline
Hallucinogen,altered states of consciousness,0.42857142857142855,1,0.6,claudesonnet45,baseline
Sedatives,altered states of consciousness,0.13043478260869565,0.3333333333333333,0.18750000000000003,claudesonnet45,baseline
Alcohol,altered states of consciousness,0.4,0.8918918918918919,0.5523012552301255,claudesonnet45,baseline
ExecutivePossession,altered states of consciousness,0.4745762711864407,0.7777777777777778,0.5894736842105264,claudesonnet45,baseline
PerformanceTrance,altered states of consciousness,0.3026315789473684,0.92,0.4554455445544554,claudesonnet45,baseline
Stimulants,altered states of consciousness,0.12389380530973451,0.7777777777777778,0.21374045801526717,claudesonnet45,baseline
Smoking,altered states of consciousness,0.12087912087912088,0.9166666666666666,0.21359223300970875,claudesonnet45,baseline
BurningParticipants,negative bodily stimulation,0.08333333333333333,1,0.15384615384615385,claudesonnet45,baseline
WoundingSignificant,negative bodily stimulation,0.04716981132075472,1,0.09009009009009009,claudesonnet45,baseline
WoundingSuperficial,negative bodily stimulation,0.19117647058823528,0.8666666666666667,0.3132530120481928,claudesonnet45,baseline
Beating,negative bodily stimulation,0.24444444444444444,1,0.39285714285714285,claudesonnet45,baseline
Piercing,negative bodily stimulation,0.09090909090909091,1,0.16666666666666669,claudesonnet45,baseline
Scarification,negative bodily stimulation,0.03571428571428571,1,0.0689655172413793,claudesonnet45,baseline
Tattooing,negative bodily stimulation,0.25,0.75,0.375,claudesonnet45,baseline
LacerationSensitive,negative bodily stimulation,0.05084745762711865,1,0.0967741935483871,claudesonnet45,baseline
Circumcision,negative bodily stimulation,0.5294117647058824,1,0.6923076923076924,claudesonnet45,baseline
FoulOlfaction,negative bodily stimulation,0.08,0.5,0.13793103448275865,claudesonnet45,baseline
Vomiting,negative bodily stimulation,0.25,1,0.4,claudesonnet45,baseline
SwallowingObjects,negative bodily stimulation,0.3333333333333333,1,0.5,claudesonnet45,baseline
SuckingofPatient,negative bodily stimulation,0.25,1,0.4,claudesonnet45,baseline
Fasting,endurance ordeals,0.3,0.84,0.4421052631578948,claudesonnet45,baseline
AthleticFeats,endurance ordeals,0.09049773755656108,1,0.16597510373443985,claudesonnet45,baseline
SleepDeprivation,endurance ordeals,0.20588235294117646,0.7368421052631579,0.32183908045977005,claudesonnet45,baseline
Dehydration,endurance ordeals,0.05405405405405406,0.3333333333333333,0.09302325581395349,claudesonnet45,baseline
Immobility,endurance ordeals,0.04938271604938271,1,0.09411764705882353,claudesonnet45,baseline
Isolation,psychological discomfort,0.30864197530864196,0.9259259259259259,0.4629629629629629,claudesonnet45,baseline
Fear,psychological discomfort,0.03333333333333333,1,0.06451612903225806,claudesonnet45,baseline
Humilation,psychological discomfort,0.03488372093023256,1,0.06741573033707865,claudesonnet45,baseline
DramaticActs,spectacle,0.04864864864864865,0.6923076923076923,0.09090909090909093,claudesonnet45,baseline
HolyObjects,spectacle,0.16143497757847533,0.9473684210526315,0.27586206896551724,claudesonnet45,baseline
HolySite,spectacle,0.22535211267605634,0.5853658536585366,0.3254237288135593,claudesonnet45,baseline
RitualConstruction,spectacle,0.32592592592592595,0.6376811594202898,0.43137254901960786,claudesonnet45,baseline
LargeCrowd,spectacle,0.09187279151943463,0.896551724137931,0.16666666666666669,claudesonnet45,baseline
MockConflict,spectacle,0.29310344827586204,0.4857142857142857,0.3655913978494624,claudesonnet45,baseline
Costume,spectacle,0.35517241379310344,0.8956521739130435,0.508641975308642,claudesonnet45,baseline
FireEmbers,spectacle,0.2934131736526946,0.8596491228070176,0.4375,claudesonnet45,baseline
SacrificeAnimal,spectacle,0.5,0.9509803921568627,0.6554054054054054,claudesonnet45,baseline
SacrificeHuman,spectacle,0.3333333333333333,1,0.5,claudesonnet45,baseline
WaterOffering,spectacle,0.14782608695652175,0.9444444444444444,0.2556390977443609,claudesonnet45,baseline
Minatures,spectacle,0.17475728155339806,0.6428571428571429,0.2748091603053435,claudesonnet45,baseline
PathogenicPossession,spectacle,0.25,0.75,0.375,claudesonnet45,baseline
Speechmaking,spectacle,0.49842271293375395,0.7383177570093458,0.5951035781544256,claudesonnet45,baseline
TextRecitation,spectacle,0.09090909090909091,1,0.16666666666666669,claudesonnet45,baseline
Naming,spectacle,0.3333333333333333,0.8571428571428571,0.48,claudesonnet45,baseline
Blood,spectacle,0.5612244897959183,0.873015873015873,0.6832298136645963,claudesonnet45,baseline
Weapons,spectacle,0.36666666666666664,0.8148148148148148,0.5057471264367815,claudesonnet45,baseline
Sexual intercourse,spectacle,NA,NA,NA,claudesonnet45,baseline
StoryTelling,spectacle,0.05384615384615385,0.9333333333333333,0.10181818181818182,claudesonnet45,baseline
BurialOfferings,spectacle,0.07751937984496124,0.7692307692307693,0.1408450704225352,claudesonnet45,baseline
BurningOfferings,spectacle,0.08181818181818182,1,0.15126050420168066,claudesonnet45,baseline
Confession,spectacle,0.11290322580645161,0.7,0.19444444444444445,claudesonnet45,baseline
Games,indicators of bonding,0.08641975308641975,0.7,0.15384615384615385,claudesonnet45,baseline
CommunalEating,indicators of bonding,0.42033898305084744,0.9465648854961832,0.5821596244131455,claudesonnet45,baseline
Joyful,indicators of bonding,0.21782178217821782,0.88,0.3492063492063492,claudesonnet45,baseline
TabooSmoke,taboos,0.05714285714285714,1,0.1081081081081081,claudesonnet45,baseline
TabooAlcohol,taboos,0.08333333333333333,0.8,0.1509433962264151,claudesonnet45,baseline
TabooSexual,taboos,0.1111111111111111,0.6,0.18750000000000003,claudesonnet45,baseline
TabooTalking,taboos,0.04950495049504951,0.8333333333333334,0.09345794392523366,claudesonnet45,baseline
PeakEuphoria,arousal,0.22913097992396086,0.24038648636181661,0.22342138100616743,claudesonnet45,baseline
AvgEuphoria,arousal,0.3074771648350963,0.2139912562063429,0.21547535030797035,claudesonnet45,baseline
ParticipantPeakEuphoria,arousal,0.17302714835965274,0.18564463026083666,0.14810353221666467,claudesonnet45,baseline
PeakDysphoria,arousal,0.36185575651801444,0.31966278371704693,0.3223643192926077,claudesonnet45,baseline
AvgDyphoria,arousal,0.38172261736272356,0.24263333158070002,0.2309091603544491,claudesonnet45,baseline
SensoryPageantry,ritual form,0.13565435240819554,0.2416896159260382,0.1723668595707782,claudesonnet45,baseline
SMarker,ritual form,0.07545883212338571,0.19481368186874304,0.09598368042635208,claudesonnet45,baseline
Exegesis,exegesis,0.19638275781223835,0.19585635359116021,0.17158135981665396,claudesonnet45,baseline
AcquisitionExegesis,exegesis,0.25,0.4029850746268657,0.09159663865546219,claudesonnet45,baseline
Wedding,function,0.8461538461538461,0.7333333333333333,0.7857142857142856,deepseekv31671b,ensemble_mtp
OtherUnion,function,1,0.375,0.5454545454545454,deepseekv31671b,ensemble_mtp
WorldyPursuit,function,0.7722772277227723,0.4,0.5270270270270271,deepseekv31671b,ensemble_mtp
Apotropaeic,function,0.1925925925925926,0.8666666666666667,0.3151515151515151,deepseekv31671b,ensemble_mtp
OtherWorldyPursuit,function,0.11538461538461539,0.34285714285714286,0.17266187050359713,deepseekv31671b,ensemble_mtp
Initiation,function,0.6470588235294118,0.9777777777777777,0.7787610619469026,deepseekv31671b,ensemble_mtp
Installation,function,0.25,0.6666666666666666,0.36363636363636365,deepseekv31671b,ensemble_mtp
Divination,function,0.5,0.5,0.5,deepseekv31671b,ensemble_mtp
Liturgical,function,0.171875,0.9166666666666666,0.2894736842105263,deepseekv31671b,ensemble_mtp
NewBorn,function,0.7058823529411765,0.96,0.8135593220338982,deepseekv31671b,ensemble_mtp
Funerary,function,0.9761904761904762,0.6721311475409836,0.7961165048543689,deepseekv31671b,ensemble_mtp
Commerative,function,0.1282051282051282,0.5263157894736842,0.20618556701030924,deepseekv31671b,ensemble_mtp
Protection,function,0.02564102564102564,0.8333333333333334,0.04975124378109452,deepseekv31671b,ensemble_mtp
HouseDedication,function,0.42105263157894735,0.8,0.5517241379310345,deepseekv31671b,ensemble_mtp
RitualDuration,duration,NA,NA,NA,deepseekv31671b,ensemble_mtp
ParticipantsSex,participation,0.4285897118322186,0.4484387563655856,0.436452173705191,deepseekv31671b,ensemble_mtp
Solitary,participation,0.6666666666666666,0.09090909090909091,0.16,deepseekv31671b,ensemble_mtp
ImmediateKin,participation,0.6533333333333333,0.4152542372881356,0.5077720207253886,deepseekv31671b,ensemble_mtp
ExtendedKin,participation,0.45454545454545453,0.4666666666666667,0.46052631578947373,deepseekv31671b,ensemble_mtp
Group15abs,participation,0.655,0.5504201680672269,0.5981735159817352,deepseekv31671b,ensemble_mtp
Group50percent,participation,0.25,0.09090909090909091,0.13333333333333333,deepseekv31671b,ensemble_mtp
Group5090percent,participation,0.23809523809523808,0.16666666666666666,0.19607843137254902,deepseekv31671b,ensemble_mtp
Group90100percent,participation,0.20270270270270271,0.46875,0.2830188679245283,deepseekv31671b,ensemble_mtp
Outsiders,participation,0.32,0.5161290322580645,0.3950617283950617,deepseekv31671b,ensemble_mtp
AnnualPATIENT,frequency,0.3057491221977852,0.33553402067353144,0.2134191712844352,deepseekv31671b,ensemble_mtp
AnnualPARTICIPANT,frequency,0.3473311979579339,0.3445705364455364,0.33585202652523827,deepseekv31671b,ensemble_mtp
Dancing,movement and sounds,0.7348484848484849,0.6879432624113475,0.7106227106227107,deepseekv31671b,ensemble_mtp
Singing,movement and sounds,0.7664670658682635,0.6881720430107527,0.7252124645892352,deepseekv31671b,ensemble_mtp
Percussion,movement and sounds,0.6730769230769231,0.7070707070707071,0.6896551724137931,deepseekv31671b,ensemble_mtp
OtherInstruments,movement and sounds,0.34285714285714286,0.7741935483870968,0.4752475247524752,deepseekv31671b,ensemble_mtp
NonRhythmic,movement and sounds,0.4835164835164835,0.7457627118644068,0.5866666666666667,deepseekv31671b,ensemble_mtp
IntenseMusicDance,movement and sounds,0.16923076923076924,0.9565217391304348,0.28758169934640526,deepseekv31671b,ensemble_mtp
SorrowMusicDance,movement and sounds,0,0,0,deepseekv31671b,ensemble_mtp
LargescaleMusicDance,movement and sounds,0.029940119760479042,1,0.058139534883720936,deepseekv31671b,ensemble_mtp
Marching,movement and sounds,0.6625,0.6883116883116883,0.6751592356687898,deepseekv31671b,ensemble_mtp
Explosions,movement and sounds,0.7,0.7777777777777778,0.7368421052631577,deepseekv31671b,ensemble_mtp
Bowing,movement and sounds,0.28695652173913044,0.9166666666666666,0.43708609271523174,deepseekv31671b,ensemble_mtp
Haircut,purification,0.38095238095238093,0.5714285714285714,0.4571428571428571,deepseekv31671b,ensemble_mtp
Washing,purification,0.49122807017543857,0.9333333333333333,0.6436781609195402,deepseekv31671b,ensemble_mtp
Rubbing,purification,0.41935483870967744,0.7647058823529411,0.5416666666666666,deepseekv31671b,ensemble_mtp
Sprinkling,purification,0.4057971014492754,0.6363636363636364,0.49557522123893816,deepseekv31671b,ensemble_mtp
Fumigation,purification,0.11594202898550725,1,0.20779220779220778,deepseekv31671b,ensemble_mtp
InterdictionHands,purification,0.23529411764705882,0.8,0.3636363636363636,deepseekv31671b,ensemble_mtp
Spitting,purification,0.4444444444444444,0.8,0.5714285714285714,deepseekv31671b,ensemble_mtp
Hallucinogen,altered states of consciousness,0.4,0.5,0.4444444444444445,deepseekv31671b,ensemble_mtp
Sedatives,altered states of consciousness,0.3333333333333333,0.3333333333333333,0.3333333333333333,deepseekv31671b,ensemble_mtp
Alcohol,altered states of consciousness,0.5730337078651685,0.75,0.6496815286624205,deepseekv31671b,ensemble_mtp
ExecutivePossession,altered states of consciousness,0.6410256410256411,0.8333333333333334,0.7246376811594204,deepseekv31671b,ensemble_mtp
PerformanceTrance,altered states of consciousness,0.40384615384615385,0.9130434782608695,0.5599999999999999,deepseekv31671b,ensemble_mtp
Stimulants,altered states of consciousness,0,0,0,deepseekv31671b,ensemble_mtp
Smoking,altered states of consciousness,0.2127659574468085,0.8333333333333334,0.3389830508474576,deepseekv31671b,ensemble_mtp
BurningParticipants,negative bodily stimulation,0,0,0,deepseekv31671b,ensemble_mtp
WoundingSignificant,negative bodily stimulation,0.10526315789473684,1,0.1904761904761905,deepseekv31671b,ensemble_mtp
WoundingSuperficial,negative bodily stimulation,0.5714285714285714,0.2857142857142857,0.38095238095238093,deepseekv31671b,ensemble_mtp
Beating,negative bodily stimulation,0.6,0.6,0.6,deepseekv31671b,ensemble_mtp
Piercing,negative bodily stimulation,0.375,1,0.5454545454545454,deepseekv31671b,ensemble_mtp
Scarification,negative bodily stimulation,0.2,1,0.33333333333333337,deepseekv31671b,ensemble_mtp
Tattooing,negative bodily stimulation,0.5,0.75,0.6,deepseekv31671b,ensemble_mtp
LacerationSensitive,negative bodily stimulation,0,0,0,deepseekv31671b,ensemble_mtp
Circumcision,negative bodily stimulation,0.6666666666666666,0.8571428571428571,0.75,deepseekv31671b,ensemble_mtp
FoulOlfaction,negative bodily stimulation,0.1,0.4,0.16000000000000003,deepseekv31671b,ensemble_mtp
Vomiting,negative bodily stimulation,0.3,1,0.4615384615384615,deepseekv31671b,ensemble_mtp
SwallowingObjects,negative bodily stimulation,0.6666666666666666,1,0.8,deepseekv31671b,ensemble_mtp
SuckingofPatient,negative bodily stimulation,0.6,1,0.7499999999999999,deepseekv31671b,ensemble_mtp
Fasting,endurance ordeals,0.48484848484848486,0.8,0.6037735849056605,deepseekv31671b,ensemble_mtp
AthleticFeats,endurance ordeals,0.11612903225806452,1,0.20809248554913296,deepseekv31671b,ensemble_mtp
SleepDeprivation,endurance ordeals,0.21739130434782608,0.38461538461538464,0.27777777777777773,deepseekv31671b,ensemble_mtp
Dehydration,endurance ordeals,0.3,0.6,0.4,deepseekv31671b,ensemble_mtp
Immobility,endurance ordeals,0.1282051282051282,0.8333333333333334,0.2222222222222222,deepseekv31671b,ensemble_mtp
Isolation,psychological discomfort,0.32,0.7619047619047619,0.4507042253521127,deepseekv31671b,ensemble_mtp
Fear,psychological discomfort,0.09375,1,0.17142857142857143,deepseekv31671b,ensemble_mtp
Humilation,psychological discomfort,0.1111111111111111,1,0.19999999999999998,deepseekv31671b,ensemble_mtp
DramaticActs,spectacle,0.055248618784530384,0.9090909090909091,0.10416666666666667,deepseekv31671b,ensemble_mtp
HolyObjects,spectacle,0.2184873949579832,0.52,0.3076923076923077,deepseekv31671b,ensemble_mtp
HolySite,spectacle,0.3253012048192771,0.42857142857142855,0.3698630136986301,deepseekv31671b,ensemble_mtp
RitualConstruction,spectacle,0.42105263157894735,0.42857142857142855,0.4247787610619469,deepseekv31671b,ensemble_mtp
LargeCrowd,spectacle,0.08278145695364239,0.9615384615384616,0.1524390243902439,deepseekv31671b,ensemble_mtp
MockConflict,spectacle,0.47619047619047616,0.3333333333333333,0.39215686274509803,deepseekv31671b,ensemble_mtp
Costume,spectacle,0.405,0.8901098901098901,0.5567010309278351,deepseekv31671b,ensemble_mtp
FireEmbers,spectacle,0.39823008849557523,0.9,0.5521472392638036,deepseekv31671b,ensemble_mtp
SacrificeAnimal,spectacle,0.6538461538461539,0.8947368421052632,0.7555555555555555,deepseekv31671b,ensemble_mtp
SacrificeHuman,spectacle,0.4,1,0.5714285714285715,deepseekv31671b,ensemble_mtp
WaterOffering,spectacle,0.4583333333333333,0.6875,0.5499999999999999,deepseekv31671b,ensemble_mtp
Minatures,spectacle,0.25,0.5652173913043478,0.3466666666666667,deepseekv31671b,ensemble_mtp
PathogenicPossession,spectacle,0.2608695652173913,0.75,0.3870967741935483,deepseekv31671b,ensemble_mtp
Speechmaking,spectacle,0.6545454545454545,0.4114285714285714,0.5052631578947369,deepseekv31671b,ensemble_mtp
TextRecitation,spectacle,0.21367521367521367,0.78125,0.3355704697986577,deepseekv31671b,ensemble_mtp
Naming,spectacle,0.46875,0.8823529411764706,0.6122448979591837,deepseekv31671b,ensemble_mtp
Blood,spectacle,0.5802469135802469,0.7966101694915254,0.6714285714285715,deepseekv31671b,ensemble_mtp
Weapons,spectacle,0.5409836065573771,0.7333333333333333,0.6226415094339622,deepseekv31671b,ensemble_mtp
Sexual intercourse,spectacle,0.6,0.8571428571428571,0.7058823529411764,deepseekv31671b,ensemble_mtp
StoryTelling,spectacle,0.18181818181818182,0.8571428571428571,0.30000000000000004,deepseekv31671b,ensemble_mtp
BurialOfferings,spectacle,0.28,0.7,0.4,deepseekv31671b,ensemble_mtp
BurningOfferings,spectacle,0.16363636363636364,1,0.28125,deepseekv31671b,ensemble_mtp
Confession,spectacle,0.2,0.5,0.28571428571428575,deepseekv31671b,ensemble_mtp
Games,indicators of bonding,0.1794871794871795,0.875,0.2978723404255319,deepseekv31671b,ensemble_mtp
CommunalEating,indicators of bonding,0.5822784810126582,0.8141592920353983,0.6789667896678967,deepseekv31671b,ensemble_mtp
Joyful,indicators of bonding,0.20253164556962025,0.9142857142857143,0.33160621761658027,deepseekv31671b,ensemble_mtp
TabooSmoke,taboos,0.09523809523809523,1,0.17391304347826084,deepseekv31671b,ensemble_mtp
TabooAlcohol,taboos,0.09090909090909091,0.4,0.14814814814814814,deepseekv31671b,ensemble_mtp
TabooSexual,taboos,0.23076923076923078,0.6428571428571429,0.339622641509434,deepseekv31671b,ensemble_mtp
TabooTalking,taboos,0.15151515151515152,0.8333333333333334,0.25641025641025644,deepseekv31671b,ensemble_mtp
PeakEuphoria,arousal,0.23065712965692456,0.19734773447958182,0.14097679216608863,deepseekv31671b,ensemble_mtp
AvgEuphoria,arousal,0.13893497595662443,0.18174549327624628,0.12178083322379786,deepseekv31671b,ensemble_mtp
ParticipantPeakEuphoria,arousal,0.21016991255961845,0.1467078257415254,0.15429895549769204,deepseekv31671b,ensemble_mtp
PeakDysphoria,arousal,0.3030009557698091,0.24645690312738366,0.23814475748901978,deepseekv31671b,ensemble_mtp
AvgDyphoria,arousal,0.18383993854286276,0.1891366248509106,0.17946828189207115,deepseekv31671b,ensemble_mtp
SensoryPageantry,ritual form,0.26813851106503395,0.2047488954419713,0.14695137123311022,deepseekv31671b,ensemble_mtp
SMarker,ritual form,0.2813257922770104,0.21231364599966962,0.11616765070154901,deepseekv31671b,ensemble_mtp
Exegesis,exegesis,0.20163946413946415,0.23723376956633307,0.16082472290767597,deepseekv31671b,ensemble_mtp
AcquisitionExegesis,exegesis,0.15697291214532594,0.21009627894873795,0.028987919773423503,deepseekv31671b,ensemble_mtp
Wedding,function,0.8666666666666667,0.7647058823529411,0.8125,deepseekv31671b,mtp
OtherUnion,function,1,0.25,0.4,deepseekv31671b,mtp
WorldyPursuit,function,0.7521367521367521,0.37606837606837606,0.5014245014245013,deepseekv31671b,mtp
Apotropaeic,function,0.16556291390728478,0.7352941176470589,0.2702702702702703,deepseekv31671b,mtp
OtherWorldyPursuit,function,0.1015625,0.3023255813953488,0.15204678362573099,deepseekv31671b,mtp
Initiation,function,0.6707317073170732,0.9649122807017544,0.7913669064748202,deepseekv31671b,mtp
Installation,function,0.5,0.75,0.6,deepseekv31671b,mtp
Divination,function,0.6,0.48,0.5333333333333332,deepseekv31671b,mtp
Liturgical,function,0.1744186046511628,0.7894736842105263,0.28571428571428575,deepseekv31671b,mtp
NewBorn,function,0.825,0.9705882352941176,0.8918918918918919,deepseekv31671b,mtp
Funerary,function,0.94,0.5949367088607594,0.7286821705426355,deepseekv31671b,mtp
Commerative,function,0.10989010989010989,0.37037037037037035,0.1694915254237288,deepseekv31671b,mtp
Protection,function,0.0228310502283105,0.8333333333333334,0.04444444444444444,deepseekv31671b,mtp
HouseDedication,function,0.42857142857142855,0.8181818181818182,0.5625,deepseekv31671b,mtp
RitualDuration,duration,NA,NA,NA,deepseekv31671b,mtp
ParticipantsSex,participation,0.41434202770409667,0.4325416325416325,0.422756736908366,deepseekv31671b,mtp
Solitary,participation,0.5,0.034482758620689655,0.06451612903225806,deepseekv31671b,mtp
ImmediateKin,participation,0.6666666666666666,0.39416058394160586,0.4954128440366973,deepseekv31671b,mtp
ExtendedKin,participation,0.4946236559139785,0.5168539325842697,0.5054945054945056,deepseekv31671b,mtp
Group15abs,participation,0.6755555555555556,0.5049833887043189,0.5779467680608364,deepseekv31671b,mtp
Group50percent,participation,0.2962962962962963,0.12698412698412698,0.17777777777777776,deepseekv31671b,mtp
Group5090percent,participation,0.2222222222222222,0.11764705882352941,0.15384615384615383,deepseekv31671b,mtp
Group90100percent,participation,0.20689655172413793,0.6486486486486487,0.3137254901960784,deepseekv31671b,mtp
Outsiders,participation,0.296875,0.5428571428571428,0.3838383838383838,deepseekv31671b,mtp
AnnualPATIENT,frequency,0.2830450043798502,0.22663307843771519,0.15314801133592415,deepseekv31671b,mtp
AnnualPARTICIPANT,frequency,0.42075596816976124,0.3540484343541434,0.33226599555497555,deepseekv31671b,mtp
Dancing,movement and sounds,0.7483443708609272,0.6932515337423313,0.7197452229299364,deepseekv31671b,mtp
Singing,movement and sounds,0.7649769585253456,0.6974789915966386,0.7296703296703297,deepseekv31671b,mtp
Percussion,movement and sounds,0.6984126984126984,0.7394957983193278,0.7183673469387755,deepseekv31671b,mtp
OtherInstruments,movement and sounds,0.3670886075949367,0.7435897435897436,0.4915254237288136,deepseekv31671b,mtp
NonRhythmic,movement and sounds,0.48695652173913045,0.7887323943661971,0.6021505376344086,deepseekv31671b,mtp
IntenseMusicDance,movement and sounds,0.17105263157894737,0.9285714285714286,0.28888888888888886,deepseekv31671b,mtp
SorrowMusicDance,movement and sounds,0.043478260869565216,0.3333333333333333,0.07692307692307691,deepseekv31671b,mtp
LargescaleMusicDance,movement and sounds,0.0228310502283105,1,0.044642857142857144,deepseekv31671b,mtp
Marching,movement and sounds,0.6952380952380952,0.6952380952380952,0.6952380952380952,deepseekv31671b,mtp
Explosions,movement and sounds,0.6956521739130435,0.7272727272727273,0.711111111111111,deepseekv31671b,mtp
Bowing,movement and sounds,0.2631578947368421,0.9210526315789473,0.40935672514619886,deepseekv31671b,mtp
Haircut,purification,0.5416666666666666,0.5909090909090909,0.5652173913043478,deepseekv31671b,mtp
Washing,purification,0.4444444444444444,0.8695652173913043,0.5882352941176471,deepseekv31671b,mtp
Rubbing,purification,0.46875,0.6521739130434783,0.5454545454545454,deepseekv31671b,mtp
Sprinkling,purification,0.44155844155844154,0.6071428571428571,0.5112781954887218,deepseekv31671b,mtp
Fumigation,purification,0.12345679012345678,1,0.21978021978021975,deepseekv31671b,mtp
InterdictionHands,purification,0.26666666666666666,0.8,0.4,deepseekv31671b,mtp
Spitting,purification,0.42857142857142855,0.8181818181818182,0.5625,deepseekv31671b,mtp
Hallucinogen,altered states of consciousness,0.5,0.5,0.5,deepseekv31671b,mtp
Sedatives,altered states of consciousness,0.3333333333333333,0.1111111111111111,0.16666666666666666,deepseekv31671b,mtp
Alcohol,altered states of consciousness,0.5531914893617021,0.7027027027027027,0.6190476190476191,deepseekv31671b,mtp
ExecutivePossession,altered states of consciousness,0.6041666666666666,0.7837837837837838,0.6823529411764706,deepseekv31671b,mtp
PerformanceTrance,altered states of consciousness,0.34328358208955223,0.92,0.5,deepseekv31671b,mtp
Stimulants,altered states of consciousness,0,0,0,deepseekv31671b,mtp
Smoking,altered states of consciousness,0.18518518518518517,0.8333333333333334,0.303030303030303,deepseekv31671b,mtp
BurningParticipants,negative bodily stimulation,0,0,0,deepseekv31671b,mtp
WoundingSignificant,negative bodily stimulation,0.15,0.6,0.24,deepseekv31671b,mtp
WoundingSuperficial,negative bodily stimulation,0.375,0.2,0.26086956521739135,deepseekv31671b,mtp
Beating,negative bodily stimulation,0.6363636363636364,0.6363636363636364,0.6363636363636364,deepseekv31671b,mtp
Piercing,negative bodily stimulation,0.3333333333333333,1,0.5,deepseekv31671b,mtp
Scarification,negative bodily stimulation,0.25,1,0.4,deepseekv31671b,mtp
Tattooing,negative bodily stimulation,0.42857142857142855,0.75,0.5454545454545454,deepseekv31671b,mtp
LacerationSensitive,negative bodily stimulation,0,0,0,deepseekv31671b,mtp
Circumcision,negative bodily stimulation,0.7,0.7777777777777778,0.7368421052631577,deepseekv31671b,mtp
FoulOlfaction,negative bodily stimulation,0.09523809523809523,0.25,0.13793103448275862,deepseekv31671b,mtp
Vomiting,negative bodily stimulation,0.3,1,0.4615384615384615,deepseekv31671b,mtp
SwallowingObjects,negative bodily stimulation,1,1,1,deepseekv31671b,mtp
SuckingofPatient,negative bodily stimulation,0.5,1,0.6666666666666666,deepseekv31671b,mtp
Fasting,endurance ordeals,0.40540540540540543,0.6,0.48387096774193555,deepseekv31671b,mtp
AthleticFeats,endurance ordeals,0.11049723756906077,1,0.19900497512437812,deepseekv31671b,mtp
SleepDeprivation,endurance ordeals,0.25806451612903225,0.4,0.3137254901960784,deepseekv31671b,mtp
Dehydration,endurance ordeals,0.375,0.5,0.42857142857142855,deepseekv31671b,mtp
Immobility,endurance ordeals,0.1206896551724138,0.875,0.21212121212121213,deepseekv31671b,mtp
Isolation,psychological discomfort,0.3230769230769231,0.7777777777777778,0.45652173913043476,deepseekv31671b,mtp
Fear,psychological discomfort,0.10810810810810811,1,0.1951219512195122,deepseekv31671b,mtp
Humilation,psychological discomfort,0.15789473684210525,1,0.2727272727272727,deepseekv31671b,mtp
DramaticActs,spectacle,0.049019607843137254,0.7692307692307693,0.09216589861751152,deepseekv31671b,mtp
HolyObjects,spectacle,0.2710843373493976,0.5921052631578947,0.371900826446281,deepseekv31671b,mtp
HolySite,spectacle,0.2920353982300885,0.39759036144578314,0.336734693877551,deepseekv31671b,mtp
RitualConstruction,spectacle,0.4383561643835616,0.463768115942029,0.45070422535211263,deepseekv31671b,mtp
LargeCrowd,spectacle,0.07387862796833773,0.9655172413793104,0.13725490196078433,deepseekv31671b,mtp
MockConflict,spectacle,0.5,0.3142857142857143,0.38596491228070173,deepseekv31671b,mtp
Costume,spectacle,0.4279835390946502,0.9043478260869565,0.5810055865921788,deepseekv31671b,mtp
FireEmbers,spectacle,0.32,0.8421052631578947,0.463768115942029,deepseekv31671b,mtp
SacrificeAnimal,spectacle,0.656934306569343,0.8737864077669902,0.7499999999999999,deepseekv31671b,mtp
SacrificeHuman,spectacle,0.5,1,0.6666666666666666,deepseekv31671b,mtp
WaterOffering,spectacle,0.5,0.6666666666666666,0.5714285714285715,deepseekv31671b,mtp
Minatures,spectacle,0.32075471698113206,0.6071428571428571,0.41975308641975306,deepseekv31671b,mtp
PathogenicPossession,spectacle,0.25,0.6666666666666666,0.36363636363636365,deepseekv31671b,mtp
Speechmaking,spectacle,0.6433566433566433,0.42790697674418604,0.5139664804469274,deepseekv31671b,mtp
TextRecitation,spectacle,0.2116788321167883,0.7837837837837838,0.3333333333333333,deepseekv31671b,mtp
Naming,spectacle,0.46153846153846156,0.8571428571428571,0.6,deepseekv31671b,mtp
Blood,spectacle,0.5662650602409639,0.746031746031746,0.6438356164383563,deepseekv31671b,mtp
Weapons,spectacle,0.5333333333333333,0.7272727272727273,0.6153846153846153,deepseekv31671b,mtp
Sexual intercourse,spectacle,0.5833333333333334,0.875,0.7000000000000001,deepseekv31671b,mtp
StoryTelling,spectacle,0.14606741573033707,0.8666666666666667,0.25,deepseekv31671b,mtp
BurialOfferings,spectacle,0.34615384615384615,0.6923076923076923,0.46153846153846156,deepseekv31671b,mtp
BurningOfferings,spectacle,0.14285714285714285,1,0.25,deepseekv31671b,mtp
Confession,spectacle,0.1875,0.6,0.2857142857142857,deepseekv31671b,mtp
Games,indicators of bonding,0.16071428571428573,0.9,0.27272727272727276,deepseekv31671b,mtp
CommunalEating,indicators of bonding,0.5401069518716578,0.7709923664122137,0.6352201257861635,deepseekv31671b,mtp
Joyful,indicators of bonding,0.21354166666666666,0.82,0.33884297520661155,deepseekv31671b,mtp
TabooSmoke,taboos,0.05405405405405406,1,0.10256410256410257,deepseekv31671b,mtp
TabooAlcohol,taboos,0.030303030303030304,0.2,0.052631578947368425,deepseekv31671b,mtp
TabooSexual,taboos,0.17647058823529413,0.6,0.2727272727272727,deepseekv31671b,mtp
TabooTalking,taboos,0.1388888888888889,0.8333333333333334,0.2380952380952381,deepseekv31671b,mtp
PeakEuphoria,arousal,0.13623045753866941,0.16839963734243704,0.0962546840914188,deepseekv31671b,mtp
AvgEuphoria,arousal,0.22003663003663004,0.1797592291808315,0.12436533018130236,deepseekv31671b,mtp
ParticipantPeakEuphoria,arousal,0.2170695190609361,0.11226026342172174,0.13460697536420702,deepseekv31671b,mtp
PeakDysphoria,arousal,0.33362204244557186,0.2536814680047499,0.25200863264519324,deepseekv31671b,mtp
AvgDyphoria,arousal,0.22128595027754688,0.18555160974023663,0.17494545060626443,deepseekv31671b,mtp
SensoryPageantry,ritual form,0.20012487500223,0.19849304968657058,0.13018512315393718,deepseekv31671b,mtp
SMarker,ritual form,0.3183367048382801,0.25110962255358804,0.13907219039035174,deepseekv31671b,mtp
Exegesis,exegesis,0.20410743777329018,0.27341488277268094,0.15892907600182068,deepseekv31671b,mtp
AcquisitionExegesis,exegesis,0.17832512315270937,0.2277984304006609,0.032671525742864416,deepseekv31671b,mtp
Wedding,function,0.6470588235294118,0.6875,0.6666666666666667,deepseekv31671b,baseline
OtherUnion,function,0.5,0.7142857142857143,0.588235294117647,deepseekv31671b,baseline
WorldyPursuit,function,0.4349593495934959,0.9771689497716894,0.6019690576652601,deepseekv31671b,baseline
Apotropaeic,function,0.13617021276595745,1,0.2397003745318352,deepseekv31671b,baseline
OtherWorldyPursuit,function,0.07867494824016563,0.926829268292683,0.14503816793893126,deepseekv31671b,baseline
Initiation,function,0.36054421768707484,0.9814814814814815,0.5273631840796019,deepseekv31671b,baseline
Installation,function,0.25,0.75,0.375,deepseekv31671b,baseline
Divination,function,0.22666666666666666,0.7391304347826086,0.346938775510204,deepseekv31671b,baseline
Liturgical,function,0.04387990762124711,1,0.084070796460177,deepseekv31671b,baseline
NewBorn,function,0.6521739130434783,0.967741935483871,0.7792207792207793,deepseekv31671b,baseline
Funerary,function,0.8289473684210527,0.84,0.8344370860927153,deepseekv31671b,baseline
Commerative,function,0.07894736842105263,0.3333333333333333,0.12765957446808512,deepseekv31671b,baseline
Protection,function,0.018691588785046728,1,0.03669724770642201,deepseekv31671b,baseline
HouseDedication,function,0.42857142857142855,1,0.6,deepseekv31671b,baseline
RitualDuration,duration,0.2512373849061155,0.185701759895134,0.18419218035747,deepseekv31671b,baseline
ParticipantsSex,participation,0.4197252940143935,0.4787127071232202,0.39118987265375094,deepseekv31671b,baseline
Solitary,participation,0.5714285714285714,0.2962962962962963,0.3902439024390244,deepseekv31671b,baseline
ImmediateKin,participation,0.5034965034965035,0.5581395348837209,0.5294117647058824,deepseekv31671b,baseline
ExtendedKin,participation,0.37662337662337664,0.6823529411764706,0.48535564853556484,deepseekv31671b,baseline
Group15abs,participation,0.625,0.03508771929824561,0.06644518272425248,deepseekv31671b,baseline
Group50percent,participation,0.30303030303030304,0.1694915254237288,0.21739130434782608,deepseekv31671b,baseline
Group5090percent,participation,0.15841584158415842,0.48484848484848486,0.23880597014925373,deepseekv31671b,baseline
Group90100percent,participation,0.24,0.36363636363636365,0.2891566265060241,deepseekv31671b,baseline
Outsiders,participation,0.273972602739726,0.625,0.38095238095238093,deepseekv31671b,baseline
AnnualPATIENT,frequency,0.18555131559705032,0.2283827283827284,0.14513376874369174,deepseekv31671b,baseline
AnnualPARTICIPANT,frequency,0.3446619121380319,0.23019543368918766,0.15937063314412792,deepseekv31671b,baseline
Dancing,movement and sounds,0.7294117647058823,0.8378378378378378,0.779874213836478,deepseekv31671b,baseline
Singing,movement and sounds,0.7387387387387387,0.7354260089686099,0.7370786516853933,deepseekv31671b,baseline
Percussion,movement and sounds,0.6557377049180327,0.7547169811320755,0.7017543859649122,deepseekv31671b,baseline
OtherInstruments,movement and sounds,0.36585365853658536,0.8571428571428571,0.5128205128205128,deepseekv31671b,baseline
NonRhythmic,movement and sounds,0.43529411764705883,0.5967741935483871,0.5034013605442176,deepseekv31671b,baseline
IntenseMusicDance,movement and sounds,0.12941176470588237,0.9166666666666666,0.2268041237113402,deepseekv31671b,baseline
SorrowMusicDance,movement and sounds,0.05128205128205128,0.4,0.09090909090909091,deepseekv31671b,baseline
LargescaleMusicDance,movement and sounds,0.020833333333333332,0.8,0.04060913705583756,deepseekv31671b,baseline
Marching,movement and sounds,0.6446280991735537,0.7878787878787878,0.7090909090909092,deepseekv31671b,baseline
Explosions,movement and sounds,0.7,0.6666666666666666,0.6829268292682926,deepseekv31671b,baseline
Bowing,movement and sounds,0.3625,0.8055555555555556,0.5,deepseekv31671b,baseline
Haircut,purification,0.5142857142857142,0.8571428571428571,0.6428571428571428,deepseekv31671b,baseline
Washing,purification,0.5306122448979592,0.8387096774193549,0.65,deepseekv31671b,baseline
Rubbing,purification,0.3181818181818182,0.6363636363636364,0.4242424242424242,deepseekv31671b,baseline
Sprinkling,purification,0.3253968253968254,0.7454545454545455,0.4530386740331491,deepseekv31671b,baseline
Fumigation,purification,0.1076923076923077,0.7777777777777778,0.18918918918918923,deepseekv31671b,baseline
InterdictionHands,purification,0.4,1,0.5714285714285715,deepseekv31671b,baseline
Spitting,purification,0.36,0.9,0.5142857142857143,deepseekv31671b,baseline
Hallucinogen,altered states of consciousness,0.4,0.8,0.5333333333333333,deepseekv31671b,baseline
Sedatives,altered states of consciousness,0,0,0,deepseekv31671b,baseline
Alcohol,altered states of consciousness,0.5333333333333333,0.8,0.64,deepseekv31671b,baseline
ExecutivePossession,altered states of consciousness,0.5897435897435898,0.7419354838709677,0.6571428571428573,deepseekv31671b,baseline
PerformanceTrance,altered states of consciousness,0.3793103448275862,0.9565217391304348,0.54320987654321,deepseekv31671b,baseline
Stimulants,altered states of consciousness,0.1864406779661017,0.7857142857142857,0.3013698630136986,deepseekv31671b,baseline
Smoking,altered states of consciousness,0.15517241379310345,0.9,0.2647058823529411,deepseekv31671b,baseline
BurningParticipants,negative bodily stimulation,0.14285714285714285,0.5,0.22222222222222224,deepseekv31671b,baseline
WoundingSignificant,negative bodily stimulation,0.05747126436781609,1,0.10869565217391304,deepseekv31671b,baseline
WoundingSuperficial,negative bodily stimulation,0.2222222222222222,0.7692307692307693,0.3448275862068966,deepseekv31671b,baseline
Beating,negative bodily stimulation,0.47368421052631576,0.8181818181818182,0.6,deepseekv31671b,baseline
Piercing,negative bodily stimulation,0.10344827586206896,1,0.1875,deepseekv31671b,baseline
Scarification,negative bodily stimulation,0.0625,1,0.11764705882352941,deepseekv31671b,baseline
Tattooing,negative bodily stimulation,0.21428571428571427,0.75,0.3333333333333333,deepseekv31671b,baseline
LacerationSensitive,negative bodily stimulation,0.06666666666666667,1,0.125,deepseekv31671b,baseline
Circumcision,negative bodily stimulation,0.6428571428571429,1,0.782608695652174,deepseekv31671b,baseline
FoulOlfaction,negative bodily stimulation,0,0,0,deepseekv31671b,baseline
Vomiting,negative bodily stimulation,0.3,1,0.4615384615384615,deepseekv31671b,baseline
SwallowingObjects,negative bodily stimulation,0.5,1,0.6666666666666666,deepseekv31671b,baseline
SuckingofPatient,negative bodily stimulation,0.6,1,0.7499999999999999,deepseekv31671b,baseline
Fasting,endurance ordeals,0.4864864864864865,0.8181818181818182,0.6101694915254238,deepseekv31671b,baseline
AthleticFeats,endurance ordeals,0.10062893081761007,0.9411764705882353,0.18181818181818182,deepseekv31671b,baseline
SleepDeprivation,endurance ordeals,0.3181818181818182,0.4117647058823529,0.358974358974359,deepseekv31671b,baseline
Dehydration,endurance ordeals,0.07692307692307693,0.16666666666666666,0.10526315789473684,deepseekv31671b,baseline
Immobility,endurance ordeals,0.10526315789473684,0.6666666666666666,0.18181818181818182,deepseekv31671b,baseline
Isolation,psychological discomfort,0.425531914893617,0.8333333333333334,0.5633802816901409,deepseekv31671b,baseline
Fear,psychological discomfort,0.06201550387596899,1,0.1167883211678832,deepseekv31671b,baseline
Humilation,psychological discomfort,0.1,1,0.18181818181818182,deepseekv31671b,baseline
DramaticActs,spectacle,0.046511627906976744,0.7272727272727273,0.08743169398907104,deepseekv31671b,baseline
HolyObjects,spectacle,0.19314641744548286,0.8493150684931506,0.3147208121827411,deepseekv31671b,baseline
HolySite,spectacle,0.36666666666666664,0.28205128205128205,0.31884057971014496,deepseekv31671b,baseline
RitualConstruction,spectacle,0.4044943820224719,0.5294117647058824,0.4585987261146497,deepseekv31671b,baseline
LargeCrowd,spectacle,0.08391608391608392,0.8275862068965517,0.15238095238095237,deepseekv31671b,baseline
MockConflict,spectacle,0.5416666666666666,0.3939393939393939,0.45614035087719296,deepseekv31671b,baseline
Costume,spectacle,0.4311111111111111,0.8738738738738738,0.5773809523809524,deepseekv31671b,baseline
FireEmbers,spectacle,0.40594059405940597,0.803921568627451,0.5394736842105263,deepseekv31671b,baseline
SacrificeAnimal,spectacle,0.5945945945945946,0.8712871287128713,0.7068273092369478,deepseekv31671b,baseline
SacrificeHuman,spectacle,0.5,1,0.6666666666666666,deepseekv31671b,baseline
WaterOffering,spectacle,0.3235294117647059,0.6470588235294118,0.4313725490196078,deepseekv31671b,baseline
Minatures,spectacle,0.3404255319148936,0.5925925925925926,0.4324324324324324,deepseekv31671b,baseline
PathogenicPossession,spectacle,0.2647058823529412,0.75,0.39130434782608703,deepseekv31671b,baseline
Speechmaking,spectacle,0.5934959349593496,0.7156862745098039,0.648888888888889,deepseekv31671b,baseline
TextRecitation,spectacle,0.10112359550561797,0.7714285714285715,0.17880794701986755,deepseekv31671b,baseline
Naming,spectacle,0.5,0.8571428571428571,0.631578947368421,deepseekv31671b,baseline
Blood,spectacle,0.5730337078651685,0.864406779661017,0.6891891891891891,deepseekv31671b,baseline
Weapons,spectacle,0.43333333333333335,0.75,0.5492957746478874,deepseekv31671b,baseline
Sexual intercourse,spectacle,0.3888888888888889,1,0.56,deepseekv31671b,baseline
StoryTelling,spectacle,0.08125,0.9285714285714286,0.14942528735632185,deepseekv31671b,baseline
BurialOfferings,spectacle,0.08450704225352113,0.46153846153846156,0.14285714285714285,deepseekv31671b,baseline
BurningOfferings,spectacle,0.1,0.75,0.17647058823529416,deepseekv31671b,baseline
Confession,spectacle,0.22857142857142856,0.8,0.3555555555555555,deepseekv31671b,baseline
Games,indicators of bonding,0.2,0.8,0.32000000000000006,deepseekv31671b,baseline
CommunalEating,indicators of bonding,0.5575757575757576,0.7603305785123967,0.6433566433566433,deepseekv31671b,baseline
Joyful,indicators of bonding,0.3157894736842105,0.4090909090909091,0.3564356435643565,deepseekv31671b,baseline
TabooSmoke,taboos,0.2222222222222222,1,0.3636363636363636,deepseekv31671b,baseline
TabooAlcohol,taboos,0.14285714285714285,0.5,0.22222222222222224,deepseekv31671b,baseline
TabooSexual,taboos,0.14285714285714285,0.38461538461538464,0.20833333333333331,deepseekv31671b,baseline
TabooTalking,taboos,0.12903225806451613,0.6666666666666666,0.2162162162162162,deepseekv31671b,baseline
PeakEuphoria,arousal,0.21825483923026057,0.20404205437494655,0.13646429393370135,deepseekv31671b,baseline
AvgEuphoria,arousal,0.2350049667118693,0.22335257495356015,0.20877734965328823,deepseekv31671b,baseline
ParticipantPeakEuphoria,arousal,0.2131229075521695,0.2548171196263083,0.1999043545886067,deepseekv31671b,baseline
PeakDysphoria,arousal,0.32779968047825186,0.2785765110919339,0.2785508346133986,deepseekv31671b,baseline
AvgDyphoria,arousal,0.21941303016933267,0.2285585548904915,0.22179983768169173,deepseekv31671b,baseline
SensoryPageantry,ritual form,0.1227779387632006,0.23523657350896796,0.15900827185383562,deepseekv31671b,baseline
SMarker,ritual form,0.07172689629211368,0.22078843702931295,0.06560426534456724,deepseekv31671b,baseline
Exegesis,exegesis,0.19619170864722466,0.20708661417322832,0.14295936211515942,deepseekv31671b,baseline
AcquisitionExegesis,exegesis,0.25735294117647056,0.2348155467720685,0.01720357395796238,deepseekv31671b,baseline
Wedding,function,0.42424242424242425,0.8235294117647058,0.5599999999999999,gpt5nano,mtp
OtherUnion,function,0.42857142857142855,0.375,0.39999999999999997,gpt5nano,mtp
WorldyPursuit,function,0.47093023255813954,0.6923076923076923,0.5605536332179931,gpt5nano,mtp
Apotropaeic,function,0.11186440677966102,0.9705882352941176,0.20060790273556234,gpt5nano,mtp
OtherWorldyPursuit,function,0.13043478260869565,0.6976744186046512,0.21978021978021978,gpt5nano,mtp
Initiation,function,0.36538461538461536,1,0.5352112676056338,gpt5nano,mtp
Installation,function,0.2,0.75,0.31578947368421056,gpt5nano,mtp
Divination,function,0.16101694915254236,0.76,0.2657342657342657,gpt5nano,mtp
Liturgical,function,0.04712041884816754,0.9473684210526315,0.08977556109725686,gpt5nano,mtp
NewBorn,function,0.5961538461538461,0.9117647058823529,0.7209302325581395,gpt5nano,mtp
Funerary,function,0.7352941176470589,0.9493670886075949,0.8287292817679558,gpt5nano,mtp
Commerative,function,0.1262135922330097,0.48148148148148145,0.19999999999999998,gpt5nano,mtp
Protection,function,0.01557632398753894,0.8333333333333334,0.03058103975535168,gpt5nano,mtp
HouseDedication,function,0.5,0.8181818181818182,0.6206896551724137,gpt5nano,mtp
RitualDuration,duration,NA,NA,NA,gpt5nano,mtp
ParticipantsSex,participation,0.4214908997793886,0.4385913185913186,0.3945397363688219,gpt5nano,mtp
Solitary,participation,0.4666666666666667,0.4827586206896552,0.47457627118644075,gpt5nano,mtp
ImmediateKin,participation,0.4581005586592179,0.5985401459854015,0.518987341772152,gpt5nano,mtp
ExtendedKin,participation,0.3411764705882353,0.651685393258427,0.4478764478764479,gpt5nano,mtp
Group15abs,participation,0.6868131868131868,0.4152823920265781,0.5175983436853002,gpt5nano,mtp
Group50percent,participation,0.2077922077922078,0.12698412698412698,0.15763546798029557,gpt5nano,mtp
Group5090percent,participation,0.058333333333333334,0.20588235294117646,0.0909090909090909,gpt5nano,mtp
Group90100percent,participation,0.16494845360824742,0.43243243243243246,0.23880597014925375,gpt5nano,mtp
Outsiders,participation,0.2018348623853211,0.6285714285714286,0.3055555555555555,gpt5nano,mtp
AnnualPATIENT,frequency,0.23387448849271505,0.3257580171651362,0.22059471825553695,gpt5nano,mtp
AnnualPARTICIPANT,frequency,0.3755260942760943,0.3448379688720172,0.3273518253673972,gpt5nano,mtp
Dancing,movement and sounds,0.681592039800995,0.8404907975460123,0.7527472527472527,gpt5nano,mtp
Singing,movement and sounds,0.697508896797153,0.8235294117647058,0.7552986512524085,gpt5nano,mtp
Percussion,movement and sounds,0.550561797752809,0.8235294117647058,0.6599326599326599,gpt5nano,mtp
OtherInstruments,movement and sounds,0.3069306930693069,0.7948717948717948,0.44285714285714284,gpt5nano,mtp
NonRhythmic,movement and sounds,0.32748538011695905,0.7887323943661971,0.4628099173553719,gpt5nano,mtp
IntenseMusicDance,movement and sounds,0.14207650273224043,0.9285714285714286,0.24644549763033177,gpt5nano,mtp
SorrowMusicDance,movement and sounds,0.06779661016949153,0.6666666666666666,0.12307692307692307,gpt5nano,mtp
LargescaleMusicDance,movement and sounds,0.023255813953488372,1,0.04545454545454545,gpt5nano,mtp
Marching,movement and sounds,0.4449760765550239,0.8857142857142857,0.5923566878980892,gpt5nano,mtp
Explosions,movement and sounds,0.5925925925925926,0.7272727272727273,0.6530612244897959,gpt5nano,mtp
Bowing,movement and sounds,0.3119266055045872,0.8947368421052632,0.4625850340136055,gpt5nano,mtp
Haircut,purification,0.5555555555555556,0.9090909090909091,0.6896551724137931,gpt5nano,mtp
Washing,purification,0.484375,0.8985507246376812,0.6294416243654822,gpt5nano,mtp
Rubbing,purification,0.24390243902439024,0.8695652173913043,0.3809523809523809,gpt5nano,mtp
Sprinkling,purification,0.3357142857142857,0.8392857142857143,0.47959183673469385,gpt5nano,mtp
Fumigation,purification,0.09900990099009901,1,0.18018018018018017,gpt5nano,mtp
InterdictionHands,purification,0.21428571428571427,0.6,0.3157894736842105,gpt5nano,mtp
Spitting,purification,0.6,0.8181818181818182,0.6923076923076923,gpt5nano,mtp
Hallucinogen,altered states of consciousness,0.6666666666666666,1,0.8,gpt5nano,mtp
Sedatives,altered states of consciousness,0.5,1,0.6666666666666666,gpt5nano,mtp
Alcohol,altered states of consciousness,0.45774647887323944,0.8783783783783784,0.6018518518518519,gpt5nano,mtp
ExecutivePossession,altered states of consciousness,0.5531914893617021,0.7027027027027027,0.6190476190476191,gpt5nano,mtp
PerformanceTrance,altered states of consciousness,0.3108108108108108,0.92,0.46464646464646464,gpt5nano,mtp
Stimulants,altered states of consciousness,0.40540540540540543,0.8333333333333334,0.5454545454545455,gpt5nano,mtp
Smoking,altered states of consciousness,0.2,0.9166666666666666,0.3283582089552239,gpt5nano,mtp
BurningParticipants,negative bodily stimulation,0.08333333333333333,0.5,0.14285714285714285,gpt5nano,mtp
WoundingSignificant,negative bodily stimulation,0.05714285714285714,0.8,0.10666666666666666,gpt5nano,mtp
WoundingSuperficial,negative bodily stimulation,0.3,0.4,0.34285714285714286,gpt5nano,mtp
Beating,negative bodily stimulation,0.24444444444444444,1,0.39285714285714285,gpt5nano,mtp
Piercing,negative bodily stimulation,0.1875,1,0.3157894736842105,gpt5nano,mtp
Scarification,negative bodily stimulation,0.1,1,0.18181818181818182,gpt5nano,mtp
Tattooing,negative bodily stimulation,0.25,0.5,0.3333333333333333,gpt5nano,mtp
LacerationSensitive,negative bodily stimulation,0.047619047619047616,0.6666666666666666,0.08888888888888889,gpt5nano,mtp
Circumcision,negative bodily stimulation,0.6428571428571429,1,0.782608695652174,gpt5nano,mtp
FoulOlfaction,negative bodily stimulation,0.07575757575757576,0.625,0.13513513513513511,gpt5nano,mtp
Vomiting,negative bodily stimulation,0.3,1,0.4615384615384615,gpt5nano,mtp
SwallowingObjects,negative bodily stimulation,0.6,1,0.7499999999999999,gpt5nano,mtp
SuckingofPatient,negative bodily stimulation,0.6,1,0.7499999999999999,gpt5nano,mtp
Fasting,endurance ordeals,0.2786885245901639,0.68,0.3953488372093023,gpt5nano,mtp
AthleticFeats,endurance ordeals,0.07142857142857142,1,0.13333333333333333,gpt5nano,mtp
SleepDeprivation,endurance ordeals,0.15178571428571427,0.85,0.25757575757575757,gpt5nano,mtp
Dehydration,endurance ordeals,0.07142857142857142,0.16666666666666666,0.1,gpt5nano,mtp
Immobility,endurance ordeals,0.06722689075630252,1,0.12598425196850394,gpt5nano,mtp
Isolation,psychological discomfort,0.26881720430107525,0.9259259259259259,0.4166666666666667,gpt5nano,mtp
Fear,psychological discomfort,0.047058823529411764,1,0.0898876404494382,gpt5nano,mtp
Humilation,psychological discomfort,0.04411764705882353,1,0.08450704225352113,gpt5nano,mtp
DramaticActs,spectacle,0.05314009661835749,0.8461538461538461,0.1,gpt5nano,mtp
HolyObjects,spectacle,0.1724137931034483,0.9210526315789473,0.2904564315352697,gpt5nano,mtp
HolySite,spectacle,0.23430962343096234,0.6746987951807228,0.34782608695652173,gpt5nano,mtp
RitualConstruction,spectacle,0.3381294964028777,0.6811594202898551,0.451923076923077,gpt5nano,mtp
LargeCrowd,spectacle,0.07932011331444759,0.9655172413793104,0.14659685863874344,gpt5nano,mtp
MockConflict,spectacle,0.4117647058823529,0.6,0.4883720930232558,gpt5nano,mtp
Costume,spectacle,0.3754646840148699,0.8782608695652174,0.5260416666666666,gpt5nano,mtp
FireEmbers,spectacle,0.21621621621621623,0.9824561403508771,0.35443037974683544,gpt5nano,mtp
SacrificeAnimal,spectacle,0.5808383233532934,0.941747572815534,0.7185185185185186,gpt5nano,mtp
SacrificeHuman,spectacle,0.3,1,0.4615384615384615,gpt5nano,mtp
WaterOffering,spectacle,0.2903225806451613,0.5,0.3673469387755102,gpt5nano,mtp
Minatures,spectacle,0.43243243243243246,0.5714285714285714,0.49230769230769234,gpt5nano,mtp
PathogenicPossession,spectacle,0.19047619047619047,0.6666666666666666,0.2962962962962963,gpt5nano,mtp
Speechmaking,spectacle,0.5615384615384615,0.6790697674418604,0.6147368421052631,gpt5nano,mtp
TextRecitation,spectacle,0.14720812182741116,0.7837837837837838,0.24786324786324787,gpt5nano,mtp
Naming,spectacle,0.46153846153846156,0.8571428571428571,0.6,gpt5nano,mtp
Blood,spectacle,0.49,0.7777777777777778,0.6012269938650306,gpt5nano,mtp
Weapons,spectacle,0.368,0.8363636363636363,0.5111111111111111,gpt5nano,mtp
Sexual intercourse,spectacle,0.3684210526315789,0.875,0.5185185185185185,gpt5nano,mtp
StoryTelling,spectacle,0.14893617021276595,0.9333333333333333,0.25688073394495414,gpt5nano,mtp
BurialOfferings,spectacle,0.14545454545454545,0.6153846153846154,0.2352941176470588,gpt5nano,mtp
BurningOfferings,spectacle,0.14754098360655737,1,0.2571428571428572,gpt5nano,mtp
Confession,spectacle,0.21212121212121213,0.7,0.3255813953488372,gpt5nano,mtp
Games,indicators of bonding,0.16,0.8,0.26666666666666666,gpt5nano,mtp
CommunalEating,indicators of bonding,0.4357142857142857,0.9312977099236641,0.5936739659367397,gpt5nano,mtp
Joyful,indicators of bonding,0.1660377358490566,0.88,0.2793650793650793,gpt5nano,mtp
TabooSmoke,taboos,0.16666666666666666,1,0.2857142857142857,gpt5nano,mtp
TabooAlcohol,taboos,0.1111111111111111,0.6,0.18750000000000003,gpt5nano,mtp
TabooSexual,taboos,0.15,0.6,0.24,gpt5nano,mtp
TabooTalking,taboos,0.060240963855421686,0.8333333333333334,0.11235955056179775,gpt5nano,mtp
PeakEuphoria,arousal,0.16668673600418143,0.2453390825104349,0.13529488824589878,gpt5nano,mtp
AvgEuphoria,arousal,0.2020469762051562,0.2166051283019818,0.16508090710822781,gpt5nano,mtp
ParticipantPeakEuphoria,arousal,0.17154392483273484,0.18052165371375178,0.15098277090128437,gpt5nano,mtp
PeakDysphoria,arousal,0.2381766939058357,0.29991567053278134,0.2370292774220769,gpt5nano,mtp
AvgDyphoria,arousal,0.2193056781406296,0.23227990225216302,0.22242338765029443,gpt5nano,mtp
SensoryPageantry,ritual form,0.09956139176108776,0.2128391571901241,0.12514718805461375,gpt5nano,mtp
SMarker,ritual form,0.09027985638899552,0.2275323275862069,0.11978601292999774,gpt5nano,mtp
Exegesis,exegesis,0.19618544600938967,0.20009174311926606,0.17617840449972272,gpt5nano,mtp
AcquisitionExegesis,exegesis,0.1978886310904872,0.19595208591491117,0.028764837831581135,gpt5nano,mtp
Wedding,function,0.2631578947368421,0.8823529411764706,0.40540540540540543,gpt5nano,baseline
OtherUnion,function,0.17777777777777778,1,0.3018867924528302,gpt5nano,baseline
WorldyPursuit,function,0.42513863216266173,0.9829059829059829,0.5935483870967743,gpt5nano,baseline
Apotropaeic,function,0.08607594936708861,1,0.1585081585081585,gpt5nano,baseline
OtherWorldyPursuit,function,0.09738717339667459,0.9534883720930233,0.17672413793103448,gpt5nano,baseline
Initiation,function,0.25333333333333335,1,0.4042553191489362,gpt5nano,baseline
Installation,function,0.07142857142857142,0.75,0.13043478260869565,gpt5nano,baseline
Divination,function,0.1323529411764706,0.72,0.2236024844720497,gpt5nano,baseline
Liturgical,function,0.035781544256120526,1,0.06909090909090909,gpt5nano,baseline
NewBorn,function,0.43037974683544306,1,0.6017699115044248,gpt5nano,baseline
Funerary,function,0.5507246376811594,0.9620253164556962,0.7004608294930876,gpt5nano,baseline
Commerative,function,0.07537688442211055,0.5555555555555556,0.1327433628318584,gpt5nano,baseline
Protection,function,0.015748031496062992,1,0.031007751937984496,gpt5nano,baseline
HouseDedication,function,0.19230769230769232,0.9090909090909091,0.31746031746031744,gpt5nano,baseline
RitualDuration,duration,0.27838498024601277,0.2333726827263389,0.21538346501881592,gpt5nano,baseline
ParticipantsSex,participation,0.38594363485351857,0.4162107562107562,0.3621291192645329,gpt5nano,baseline
Solitary,participation,0.21052631578947367,0.6896551724137931,0.3225806451612903,gpt5nano,baseline
ImmediateKin,participation,0.41517857142857145,0.6788321167883211,0.5152354570637119,gpt5nano,baseline
ExtendedKin,participation,0.27380952380952384,0.7752808988764045,0.404692082111437,gpt5nano,baseline
Group15abs,participation,0.6425339366515838,0.4717607973421927,0.5440613026819923,gpt5nano,baseline
Group50percent,participation,0.29389312977099236,0.6111111111111112,0.39690721649484534,gpt5nano,baseline
Group5090percent,participation,0.06441717791411043,0.6176470588235294,0.11666666666666668,gpt5nano,baseline
Group90100percent,participation,0.11764705882352941,0.8108108108108109,0.2054794520547945,gpt5nano,baseline
Outsiders,participation,0.14035087719298245,0.6857142857142857,0.23300970873786406,gpt5nano,baseline
AnnualPATIENT,frequency,0.21016917422876455,0.29343197588470116,0.22482333769913232,gpt5nano,baseline
AnnualPARTICIPANT,frequency,0.39903719468936855,0.38787740414637195,0.32710735694314536,gpt5nano,baseline
Dancing,movement and sounds,0.6267281105990783,0.8343558282208589,0.7157894736842104,gpt5nano,baseline
Singing,movement and sounds,0.6722408026755853,0.8445378151260504,0.7486033519553074,gpt5nano,baseline
Percussion,movement and sounds,0.5489130434782609,0.8487394957983193,0.6666666666666666,gpt5nano,baseline
OtherInstruments,movement and sounds,0.25688073394495414,0.717948717948718,0.3783783783783784,gpt5nano,baseline
NonRhythmic,movement and sounds,0.3212121212121212,0.7464788732394366,0.4491525423728814,gpt5nano,baseline
IntenseMusicDance,movement and sounds,0.11475409836065574,1,0.2058823529411765,gpt5nano,baseline
SorrowMusicDance,movement and sounds,0.045454545454545456,0.6666666666666666,0.08510638297872342,gpt5nano,baseline
LargescaleMusicDance,movement and sounds,0.017921146953405017,1,0.0352112676056338,gpt5nano,baseline
Marching,movement and sounds,0.3626373626373626,0.9428571428571428,0.5238095238095237,gpt5nano,baseline
Explosions,movement and sounds,0.5357142857142857,0.6818181818181818,0.6,gpt5nano,baseline
Bowing,movement and sounds,0.2786885245901639,0.8947368421052632,0.425,gpt5nano,baseline
Haircut,purification,0.5,0.9090909090909091,0.6451612903225806,gpt5nano,baseline
Washing,purification,0.45925925925925926,0.8985507246376812,0.6078431372549019,gpt5nano,baseline
Rubbing,purification,0.23595505617977527,0.9130434782608695,0.375,gpt5nano,baseline
Sprinkling,purification,0.27058823529411763,0.8214285714285714,0.40707964601769914,gpt5nano,baseline
Fumigation,purification,0.08264462809917356,1,0.15267175572519084,gpt5nano,baseline
InterdictionHands,purification,0.13043478260869565,0.6,0.21428571428571427,gpt5nano,baseline
Spitting,purification,0.5384615384615384,0.6363636363636364,0.5833333333333334,gpt5nano,baseline
Hallucinogen,altered states of consciousness,0.35294117647058826,1,0.5217391304347826,gpt5nano,baseline
Sedatives,altered states of consciousness,0.21951219512195122,1,0.36,gpt5nano,baseline
Alcohol,altered states of consciousness,0.40119760479041916,0.9054054054054054,0.5560165975103735,gpt5nano,baseline
ExecutivePossession,altered states of consciousness,0.4393939393939394,0.7837837837837838,0.5631067961165048,gpt5nano,baseline
PerformanceTrance,altered states of consciousness,0.32432432432432434,0.96,0.4848484848484848,gpt5nano,baseline
Stimulants,altered states of consciousness,0.11347517730496454,0.8888888888888888,0.20125786163522014,gpt5nano,baseline
Smoking,altered states of consciousness,0.16176470588235295,0.9166666666666666,0.275,gpt5nano,baseline
BurningParticipants,negative bodily stimulation,0.058823529411764705,0.5,0.10526315789473684,gpt5nano,baseline
WoundingSignificant,negative bodily stimulation,0.028901734104046242,1,0.056179775280898875,gpt5nano,baseline
WoundingSuperficial,negative bodily stimulation,0.1375,0.7333333333333333,0.23157894736842105,gpt5nano,baseline
Beating,negative bodily stimulation,0.18333333333333332,1,0.30985915492957744,gpt5nano,baseline
Piercing,negative bodily stimulation,0.1,1,0.18181818181818182,gpt5nano,baseline
Scarification,negative bodily stimulation,0.03571428571428571,1,0.0689655172413793,gpt5nano,baseline
Tattooing,negative bodily stimulation,0.3,0.75,0.4285714285714285,gpt5nano,baseline
LacerationSensitive,negative bodily stimulation,0.031578947368421054,1,0.061224489795918366,gpt5nano,baseline
Circumcision,negative bodily stimulation,0.5,1,0.6666666666666666,gpt5nano,baseline
FoulOlfaction,negative bodily stimulation,0.06097560975609756,0.625,0.1111111111111111,gpt5nano,baseline
Vomiting,negative bodily stimulation,0.2727272727272727,1,0.42857142857142855,gpt5nano,baseline
SwallowingObjects,negative bodily stimulation,0.5,1,0.6666666666666666,gpt5nano,baseline
SuckingofPatient,negative bodily stimulation,0.375,1,0.5454545454545454,gpt5nano,baseline
Fasting,endurance ordeals,0.2923076923076923,0.76,0.4222222222222222,gpt5nano,baseline
AthleticFeats,endurance ordeals,0.0706713780918728,1,0.132013201320132,gpt5nano,baseline
SleepDeprivation,endurance ordeals,0.14634146341463414,0.9,0.2517482517482518,gpt5nano,baseline
Dehydration,endurance ordeals,0.06976744186046512,0.5,0.12244897959183673,gpt5nano,baseline
Immobility,endurance ordeals,0.044444444444444446,1,0.0851063829787234,gpt5nano,baseline
Isolation,psychological discomfort,0.16049382716049382,0.9629629629629629,0.2751322751322751,gpt5nano,baseline
Fear,psychological discomfort,0.03076923076923077,1,0.059701492537313446,gpt5nano,baseline
Humilation,psychological discomfort,0.02586206896551724,1,0.050420168067226885,gpt5nano,baseline
DramaticActs,spectacle,0.045454545454545456,0.9230769230769231,0.08664259927797834,gpt5nano,baseline
HolyObjects,spectacle,0.14937759336099585,0.9473684210526315,0.25806451612903225,gpt5nano,baseline
HolySite,spectacle,0.2017291066282421,0.8433734939759037,0.32558139534883723,gpt5nano,baseline
RitualConstruction,spectacle,0.29239766081871343,0.7246376811594203,0.41666666666666663,gpt5nano,baseline
LargeCrowd,spectacle,0.06806282722513089,0.896551724137931,0.12652068126520682,gpt5nano,baseline
MockConflict,spectacle,0.3132530120481928,0.7428571428571429,0.44067796610169496,gpt5nano,baseline
Costume,spectacle,0.3488372093023256,0.9130434782608695,0.5048076923076923,gpt5nano,baseline
FireEmbers,spectacle,0.19047619047619047,0.9824561403508771,0.3190883190883191,gpt5nano,baseline
SacrificeAnimal,spectacle,0.49748743718592964,0.9611650485436893,0.6556291390728476,gpt5nano,baseline
SacrificeHuman,spectacle,0.13636363636363635,1,0.24000000000000002,gpt5nano,baseline
WaterOffering,spectacle,0.22058823529411764,0.8333333333333334,0.3488372093023256,gpt5nano,baseline
Minatures,spectacle,0.1792452830188679,0.6785714285714286,0.2835820895522388,gpt5nano,baseline
PathogenicPossession,spectacle,0.16981132075471697,0.75,0.27692307692307694,gpt5nano,baseline
Speechmaking,spectacle,0.5040214477211796,0.8744186046511628,0.6394557823129252,gpt5nano,baseline
TextRecitation,spectacle,0.09016393442622951,0.8918918918918919,0.16377171215880895,gpt5nano,baseline
Naming,spectacle,0.36,0.8571428571428571,0.5070422535211268,gpt5nano,baseline
Blood,spectacle,0.5064935064935064,0.6190476190476191,0.557142857142857,gpt5nano,baseline
Weapons,spectacle,0.2613065326633166,0.9454545454545454,0.4094488188976378,gpt5nano,baseline
Sexual intercourse,spectacle,0.24242424242424243,1,0.3902439024390244,gpt5nano,baseline
StoryTelling,spectacle,0.03888888888888889,0.9333333333333333,0.07466666666666667,gpt5nano,baseline
BurialOfferings,spectacle,0.102803738317757,0.8461538461538461,0.18333333333333332,gpt5nano,baseline
BurningOfferings,spectacle,0.08333333333333333,1,0.15384615384615385,gpt5nano,baseline
Confession,spectacle,0.13559322033898305,0.8,0.23188405797101452,gpt5nano,baseline
Games,indicators of bonding,0.12162162162162163,0.9,0.2142857142857143,gpt5nano,baseline
CommunalEating,indicators of bonding,0.4275618374558304,0.9236641221374046,0.5845410628019323,gpt5nano,baseline
Joyful,indicators of bonding,0.17028985507246377,0.94,0.28834355828220853,gpt5nano,baseline
TabooSmoke,taboos,0.15384615384615385,1,0.2666666666666667,gpt5nano,baseline
TabooAlcohol,taboos,0.08571428571428572,0.6,0.15,gpt5nano,baseline
TabooSexual,taboos,0.11688311688311688,0.6,0.19565217391304346,gpt5nano,baseline
TabooTalking,taboos,0.050505050505050504,0.8333333333333334,0.09523809523809525,gpt5nano,baseline
PeakEuphoria,arousal,0.17724867724867724,0.2904730429437608,0.14362680241449602,gpt5nano,baseline
AvgEuphoria,arousal,0.22109286215107568,0.2634562054594444,0.2231835787372137,gpt5nano,baseline
ParticipantPeakEuphoria,arousal,0.2016218721835487,0.19036080448252932,0.14002748311867108,gpt5nano,baseline
PeakDysphoria,arousal,0.2849104534604945,0.32372203924230325,0.24382190052293143,gpt5nano,baseline
AvgDyphoria,arousal,0.2360757307622998,0.26373538401642643,0.23242921296737967,gpt5nano,baseline
SensoryPageantry,ritual form,0.09143908217325247,0.2014475423189023,0.09273231302576727,gpt5nano,baseline
SMarker,ritual form,0.08108821667972033,0.2162176724137931,0.11575743250611323,gpt5nano,baseline
Exegesis,exegesis,0.20208855472013365,0.2065341488277268,0.17369258284751246,gpt5nano,baseline
AcquisitionExegesis,exegesis,0.22167701863354033,0.3944650970673275,0.05174251767334761,gpt5nano,baseline
Wedding,function,0.5909090909090909,0.7647058823529411,0.6666666666666667,gptoss120b,ensemble_mtp
OtherUnion,function,0.8,0.5,0.6153846153846154,gptoss120b,ensemble_mtp
WorldyPursuit,function,0.5182072829131653,0.7905982905982906,0.62605752961082906,gptoss120b,ensemble_mtp
Apotropaeic,function,0.1542056074766355,0.9705882352941176,0.2661290322580645,gptoss120b,ensemble_mtp
OtherWorldyPursuit,function,0.1245674740484429,0.8372093023255814,0.21686746987951808,gptoss120b,ensemble_mtp
Initiation,function,0.4198473282442748,0.9649122807017544,0.5851063829787234,gptoss120b,ensemble_mtp
Installation,function,0.375,0.75,0.5,gptoss120b,ensemble_mtp
Divination,function,0.2631578947368421,0.6,0.36585365853658536,gptoss120b,ensemble_mtp
Liturgical,function,0.06810035842293907,1,0.12751677852348994,gptoss120b,ensemble_mtp
NewBorn,function,0.7714285714285715,0.7941176470588235,0.782608695652174,gptoss120b,ensemble_mtp
Funerary,function,0.7888888888888889,0.8987341772151899,0.8402366863905325,gptoss120b,ensemble_mtp
Commerative,function,0.1111111111111111,0.4444444444444444,0.17777777777777776,gptoss120b,ensemble_mtp
Protection,function,0.017921146953405017,0.8333333333333334,0.03508771929824561,gptoss120b,ensemble_mtp
HouseDedication,function,0.4583333333333333,1,0.6285714285714286,gptoss120b,ensemble_mtp
RitualDuration,duration,NA,NA,NA,gptoss120b,ensemble_mtp
ParticipantsSex,participation,0.4580163598274362,0.46933114933114933,0.4409840912572694,gptoss120b,ensemble_mtp
Solitary,participation,0.5909090909090909,0.4482758620689655,0.5098039215686274,gptoss120b,ensemble_mtp
ImmediateKin,participation,0.4873417721518987,0.5620437956204379,0.5220338983050847,gptoss120b,ensemble_mtp
ExtendedKin,participation,0.33548387096774196,0.5842696629213483,0.4262295081967213,gptoss120b,ensemble_mtp
Group15abs,participation,0.6666666666666666,0.31893687707641194,0.4314606741573033,gptoss120b,ensemble_mtp
Group50percent,participation,0.2537878787878788,0.5317460317460317,0.3435897435897436,gptoss120b,ensemble_mtp
Group5090percent,participation,0.11666666666666667,0.20588235294117646,0.14893617021276595,gptoss120b,ensemble_mtp
Group90100percent,participation,0.26,0.35135135135135137,0.2988505747126437,gptoss120b,ensemble_mtp
Outsiders,participation,0.22916666666666666,0.6285714285714286,0.33587786259541985,gptoss120b,ensemble_mtp
AnnualPATIENT,frequency,0.30152755557006705,0.4589590929661769,0.2996721283512553,gptoss120b,ensemble_mtp
AnnualPARTICIPANT,frequency,0.3840207507153498,0.3607219391308704,0.3570160120317785,gptoss120b,ensemble_mtp
Dancing,movement and sounds,0.7142857142857143,0.8282208588957055,0.7670454545454546,gptoss120b,ensemble_mtp
Singing,movement and sounds,0.7379032258064516,0.7689075630252101,0.7530864197530864,gptoss120b,ensemble_mtp
Percussion,movement and sounds,0.6330935251798561,0.7394957983193278,0.6821705426356588,gptoss120b,ensemble_mtp
OtherInstruments,movement and sounds,0.2831858407079646,0.8205128205128205,0.42105263157894735,gptoss120b,ensemble_mtp
NonRhythmic,movement and sounds,0.36,0.8873239436619719,0.5121951219512195,gptoss120b,ensemble_mtp
IntenseMusicDance,movement and sounds,0.14942528735632185,0.9285714285714286,0.2574257425742575,gptoss120b,ensemble_mtp
SorrowMusicDance,movement and sounds,0.06976744186046512,0.5,0.12244897959183673,gptoss120b,ensemble_mtp
LargescaleMusicDance,movement and sounds,0.022026431718061675,1,0.04310344827586207,gptoss120b,ensemble_mtp
Marching,movement and sounds,0.5763888888888888,0.7904761904761904,0.6666666666666666,gptoss120b,ensemble_mtp
Explosions,movement and sounds,0.64,0.7272727272727273,0.6808510638297872,gptoss120b,ensemble_mtp
Bowing,movement and sounds,0.29310344827586204,0.8947368421052632,0.44155844155844154,gptoss120b,ensemble_mtp
Haircut,purification,0.5588235294117647,0.8636363636363636,0.6785714285714287,gptoss120b,ensemble_mtp
Washing,purification,0.5166666666666667,0.8985507246376812,0.6560846560846562,gptoss120b,ensemble_mtp
Rubbing,purification,0.3114754098360656,0.8260869565217391,0.4523809523809524,gptoss120b,ensemble_mtp
Sprinkling,purification,0.4642857142857143,0.6964285714285714,0.5571428571428572,gptoss120b,ensemble_mtp
Fumigation,purification,0.11363636363636363,1,0.20408163265306123,gptoss120b,ensemble_mtp
InterdictionHands,purification,0.4,0.4,0.4000000000000001,gptoss120b,ensemble_mtp
Spitting,purification,0.6153846153846154,0.7272727272727273,0.6666666666666667,gptoss120b,ensemble_mtp
Hallucinogen,altered states of consciousness,0.8333333333333334,0.8333333333333334,0.8333333333333334,gptoss120b,ensemble_mtp
Sedatives,altered states of consciousness,0.45,1,0.6206896551724138,gptoss120b,ensemble_mtp
Alcohol,altered states of consciousness,0.44966442953020136,0.9054054054054054,0.600896860986547,gptoss120b,ensemble_mtp
ExecutivePossession,altered states of consciousness,0.65625,0.5675675675675675,0.6086956521739131,gptoss120b,ensemble_mtp
PerformanceTrance,altered states of consciousness,0.3684210526315789,0.84,0.5121951219512195,gptoss120b,ensemble_mtp
Stimulants,altered states of consciousness,0.35714285714285715,0.8333333333333334,0.5,gptoss120b,ensemble_mtp
Smoking,altered states of consciousness,0.1864406779661017,0.9166666666666666,0.3098591549295775,gptoss120b,ensemble_mtp
BurningParticipants,negative bodily stimulation,0.09090909090909091,0.5,0.15384615384615385,gptoss120b,ensemble_mtp
WoundingSignificant,negative bodily stimulation,0.19047619047619047,0.8,0.3076923076923077,gptoss120b,ensemble_mtp
WoundingSuperficial,negative bodily stimulation,0.3055555555555556,0.7333333333333333,0.43137254901960786,gptoss120b,ensemble_mtp
Beating,negative bodily stimulation,0.3125,0.9090909090909091,0.4651162790697674,gptoss120b,ensemble_mtp
Piercing,negative bodily stimulation,0.23076923076923078,1,0.375,gptoss120b,ensemble_mtp
Scarification,negative bodily stimulation,0.16666666666666666,1,0.2857142857142857,gptoss120b,ensemble_mtp
Tattooing,negative bodily stimulation,0.375,0.75,0.5,gptoss120b,ensemble_mtp
LacerationSensitive,negative bodily stimulation,0.06666666666666667,0.3333333333333333,0.1111111111111111,gptoss120b,ensemble_mtp
Circumcision,negative bodily stimulation,0.8,0.8888888888888888,0.8421052631578948,gptoss120b,ensemble_mtp
FoulOlfaction,negative bodily stimulation,0.08888888888888889,0.5,0.1509433962264151,gptoss120b,ensemble_mtp
Vomiting,negative bodily stimulation,0.3333333333333333,1,0.5,gptoss120b,ensemble_mtp
SwallowingObjects,negative bodily stimulation,0.75,1,0.8571428571428571,gptoss120b,ensemble_mtp
SuckingofPatient,negative bodily stimulation,0.6,1,0.7499999999999999,gptoss120b,ensemble_mtp
Fasting,endurance ordeals,0.3488372093023256,0.6,0.4411764705882353,gptoss120b,ensemble_mtp
AthleticFeats,endurance ordeals,0.09216589861751152,1,0.16877637130801687,gptoss120b,ensemble_mtp
SleepDeprivation,endurance ordeals,0.20270270270270271,0.75,0.3191489361702128,gptoss120b,ensemble_mtp
Dehydration,endurance ordeals,0.25,0.5,0.3333333333333333,gptoss120b,ensemble_mtp
Immobility,endurance ordeals,0.13114754098360656,1,0.23188405797101452,gptoss120b,ensemble_mtp
Isolation,psychological discomfort,0.3787878787878788,0.9259259259259259,0.5376344086021505,gptoss120b,ensemble_mtp
Fear,psychological discomfort,0.06666666666666667,1,0.125,gptoss120b,ensemble_mtp
Humilation,psychological discomfort,0.04054054054054054,1,0.07792207792207792,gptoss120b,ensemble_mtp
DramaticActs,spectacle,0.05732484076433121,0.6923076923076923,0.10588235294117647,gptoss120b,ensemble_mtp
HolyObjects,spectacle,0.20655737704918034,0.8289473684210527,0.3307086614173228,gptoss120b,ensemble_mtp
HolySite,spectacle,0.28402366863905326,0.5783132530120482,0.380952380952381,gptoss120b,ensemble_mtp
RitualConstruction,spectacle,0.36363636363636365,0.6376811594202898,0.4631578947368421,gptoss120b,ensemble_mtp
LargeCrowd,spectacle,0.08532423208191127,0.8620689655172413,0.15527950310559005,gptoss120b,ensemble_mtp
MockConflict,spectacle,0.5,0.45714285714285713,0.4776119402985075,gptoss120b,ensemble_mtp
Costume,spectacle,0.43946188340807174,0.8521739130434782,0.5798816568047337,gptoss120b,ensemble_mtp
FireEmbers,spectacle,0.21951219512195122,0.9473684210526315,0.3564356435643564,gptoss120b,ensemble_mtp
SacrificeAnimal,spectacle,0.6036585365853658,0.9611650485436893,0.7415730337078652,gptoss120b,ensemble_mtp
SacrificeHuman,spectacle,0.42857142857142855,1,0.6,gptoss120b,ensemble_mtp
WaterOffering,spectacle,0.225,0.5,0.3103448275862069,gptoss120b,ensemble_mtp
Minatures,spectacle,0.37209302325581395,0.5714285714285714,0.45070422535211263,gptoss120b,ensemble_mtp
PathogenicPossession,spectacle,0.5454545454545454,0.5,0.5217391304347826,gptoss120b,ensemble_mtp
Speechmaking,spectacle,0.504,0.8790697674418605,0.6406779661016948,gptoss120b,ensemble_mtp
TextRecitation,spectacle,0.16080402010050251,0.8648648648648649,0.2711864406779661,gptoss120b,ensemble_mtp
Naming,spectacle,0.4186046511627907,0.8571428571428571,0.5625000000000001,gptoss120b,ensemble_mtp
Blood,spectacle,0.5652173913043478,0.8253968253968254,0.6709677419354838,gptoss120b,ensemble_mtp
Weapons,spectacle,0.3893805309734513,0.8,0.5238095238095238,gptoss120b,ensemble_mtp
Sexual intercourse,spectacle,0.6363636363636364,0.875,0.7368421052631579,gptoss120b,ensemble_mtp
StoryTelling,spectacle,0.13333333333333333,0.9333333333333333,0.23333333333333334,gptoss120b,ensemble_mtp
BurialOfferings,spectacle,0.16363636363636364,0.6923076923076923,0.2647058823529412,gptoss120b,ensemble_mtp
BurningOfferings,spectacle,0.09090909090909091,1,0.16666666666666669,gptoss120b,ensemble_mtp
Confession,spectacle,0.2222222222222222,0.6,0.32432432432432434,gptoss120b,ensemble_mtp
Games,indicators of bonding,0.13559322033898305,0.8,0.23188405797101452,gptoss120b,ensemble_mtp
CommunalEating,indicators of bonding,0.43356643356643354,0.9465648854961832,0.5947242206235012,gptoss120b,ensemble_mtp
Joyful,indicators of bonding,0.19047619047619047,0.88,0.3131672597864768,gptoss120b,ensemble_mtp
TabooSmoke,taboos,0.2,1,0.33333333333333337,gptoss120b,ensemble_mtp
TabooAlcohol,taboos,0.14285714285714285,0.4,0.21052631578947364,gptoss120b,ensemble_mtp
TabooSexual,taboos,0.20454545454545456,0.6,0.30508474576271183,gptoss120b,ensemble_mtp
TabooTalking,taboos,0.08333333333333333,0.8333333333333334,0.15151515151515152,gptoss120b,ensemble_mtp
PeakEuphoria,arousal,0.2263360370169624,0.3104133087792414,0.2130671848952697,gptoss120b,ensemble_mtp
AvgEuphoria,arousal,0.2635476570845528,0.2653798695575533,0.26199716099078607,gptoss120b,ensemble_mtp
ParticipantPeakEuphoria,arousal,0.19709433852843278,0.19913471025152724,0.17876378567727122,gptoss120b,ensemble_mtp
PeakDysphoria,arousal,0.3197421228080372,0.39794017806120624,0.31612674750305375,gptoss120b,ensemble_mtp
AvgDyphoria,arousal,0.24432302274683765,0.26408432529098275,0.2416924523987769,gptoss120b,ensemble_mtp
SensoryPageantry,ritual form,0.14055701829072095,0.27093148472203527,0.17500909716745547,gptoss120b,ensemble_mtp
SMarker,ritual form,0.3414981336865723,0.2598293336439888,0.14516347407203226,gptoss120b,ensemble_mtp
Exegesis,exegesis,0.1935034802784223,0.15302752293577981,0.17090163934426228,gptoss120b,ensemble_mtp
AcquisitionExegesis,exegesis,0.19913143896557708,0.22817017761255678,0.032216943900800155,gptoss120b,ensemble_mtp
Wedding,function,0.5416666666666666,0.7647058823529411,0.6341463414634146,gptoss120b,mtp
OtherUnion,function,0.7142857142857143,0.625,0.6666666666666666,gptoss120b,mtp
WorldyPursuit,function,0.4971590909090909,0.7478632478632479,0.5972696245733788,gptoss120b,mtp
Apotropaeic,function,0.1542056074766355,0.9705882352941176,0.2661290322580645,gptoss120b,mtp
OtherWorldyPursuit,function,0.11827956989247312,0.7674418604651163,0.20496894409937888,gptoss120b,mtp
Initiation,function,0.4230769230769231,0.9649122807017544,0.5882352941176471,gptoss120b,mtp
Installation,function,0.3333333333333333,0.75,0.46153846153846156,gptoss120b,mtp
Divination,function,0.2777777777777778,0.6,0.37974683544303794,gptoss120b,mtp
Liturgical,function,0.06545454545454546,0.9473684210526315,0.12244897959183673,gptoss120b,mtp
NewBorn,function,0.7297297297297297,0.7941176470588235,0.7605633802816901,gptoss120b,mtp
Funerary,function,0.8,0.9113924050632911,0.8520710059171598,gptoss120b,mtp
Commerative,function,0.10476190476190476,0.4074074074074074,0.16666666666666669,gptoss120b,mtp
Protection,function,0.014598540145985401,0.6666666666666666,0.02857142857142857,gptoss120b,mtp
HouseDedication,function,0.45454545454545453,0.9090909090909091,0.6060606060606061,gptoss120b,mtp
RitualDuration,duration,NA,NA,NA,gptoss120b,mtp
ParticipantsSex,participation,0.4529641235651688,0.48386568386568385,0.449207964282971,gptoss120b,mtp
Solitary,participation,0.5909090909090909,0.4482758620689655,0.5098039215686274,gptoss120b,mtp
ImmediateKin,participation,0.49693251533742333,0.5912408759124088,0.54,gptoss120b,mtp
ExtendedKin,participation,0.3422818791946309,0.5730337078651685,0.4285714285714286,gptoss120b,mtp
Group15abs,participation,0.6754966887417219,0.3388704318936877,0.4513274336283185,gptoss120b,mtp
Group50percent,participation,0.2548262548262548,0.5238095238095238,0.3428571428571428,gptoss120b,mtp
Group5090percent,participation,0.11475409836065574,0.20588235294117646,0.1473684210526316,gptoss120b,mtp
Group90100percent,participation,0.2777777777777778,0.40540540540540543,0.3296703296703297,gptoss120b,mtp
Outsiders,participation,0.24468085106382978,0.6571428571428571,0.3565891472868217,gptoss120b,mtp
AnnualPATIENT,frequency,0.2930007756140681,0.43844607192186374,0.2866556584854808,gptoss120b,mtp
AnnualPARTICIPANT,frequency,0.33944370398578316,0.3361468592213956,0.3224408814869341,gptoss120b,mtp
Dancing,movement and sounds,0.7037037037037037,0.8159509202453987,0.7556818181818181,gptoss120b,mtp
Singing,movement and sounds,0.7338709677419355,0.7647058823529411,0.7489711934156378,gptoss120b,mtp
Percussion,movement and sounds,0.6170212765957447,0.7310924369747899,0.6692307692307693,gptoss120b,mtp
OtherInstruments,movement and sounds,0.2962962962962963,0.8205128205128205,0.43537414965986393,gptoss120b,mtp
NonRhythmic,movement and sounds,0.36416184971098264,0.8873239436619719,0.5163934426229508,gptoss120b,mtp
IntenseMusicDance,movement and sounds,0.16071428571428573,0.9642857142857143,0.2755102040816327,gptoss120b,mtp
SorrowMusicDance,movement and sounds,0.06976744186046512,0.5,0.12244897959183673,gptoss120b,mtp
LargescaleMusicDance,movement and sounds,0.021645021645021644,1,0.0423728813559322,gptoss120b,mtp
Marching,movement and sounds,0.5594405594405595,0.7619047619047619,0.6451612903225806,gptoss120b,mtp
Explosions,movement and sounds,0.6153846153846154,0.7272727272727273,0.6666666666666667,gptoss120b,mtp
Bowing,movement and sounds,0.288135593220339,0.8947368421052632,0.43589743589743596,gptoss120b,mtp
Haircut,purification,0.5588235294117647,0.8636363636363636,0.6785714285714287,gptoss120b,mtp
Washing,purification,0.5166666666666667,0.8985507246376812,0.6560846560846562,gptoss120b,mtp
Rubbing,purification,0.2753623188405797,0.8260869565217391,0.41304347826086957,gptoss120b,mtp
Sprinkling,purification,0.45977011494252873,0.7142857142857143,0.5594405594405594,gptoss120b,mtp
Fumigation,purification,0.11627906976744186,1,0.20833333333333334,gptoss120b,mtp
InterdictionHands,purification,0.4,0.4,0.4000000000000001,gptoss120b,mtp
Spitting,purification,0.6923076923076923,0.8181818181818182,0.7500000000000001,gptoss120b,mtp
Hallucinogen,altered states of consciousness,0.7142857142857143,0.8333333333333334,0.7692307692307692,gptoss120b,mtp
Sedatives,altered states of consciousness,0.47368421052631576,1,0.6428571428571429,gptoss120b,mtp
Alcohol,altered states of consciousness,0.4527027027027027,0.9054054054054054,0.6036036036036035,gptoss120b,mtp
ExecutivePossession,altered states of consciousness,0.6666666666666666,0.5405405405405406,0.5970149253731343,gptoss120b,mtp
PerformanceTrance,altered states of consciousness,0.3333333333333333,0.8,0.47058823529411764,gptoss120b,mtp
Stimulants,altered states of consciousness,0.36585365853658536,0.8333333333333334,0.5084745762711864,gptoss120b,mtp
Smoking,altered states of consciousness,0.1896551724137931,0.9166666666666666,0.31428571428571433,gptoss120b,mtp
BurningParticipants,negative bodily stimulation,0.09090909090909091,0.5,0.15384615384615385,gptoss120b,mtp
WoundingSignificant,negative bodily stimulation,0.14285714285714285,0.8,0.24242424242424243,gptoss120b,mtp
WoundingSuperficial,negative bodily stimulation,0.3,0.8,0.4363636363636363,gptoss120b,mtp
Beating,negative bodily stimulation,0.3333333333333333,0.9090909090909091,0.4878048780487804,gptoss120b,mtp
Piercing,negative bodily stimulation,0.23076923076923078,1,0.375,gptoss120b,mtp
Scarification,negative bodily stimulation,0.125,1,0.2222222222222222,gptoss120b,mtp
Tattooing,negative bodily stimulation,0.375,0.75,0.5,gptoss120b,mtp
LacerationSensitive,negative bodily stimulation,0.05,0.3333333333333333,0.08695652173913045,gptoss120b,mtp
Circumcision,negative bodily stimulation,0.8,0.8888888888888888,0.8421052631578948,gptoss120b,mtp
FoulOlfaction,negative bodily stimulation,0.08695652173913043,0.5,0.14814814814814817,gptoss120b,mtp
Vomiting,negative bodily stimulation,0.3333333333333333,1,0.5,gptoss120b,mtp
SwallowingObjects,negative bodily stimulation,0.75,1,0.8571428571428571,gptoss120b,mtp
SuckingofPatient,negative bodily stimulation,0.6,1,0.7499999999999999,gptoss120b,mtp
Fasting,endurance ordeals,0.36363636363636365,0.64,0.463768115942029,gptoss120b,mtp
AthleticFeats,endurance ordeals,0.09389671361502347,1,0.17167381974248927,gptoss120b,mtp
SleepDeprivation,endurance ordeals,0.21621621621621623,0.8,0.3404255319148936,gptoss120b,mtp
Dehydration,endurance ordeals,0.2,0.3333333333333333,0.25,gptoss120b,mtp
Immobility,endurance ordeals,0.125,1,0.2222222222222222,gptoss120b,mtp
Isolation,psychological discomfort,0.390625,0.9259259259259259,0.5494505494505494,gptoss120b,mtp
Fear,psychological discomfort,0.06201550387596899,1,0.1167883211678832,gptoss120b,mtp
Humilation,psychological discomfort,0.04,1,0.07692307692307693,gptoss120b,mtp
DramaticActs,spectacle,0.05421686746987952,0.6923076923076923,0.10055865921787709,gptoss120b,mtp
HolyObjects,spectacle,0.20915032679738563,0.8421052631578947,0.33507853403141363,gptoss120b,mtp
HolySite,spectacle,0.26627218934911245,0.54216867469879515,0.3571428571428572,gptoss120b,mtp
RitualConstruction,spectacle,0.37719298245614036,0.6231884057971014,0.46994535519125685,gptoss120b,mtp
LargeCrowd,spectacle,0.08304498269896193,0.8275862068965517,0.15094339622641506,gptoss120b,mtp
MockConflict,spectacle,0.4375,0.4,0.41791044776119407,gptoss120b,mtp
Costume,spectacle,0.42543859649122806,0.8434782608695652,0.5655976676384838,gptoss120b,mtp
FireEmbers,spectacle,0.21862348178137653,0.9473684210526315,0.3552631578947369,gptoss120b,mtp
SacrificeAnimal,spectacle,0.593939393939394,0.9514563106796117,0.7313432835820896,gptoss120b,mtp
SacrificeHuman,spectacle,0.42857142857142855,1,0.6,gptoss120b,mtp
WaterOffering,spectacle,0.23809523809523808,0.5555555555555556,0.33333333333333326,gptoss120b,mtp
Minatures,spectacle,0.3695652173913043,0.6071428571428571,0.45945945945945943,gptoss120b,mtp
PathogenicPossession,spectacle,0.46153846153846156,0.5,0.48000000000000004,gptoss120b,mtp
Speechmaking,spectacle,0.510752688172043,0.8837209302325582,0.647359454855196,gptoss120b,mtp
TextRecitation,spectacle,0.1568627450980392,0.8648648648648649,0.2655601659751038,gptoss120b,mtp
Naming,spectacle,0.4,0.8571428571428571,0.5454545454545455,gptoss120b,mtp
Blood,spectacle,0.49473684210526314,0.746031746031746,0.5949367088607594,gptoss120b,mtp
Weapons,spectacle,0.3884297520661157,0.8545454545454545,0.5340909090909091,gptoss120b,mtp
Sexual intercourse,spectacle,0.6363636363636364,0.875,0.7368421052631579,gptoss120b,mtp
StoryTelling,spectacle,0.13333333333333333,0.9333333333333333,0.23333333333333334,gptoss120b,mtp
BurialOfferings,spectacle,0.16363636363636364,0.6923076923076923,0.2647058823529412,gptoss120b,mtp
BurningOfferings,spectacle,0.09574468085106383,1,0.17475728155339806,gptoss120b,mtp
Confession,spectacle,0.18181818181818182,0.6,0.27906976744186046,gptoss120b,mtp
Games,indicators of bonding,0.14035087719298245,0.8,0.23880597014925373,gptoss120b,mtp
CommunalEating,indicators of bonding,0.43205574912891986,0.9465648854961832,0.5933014354066986,gptoss120b,mtp
Joyful,indicators of bonding,0.19383259911894274,0.88,0.3176895306859206,gptoss120b,mtp
TabooSmoke,taboos,0.2,1,0.33333333333333337,gptoss120b,mtp
TabooAlcohol,taboos,0.2,0.6,0.3,gptoss120b,mtp
TabooSexual,taboos,0.18604651162790697,0.5333333333333333,0.27586206896551724,gptoss120b,mtp
TabooTalking,taboos,0.08064516129032258,0.8333333333333334,0.14705882352941174,gptoss120b,mtp
PeakEuphoria,arousal,0.22541582237855784,0.30382217027334985,0.2107595123123571,gptoss120b,mtp
AvgEuphoria,arousal,0.26444225822541984,0.27241649039309007,0.26569508181225043,gptoss120b,mtp
ParticipantPeakEuphoria,arousal,0.18835288806553174,0.1775890445483026,0.167171838185376,gptoss120b,mtp
PeakDysphoria,arousal,0.3184058138138543,0.3772988809502811,0.30754059627920727,gptoss120b,mtp
AvgDyphoria,arousal,0.2118547363049255,0.2204409321607657,0.2072806133290572,gptoss120b,mtp
SensoryPageantry,ritual form,0.1289418120221111,0.25939341581195574,0.16189222873577094,gptoss120b,mtp
SMarker,ritual form,0.32912423448483097,0.20222798229263747,0.12498045269046647,gptoss120b,mtp
Exegesis,exegesis,0.1925925925925926,0.1526605504587156,0.17031729785056296,gptoss120b,mtp
AcquisitionExegesis,exegesis,0.19302301695375737,0.18669971086327966,0.033023719716831865,gptoss120b,mtp
Wedding,function,0.43333333333333335,0.7647058823529411,0.5531914893617021,gptoss120b,baseline
OtherUnion,function,0.23529411764705882,0.5,0.31999999999999995,gptoss120b,baseline
WorldyPursuit,function,0.4551148225469729,0.9316239316239316,0.6115007012622721,gptoss120b,baseline
Apotropaeic,function,0.11333333333333333,1,0.20359281437125748,gptoss120b,baseline
OtherWorldyPursuit,function,0.13059701492537312,0.813953488372093,0.22508038585209,gptoss120b,baseline
Initiation,function,0.3235294117647059,0.9649122807017544,0.4845814977973569,gptoss120b,baseline
Installation,function,0.21428571428571427,0.75,0.3333333333333333,gptoss120b,baseline
Divination,function,0.17346938775510204,0.68,0.2764227642276423,gptoss120b,baseline
Liturgical,function,0.047619047619047616,1,0.0909090909090909,gptoss120b,baseline
NewBorn,function,0.6304347826086957,0.8529411764705882,0.725,gptoss120b,baseline
Funerary,function,0.7395833333333334,0.8987341772151899,0.8114285714285714,gptoss120b,baseline
Commerative,function,0.09154929577464789,0.48148148148148145,0.15384615384615383,gptoss120b,baseline
Protection,function,0.01749271137026239,1,0.034383954154727794,gptoss120b,baseline
HouseDedication,function,0.3103448275862069,0.8181818181818182,0.45000000000000007,gptoss120b,baseline
RitualDuration,duration,0.26634166016706085,0.23728366177237487,0.22097111571901487,gptoss120b,baseline
ParticipantsSex,participation,0.4434505220790134,0.4658858858858859,0.43418041760610526,gptoss120b,baseline
Solitary,participation,0.28846153846153844,0.5172413793103449,0.3703703703703704,gptoss120b,baseline
ImmediateKin,participation,0.45145631067961167,0.6788321167883211,0.5422740524781341,gptoss120b,baseline
ExtendedKin,participation,0.3258426966292135,0.651685393258427,0.4344569288389513,gptoss120b,baseline
Group15abs,participation,0.6911764705882353,0.3122923588039867,0.4302059496567506,gptoss120b,baseline
Group50percent,participation,0.28773584905660377,0.48412698412698413,0.36094674556213013,gptoss120b,baseline
Group5090percent,participation,0.1111111111111111,0.4117647058823529,0.17500000000000002,gptoss120b,baseline
Group90100percent,participation,0.15517241379310345,0.4864864864864865,0.23529411764705885,gptoss120b,baseline
Outsiders,participation,0.18604651162790697,0.6857142857142857,0.2926829268292683,gptoss120b,baseline
AnnualPATIENT,frequency,0.29331466533422956,0.4434592523375382,0.29321069363755986,gptoss120b,baseline
AnnualPARTICIPANT,frequency,0.3585058661145618,0.3651930119181431,0.31214786149049,gptoss120b,baseline
Dancing,movement and sounds,0.6887755102040817,0.8282208588957055,0.7520891364902508,gptoss120b,baseline
Singing,movement and sounds,0.7195571955719557,0.819327731092437,0.7662082514734775,gptoss120b,baseline
Percussion,movement and sounds,0.6139240506329114,0.8151260504201681,0.700361010830325,gptoss120b,baseline
OtherInstruments,movement and sounds,0.28703703703703703,0.7948717948717948,0.42176870748299317,gptoss120b,baseline
NonRhythmic,movement and sounds,0.38926174496644295,0.8169014084507042,0.5272727272727273,gptoss120b,baseline
IntenseMusicDance,movement and sounds,0.140625,0.9642857142857143,0.24545454545454543,gptoss120b,baseline
SorrowMusicDance,movement and sounds,0.07017543859649122,0.6666666666666666,0.12698412698412698,gptoss120b,baseline
LargescaleMusicDance,movement and sounds,0.021834061135371178,1,0.042735042735042736,gptoss120b,baseline
Marching,movement and sounds,0.5113636363636364,0.8571428571428571,0.6405693950177935,gptoss120b,baseline
Explosions,movement and sounds,0.5714285714285714,0.7272727272727273,0.64,gptoss120b,baseline
Bowing,movement and sounds,0.28695652173913044,0.868421052631579,0.4313725490196079,gptoss120b,baseline
Haircut,purification,0.5128205128205128,0.9090909090909091,0.6557377049180326,gptoss120b,baseline
Washing,purification,0.472,0.855072463768116,0.6082474226804123,gptoss120b,baseline
Rubbing,purification,0.2602739726027397,0.8260869565217391,0.3958333333333333,gptoss120b,baseline
Sprinkling,purification,0.328,0.7321428571428571,0.4530386740331492,gptoss120b,baseline
Fumigation,purification,0.10869565217391304,1,0.19607843137254902,gptoss120b,baseline
InterdictionHands,purification,0.375,0.6,0.4615384615384615,gptoss120b,baseline
Spitting,purification,0.7272727272727273,0.7272727272727273,0.7272727272727273,gptoss120b,baseline
Hallucinogen,altered states of consciousness,0.46153846153846156,1,0.631578947368421,gptoss120b,baseline
Sedatives,altered states of consciousness,0.16666666666666666,0.6666666666666666,0.26666666666666666,gptoss120b,baseline
Alcohol,altered states of consciousness,0.40993788819875776,0.8918918918918919,0.5617021276595745,gptoss120b,baseline
ExecutivePossession,altered states of consciousness,0.5227272727272727,0.6216216216216216,0.5679012345679012,gptoss120b,baseline
PerformanceTrance,altered states of consciousness,0.3389830508474576,0.8,0.47619047619047616,gptoss120b,baseline
Stimulants,altered states of consciousness,0.12403100775193798,0.8888888888888888,0.21768707482993196,gptoss120b,baseline
Smoking,altered states of consciousness,0.19298245614035087,0.9166666666666666,0.3188405797101449,gptoss120b,baseline
BurningParticipants,negative bodily stimulation,0.1111111111111111,0.5,0.1818181818181818,gptoss120b,baseline
WoundingSignificant,negative bodily stimulation,0.05263157894736842,1,0.1,gptoss120b,baseline
WoundingSuperficial,negative bodily stimulation,0.1864406779661017,0.7333333333333333,0.2972972972972973,gptoss120b,baseline
Beating,negative bodily stimulation,0.34375,1,0.5116279069767442,gptoss120b,baseline
Piercing,negative bodily stimulation,0.23076923076923078,1,0.375,gptoss120b,baseline
Scarification,negative bodily stimulation,0.0625,1,0.11764705882352941,gptoss120b,baseline
Tattooing,negative bodily stimulation,0.375,0.75,0.5,gptoss120b,baseline
LacerationSensitive,negative bodily stimulation,0.04285714285714286,1,0.0821917808219178,gptoss120b,baseline
Circumcision,negative bodily stimulation,0.6153846153846154,0.8888888888888888,0.7272727272727274,gptoss120b,baseline
FoulOlfaction,negative bodily stimulation,0.06557377049180328,0.5,0.11594202898550726,gptoss120b,baseline
Vomiting,negative bodily stimulation,0.3,1,0.4615384615384615,gptoss120b,baseline
SwallowingObjects,negative bodily stimulation,0.5,1,0.6666666666666666,gptoss120b,baseline
SuckingofPatient,negative bodily stimulation,0.5,1,0.6666666666666666,gptoss120b,baseline
Fasting,endurance ordeals,0.30612244897959184,0.6,0.40540540540540543,gptoss120b,baseline
AthleticFeats,endurance ordeals,0.08298755186721991,1,0.15325670498084293,gptoss120b,baseline
SleepDeprivation,endurance ordeals,0.2073170731707317,0.85,0.3333333333333333,gptoss120b,baseline
Dehydration,endurance ordeals,0.15789473684210525,0.5,0.23999999999999996,gptoss120b,baseline
Immobility,endurance ordeals,0.0975609756097561,1,0.17777777777777776,gptoss120b,baseline
Isolation,psychological discomfort,0.35294117647058826,0.8888888888888888,0.5052631578947369,gptoss120b,baseline
Fear,psychological discomfort,0.043243243243243246,1,0.08290155440414508,gptoss120b,baseline
Humilation,psychological discomfort,0.04285714285714286,1,0.0821917808219178,gptoss120b,baseline
DramaticActs,spectacle,0.053763440860215055,0.7692307692307693,0.10050251256281408,gptoss120b,baseline
HolyObjects,spectacle,0.16099773242630386,0.9342105263157895,0.2746615087040619,gptoss120b,baseline
HolySite,spectacle,0.2913907284768212,0.5301204819277109,0.376068376068376,gptoss120b,baseline
RitualConstruction,spectacle,0.362962962962963,0.7101449275362319,0.4803921568627452,gptoss120b,baseline
LargeCrowd,spectacle,0.08455882352941177,0.7931034482758621,0.15282392026578073,gptoss120b,baseline
MockConflict,spectacle,0.3548387096774194,0.6285714285714286,0.4536082474226804,gptoss120b,baseline
Costume,spectacle,0.39543726235741444,0.9043478260869565,0.5502645502645502,gptoss120b,baseline
FireEmbers,spectacle,0.2,0.9824561403508771,0.33234421364985167,gptoss120b,baseline
SacrificeAnimal,spectacle,0.5586592178770949,0.970873786407767,0.7092198581560283,gptoss120b,baseline
SacrificeHuman,spectacle,0.25,1,0.4,gptoss120b,baseline
WaterOffering,spectacle,0.2692307692307692,0.7777777777777778,0.39999999999999997,gptoss120b,baseline
Minatures,spectacle,0.18548387096774194,0.8214285714285714,0.3026315789473684,gptoss120b,baseline
PathogenicPossession,spectacle,0.2962962962962963,0.6666666666666666,0.41025641025641024,gptoss120b,baseline
Speechmaking,spectacle,0.4628297362110312,0.8976744186046511,0.6107594936708861,gptoss120b,baseline
TextRecitation,spectacle,0.11224489795918367,0.8918918918918919,0.19939577039274922,gptoss120b,baseline
Naming,spectacle,0.35294117647058826,0.8571428571428571,0.5,gptoss120b,baseline
Blood,spectacle,0.6,0.5238095238095238,0.559322033898305,gptoss120b,baseline
Weapons,spectacle,0.3170731707317073,0.9454545454545454,0.47488584474885853,gptoss120b,baseline
Sexual intercourse,spectacle,0.32,1,0.48484848484848486,gptoss120b,baseline
StoryTelling,spectacle,0.0748663101604278,0.9333333333333333,0.1386138613861386,gptoss120b,baseline
BurialOfferings,spectacle,0.09523809523809523,0.6153846153846154,0.16494845360824742,gptoss120b,baseline
BurningOfferings,spectacle,0.08108108108108109,1,0.15,gptoss120b,baseline
Confession,spectacle,0.17073170731707318,0.7,0.2745098039215686,gptoss120b,baseline
Games,indicators of bonding,0.14754098360655737,0.9,0.2535211267605634,gptoss120b,baseline
CommunalEating,indicators of bonding,0.4201388888888889,0.9236641221374046,0.5775656324582339,gptoss120b,baseline
Joyful,indicators of bonding,0.2088888888888889,0.94,0.34181818181818185,gptoss120b,baseline
TabooSmoke,taboos,0.2222222222222222,1,0.3636363636363636,gptoss120b,baseline
TabooAlcohol,taboos,0.16666666666666666,0.6,0.2608695652173913,gptoss120b,baseline
TabooSexual,taboos,0.15789473684210525,0.6,0.25,gptoss120b,baseline
TabooTalking,taboos,0.07042253521126761,0.8333333333333334,0.12987012987012989,gptoss120b,baseline
PeakEuphoria,arousal,0.20723702775220224,0.31333934754535503,0.18971062278302983,gptoss120b,baseline
AvgEuphoria,arousal,0.24935755399756707,0.23710401400115838,0.22109311529551826,gptoss120b,baseline
ParticipantPeakEuphoria,arousal,0.17287839220537254,0.20773418675860023,0.12174726415275665,gptoss120b,baseline
PeakDysphoria,arousal,0.29586086576976967,0.329832823080151,0.2871523176614648,gptoss120b,baseline
AvgDyphoria,arousal,0.2682585034013606,0.2874767148319962,0.2475315494224217,gptoss120b,baseline
SensoryPageantry,ritual form,0.10255612635861064,0.23167718481578578,0.13021291739052945,gptoss120b,baseline
SMarker,ritual form,0.33239010826730125,0.24035560344827586,0.14917504521349967,gptoss120b,baseline
Exegesis,exegesis,0.1954695737646323,0.1495616717635066,0.15883468581910892,gptoss120b,baseline
AcquisitionExegesis,exegesis,0.18646682231326078,0.18372573316811236,0.028076930512920206,gptoss120b,baseline
Wedding,function,0.041666666666666664,0.35294117647058826,0.07453416149068322,llama33b,ensemble_mtp
OtherUnion,function,0.015151515151515152,0.875,0.029787234042553193,llama33b,ensemble_mtp
WorldyPursuit,function,0.46258503401360546,0.2905982905982906,0.35695538057742787,llama33b,ensemble_mtp
Apotropaeic,function,0.08021390374331551,0.4411764705882353,0.13574660633484162,llama33b,ensemble_mtp
OtherWorldyPursuit,function,0.052083333333333336,0.11627906976744186,0.07194244604316548,llama33b,ensemble_mtp
Initiation,function,0.33766233766233766,0.45614035087719296,0.3880597014925373,llama33b,ensemble_mtp
Installation,function,0.3,0.75,0.4285714285714285,llama33b,ensemble_mtp
Divination,function,0.2857142857142857,0.16,0.20512820512820512,llama33b,ensemble_mtp
Liturgical,function,0.13043478260869565,0.47368421052631576,0.20454545454545456,llama33b,ensemble_mtp
NewBorn,function,0.4444444444444444,0.7058823529411765,0.5454545454545455,llama33b,ensemble_mtp
Funerary,function,0.4,0.810126582278481,0.5355648535564853,llama33b,ensemble_mtp
Commerative,function,0.09523809523809523,0.07407407407407407,0.08333333333333333,llama33b,ensemble_mtp
Protection,function,0.0196078431372549,0.16666666666666666,0.03508771929824561,llama33b,ensemble_mtp
HouseDedication,function,0.10869565217391304,0.45454545454545453,0.1754385964912281,llama33b,ensemble_mtp
RitualDuration,duration,NA,NA,NA,llama33b,ensemble_mtp
ParticipantsSex,participation,0.02403846153846154,0.22727272727272727,0.043478260869565216,llama33b,ensemble_mtp
Solitary,participation,0.033936651583710405,0.5172413793103449,0.06369426751592357,llama33b,ensemble_mtp
ImmediateKin,participation,0.30434782608695654,0.30656934306569344,0.3054545454545454,llama33b,ensemble_mtp
ExtendedKin,participation,0.16216216216216217,0.06741573033707865,0.09523809523809525,llama33b,ensemble_mtp
Group15abs,participation,0.5327433628318584,1,0.6951501154734412,llama33b,ensemble_mtp
Group50percent,participation,0.26058631921824105,0.6349206349206349,0.3695150115473441,llama33b,ensemble_mtp
Group5090percent,participation,0,0,0,llama33b,ensemble_mtp
Group90100percent,participation,0.25,0.02702702702702703,0.04878048780487805,llama33b,ensemble_mtp
Outsiders,participation,0.11904761904761904,0.14285714285714285,0.12987012987012989,llama33b,ensemble_mtp
AnnualPATIENT,frequency,0.006798332671695117,0.17261904761904762,0.010833615582532638,llama33b,ensemble_mtp
AnnualPARTICIPANT,frequency,0.13701804469645215,0.13478144810104348,0.07770762061666976,llama33b,ensemble_mtp
Dancing,movement and sounds,0.32196969696969696,0.5214723926380368,0.3981264637002342,llama33b,ensemble_mtp
Singing,movement and sounds,0.45790554414784396,0.9369747899159664,0.6151724137931035,llama33b,ensemble_mtp
Percussion,movement and sounds,0.5679012345679012,0.3865546218487395,0.45999999999999996,llama33b,ensemble_mtp
OtherInstruments,movement and sounds,0,0,0,llama33b,ensemble_mtp
NonRhythmic,movement and sounds,0.25882352941176473,0.6197183098591549,0.3651452282157676,llama33b,ensemble_mtp
IntenseMusicDance,movement and sounds,0.09954751131221719,0.7857142857142857,0.17670682730923695,llama33b,ensemble_mtp
SorrowMusicDance,movement and sounds,0,0,0,llama33b,ensemble_mtp
LargescaleMusicDance,movement and sounds,0,0,0,llama33b,ensemble_mtp
Marching,movement and sounds,0.8461538461538461,0.10476190476190476,0.18644067796610173,llama33b,ensemble_mtp
Explosions,movement and sounds,0.25,0.045454545454545456,0.07692307692307693,llama33b,ensemble_mtp
Bowing,movement and sounds,0.09523809523809523,0.10526315789473684,0.1,llama33b,ensemble_mtp
Haircut,purification,0.031746031746031744,0.18181818181818182,0.05405405405405405,llama33b,ensemble_mtp
Washing,purification,0.12248628884826325,0.9710144927536232,0.21753246753246752,llama33b,ensemble_mtp
Rubbing,purification,0.8,0.17391304347826086,0.2857142857142857,llama33b,ensemble_mtp
Sprinkling,purification,0.5,0.017857142857142856,0.03448275862068965,llama33b,ensemble_mtp
Fumigation,purification,0.02556818181818182,0.9,0.04972375690607735,llama33b,ensemble_mtp
InterdictionHands,purification,0.010676156583629894,0.6,0.02097902097902098,llama33b,ensemble_mtp
Spitting,purification,0,0,0,llama33b,ensemble_mtp
Hallucinogen,altered states of consciousness,0.018518518518518517,0.5,0.03571428571428571,llama33b,ensemble_mtp
Sedatives,altered states of consciousness,0,0,0,llama33b,ensemble_mtp
Alcohol,altered states of consciousness,0.391304347826087,0.12162162162162163,0.18556701030927836,llama33b,ensemble_mtp
ExecutivePossession,altered states of consciousness,1,0.05405405405405406,0.10256410256410257,llama33b,ensemble_mtp
PerformanceTrance,altered states of consciousness,0.052995391705069124,0.92,0.10021786492374726,llama33b,ensemble_mtp
Stimulants,altered states of consciousness,0.2,0.05555555555555555,0.08695652173913045,llama33b,ensemble_mtp
Smoking,altered states of consciousness,0.125,0.08333333333333333,0.1,llama33b,ensemble_mtp
BurningParticipants,negative bodily stimulation,0,0,0,llama33b,ensemble_mtp
WoundingSignificant,negative bodily stimulation,0,0,0,llama33b,ensemble_mtp
WoundingSuperficial,negative bodily stimulation,0,0,0,llama33b,ensemble_mtp
Beating,negative bodily stimulation,0,0,0,llama33b,ensemble_mtp
Piercing,negative bodily stimulation,0,0,0,llama33b,ensemble_mtp
Scarification,negative bodily stimulation,0,0,0,llama33b,ensemble_mtp
Tattooing,negative bodily stimulation,0.5,0.25,0.3333333333333333,llama33b,ensemble_mtp
LacerationSensitive,negative bodily stimulation,0,0,0,llama33b,ensemble_mtp
Circumcision,negative bodily stimulation,0.7142857142857143,0.5555555555555556,0.6250000000000001,llama33b,ensemble_mtp
FoulOlfaction,negative bodily stimulation,0,0,0,llama33b,ensemble_mtp
Vomiting,negative bodily stimulation,0,0,0,llama33b,ensemble_mtp
SwallowingObjects,negative bodily stimulation,0,0,0,llama33b,ensemble_mtp
SuckingofPatient,negative bodily stimulation,0,0,0,llama33b,ensemble_mtp
Fasting,endurance ordeals,0.038135593220338986,0.36,0.06896551724137931,llama33b,ensemble_mtp
AthleticFeats,endurance ordeals,0.07114624505928854,0.9,0.13186813186813187,llama33b,ensemble_mtp
SleepDeprivation,endurance ordeals,0.14285714285714285,0.05,0.07407407407407408,llama33b,ensemble_mtp
Dehydration,endurance ordeals,1,0.16666666666666666,0.2857142857142857,llama33b,ensemble_mtp
Immobility,endurance ordeals,0.018134715025906734,0.875,0.035532994923857864,llama33b,ensemble_mtp
Isolation,psychological discomfort,0.026143790849673203,0.14814814814814814,0.044444444444444446,llama33b,ensemble_mtp
Fear,psychological discomfort,0.02072538860103627,1,0.04060913705583756,llama33b,ensemble_mtp
Humilation,psychological discomfort,0,0,0,llama33b,ensemble_mtp
DramaticActs,spectacle,0.04216867469879518,0.5384615384615384,0.0782122905027933,llama33b,ensemble_mtp
HolyObjects,spectacle,0.16615384615384615,0.7105263157894737,0.26932668329177056,llama33b,ensemble_mtp
HolySite,spectacle,0.2345679012345679,0.2289156626506024,0.23170731707317072,llama33b,ensemble_mtp
RitualConstruction,spectacle,0.35,0.10144927536231885,0.15730337078651685,llama33b,ensemble_mtp
LargeCrowd,spectacle,0.05263157894736842,0.5862068965517241,0.09659090909090907,llama33b,ensemble_mtp
MockConflict,spectacle,0.2,0.2,0.20000000000000004,llama33b,ensemble_mtp
Costume,spectacle,0.3333333333333333,0.391304347826087,0.36,llama33b,ensemble_mtp
FireEmbers,spectacle,0.75,0.05263157894736842,0.09836065573770492,llama33b,ensemble_mtp
SacrificeAnimal,spectacle,0.75,0.02912621359223301,0.056074766355140186,llama33b,ensemble_mtp
SacrificeHuman,spectacle,0,0,0,llama33b,ensemble_mtp
WaterOffering,spectacle,0.25,0.05555555555555555,0.0909090909090909,llama33b,ensemble_mtp
Minatures,spectacle,0,0,0,llama33b,ensemble_mtp
PathogenicPossession,spectacle,0,0,0,llama33b,ensemble_mtp
Speechmaking,spectacle,0.5217391304347826,0.05581395348837209,0.10084033613445378,llama33b,ensemble_mtp
TextRecitation,spectacle,0.25,0.08108108108108109,0.12244897959183675,llama33b,ensemble_mtp
Naming,spectacle,0.3333333333333333,0.047619047619047616,0.08333333333333333,llama33b,ensemble_mtp
Blood,spectacle,0,0,0,llama33b,ensemble_mtp
Weapons,spectacle,0,0,0,llama33b,ensemble_mtp
Sexual intercourse,spectacle,1,0.125,0.2222222222222222,llama33b,ensemble_mtp
StoryTelling,spectacle,0,0,0,llama33b,ensemble_mtp
BurialOfferings,spectacle,0,0,0,llama33b,ensemble_mtp
BurningOfferings,spectacle,0,0,0,llama33b,ensemble_mtp
Confession,spectacle,0,0,0,llama33b,ensemble_mtp
Games,indicators of bonding,0.019271948608137045,0.9,0.03773584905660377,llama33b,ensemble_mtp
CommunalEating,indicators of bonding,0.23297491039426524,0.9923664122137404,0.37735849056603776,llama33b,ensemble_mtp
Joyful,indicators of bonding,0.11235955056179775,0.8,0.19704433497536944,llama33b,ensemble_mtp
TabooSmoke,taboos,0,0,0,llama33b,ensemble_mtp
TabooAlcohol,taboos,0.0113314447592068,0.8,0.0223463687150838,llama33b,ensemble_mtp
TabooSexual,taboos,0.14285714285714285,0.13333333333333333,0.1379310344827586,llama33b,ensemble_mtp
TabooTalking,taboos,0.037037037037037035,0.3333333333333333,0.06666666666666667,llama33b,ensemble_mtp
PeakEuphoria,arousal,0.11213893110920437,0.14541587232277284,0.051552299515585986,llama33b,ensemble_mtp
AvgEuphoria,arousal,0.14943704894137097,0.15583528493364557,0.13557892816460612,llama33b,ensemble_mtp
ParticipantPeakEuphoria,arousal,0.11537646778677701,0.1492110936120498,0.04744755121275904,llama33b,ensemble_mtp
PeakDysphoria,arousal,0.24440518256772673,0.17592592592592593,0.12356795603466497,llama33b,ensemble_mtp
AvgDyphoria,arousal,0.2522148496867702,0.15752540157606218,0.13642292424617125,llama33b,ensemble_mtp
SensoryPageantry,ritual form,0.05444216524584281,0.1119291194738765,0.03989152384144486,llama33b,ensemble_mtp
SMarker,ritual form,0.09998817525516554,0.301239224137931,0.14556268941169118,llama33b,ensemble_mtp
Exegesis,exegesis,0.192,0.1673394495412844,0.17882352941176471,llama33b,ensemble_mtp
AcquisitionExegesis,exegesis,0.19205669737774628,0.16092523750516316,0.17135395782568913,llama33b,ensemble_mtp
Wedding,function,0.05084745762711865,0.17647058823529413,0.07894736842105263,llama33b,mtp
OtherUnion,function,0.01440329218106996,0.875,0.02834008097165992,llama33b,mtp
WorldyPursuit,function,0.6,0.19230769230769232,0.29126213592233013,llama33b,mtp
Apotropaeic,function,0.11176470588235295,0.5588235294117647,0.18627450980392157,llama33b,mtp
OtherWorldyPursuit,function,0.06493506493506493,0.11627906976744186,0.08333333333333333,llama33b,mtp
Initiation,function,0.425531914893617,0.36363636363636365,0.39215686274509803,llama33b,mtp
Installation,function,0.42857142857142855,0.75,0.5454545454545454,llama33b,mtp
Divination,function,0.25,0.16,0.19512195121951217,llama33b,mtp
Liturgical,function,0.14035087719298245,0.42105263157894735,0.21052631578947367,llama33b,mtp
NewBorn,function,0.5238095238095238,0.6470588235294118,0.5789473684210527,llama33b,mtp
Funerary,function,0.453125,0.7341772151898734,0.5603864734299517,llama33b,mtp
Commerative,function,0,0,0,llama33b,mtp
Protection,function,0,0,0,llama33b,mtp
HouseDedication,function,0.19230769230769232,0.45454545454545453,0.27027027027027023,llama33b,mtp
RitualDuration,duration,NA,NA,NA,llama33b,mtp
ParticipantsSex,participation,0.024685816876122084,0.25,0.04493464052287582,llama33b,mtp
Solitary,participation,0.02857142857142857,0.3793103448275862,0.05314009661835749,llama33b,mtp
ImmediateKin,participation,0.3,0.41605839416058393,0.3486238532110092,llama33b,mtp
ExtendedKin,participation,0.18666666666666668,0.3146067415730337,0.23430962343096234,llama33b,mtp
Group15abs,participation,0.5300353356890459,1,0.6928406466512702,llama33b,mtp
Group50percent,participation,0.256140350877193,0.5793650793650794,0.3552311435523115,llama33b,mtp
Group5090percent,participation,0.039473684210526314,0.08823529411764706,0.05454545454545454,llama33b,mtp
Group90100percent,participation,0.11940298507462686,0.21621621621621623,0.15384615384615383,llama33b,mtp
Outsiders,participation,0.078125,0.14285714285714285,0.101010101010101,llama33b,mtp
AnnualPATIENT,frequency,0.0021987972559325206,0.2,0.004330602669128111,llama33b,mtp
AnnualPARTICIPANT,frequency,0.200161545694622,0.17892281116068176,0.12422170350718546,llama33b,mtp
Dancing,movement and sounds,0.32083333333333336,0.4723926380368098,0.3821339950372209,llama33b,mtp
Singing,movement and sounds,0.46265560165975106,0.9369747899159664,0.6194444444444445,llama33b,mtp
Percussion,movement and sounds,0.5657894736842105,0.36134453781512604,0.44102564102564107,llama33b,mtp
OtherInstruments,movement and sounds,0,0,0,llama33b,mtp
NonRhythmic,movement and sounds,0.27702702702702703,0.5774647887323944,0.3744292237442922,llama33b,mtp
IntenseMusicDance,movement and sounds,0.1188118811881188,0.8571428571428571,0.20869565217391303,llama33b,mtp
SorrowMusicDance,movement and sounds,0,0,0,llama33b,mtp
LargescaleMusicDance,movement and sounds,0,0,0,llama33b,mtp
Marching,movement and sounds,0.7857142857142857,0.10476190476190476,0.18487394957983194,llama33b,mtp
Explosions,movement and sounds,0.25,0.045454545454545456,0.07692307692307693,llama33b,mtp
Bowing,movement and sounds,0.10526315789473684,0.10526315789473684,0.10526315789473684,llama33b,mtp
Haircut,purification,0.047619047619047616,0.13636363636363635,0.07058823529411765,llama33b,mtp
Washing,purification,0.12365591397849462,1,0.22009569377990432,llama33b,mtp
Rubbing,purification,0.3333333333333333,0.043478260869565216,0.07692307692307691,llama33b,mtp
Sprinkling,purification,1,0.03571428571428571,0.0689655172413793,llama33b,mtp
Fumigation,purification,0.025280898876404494,0.9,0.04918032786885246,llama33b,mtp
InterdictionHands,purification,0.012578616352201259,0.8,0.02476780185758514,llama33b,mtp
Spitting,purification,0,0,0,llama33b,mtp
Hallucinogen,altered states of consciousness,0.01,0.16666666666666666,0.018867924528301886,llama33b,mtp
Sedatives,altered states of consciousness,0,0,0,llama33b,mtp
Alcohol,altered states of consciousness,0.4375,0.0945945945945946,0.15555555555555556,llama33b,mtp
ExecutivePossession,altered states of consciousness,1,0.08108108108108109,0.15,llama33b,mtp
PerformanceTrance,altered states of consciousness,0.0507399577167019,0.96,0.0963855421686747,llama33b,mtp
Stimulants,altered states of consciousness,0,0,0,llama33b,mtp
Smoking,altered states of consciousness,0.09090909090909091,0.08333333333333333,0.08695652173913043,llama33b,mtp
BurningParticipants,negative bodily stimulation,0,0,0,llama33b,mtp
WoundingSignificant,negative bodily stimulation,0,0,0,llama33b,mtp
WoundingSuperficial,negative bodily stimulation,0,0,0,llama33b,mtp
Beating,negative bodily stimulation,0,0,0,llama33b,mtp
Piercing,negative bodily stimulation,0,0,0,llama33b,mtp
Scarification,negative bodily stimulation,0,0,0,llama33b,mtp
Tattooing,negative bodily stimulation,0.5,0.25,0.3333333333333333,llama33b,mtp
LacerationSensitive,negative bodily stimulation,0,0,0,llama33b,mtp
Circumcision,negative bodily stimulation,0.6666666666666666,0.4444444444444444,0.5333333333333333,llama33b,mtp
FoulOlfaction,negative bodily stimulation,0,0,0,llama33b,mtp
Vomiting,negative bodily stimulation,0,0,0,llama33b,mtp
SwallowingObjects,negative bodily stimulation,0,0,0,llama33b,mtp
SuckingofPatient,negative bodily stimulation,0,0,0,llama33b,mtp
Fasting,endurance ordeals,0.05188679245283019,0.4583333333333333,0.09322033898305086,llama33b,mtp
AthleticFeats,endurance ordeals,0.05860805860805861,0.8421052631578947,0.10958904109589042,llama33b,mtp
SleepDeprivation,endurance ordeals,0,0,0,llama33b,mtp
Dehydration,endurance ordeals,1,0.16666666666666666,0.2857142857142857,llama33b,mtp
Immobility,endurance ordeals,0.017676767676767676,0.875,0.034653465346534656,llama33b,mtp
Isolation,psychological discomfort,0.02912621359223301,0.1111111111111111,0.046153846153846156,llama33b,mtp
Fear,psychological discomfort,0.018561484918793503,1,0.03644646924829156,llama33b,mtp
Humilation,psychological discomfort,0,0,0,llama33b,mtp
DramaticActs,spectacle,0.014084507042253521,0.07692307692307693,0.02380952380952381,llama33b,mtp
HolyObjects,spectacle,0.16272189349112426,0.7333333333333333,0.26634382566585957,llama33b,mtp
HolySite,spectacle,0.24691358024691357,0.2564102564102564,0.25157232704402516,llama33b,mtp
RitualConstruction,spectacle,0.21739130434782608,0.07462686567164178,0.1111111111111111,llama33b,mtp
LargeCrowd,spectacle,0.06687898089171974,0.7777777777777778,0.12316715542521994,llama33b,mtp
MockConflict,spectacle,0.2,0.2,0.20000000000000004,llama33b,mtp
Costume,spectacle,0.3333333333333333,0.37168141592920356,0.3514644351464435,llama33b,mtp
FireEmbers,spectacle,0.5,0.037037037037037035,0.06896551724137931,llama33b,mtp
SacrificeAnimal,spectacle,1,0.039603960396039604,0.07619047619047618,llama33b,mtp
SacrificeHuman,spectacle,0,0,0,llama33b,mtp
WaterOffering,spectacle,0.3333333333333333,0.05555555555555555,0.09523809523809525,llama33b,mtp
Minatures,spectacle,0,0,0,llama33b,mtp
PathogenicPossession,spectacle,0,0,0,llama33b,mtp
Speechmaking,spectacle,0.38095238095238093,0.0392156862745098,0.07111111111111111,llama33b,mtp
TextRecitation,spectacle,0.2727272727272727,0.10344827586206896,0.15,llama33b,mtp
Naming,spectacle,0,0,0,llama33b,mtp
Blood,spectacle,0,0,0,llama33b,mtp
Weapons,spectacle,1,0.018518518518518517,0.03636363636363636,llama33b,mtp
Sexual intercourse,spectacle,1,0.125,0.2222222222222222,llama33b,mtp
StoryTelling,spectacle,0,0,0,llama33b,mtp
BurialOfferings,spectacle,0,0,0,llama33b,mtp
BurningOfferings,spectacle,0,0,0,llama33b,mtp
Confession,spectacle,0.125,0.125,0.125,llama33b,mtp
Games,indicators of bonding,0.017716535433070866,0.9,0.034749034749034756,llama33b,mtp
CommunalEating,indicators of bonding,0.23172905525846701,0.9923664122137404,0.3757225433526011,llama33b,mtp
Joyful,indicators of bonding,0.10875331564986737,0.82,0.19203747072599534,llama33b,mtp
TabooSmoke,taboos,0,0,0,llama33b,mtp
TabooAlcohol,taboos,0.00963855421686747,0.8,0.01904761904761905,llama33b,mtp
TabooSexual,taboos,0.1,0.06666666666666667,0.08,llama33b,mtp
TabooTalking,taboos,0.03773584905660377,0.3333333333333333,0.06779661016949153,llama33b,mtp
PeakEuphoria,arousal,0.051039131248829805,0.14297232700780374,0.03108754918590038,llama33b,mtp
AvgEuphoria,arousal,0.14424187361195237,0.12979172962151544,0.13574907360676433,llama33b,mtp
ParticipantPeakEuphoria,arousal,0.18390104649963915,0.09889840524556395,0.030735442191836458,llama33b,mtp
PeakDysphoria,arousal,0.2450980392156863,0.16845878136200718,0.11021276595744679,llama33b,mtp
AvgDyphoria,arousal,0.24011098463289698,0.14309008143959603,0.11690606968042232,llama33b,mtp
SensoryPageantry,ritual form,0.01776350989834136,0.13020611229566453,0.015602072049596136,llama33b,mtp
SMarker,ritual form,0.10147007784840817,0.27979626485568765,0.14667330085283814,llama33b,mtp
Exegesis,exegesis,0.1926605504587156,0.1926605504587156,0.1926605504587156,llama33b,mtp
AcquisitionExegesis,exegesis,0.18919925512104283,0.18884758364312268,0.1890232558139535,llama33b,mtp
Wedding,function,0.03213610586011342,1,0.06227106227106227,llama33b,baseline
OtherUnion,function,0.014652014652014652,1,0.02888086642599278,llama33b,baseline
WorldyPursuit,function,0.4148936170212766,1,0.5864661654135339,llama33b,baseline
Apotropaeic,function,0.06077348066298342,0.9705882352941176,0.1143847487001733,llama33b,baseline
OtherWorldyPursuit,function,0.07427536231884058,0.9534883720930233,0.13781512605042012,llama33b,baseline
Initiation,function,0.10196779964221825,1,0.18506493506493504,llama33b,baseline
Installation,function,0.007168458781362007,1,0.014234875444839857,llama33b,baseline
Divination,function,0.044444444444444446,0.96,0.08495575221238938,llama33b,baseline
Liturgical,function,0.03368794326241135,1,0.06518010291595197,llama33b,baseline
NewBorn,function,0.06203007518796992,0.9705882352941176,0.1166077738515901,llama33b,baseline
Funerary,function,0.14575645756457564,1,0.25442834138486314,llama33b,baseline
Commerative,function,0.04864864864864865,1,0.09278350515463918,llama33b,baseline
Protection,function,0.010810810810810811,1,0.021390374331550804,llama33b,baseline
HouseDedication,function,0.019855595667870037,1,0.03893805309734513,llama33b,baseline
RitualDuration,duration,0.2039039039039039,0.1768824202264032,0.14088581669226827,llama33b,baseline
ParticipantsSex,participation,0.24968593935748956,0.30077805077805075,0.20576960057565735,llama33b,baseline
Solitary,participation,0.05018587360594796,0.9310344827586207,0.09523809523809525,llama33b,baseline
ImmediateKin,participation,0.24725274725274726,0.9854014598540146,0.3953147877013177,llama33b,baseline
ExtendedKin,participation,0.15875912408759124,0.9775280898876404,0.2731554160125589,llama33b,baseline
Group15abs,participation,0.5284810126582279,0.5548172757475083,0.5413290113452187,llama33b,baseline
Group50percent,participation,0.23471400394477318,0.9444444444444444,0.37598736176935227,llama33b,baseline
Group5090percent,participation,0.05765765765765766,0.9411764705882353,0.10865874363327675,llama33b,baseline
Group90100percent,participation,0.06583629893238434,1,0.12353923205342236,llama33b,baseline
Outsiders,participation,0.06306306306306306,1,0.11864406779661016,llama33b,baseline
AnnualPATIENT,frequency,0.05287454138748336,0.1268181577414058,0.055962976634811264,llama33b,baseline
AnnualPARTICIPANT,frequency,0.10727272727272728,0.13161021237255313,0.07137929504234225,llama33b,baseline
Dancing,movement and sounds,0.292817679558011,0.9754601226993865,0.45042492917847027,llama33b,baseline
Singing,movement and sounds,0.42162162162162165,0.9831932773109243,0.5901639344262296,llama33b,baseline
Percussion,movement and sounds,0.21338155515370705,0.9915966386554622,0.3511904761904762,llama33b,baseline
OtherInstruments,movement and sounds,0.07017543859649122,0.9230769230769231,0.13043478260869565,llama33b,baseline
NonRhythmic,movement and sounds,0.13188976377952755,0.9436619718309859,0.231433506044905,llama33b,baseline
IntenseMusicDance,movement and sounds,0.04963235294117647,0.9642857142857143,0.09440559440559439,llama33b,baseline
SorrowMusicDance,movement and sounds,0.00992063492063492,0.8333333333333334,0.0196078431372549,llama33b,baseline
LargescaleMusicDance,movement and sounds,0.008880994671403197,1,0.0176056338028169,llama33b,baseline
Marching,movement and sounds,0.1891891891891892,1,0.3181818181818182,llama33b,baseline
Explosions,movement and sounds,0.05154639175257732,0.9090909090909091,0.09756097560975609,llama33b,baseline
Bowing,movement and sounds,0.07142857142857142,0.9736842105263158,0.1330935251798561,llama33b,baseline
Haircut,purification,0.04835164835164835,1,0.09224318658280922,llama33b,baseline
Washing,purification,0.12408759124087591,0.9855072463768116,0.22042139384116693,llama33b,baseline
Rubbing,purification,0.04364326375711575,1,0.08363636363636362,llama33b,baseline
Sprinkling,purification,0.10218978102189781,1,0.18543046357615892,llama33b,baseline
Fumigation,purification,0.01876172607879925,1,0.03683241252302026,llama33b,baseline
InterdictionHands,purification,0.008849557522123894,0.6,0.01744186046511628,llama33b,baseline
Spitting,purification,0.024175824175824177,1,0.04721030042918455,llama33b,baseline
Hallucinogen,altered states of consciousness,0.009174311926605505,0.6666666666666666,0.018099547511312215,llama33b,baseline
Sedatives,altered states of consciousness,0.016853932584269662,1,0.03314917127071823,llama33b,baseline
Alcohol,altered states of consciousness,0.14038461538461539,0.9864864864864865,0.2457912457912458,llama33b,baseline
ExecutivePossession,altered states of consciousness,0.06818181818181818,0.972972972972973,0.12743362831858407,llama33b,baseline
PerformanceTrance,altered states of consciousness,0.04638218923933209,1,0.08865248226950354,llama33b,baseline
Stimulants,altered states of consciousness,0.032692307692307694,0.9444444444444444,0.06319702602230484,llama33b,baseline
Smoking,altered states of consciousness,0.02286902286902287,0.9166666666666666,0.04462474645030426,llama33b,baseline
BurningParticipants,negative bodily stimulation,0.004434589800443459,1,0.008830022075055188,llama33b,baseline
WoundingSignificant,negative bodily stimulation,0.009615384615384616,1,0.01904761904761905,llama33b,baseline
WoundingSuperficial,negative bodily stimulation,0.028680688336520075,1,0.055762081784386616,llama33b,baseline
Beating,negative bodily stimulation,0.019464720194647202,0.7272727272727273,0.037914691943127965,llama33b,baseline
Piercing,negative bodily stimulation,0.005940594059405941,1,0.011811023622047244,llama33b,baseline
Scarification,negative bodily stimulation,0.0022727272727272726,1,0.0045351473922902496,llama33b,baseline
Tattooing,negative bodily stimulation,0.007155635062611807,1,0.014209591474245114,llama33b,baseline
LacerationSensitive,negative bodily stimulation,0.008108108108108109,1,0.016085790884718502,llama33b,baseline
Circumcision,negative bodily stimulation,0.01764705882352941,1,0.034682080924855495,llama33b,baseline
FoulOlfaction,negative bodily stimulation,0.012658227848101266,0.75,0.024896265560165977,llama33b,baseline
Vomiting,negative bodily stimulation,0.006072874493927126,1,0.012072434607645875,llama33b,baseline
SwallowingObjects,negative bodily stimulation,0.006198347107438017,1,0.012320328542094456,llama33b,baseline
SuckingofPatient,negative bodily stimulation,0.008174386920980926,1,0.016216216216216214,llama33b,baseline
Fasting,endurance ordeals,0.04672897196261682,1,0.08928571428571429,llama33b,baseline
AthleticFeats,endurance ordeals,0.03667953667953668,0.95,0.07063197026022305,llama33b,baseline
SleepDeprivation,endurance ordeals,0.0347985347985348,0.95,0.06713780918727916,llama33b,baseline
Dehydration,endurance ordeals,0.010889292196007259,1,0.021543985637342906,llama33b,baseline
Immobility,endurance ordeals,0.015267175572519083,1,0.03007518796992481,llama33b,baseline
Isolation,psychological discomfort,0.05222437137330754,1,0.09926470588235295,llama33b,baseline
Fear,psychological discomfort,0.013513513513513514,0.875,0.02661596958174905,llama33b,baseline
Humilation,psychological discomfort,0.006355932203389831,1,0.01263157894736842,llama33b,baseline
DramaticActs,spectacle,0.022684310018903593,0.9230769230769231,0.04428044280442804,llama33b,baseline
HolyObjects,spectacle,0.1357142857142857,1,0.2389937106918239,llama33b,baseline
HolySite,spectacle,0.14642857142857144,0.9879518072289156,0.255054432348367,llama33b,baseline
RitualConstruction,spectacle,0.12255772646536411,1,0.21835443037974683,llama33b,baseline
LargeCrowd,spectacle,0.05178571428571429,1,0.09847198641765705,llama33b,baseline
MockConflict,spectacle,0.05989110707803993,0.9428571428571428,0.11262798634812288,llama33b,baseline
Costume,spectacle,0.20572450805008943,1,0.34124629080118696,llama33b,baseline
FireEmbers,spectacle,0.10215053763440861,1,0.1853658536585366,llama33b,baseline
SacrificeAnimal,spectacle,0.19611650485436893,0.9805825242718447,0.3268608414239482,llama33b,baseline
SacrificeHuman,spectacle,0.005249343832020997,0.6666666666666666,0.010416666666666666,llama33b,baseline
WaterOffering,spectacle,0.03428571428571429,1,0.06629834254143648,llama33b,baseline
Minatures,spectacle,0.05194805194805195,1,0.09876543209876544,llama33b,baseline
PathogenicPossession,spectacle,0.024553571428571428,0.9166666666666666,0.04782608695652174,llama33b,baseline
Speechmaking,spectacle,0.375886524822695,0.986046511627907,0.5442875481386392,llama33b,baseline
TextRecitation,spectacle,0.06548672566371681,1,0.12292358803986711,llama33b,baseline
Naming,spectacle,0.03853211009174312,1,0.07420494699646644,llama33b,baseline
Blood,spectacle,0.13157894736842105,0.9523809523809523,0.23121387283236994,llama33b,baseline
Weapons,spectacle,0.10931174089068826,0.9818181818181818,0.19672131147540986,llama33b,baseline
Sexual intercourse,spectacle,0.0170316301703163,0.875,0.03341288782816229,llama33b,baseline
StoryTelling,spectacle,0.02654867256637168,1,0.05172413793103448,llama33b,baseline
BurialOfferings,spectacle,0.023255813953488372,1,0.04545454545454545,llama33b,baseline
BurningOfferings,spectacle,0.016245487364620937,1,0.03197158081705151,llama33b,baseline
Confession,spectacle,0.01949317738791423,1,0.03824091778202676,llama33b,baseline
Games,indicators of bonding,0.018018018018018018,1,0.035398230088495575,llama33b,baseline
CommunalEating,indicators of bonding,0.23351158645276293,1,0.37861271676300584,llama33b,baseline
Joyful,indicators of bonding,0.08912655971479501,1,0.16366612111292964,llama33b,baseline
TabooSmoke,taboos,0.004032258064516129,1,0.008032128514056224,llama33b,baseline
TabooAlcohol,taboos,0.010775862068965518,1,0.021321961620469083,llama33b,baseline
TabooSexual,taboos,0.03581267217630854,0.8666666666666667,0.06878306878306878,llama33b,baseline
TabooTalking,taboos,0.01160541586073501,1,0.022944550669216062,llama33b,baseline
PeakEuphoria,arousal,0.14636681148309055,0.14715093518921268,0.03217069381052345,llama33b,baseline
AvgEuphoria,arousal,0.20651897122485358,0.14425403225806452,0.035922333285259435,llama33b,baseline
ParticipantPeakEuphoria,arousal,0.07549376883969947,0.11319332797427653,0.0729516914842517,llama33b,baseline
PeakDysphoria,arousal,0.03437123947051745,0.16483559295621006,0.028300330033003307,llama33b,baseline
AvgDyphoria,arousal,0.008767405879319236,0.13877551020408163,0.016492845015765218,llama33b,baseline
SensoryPageantry,ritual form,0.16020408163265307,0.14596273291925468,0.03701624300621455,llama33b,baseline
SMarker,ritual form,0.3132843137254902,0.1589192101584343,0.08236340200734601,llama33b,baseline
Exegesis,exegesis,0.006559610705596107,0.2777777777777778,0.012813852813852816,llama33b,baseline
AcquisitionExegesis,exegesis,0.2003584229390681,0.20185873605947954,0.004398804758563206,llama33b,baseline
Wedding,function,0.5263157894736842,0.5882352941176471,0.5555555555555555,perplexity,mtp
OtherUnion,function,0.6,0.375,0.4615384615384615,perplexity,mtp
WorldyPursuit,function,0.4372093023255814,0.8034188034188035,0.5662650602409639,perplexity,mtp
Apotropaeic,function,0.10638297872340426,0.7352941176470589,0.18587360594795538,perplexity,mtp
OtherWorldyPursuit,function,0.08587257617728532,0.7948717948717948,0.155,perplexity,mtp
Initiation,function,0.4146341463414634,0.8947368421052632,0.5666666666666667,perplexity,mtp
Installation,function,0.3333333333333333,0.5,0.4,perplexity,mtp
Divination,function,0.4117647058823529,0.28,0.3333333333333333,perplexity,mtp
Liturgical,function,0.06951871657754011,0.6842105263157895,0.1262135922330097,perplexity,mtp
NewBorn,function,0.7777777777777778,0.8235294117647058,0.7999999999999999,perplexity,mtp
Funerary,function,0.7307692307692307,0.7402597402597403,0.7354838709677418,perplexity,mtp
Commerative,function,0.05102040816326531,0.18518518518518517,0.08,perplexity,mtp
Protection,function,0.008310249307479225,0.5,0.01634877384196185,perplexity,mtp
HouseDedication,function,0.47368421052631576,0.8181818181818182,0.6,perplexity,mtp
RitualDuration,duration,NA,NA,NA,perplexity,mtp
ParticipantsSex,participation,0.29489160306756224,0.2821209991401714,0.24882290410511504,perplexity,mtp
Solitary,participation,0.2777777777777778,0.1724137931034483,0.21276595744680854,perplexity,mtp
ImmediateKin,participation,0.37777777777777777,0.38345864661654133,0.3805970149253731,perplexity,mtp
ExtendedKin,participation,0.1947565543071161,0.5977011494252874,0.2937853107344633,perplexity,mtp
Group15abs,participation,0.5674846625766872,0.6445993031358885,0.6035889070146819,perplexity,mtp
Group50percent,participation,0.192,0.1951219512195122,0.19354838709677422,perplexity,mtp
Group5090percent,participation,0.08547008547008547,0.30303030303030304,0.13333333333333333,perplexity,mtp
Group90100percent,participation,0.056,0.19444444444444445,0.08695652173913043,perplexity,mtp
Outsiders,participation,0.14942528735632185,0.3939393939393939,0.21666666666666667,perplexity,mtp
AnnualPATIENT,frequency,0.26462020554420773,0.420048163756773,0.22131515877689284,perplexity,mtp
AnnualPARTICIPANT,frequency,0.2846415723643822,0.23617030083408824,0.24100286807555932,perplexity,mtp
Dancing,movement and sounds,0.4213197969543147,0.51875,0.46498599439775906,perplexity,mtp
Singing,movement and sounds,0.45885286783042395,0.773109243697479,0.5758998435054773,perplexity,mtp
Percussion,movement and sounds,0.3177570093457944,0.5862068965517241,0.4121212121212121,perplexity,mtp
OtherInstruments,movement and sounds,0.12352941176470589,0.5384615384615384,0.20095693779904306,perplexity,mtp
NonRhythmic,movement and sounds,0.2072072072072072,0.32857142857142857,0.25414364640883974,perplexity,mtp
IntenseMusicDance,movement and sounds,0.07818930041152264,0.6785714285714286,0.14022140221402216,perplexity,mtp
SorrowMusicDance,movement and sounds,0.024390243902439025,0.3333333333333333,0.04545454545454545,perplexity,mtp
LargescaleMusicDance,movement and sounds,0.020161290322580645,1,0.03952569169960474,perplexity,mtp
Marching,movement and sounds,0.2637795275590551,0.638095238095238,0.37325905292479106,perplexity,mtp
Explosions,movement and sounds,0.25,0.18181818181818182,0.2105263157894737,perplexity,mtp
Bowing,movement and sounds,0.10580204778156997,0.8378378378378378,0.1878787878787879,perplexity,mtp
Haircut,purification,0.4,0.3,0.34285714285714286,perplexity,mtp
Washing,purification,0.16262975778546712,0.7014925373134329,0.2640449438202247,perplexity,mtp
Rubbing,purification,0.13793103448275862,0.19047619047619047,0.16,perplexity,mtp
Sprinkling,purification,0.17266187050359713,0.42857142857142855,0.24615384615384617,perplexity,mtp
Fumigation,purification,0.03184713375796178,0.5,0.059880239520958084,perplexity,mtp
InterdictionHands,purification,0.08695652173913043,0.4,0.14285714285714285,perplexity,mtp
Spitting,purification,0.09523809523809523,0.18181818181818182,0.125,perplexity,mtp
Hallucinogen,altered states of consciousness,0.26666666666666666,0.6666666666666666,0.3809523809523809,perplexity,mtp
Sedatives,altered states of consciousness,0.3333333333333333,0.2222222222222222,0.26666666666666666,perplexity,mtp
Alcohol,altered states of consciousness,0.25806451612903225,0.6666666666666666,0.37209302325581395,perplexity,mtp
ExecutivePossession,altered states of consciousness,0.15789473684210525,0.6363636363636364,0.2530120481927711,perplexity,mtp
PerformanceTrance,altered states of consciousness,0.06642066420664207,0.782608695652174,0.12244897959183675,perplexity,mtp
Stimulants,altered states of consciousness,0.25,0.05555555555555555,0.0909090909090909,perplexity,mtp
Smoking,altered states of consciousness,0.08888888888888889,0.6666666666666666,0.1568627450980392,perplexity,mtp
BurningParticipants,negative bodily stimulation,0,0,0,perplexity,mtp
WoundingSignificant,negative bodily stimulation,0.038461538461538464,0.2,0.06451612903225806,perplexity,mtp
WoundingSuperficial,negative bodily stimulation,0,0,0,perplexity,mtp
Beating,negative bodily stimulation,0.06666666666666667,0.1111111111111111,0.08333333333333334,perplexity,mtp
Piercing,negative bodily stimulation,0.125,0.3333333333333333,0.18181818181818182,perplexity,mtp
Scarification,negative bodily stimulation,0,0,0,perplexity,mtp
Tattooing,negative bodily stimulation,0.2,0.25,0.22222222222222224,perplexity,mtp
LacerationSensitive,negative bodily stimulation,0,0,0,perplexity,mtp
Circumcision,negative bodily stimulation,0.4,0.6666666666666666,0.5,perplexity,mtp
FoulOlfaction,negative bodily stimulation,0.016722408026755852,0.625,0.03257328990228013,perplexity,mtp
Vomiting,negative bodily stimulation,0,0,0,perplexity,mtp
SwallowingObjects,negative bodily stimulation,0,0,0,perplexity,mtp
SuckingofPatient,negative bodily stimulation,0.18181818181818182,0.6666666666666666,0.28571428571428575,perplexity,mtp
Fasting,endurance ordeals,0.24242424242424243,0.32,0.2758620689655172,perplexity,mtp
AthleticFeats,endurance ordeals,0.06437768240343347,0.8333333333333334,0.11952191235059761,perplexity,mtp
SleepDeprivation,endurance ordeals,0.10638297872340426,0.2777777777777778,0.15384615384615385,perplexity,mtp
Dehydration,endurance ordeals,0.06818181818181818,0.5,0.12000000000000001,perplexity,mtp
Immobility,endurance ordeals,0.06060606060606061,0.5,0.10810810810810813,perplexity,mtp
Isolation,psychological discomfort,0.14942528735632185,0.48148148148148145,0.2280701754385965,perplexity,mtp
Fear,psychological discomfort,0.03333333333333333,0.875,0.06422018348623854,perplexity,mtp
Humilation,psychological discomfort,0.015748031496062992,0.6666666666666666,0.03076923076923077,perplexity,mtp
DramaticActs,spectacle,0.027624309392265192,0.38461538461538464,0.05154639175257732,perplexity,mtp
HolyObjects,spectacle,0.14558472553699284,0.8714285714285714,0.24948875255623718,perplexity,mtp
HolySite,spectacle,0.23255813953488372,0.5063291139240507,0.3187250996015937,perplexity,mtp
RitualConstruction,spectacle,0.288135593220339,0.2537313432835821,0.2698412698412699,perplexity,mtp
LargeCrowd,spectacle,0.07547169811320754,0.9655172413793104,0.13999999999999999,perplexity,mtp
MockConflict,spectacle,0.15789473684210525,0.09090909090909091,0.11538461538461539,perplexity,mtp
Costume,spectacle,0.23529411764705882,0.8288288288288288,0.3665338645418327,perplexity,mtp
FireEmbers,spectacle,0.17164179104477612,0.41818181818181815,0.2433862433862434,perplexity,mtp
SacrificeAnimal,spectacle,0.3333333333333333,0.6,0.42857142857142855,perplexity,mtp
SacrificeHuman,spectacle,0.5,0.3333333333333333,0.4,perplexity,mtp
WaterOffering,spectacle,0.16666666666666666,0.2222222222222222,0.1904761904761905,perplexity,mtp
Minatures,spectacle,0.1320754716981132,0.25925925925925924,0.17499999999999996,perplexity,mtp
PathogenicPossession,spectacle,0.2222222222222222,0.6666666666666666,0.3333333333333333,perplexity,mtp
Speechmaking,spectacle,0.3944020356234097,0.7635467980295566,0.5201342281879194,perplexity,mtp
TextRecitation,spectacle,0.1407766990291262,0.8055555555555556,0.2396694214876033,perplexity,mtp
Naming,spectacle,0.2037037037037037,0.55,0.2972972972972973,perplexity,mtp
Blood,spectacle,0.19811320754716982,0.3442622950819672,0.251497005988024,perplexity,mtp
Weapons,spectacle,0.2857142857142857,0.18181818181818182,0.2222222222222222,perplexity,mtp
Sexual intercourse,spectacle,0,0,0,perplexity,mtp
StoryTelling,spectacle,0.03333333333333333,0.5714285714285714,0.06299212598425197,perplexity,mtp
BurialOfferings,spectacle,0.023255813953488372,0.2,0.041666666666666664,perplexity,mtp
BurningOfferings,spectacle,0.03278688524590164,0.4,0.060606060606060615,perplexity,mtp
Confession,spectacle,0.075,0.5,0.13043478260869565,perplexity,mtp
Games,indicators of bonding,0.022222222222222223,0.3,0.04137931034482759,perplexity,mtp
CommunalEating,indicators of bonding,0.2641975308641975,0.8294573643410853,0.400749063670412,perplexity,mtp
Joyful,indicators of bonding,0.11805555555555555,0.68,0.20118343195266272,perplexity,mtp
TabooSmoke,taboos,0,0,0,perplexity,mtp
TabooAlcohol,taboos,0.012345679012345678,0.2,0.023255813953488372,perplexity,mtp
TabooSexual,taboos,0.03802281368821293,0.6666666666666666,0.07194244604316546,perplexity,mtp
TabooTalking,taboos,0.015151515151515152,0.3333333333333333,0.028985507246376812,perplexity,mtp
PeakEuphoria,arousal,0.17516218654955937,0.16311254053335839,0.12900021091545075,perplexity,mtp
AvgEuphoria,arousal,0.1716040490675175,0.16337798460672226,0.14223786939461694,perplexity,mtp
ParticipantPeakEuphoria,arousal,0.15899902984381906,0.266448490470838,0.10850330204525568,perplexity,mtp
PeakDysphoria,arousal,0.27761882947415184,0.27599142848341074,0.24936339220321802,perplexity,mtp
AvgDyphoria,arousal,0.17575516173314784,0.17766484295987525,0.16506475395503628,perplexity,mtp
SensoryPageantry,ritual form,0.12414581917957038,0.12996985173147182,0.09608391345581731,perplexity,mtp
SMarker,ritual form,0.08275153829032582,0.1795825771324864,0.07238141862634737,perplexity,mtp
Exegesis,exegesis,0.19315968367967273,0.12525252525252525,0.09018289402904787,perplexity,mtp
AcquisitionExegesis,exegesis,0.17879252221881703,0.13755598208573255,0.026083566545535553,perplexity,mtp
Wedding,function,0.18421052631578946,0.8235294117647058,0.3010752688172043,perplexity,baseline
OtherUnion,function,0.2777777777777778,0.625,0.3846153846153846,perplexity,baseline
WorldyPursuit,function,0.42052313883299797,0.9330357142857143,0.579750346740638,perplexity,baseline
Apotropaeic,function,0.08503401360544217,0.7575757575757576,0.1529051987767584,perplexity,baseline
OtherWorldyPursuit,function,0.07961783439490445,0.6410256410256411,0.141643059490085,perplexity,baseline
Initiation,function,0.24336283185840707,0.9649122807017544,0.38869257950530034,perplexity,baseline
Installation,function,0.047619047619047616,0.5,0.08695652173913042,perplexity,baseline
Divination,function,0.07317073170731707,0.48,0.12698412698412698,perplexity,baseline
Liturgical,function,0.04780876494023904,0.6666666666666666,0.0892193308550186,perplexity,baseline
NewBorn,function,0.23076923076923078,0.8823529411764706,0.36585365853658536,perplexity,baseline
Funerary,function,0.45255474452554745,0.8157894736842105,0.5821596244131455,perplexity,baseline
Commerative,function,0.06593406593406594,0.5454545454545454,0.11764705882352941,perplexity,baseline
Protection,function,0.011730205278592375,0.6666666666666666,0.023054755043227668,perplexity,baseline
HouseDedication,function,0.1125,0.9,0.2,perplexity,baseline
RitualDuration,duration,0.1696886446886447,0.04813706304439584,0.07151208206140215,perplexity,baseline
ParticipantsSex,participation,0.38450242559328696,0.3238439665405958,0.3313861445965135,perplexity,baseline
Solitary,participation,0.19230769230769232,0.1724137931034483,0.18181818181818185,perplexity,baseline
ImmediateKin,participation,0.3493150684931507,0.40476190476190477,0.37500000000000006,perplexity,baseline
ExtendedKin,participation,0.1958041958041958,0.6746987951807228,0.30352303523035234,perplexity,baseline
Group15abs,participation,0.5225225225225225,0.19528619528619529,0.28431372549019607,perplexity,baseline
Group50percent,participation,0.27358490566037735,0.232,0.2510822510822511,perplexity,baseline
Group5090percent,participation,0.06557377049180328,0.27586206896551724,0.10596026490066227,perplexity,baseline
Group90100percent,participation,0.16279069767441862,0.4,0.231404958677686,perplexity,baseline
Outsiders,participation,0.1271186440677966,0.42857142857142855,0.19607843137254902,perplexity,baseline
AnnualPATIENT,frequency,0.21019599865610306,0.42392505823878374,0.2057808792943862,perplexity,baseline
AnnualPARTICIPANT,frequency,0.36156743067299324,0.25852633004792763,0.21121449507114637,perplexity,baseline
Dancing,movement and sounds,0.3333333333333333,0.6666666666666666,0.4444444444444444,perplexity,baseline
Singing,movement and sounds,0.4519774011299435,0.7111111111111111,0.5526770293609672,perplexity,baseline
Percussion,movement and sounds,0.2727272727272727,0.5945945945945946,0.37393767705382436,perplexity,baseline
OtherInstruments,movement and sounds,0.08695652173913043,0.46153846153846156,0.14634146341463414,perplexity,baseline
NonRhythmic,movement and sounds,0.15469613259668508,0.39436619718309857,0.2222222222222222,perplexity,baseline
IntenseMusicDance,movement and sounds,0.08550185873605948,0.8846153846153846,0.15593220338983052,perplexity,baseline
SorrowMusicDance,movement and sounds,0.007142857142857143,0.25,0.01388888888888889,perplexity,baseline
LargescaleMusicDance,movement and sounds,0.013333333333333334,0.6,0.026086956521739132,perplexity,baseline
Marching,movement and sounds,0.23555555555555555,0.5047619047619047,0.3212121212121212,perplexity,baseline
Explosions,movement and sounds,0.08333333333333333,0.045454545454545456,0.05882352941176471,perplexity,baseline
Bowing,movement and sounds,0.1171875,0.40540540540540543,0.1818181818181818,perplexity,baseline
Haircut,purification,0.11267605633802817,0.42105263157894735,0.17777777777777778,perplexity,baseline
Washing,purification,0.273972602739726,0.6153846153846154,0.3791469194312796,perplexity,baseline
Rubbing,purification,0.1044776119402985,0.3333333333333333,0.15909090909090906,perplexity,baseline
Sprinkling,purification,0.16176470588235295,0.5892857142857143,0.2538461538461539,perplexity,baseline
Fumigation,purification,0.01910828025477707,0.3,0.03592814371257485,perplexity,baseline
InterdictionHands,purification,0.13333333333333333,0.4,0.2,perplexity,baseline
Spitting,purification,0.07692307692307693,0.3333333333333333,0.125,perplexity,baseline
Hallucinogen,altered states of consciousness,0.125,0.6666666666666666,0.21052631578947367,perplexity,baseline
Sedatives,altered states of consciousness,0.14285714285714285,0.5555555555555556,0.22727272727272727,perplexity,baseline
Alcohol,altered states of consciousness,0.25252525252525254,0.704225352112676,0.37174721189591076,perplexity,baseline
ExecutivePossession,altered states of consciousness,0.10344827586206896,0.5625,0.17475728155339806,perplexity,baseline
PerformanceTrance,altered states of consciousness,0.08275862068965517,0.5454545454545454,0.14371257485029942,perplexity,baseline
Stimulants,altered states of consciousness,0.08928571428571429,0.2777777777777778,0.13513513513513514,perplexity,baseline
Smoking,altered states of consciousness,0.07042253521126761,0.8333333333333334,0.12987012987012989,perplexity,baseline
BurningParticipants,negative bodily stimulation,0,0,0,perplexity,baseline
WoundingSignificant,negative bodily stimulation,0.018518518518518517,0.4,0.035398230088495575,perplexity,baseline
WoundingSuperficial,negative bodily stimulation,0.10344827586206896,0.4,0.1643835616438356,perplexity,baseline
Beating,negative bodily stimulation,0.047619047619047616,0.18181818181818182,0.07547169811320754,perplexity,baseline
Piercing,negative bodily stimulation,0.057692307692307696,1,0.1090909090909091,perplexity,baseline
Scarification,negative bodily stimulation,0,0,0,perplexity,baseline
Tattooing,negative bodily stimulation,0.047619047619047616,0.5,0.08695652173913042,perplexity,baseline
LacerationSensitive,negative bodily stimulation,0.013333333333333334,0.3333333333333333,0.025641025641025644,perplexity,baseline
Circumcision,negative bodily stimulation,0.13157894736842105,0.625,0.21739130434782608,perplexity,baseline
FoulOlfaction,negative bodily stimulation,0,0,0,perplexity,baseline
Vomiting,negative bodily stimulation,0.030303030303030304,0.3333333333333333,0.05555555555555555,perplexity,baseline
SwallowingObjects,negative bodily stimulation,0.125,0.3333333333333333,0.18181818181818182,perplexity,baseline
SuckingofPatient,negative bodily stimulation,0.043478260869565216,0.3333333333333333,0.07692307692307691,perplexity,baseline
Fasting,endurance ordeals,0.12244897959183673,0.48,0.19512195121951217,perplexity,baseline
AthleticFeats,endurance ordeals,0.05238095238095238,0.6470588235294118,0.09691629955947137,perplexity,baseline
SleepDeprivation,endurance ordeals,0.07692307692307693,0.3333333333333333,0.125,perplexity,baseline
Dehydration,endurance ordeals,0.06060606060606061,0.4,0.10526315789473685,perplexity,baseline
Immobility,endurance ordeals,0.045871559633027525,0.625,0.08547008547008549,perplexity,baseline
Isolation,psychological discomfort,0.10067114093959731,0.5555555555555556,0.17045454545454544,perplexity,baseline
Fear,psychological discomfort,0.027649769585253458,0.75,0.05333333333333334,perplexity,baseline
Humilation,psychological discomfort,0.037037037037037035,0.3333333333333333,0.06666666666666667,perplexity,baseline
DramaticActs,spectacle,0.012295081967213115,0.25,0.0234375,perplexity,baseline
HolyObjects,spectacle,0.13596491228070176,0.8378378378378378,0.2339622641509434,perplexity,baseline
HolySite,spectacle,0.1717557251908397,0.54216867469879515,0.2608695652173913,perplexity,baseline
RitualConstruction,spectacle,0.2222222222222222,0.417910447761194,0.29015544041450775,perplexity,baseline
LargeCrowd,spectacle,0.06640625,0.6071428571428571,0.11971830985915494,perplexity,baseline
MockConflict,spectacle,0.15555555555555556,0.42424242424242425,0.22764227642276424,perplexity,baseline
Costume,spectacle,0.25,0.7345132743362832,0.37303370786516854,perplexity,baseline
FireEmbers,spectacle,0.11904761904761904,0.43859649122807015,0.18726591760299627,perplexity,baseline
SacrificeAnimal,spectacle,0.3055555555555556,0.77,0.43750000000000006,perplexity,baseline
SacrificeHuman,spectacle,0.07692307692307693,0.6666666666666666,0.13793103448275862,perplexity,baseline
WaterOffering,spectacle,0.05555555555555555,0.3333333333333333,0.09523809523809525,perplexity,baseline
Minatures,spectacle,0.04964539007092199,0.25,0.08284023668639053,perplexity,baseline
PathogenicPossession,spectacle,0.078125,0.8333333333333334,0.14285714285714285,perplexity,baseline
Speechmaking,spectacle,0.41841004184100417,0.47619047619047616,0.4454342984409799,perplexity,baseline
TextRecitation,spectacle,0.10646387832699619,0.8,0.1879194630872483,perplexity,baseline
Naming,spectacle,0.16470588235294117,0.7,0.26666666666666666,perplexity,baseline
Blood,spectacle,0.19718309859154928,0.4444444444444444,0.27317073170731704,perplexity,baseline
Weapons,spectacle,0.14705882352941177,0.2727272727272727,0.19108280254777069,perplexity,baseline
Sexual intercourse,spectacle,NA,NA,NA,perplexity,baseline
StoryTelling,spectacle,0.03292181069958848,0.6153846153846154,0.06250000000000001,perplexity,baseline
BurialOfferings,spectacle,0.013245033112582781,0.18181818181818182,0.024691358024691357,perplexity,baseline
BurningOfferings,spectacle,0.03015075376884422,0.6666666666666666,0.05769230769230768,perplexity,baseline
Confession,spectacle,0.024390243902439025,0.3,0.045112781954887216,perplexity,baseline
Games,indicators of bonding,0.051470588235294115,0.7,0.0958904109589041,perplexity,baseline
CommunalEating,indicators of bonding,0.2762237762237762,0.6171875,0.38164251207729466,perplexity,baseline
Joyful,indicators of bonding,0.10112359550561797,0.3673469387755102,0.15859030837004406,perplexity,baseline
TabooSmoke,taboos,0,0,0,perplexity,baseline
TabooAlcohol,taboos,0.007407407407407408,0.2,0.014285714285714285,perplexity,baseline
TabooSexual,taboos,0.027906976744186046,0.4,0.05217391304347826,perplexity,baseline
TabooTalking,taboos,0.006493506493506494,0.2,0.012578616352201259,perplexity,baseline
PeakEuphoria,arousal,0.18366142191344065,0.1947208405988941,0.1504811742501851,perplexity,baseline
AvgEuphoria,arousal,0.1644506220781603,0.1767126688159474,0.15551119382722195,perplexity,baseline
ParticipantPeakEuphoria,arousal,0.13667519362290753,0.15504790534854393,0.10478011821917053,perplexity,baseline
PeakDysphoria,arousal,0.29384740366408013,0.29100269737524637,0.2780018667250243,perplexity,baseline
AvgDyphoria,arousal,0.2098750700952549,0.1986464602951314,0.19204308280810706,perplexity,baseline
SensoryPageantry,ritual form,0.06793130518266143,0.08016560388312553,0.05760718053976589,perplexity,baseline
SMarker,ritual form,0.09174536302888295,0.1777777777777778,0.1020910069332277,perplexity,baseline
Exegesis,exegesis,0.1900770218228498,0.07995034140285537,0.09045512871060006,perplexity,baseline
AcquisitionExegesis,exegesis,0.208955223880597,0.3666666666666667,0.21699716713881018,perplexity,baseline
Wedding,function,0.06666666666666667,0.42857142857142855,0.11538461538461539,qwen3,ensemble_mtp
OtherUnion,function,0,0,0,qwen3,ensemble_mtp
WorldyPursuit,function,0.44155844155844154,0.9714285714285714,0.6071428571428571,qwen3,ensemble_mtp
Apotropaeic,function,0.2222222222222222,0.9523809523809523,0.3603603603603604,qwen3,ensemble_mtp
OtherWorldyPursuit,function,0.12053571428571429,0.9,0.2125984251968504,qwen3,ensemble_mtp
Initiation,function,0.5522388059701493,0.9736842105263158,0.7047619047619047,qwen3,ensemble_mtp
Installation,function,0.07692307692307693,0.5,0.13333333333333336,qwen3,ensemble_mtp
Divination,function,0.23684210526315788,0.6,0.339622641509434,qwen3,ensemble_mtp
Liturgical,function,0.15492957746478872,0.9166666666666666,0.26506024096385544,qwen3,ensemble_mtp
NewBorn,function,0.5483870967741935,0.8947368421052632,0.6799999999999999,qwen3,ensemble_mtp
Funerary,function,0.7301587301587301,0.8679245283018868,0.7931034482758621,qwen3,ensemble_mtp
Commerative,function,0.04819277108433735,1,0.09195402298850576,qwen3,ensemble_mtp
Protection,function,0.009868421052631578,1,0.019543973941368076,qwen3,ensemble_mtp
HouseDedication,function,0.05714285714285714,0.8571428571428571,0.10714285714285714,qwen3,ensemble_mtp
RitualDuration,duration,NA,NA,NA,qwen3,ensemble_mtp
ParticipantsSex,participation,0.39035087719298245,0.33305617147080563,0.1823541707253718,qwen3,ensemble_mtp
Solitary,participation,0.3333333333333333,0.0625,0.10526315789473684,qwen3,ensemble_mtp
ImmediateKin,participation,0.24206349206349206,0.8591549295774648,0.37770897832817335,qwen3,ensemble_mtp
ExtendedKin,participation,0.10416666666666667,0.09433962264150944,0.09900990099009903,qwen3,ensemble_mtp
Group15abs,participation,0.5457627118644067,0.9698795180722891,0.6984815618221258,qwen3,ensemble_mtp
Group50percent,participation,0.4444444444444444,0.05333333333333334,0.09523809523809523,qwen3,ensemble_mtp
Group5090percent,participation,0,0,0,qwen3,ensemble_mtp
Group90100percent,participation,1,0.045454545454545456,0.08695652173913045,qwen3,ensemble_mtp
Outsiders,participation,0.125,0.4117647058823529,0.1917808219178082,qwen3,ensemble_mtp
AnnualPATIENT,frequency,0.1253106141285055,0.2222222222222222,0.136292099464904,qwen3,ensemble_mtp
AnnualPARTICIPANT,frequency,0.11518817204301074,0.1376641651031895,0.06974305645143528,qwen3,ensemble_mtp
Dancing,movement and sounds,0.6015625,0.8651685393258427,0.7096774193548386,qwen3,ensemble_mtp
Singing,movement and sounds,0.616580310880829,0.9153846153846154,0.736842105263158,qwen3,ensemble_mtp
Percussion,movement and sounds,0.41228070175438597,0.8103448275862069,0.5465116279069767,qwen3,ensemble_mtp
OtherInstruments,movement and sounds,0.1774193548387097,0.5789473684210527,0.2716049382716049,qwen3,ensemble_mtp
NonRhythmic,movement and sounds,0.3918918918918919,0.5918367346938775,0.4715447154471545,qwen3,ensemble_mtp
IntenseMusicDance,movement and sounds,0.23076923076923078,0.6818181818181818,0.3448275862068966,qwen3,ensemble_mtp
SorrowMusicDance,movement and sounds,0.05405405405405406,0.6666666666666666,0.1,qwen3,ensemble_mtp
LargescaleMusicDance,movement and sounds,0.02702702702702703,1,0.052631578947368425,qwen3,ensemble_mtp
Marching,movement and sounds,0.5076923076923077,0.673469387755102,0.5789473684210525,qwen3,ensemble_mtp
Explosions,movement and sounds,0.6,0.46153846153846156,0.5217391304347826,qwen3,ensemble_mtp
Bowing,movement and sounds,0.11258278145695365,0.8095238095238095,0.19767441860465118,qwen3,ensemble_mtp
Haircut,purification,0.1076923076923077,0.9333333333333333,0.19310344827586207,qwen3,ensemble_mtp
Washing,purification,0.1522491349480969,1,0.26426426426426425,qwen3,ensemble_mtp
Rubbing,purification,0.0962962962962963,0.9285714285714286,0.174496644295302,qwen3,ensemble_mtp
Sprinkling,purification,0.23214285714285715,0.8387096774193549,0.36363636363636365,qwen3,ensemble_mtp
Fumigation,purification,0.05,0.8,0.09411764705882354,qwen3,ensemble_mtp
InterdictionHands,purification,0.01818181818181818,0.3333333333333333,0.034482758620689655,qwen3,ensemble_mtp
Spitting,purification,0.11764705882352941,1,0.21052631578947367,qwen3,ensemble_mtp
Hallucinogen,altered states of consciousness,0.09523809523809523,0.4,0.15384615384615385,qwen3,ensemble_mtp
Sedatives,altered states of consciousness,0,0,0,qwen3,ensemble_mtp
Alcohol,altered states of consciousness,0.45454545454545453,0.9,0.6040268456375839,qwen3,ensemble_mtp
ExecutivePossession,altered states of consciousness,0.14285714285714285,0.88,0.24581005586592175,qwen3,ensemble_mtp
PerformanceTrance,altered states of consciousness,0.059233449477351915,0.9444444444444444,0.11147540983606558,qwen3,ensemble_mtp
Stimulants,altered states of consciousness,0,0,0,qwen3,ensemble_mtp
Smoking,altered states of consciousness,0.024096385542168676,0.5,0.04597701149425288,qwen3,ensemble_mtp
BurningParticipants,negative bodily stimulation,0,0,0,qwen3,ensemble_mtp
WoundingSignificant,negative bodily stimulation,0.07692307692307693,0.6666666666666666,0.13793103448275862,qwen3,ensemble_mtp
WoundingSuperficial,negative bodily stimulation,0.125,0.1111111111111111,0.11764705882352941,qwen3,ensemble_mtp
Beating,negative bodily stimulation,0.09302325581395349,0.8,0.16666666666666666,qwen3,ensemble_mtp
Piercing,negative bodily stimulation,0.15789473684210525,1,0.2727272727272727,qwen3,ensemble_mtp
Scarification,negative bodily stimulation,0.03571428571428571,1,0.0689655172413793,qwen3,ensemble_mtp
Tattooing,negative bodily stimulation,0.2857142857142857,1,0.4444444444444445,qwen3,ensemble_mtp
LacerationSensitive,negative bodily stimulation,0.07142857142857142,0.3333333333333333,0.11764705882352941,qwen3,ensemble_mtp
Circumcision,negative bodily stimulation,0.625,0.8333333333333334,0.7142857142857143,qwen3,ensemble_mtp
FoulOlfaction,negative bodily stimulation,0.023923444976076555,0.8333333333333334,0.046511627906976744,qwen3,ensemble_mtp
Vomiting,negative bodily stimulation,0.15,1,0.2608695652173913,qwen3,ensemble_mtp
SwallowingObjects,negative bodily stimulation,0.4,1,0.5714285714285715,qwen3,ensemble_mtp
SuckingofPatient,negative bodily stimulation,0.16666666666666666,1,0.2857142857142857,qwen3,ensemble_mtp
Fasting,endurance ordeals,0.23684210526315788,0.5294117647058824,0.3272727272727273,qwen3,ensemble_mtp
AthleticFeats,endurance ordeals,0.09090909090909091,1,0.16666666666666669,qwen3,ensemble_mtp
SleepDeprivation,endurance ordeals,0.2,0.3,0.24,qwen3,ensemble_mtp
Dehydration,endurance ordeals,0.07142857142857142,0.5,0.125,qwen3,ensemble_mtp
Immobility,endurance ordeals,0.023923444976076555,0.8333333333333334,0.046511627906976744,qwen3,ensemble_mtp
Isolation,psychological discomfort,0.11428571428571428,0.5,0.18604651162790695,qwen3,ensemble_mtp
Fear,psychological discomfort,0.0273972602739726,1,0.05333333333333332,qwen3,ensemble_mtp
Humilation,psychological discomfort,0.023529411764705882,1,0.04597701149425288,qwen3,ensemble_mtp
DramaticActs,spectacle,0.0425531914893617,0.6666666666666666,0.08,qwen3,ensemble_mtp
HolyObjects,spectacle,0.12727272727272726,0.7777777777777778,0.21874999999999994,qwen3,ensemble_mtp
HolySite,spectacle,0.25925925925925924,0.7777777777777778,0.3888888888888889,qwen3,ensemble_mtp
RitualConstruction,spectacle,0.3333333333333333,0.25,0.28571428571428575,qwen3,ensemble_mtp
LargeCrowd,spectacle,0.06557377049180328,1,0.12307692307692307,qwen3,ensemble_mtp
MockConflict,spectacle,0.3,0.42857142857142855,0.3529411764705882,qwen3,ensemble_mtp
Costume,spectacle,0.2537313432835821,1,0.40476190476190477,qwen3,ensemble_mtp
FireEmbers,spectacle,0.09433962264150944,1,0.1724137931034483,qwen3,ensemble_mtp
SacrificeAnimal,spectacle,0.5185185185185185,0.8235294117647058,0.6363636363636364,qwen3,ensemble_mtp
SacrificeHuman,spectacle,1,0.5,0.6666666666666666,qwen3,ensemble_mtp
WaterOffering,spectacle,0.03225806451612903,0.5,0.06060606060606061,qwen3,ensemble_mtp
Minatures,spectacle,0.42857142857142855,1,0.6,qwen3,ensemble_mtp
PathogenicPossession,spectacle,0.23529411764705882,1,0.38095238095238093,qwen3,ensemble_mtp
Speechmaking,spectacle,0.38571428571428573,1,0.5567010309278351,qwen3,ensemble_mtp
TextRecitation,spectacle,0.02631578947368421,0.5,0.05,qwen3,ensemble_mtp
Naming,spectacle,0.14814814814814814,1,0.25806451612903225,qwen3,ensemble_mtp
Blood,spectacle,0.35294117647058826,0.46153846153846156,0.4000000000000001,qwen3,ensemble_mtp
Weapons,spectacle,0.2631578947368421,0.7142857142857143,0.3846153846153846,qwen3,ensemble_mtp
Sexual intercourse,spectacle,0.014084507042253521,1,0.02777777777777778,qwen3,ensemble_mtp
StoryTelling,spectacle,0.2,0.3333333333333333,0.25,qwen3,ensemble_mtp
BurialOfferings,spectacle,0,0,0,qwen3,ensemble_mtp
BurningOfferings,spectacle,0.034482758620689655,1,0.06666666666666667,qwen3,ensemble_mtp
Confession,spectacle,0.038461538461538464,1,0.07407407407407407,qwen3,ensemble_mtp
Games,indicators of bonding,0.025510204081632654,1,0.04975124378109453,qwen3,ensemble_mtp
CommunalEating,indicators of bonding,0.20454545454545456,1,0.339622641509434,qwen3,ensemble_mtp
Joyful,indicators of bonding,0.11965811965811966,1,0.21374045801526717,qwen3,ensemble_mtp
TabooSmoke,taboos,0,0,0,qwen3,ensemble_mtp
TabooAlcohol,taboos,0.022222222222222223,0.6666666666666666,0.043010752688172046,qwen3,ensemble_mtp
TabooSexual,taboos,0.02962962962962963,0.5714285714285714,0.056338028169014086,qwen3,ensemble_mtp
TabooTalking,taboos,0.011299435028248588,1,0.0223463687150838,qwen3,ensemble_mtp
PeakEuphoria,arousal,0.1423343575813933,0.21255247612160375,0.0696415773177535,qwen3,ensemble_mtp
AvgEuphoria,arousal,0.18144098172923423,0.19929052130160835,0.16731673828268942,qwen3,ensemble_mtp
ParticipantPeakEuphoria,arousal,0.16940115440115439,0.1708890374331551,0.06603371670293473,qwen3,ensemble_mtp
PeakDysphoria,arousal,0.27736474230199465,0.28834979204742217,0.2632656807664466,qwen3,ensemble_mtp
AvgDyphoria,arousal,0.1910464617108945,0.1915514354856879,0.17516495473937863,qwen3,ensemble_mtp
SensoryPageantry,ritual form,0.11615338443069535,0.16924671208599285,0.06338967703854881,qwen3,ensemble_mtp
SMarker,ritual form,0.33656476989810324,0.2417861588249938,0.11613045327500304,qwen3,ensemble_mtp
Exegesis,exegesis,0.19560439560439563,0.21578947368421053,0.10449082858950032,qwen3,ensemble_mtp
AcquisitionExegesis,exegesis,0.1950290275761974,0.19367209971236815,0.11244661647514638,qwen3,ensemble_mtp
Wedding,function,0.14285714285714285,0.6470588235294118,0.23404255319148934,qwen3,mtp
OtherUnion,function,0,0,0,qwen3,mtp
WorldyPursuit,function,0.41911764705882354,0.9743589743589743,0.5861182519280206,qwen3,mtp
Apotropaeic,function,0.21830985915492956,0.9117647058823529,0.35227272727272724,qwen3,mtp
OtherWorldyPursuit,function,0.09736842105263158,0.8604651162790697,0.17494089834515367,qwen3,mtp
Initiation,function,0.5185185185185185,0.9824561403508771,0.6787878787878787,qwen3,mtp
Installation,function,0.13636363636363635,0.75,0.23076923076923075,qwen3,mtp
Divination,function,0.25,0.56,0.34567901234567905,qwen3,mtp
Liturgical,function,0.1276595744680851,0.9473684210526315,0.22499999999999995,qwen3,mtp
NewBorn,function,0.5660377358490566,0.8823529411764706,0.6896551724137931,qwen3,mtp
Funerary,function,0.6893203883495146,0.8987341772151899,0.7802197802197803,qwen3,mtp
Commerative,function,0.0711743772241993,0.7407407407407407,0.12987012987012989,qwen3,mtp
Protection,function,0.011278195488721804,1,0.022304832713754646,qwen3,mtp
HouseDedication,function,0.057803468208092484,0.9090909090909091,0.10869565217391304,qwen3,mtp
RitualDuration,duration,NA,NA,NA,qwen3,mtp
ParticipantsSex,participation,0.38639230526647744,0.3333066109235374,0.19716535433070867,qwen3,mtp
Solitary,participation,0.5,0.06896551724137931,0.1212121212121212,qwen3,mtp
ImmediateKin,participation,0.26681614349775784,0.875,0.40893470790378006,qwen3,mtp
ExtendedKin,participation,0.08641975308641975,0.07865168539325842,0.08235294117647059,qwen3,mtp
Group15abs,participation,0.5515267175572519,0.9633333333333334,0.7014563106796117,qwen3,mtp
Group50percent,participation,0.42857142857142855,0.047619047619047616,0.08571428571428572,qwen3,mtp
Group5090percent,participation,0,0,0,qwen3,mtp
Group90100percent,participation,0.3333333333333333,0.02702702702702703,0.05,qwen3,mtp
Outsiders,participation,0.16129032258064516,0.42857142857142855,0.23437499999999997,qwen3,mtp
AnnualPATIENT,frequency,0.09511476741824092,0.22270955165692008,0.09633587705688018,qwen3,mtp
AnnualPARTICIPANT,frequency,0.1340584714548803,0.1656650641025641,0.10967871485943775,qwen3,mtp
Dancing,movement and sounds,0.59375,0.8159509202453987,0.6873385012919897,qwen3,mtp
Singing,movement and sounds,0.6186186186186187,0.865546218487395,0.7215411558669003,qwen3,mtp
Percussion,movement and sounds,0.46464646464646464,0.773109243697479,0.5804416403785488,qwen3,mtp
OtherInstruments,movement and sounds,0.20388349514563106,0.5384615384615384,0.29577464788732394,qwen3,mtp
NonRhythmic,movement and sounds,0.37383177570093457,0.5633802816901409,0.44943820224719105,qwen3,mtp
IntenseMusicDance,movement and sounds,0.1532258064516129,0.6785714285714286,0.25,qwen3,mtp
SorrowMusicDance,movement and sounds,0.05,0.5,0.09090909090909091,qwen3,mtp
LargescaleMusicDance,movement and sounds,0.016181229773462782,1,0.03184713375796178,qwen3,mtp
Marching,movement and sounds,0.625,0.6190476190476191,0.6220095693779905,qwen3,mtp
Explosions,movement and sounds,0.48148148148148145,0.5909090909090909,0.5306122448979591,qwen3,mtp
Bowing,movement and sounds,0.12941176470588237,0.868421052631579,0.22525597269624575,qwen3,mtp
Haircut,purification,0.10810810810810811,0.9090909090909091,0.19323671497584546,qwen3,mtp
Washing,purification,0.13995943204868155,1,0.2455516014234876,qwen3,mtp
Rubbing,purification,0.09852216748768473,0.8695652173913043,0.1769911504424779,qwen3,mtp
Sprinkling,purification,0.24864864864864866,0.8214285714285714,0.38174273858921165,qwen3,mtp
Fumigation,purification,0.0743801652892562,0.9,0.13740458015267176,qwen3,mtp
InterdictionHands,purification,0.03409090909090909,0.6,0.06451612903225806,qwen3,mtp
Spitting,purification,0.1267605633802817,0.8181818181818182,0.21951219512195125,qwen3,mtp
Hallucinogen,altered states of consciousness,0.1,0.5,0.16666666666666669,qwen3,mtp
Sedatives,altered states of consciousness,0,0,0,qwen3,mtp
Alcohol,altered states of consciousness,0.39080459770114945,0.918918918918919,0.5483870967741936,qwen3,mtp
ExecutivePossession,altered states of consciousness,0.14107883817427386,0.918918918918919,0.2446043165467626,qwen3,mtp
PerformanceTrance,altered states of consciousness,0.049586776859504134,0.96,0.0943025540275049,qwen3,mtp
Stimulants,altered states of consciousness,0,0,0,qwen3,mtp
Smoking,altered states of consciousness,0.07407407407407407,0.8333333333333334,0.13605442176870747,qwen3,mtp
BurningParticipants,negative bodily stimulation,0,0,0,qwen3,mtp
WoundingSignificant,negative bodily stimulation,0.06,0.6,0.1090909090909091,qwen3,mtp
WoundingSuperficial,negative bodily stimulation,0.1,0.06666666666666667,0.08,qwen3,mtp
Beating,negative bodily stimulation,0.12857142857142856,0.8181818181818182,0.2222222222222222,qwen3,mtp
Piercing,negative bodily stimulation,0.13636363636363635,1,0.24000000000000002,qwen3,mtp
Scarification,negative bodily stimulation,0.023809523809523808,1,0.046511627906976744,qwen3,mtp
Tattooing,negative bodily stimulation,0.2857142857142857,0.5,0.36363636363636365,qwen3,mtp
LacerationSensitive,negative bodily stimulation,0.045454545454545456,0.3333333333333333,0.08,qwen3,mtp
Circumcision,negative bodily stimulation,0.4375,0.7777777777777778,0.56,qwen3,mtp
FoulOlfaction,negative bodily stimulation,0.020588235294117647,0.875,0.04022988505747126,qwen3,mtp
Vomiting,negative bodily stimulation,0.1111111111111111,1,0.19999999999999998,qwen3,mtp
SwallowingObjects,negative bodily stimulation,0.5,1,0.6666666666666666,qwen3,mtp
SuckingofPatient,negative bodily stimulation,0.15789473684210525,1,0.2727272727272727,qwen3,mtp
Fasting,endurance ordeals,0.24242424242424243,0.64,0.3516483516483516,qwen3,mtp
AthleticFeats,endurance ordeals,0.05865102639296188,1,0.110803324099723,qwen3,mtp
SleepDeprivation,endurance ordeals,0.13793103448275862,0.2,0.16326530612244897,qwen3,mtp
Dehydration,endurance ordeals,0.057692307692307696,0.5,0.10344827586206896,qwen3,mtp
Immobility,endurance ordeals,0.02046783625730994,0.875,0.039999999999999994,qwen3,mtp
Isolation,psychological discomfort,0.15306122448979592,0.5555555555555556,0.24,qwen3,mtp
Fear,psychological discomfort,0.022792022792022793,1,0.04456824512534819,qwen3,mtp
Humilation,psychological discomfort,0.022727272727272728,1,0.044444444444444446,qwen3,mtp
DramaticActs,spectacle,0.027777777777777776,0.6666666666666666,0.05333333333333333,qwen3,mtp
HolyObjects,spectacle,0.18823529411764706,0.8421052631578947,0.30769230769230765,qwen3,mtp
HolySite,spectacle,0.2391304347826087,0.7857142857142857,0.36666666666666664,qwen3,mtp
RitualConstruction,spectacle,0.2727272727272727,0.2727272727272727,0.2727272727272727,qwen3,mtp
LargeCrowd,spectacle,0.07368421052631578,1,0.1372549019607843,qwen3,mtp
MockConflict,spectacle,0.3333333333333333,0.4,0.3636363636363636,qwen3,mtp
Costume,spectacle,0.2358490566037736,1,0.38167938931297707,qwen3,mtp
FireEmbers,spectacle,0.15584415584415584,1,0.2696629213483146,qwen3,mtp
SacrificeAnimal,spectacle,0.5384615384615384,0.8076923076923077,0.6461538461538461,qwen3,mtp
SacrificeHuman,spectacle,1,0.5,0.6666666666666666,qwen3,mtp
WaterOffering,spectacle,0.02040816326530612,0.5,0.039215686274509796,qwen3,mtp
Minatures,spectacle,0.25,1,0.4,qwen3,mtp
PathogenicPossession,spectacle,0.17391304347826086,1,0.29629629629629634,qwen3,mtp
Speechmaking,spectacle,0.4339622641509434,0.9787234042553191,0.6013071895424836,qwen3,mtp
TextRecitation,spectacle,0.034482758620689655,0.6666666666666666,0.06557377049180328,qwen3,mtp
Naming,spectacle,0.13513513513513514,1,0.2380952380952381,qwen3,mtp
Blood,spectacle,0.23076923076923078,0.4,0.29268292682926833,qwen3,mtp
Weapons,spectacle,0.23214285714285715,0.7222222222222222,0.3513513513513514,qwen3,mtp
Sexual intercourse,spectacle,0.008849557522123894,1,0.017543859649122806,qwen3,mtp
StoryTelling,spectacle,0.21428571428571427,0.42857142857142855,0.2857142857142857,qwen3,mtp
BurialOfferings,spectacle,0.014285714285714285,0.5,0.02777777777777778,qwen3,mtp
BurningOfferings,spectacle,0.045454545454545456,1,0.08695652173913045,qwen3,mtp
Confession,spectacle,0.03125,1,0.06060606060606061,qwen3,mtp
Games,indicators of bonding,0.026785714285714284,0.9,0.05202312138728323,qwen3,mtp
CommunalEating,indicators of bonding,0.23933209647495363,0.9847328244274809,0.3850746268656716,qwen3,mtp
Joyful,indicators of bonding,0.12596401028277635,0.98,0.22323462414578585,qwen3,mtp
TabooSmoke,taboos,0,0,0,qwen3,mtp
TabooAlcohol,taboos,0.023809523809523808,0.8,0.046242774566473986,qwen3,mtp
TabooSexual,taboos,0.04784688995215311,0.6666666666666666,0.08928571428571427,qwen3,mtp
TabooTalking,taboos,0.01824817518248175,0.8333333333333334,0.035714285714285705,qwen3,mtp
PeakEuphoria,arousal,0.15833108569089702,0.22099822705026026,0.0722626017207948,qwen3,mtp
AvgEuphoria,arousal,0.18957847433924507,0.20970134219737607,0.1650684312906945,qwen3,mtp
ParticipantPeakEuphoria,arousal,0.1631426735218509,0.1695304218642439,0.06062250318803871,qwen3,mtp
PeakDysphoria,arousal,0.2705950806728958,0.2903051961123732,0.26320459874872926,qwen3,mtp
AvgDyphoria,arousal,0.2038169054893538,0.2090173262025222,0.19237714288734695,qwen3,mtp
SensoryPageantry,ritual form,0.08128752967462645,0.17261850752674998,0.058671176811345656,qwen3,mtp
SMarker,ritual form,0.3246138850638398,0.2297996272134203,0.09472904029535581,qwen3,mtp
Exegesis,exegesis,0.19316690323119312,0.2211926605504587,0.1077566934344428,qwen3,mtp
AcquisitionExegesis,exegesis,0.19680821084793024,0.18988021478727798,0.11172266406368432,qwen3,mtp
Wedding,function,0.3170731707317073,0.7647058823529411,0.4482758620689655,qwen3,baseline
OtherUnion,function,0.09090909090909091,1,0.16666666666666669,qwen3,baseline
WorldyPursuit,function,0.4187725631768953,0.9914529914529915,0.5888324873096447,qwen3,baseline
Apotropaeic,function,0.09550561797752809,1,0.17435897435897438,qwen3,baseline
OtherWorldyPursuit,function,0.08074534161490683,0.9069767441860465,0.1482889733840304,qwen3,baseline
Initiation,function,0.1751592356687898,0.9649122807017544,0.29649595687331537,qwen3,baseline
Installation,function,0.041666666666666664,0.75,0.07894736842105264,qwen3,baseline
Divination,function,0.08943089430894309,0.88,0.16236162361623616,qwen3,baseline
Liturgical,function,0.045,0.9473684210526315,0.08591885441527446,qwen3,baseline
NewBorn,function,0.47761194029850745,0.9411764705882353,0.6336633663366337,qwen3,baseline
Funerary,function,0.45,0.9113924050632911,0.602510460251046,qwen3,baseline
Commerative,function,0.0718232044198895,0.48148148148148145,0.125,qwen3,baseline
Protection,function,0.013303769401330377,1,0.026258205689277902,qwen3,baseline
HouseDedication,function,0.072992700729927,0.9090909090909091,0.13513513513513514,qwen3,baseline
RitualDuration,duration,0.13321982492463041,0.16201702271545995,0.09874372283881007,qwen3,baseline
ParticipantsSex,participation,0.41357479114441076,0.42884793884793887,0.36120827840696457,qwen3,baseline
Solitary,participation,0.29545454545454547,0.4482758620689655,0.35616438356164387,qwen3,baseline
ImmediateKin,participation,0.31301939058171746,0.8248175182481752,0.4538152610441767,qwen3,baseline
ExtendedKin,participation,0.21791044776119403,0.8202247191011236,0.34433962264150947,qwen3,baseline
Group15abs,participation,0.5258064516129032,0.5415282392026578,0.5335515548281505,qwen3,baseline
Group50percent,participation,0.26535626535626533,0.8571428571428571,0.4052532833020638,qwen3,baseline
Group5090percent,participation,0.060085836909871244,0.8235294117647058,0.112,qwen3,baseline
Group90100percent,participation,0.08157894736842106,0.8378378378378378,0.1486810551558753,qwen3,baseline
Outsiders,participation,0.15454545454545454,0.4857142857142857,0.23448275862068962,qwen3,baseline
AnnualPATIENT,frequency,0.07910979279290847,0.2266081871345029,0.08592086977724524,qwen3,baseline
AnnualPARTICIPANT,frequency,0.28170101175420326,0.20704419690463152,0.17963527570352494,qwen3,baseline
Dancing,movement and sounds,0.5197132616487455,0.8895705521472392,0.656108597285068,qwen3,baseline
Singing,movement and sounds,0.6174698795180723,0.8613445378151261,0.7192982456140351,qwen3,baseline
Percussion,movement and sounds,0.48826291079812206,0.8739495798319328,0.6265060240963856,qwen3,baseline
OtherInstruments,movement and sounds,0.3229166666666667,0.7948717948717948,0.45925925925925926,qwen3,baseline
NonRhythmic,movement and sounds,0.3770491803278688,0.647887323943662,0.47668393782383417,qwen3,baseline
IntenseMusicDance,movement and sounds,0.09342560553633218,0.9642857142857143,0.17034700315457413,qwen3,baseline
SorrowMusicDance,movement and sounds,0.036036036036036036,0.6666666666666666,0.06837606837606838,qwen3,baseline
LargescaleMusicDance,movement and sounds,0.016611295681063124,1,0.032679738562091505,qwen3,baseline
Marching,movement and sounds,0.3333333333333333,0.9238095238095239,0.48989898989898994,qwen3,baseline
Explosions,movement and sounds,0.2222222222222222,0.7272727272727273,0.3404255319148936,qwen3,baseline
Bowing,movement and sounds,0.1708542713567839,0.8947368421052632,0.2869198312236287,qwen3,baseline
Haircut,purification,0.25316455696202533,0.9090909090909091,0.396039603960396,qwen3,baseline
Washing,purification,0.3055555555555556,0.9565217391304348,0.4631578947368421,qwen3,baseline
Rubbing,purification,0.10714285714285714,0.9130434782608695,0.1917808219178082,qwen3,baseline
Sprinkling,purification,0.1927710843373494,0.8571428571428571,0.31475409836065577,qwen3,baseline
Fumigation,purification,0.03937007874015748,1,0.07575757575757576,qwen3,baseline
InterdictionHands,purification,0.05172413793103448,0.6,0.09523809523809525,qwen3,baseline
Spitting,purification,0.2,0.8181818181818182,0.32142857142857145,qwen3,baseline
Hallucinogen,altered states of consciousness,0.06666666666666667,1,0.125,qwen3,baseline
Sedatives,altered states of consciousness,0.08333333333333333,0.3333333333333333,0.13333333333333333,qwen3,baseline
Alcohol,altered states of consciousness,0.33658536585365856,0.9324324324324325,0.4946236559139785,qwen3,baseline
ExecutivePossession,altered states of consciousness,0.23308270676691728,0.8378378378378378,0.3647058823529411,qwen3,baseline
PerformanceTrance,altered states of consciousness,0.16216216216216217,0.96,0.2774566473988439,qwen3,baseline
Stimulants,altered states of consciousness,0.13592233009708737,0.7777777777777778,0.23140495867768593,qwen3,baseline
Smoking,altered states of consciousness,0.10619469026548672,1,0.192,qwen3,baseline
BurningParticipants,negative bodily stimulation,0.0392156862745098,1,0.07547169811320754,qwen3,baseline
WoundingSignificant,negative bodily stimulation,0.03125,1,0.06060606060606061,qwen3,baseline
WoundingSuperficial,negative bodily stimulation,0.0967741935483871,0.6,0.16666666666666666,qwen3,baseline
Beating,negative bodily stimulation,0.0847457627118644,0.9090909090909091,0.15503875968992248,qwen3,baseline
Piercing,negative bodily stimulation,0.03296703296703297,1,0.06382978723404255,qwen3,baseline
Scarification,negative bodily stimulation,0.03125,1,0.06060606060606061,qwen3,baseline
Tattooing,negative bodily stimulation,0.0975609756097561,1,0.17777777777777776,qwen3,baseline
LacerationSensitive,negative bodily stimulation,0.016666666666666666,0.6666666666666666,0.03252032520325203,qwen3,baseline
Circumcision,negative bodily stimulation,0.34615384615384615,1,0.5142857142857142,qwen3,baseline
FoulOlfaction,negative bodily stimulation,0.03825136612021858,0.875,0.07329842931937174,qwen3,baseline
Vomiting,negative bodily stimulation,0.061224489795918366,1,0.11538461538461538,qwen3,baseline
SwallowingObjects,negative bodily stimulation,0.11538461538461539,1,0.20689655172413793,qwen3,baseline
SuckingofPatient,negative bodily stimulation,0.14285714285714285,1,0.25,qwen3,baseline
Fasting,endurance ordeals,0.19811320754716982,0.84,0.3206106870229008,qwen3,baseline
AthleticFeats,endurance ordeals,0.07936507936507936,1,0.14705882352941177,qwen3,baseline
SleepDeprivation,endurance ordeals,0.09166666666666666,0.55,0.1571428571428571,qwen3,baseline
Dehydration,endurance ordeals,0.027777777777777776,0.3333333333333333,0.05128205128205128,qwen3,baseline
Immobility,endurance ordeals,0.029914529914529916,0.875,0.05785123966942149,qwen3,baseline
Isolation,psychological discomfort,0.16,0.8888888888888888,0.27118644067796616,qwen3,baseline
Fear,psychological discomfort,0.028368794326241134,1,0.05517241379310345,qwen3,baseline
Humilation,psychological discomfort,0.018292682926829267,1,0.03592814371257485,qwen3,baseline
DramaticActs,spectacle,0.031496062992125984,0.9230769230769231,0.06091370558375635,qwen3,baseline
HolyObjects,spectacle,0.1488469601677149,0.9342105263157895,0.2567811934900543,qwen3,baseline
HolySite,spectacle,0.2050561797752809,0.8795180722891566,0.3325740318906606,qwen3,baseline
RitualConstruction,spectacle,0.2937062937062937,0.6086956521739131,0.3962264150943396,qwen3,baseline
LargeCrowd,spectacle,0.07446808510638298,0.9655172413793104,0.13827160493827162,qwen3,baseline
MockConflict,spectacle,0.16891891891891891,0.7142857142857143,0.27322404371584696,qwen3,baseline
Costume,spectacle,0.29110512129380056,0.9391304347826087,0.4444444444444445,qwen3,baseline
FireEmbers,spectacle,0.19548872180451127,0.9122807017543859,0.3219814241486068,qwen3,baseline
SacrificeAnimal,spectacle,0.4247787610619469,0.9320388349514563,0.5835866261398177,qwen3,baseline
SacrificeHuman,spectacle,0.08823529411764706,1,0.1621621621621622,qwen3,baseline
WaterOffering,spectacle,0.06542056074766354,0.7777777777777778,0.12068965517241378,qwen3,baseline
Minatures,spectacle,0.21428571428571427,0.6428571428571429,0.32142857142857145,qwen3,baseline
PathogenicPossession,spectacle,0.09322033898305085,0.9166666666666666,0.16923076923076924,qwen3,baseline
Speechmaking,spectacle,0.43735763097949887,0.8930232558139535,0.5871559633027523,qwen3,baseline
TextRecitation,spectacle,0.08888888888888889,0.972972972972973,0.16289592760180996,qwen3,baseline
Naming,spectacle,0.2111111111111111,0.9047619047619048,0.34234234234234234,qwen3,baseline
Blood,spectacle,0.31976744186046513,0.873015873015873,0.46808510638297873,qwen3,baseline
Weapons,spectacle,0.26627218934911245,0.8181818181818182,0.40178571428571436,qwen3,baseline
Sexual intercourse,spectacle,0.25806451612903225,1,0.41025641025641024,qwen3,baseline
StoryTelling,spectacle,0.03636363636363636,0.9333333333333333,0.06999999999999999,qwen3,baseline
BurialOfferings,spectacle,0.0273972602739726,0.46153846153846156,0.05172413793103448,qwen3,baseline
BurningOfferings,spectacle,0.02952029520295203,0.8888888888888888,0.05714285714285714,qwen3,baseline
Confession,spectacle,0.03954802259887006,0.7,0.07486631016042782,qwen3,baseline
Games,indicators of bonding,0.045,0.9,0.08571428571428572,qwen3,baseline
CommunalEating,indicators of bonding,0.35694050991501414,0.9618320610687023,0.5206611570247934,qwen3,baseline
Joyful,indicators of bonding,0.1752988047808765,0.88,0.292358803986711,qwen3,baseline
TabooSmoke,taboos,0.017699115044247787,1,0.034782608695652174,qwen3,baseline
TabooAlcohol,taboos,0.031007751937984496,0.8,0.059701492537313425,qwen3,baseline
TabooSexual,taboos,0.06535947712418301,0.6666666666666666,0.11904761904761907,qwen3,baseline
TabooTalking,taboos,0.022727272727272728,0.8333333333333334,0.04424778761061947,qwen3,baseline
PeakEuphoria,arousal,0.10630757275017697,0.21150997833224464,0.07674555960001125,qwen3,baseline
AvgEuphoria,arousal,0.17139274916950423,0.25620065913726675,0.14868910842552488,qwen3,baseline
ParticipantPeakEuphoria,arousal,0.1228586265884653,0.2184474101628009,0.07940772559790411,qwen3,baseline
PeakDysphoria,arousal,0.13686286930640496,0.24772591506462474,0.15485271729817388,qwen3,baseline
AvgDyphoria,arousal,0.20468257176020513,0.18677488557625793,0.10855489129456355,qwen3,baseline
SensoryPageantry,ritual form,0.05408275591933764,0.18179326311421254,0.05914590811597883,qwen3,baseline
SMarker,ritual form,0.31521159108073643,0.24178413327120224,0.1374726333098426,qwen3,baseline
Exegesis,exegesis,0.20102585316056634,0.23442405708460753,0.18990103456174143,qwen3,baseline
AcquisitionExegesis,exegesis,0.19674867421136077,0.30710450227178854,0.04867274871957379,qwen3,baseline
